transaction_id,user_id,amount,account_age_days,device_id,ip_id,card_id,merchant_id,transactions_last_hour,transactions_last_day,failed_transactions,unique_devices,unique_cards,is_fraud,fraud_scenario
TXN_009693,U_CYCLE_009,253.69,4,D_CYCLE_001,IP_CYCLE_018,C_STOLEN_POOL_01,M_146,6,24,6,3,8,1,CARD_CYCLING
TXN_007289,U_LEGIT_2140,103.05,411,D_LEGIT_1714,IP_LEGIT_1947,C_LEGIT_0144,M_124,0,2,0,1,1,0,NONE
TXN_006991,U_LEGIT_2204,176.61,642,D_LEGIT_1763,IP_LEGIT_1548,C_LEGIT_1377,M_057,0,1,0,1,1,0,NONE
TXN_005300,U_LEGIT_2093,62.17,817,D_LEGIT_1075,IP_LEGIT_0879,C_LEGIT_1907,M_070,0,5,0,1,1,0,NONE
TXN_003065,U_LEGIT_0866,19.24,73,D_LEGIT_1032,IP_LEGIT_0737,C_LEGIT_1936,M_039,0,1,0,1,1,0,NONE
TXN_004334,U_LEGIT_0074,173.4,330,D_LEGIT_0884,IP_SHARED_BENIGN_09,C_LEGIT_0530,M_064,0,1,0,1,2,0,NONE
TXN_004920,U_LEGIT_1907,125.32,205,D_LEGIT_1925,IP_LEGIT_1916,C_LEGIT_0619,M_004,0,3,0,1,1,0,NONE
TXN_003958,U_LEGIT_1176,9.03,323,D_LEGIT_1445,IP_LEGIT_0792,C_LEGIT_1329,M_055,0,4,0,1,1,0,NONE
TXN_006817,U_LEGIT_0900,244.74,531,D_SHARED_BENIGN_07,IP_LEGIT_1045,C_LEGIT_1990,M_058,0,1,0,1,1,0,NONE
TXN_003452,U_LEGIT_1898,177.11,1127,D_LEGIT_1267,IP_SHARED_BENIGN_06,C_LEGIT_0076,M_096,1,2,0,1,1,0,NONE
TXN_009240,U_INDIV_0061,1281.81,5,D_INDIV_0389,IP_INDIV_0041,C_INDIV_0068,M_116,16,44,5,6,8,1,INDIVIDUAL_FRAUD
TXN_008705,U_LEGIT_0499,72.19,538,D_LEGIT_0727,IP_LEGIT_0631,C_LEGIT_1583,M_135,0,2,0,1,1,0,NONE
TXN_005654,U_LEGIT_1191,84.76,343,D_LEGIT_1894,IP_LEGIT_1342,C_LEGIT_1599,M_141,0,4,0,1,2,0,NONE
TXN_003690,U_LEGIT_2314,157.06,608,D_LEGIT_0054,IP_LEGIT_0908,C_LEGIT_0464,M_028,0,1,0,1,1,0,NONE
TXN_000962,U_LEGIT_0300,223.23,852,D_LEGIT_1179,IP_LEGIT_1081,C_LEGIT_2837,M_111,0,1,0,2,1,0,NONE
TXN_005750,U_LEGIT_0634,125.21,1129,D_LEGIT_0169,IP_LEGIT_0769,C_LEGIT_1620,M_017,0,4,0,2,1,0,NONE
TXN_006602,U_LEGIT_1023,203.77,435,D_LEGIT_1094,IP_LEGIT_1870,C_LEGIT_1734,M_069,0,1,0,1,1,0,NONE
TXN_000158,U_LEGIT_0628,191.28,477,D_LEGIT_1241,IP_LEGIT_1438,C_LEGIT_2250,M_121,0,5,0,1,2,0,NONE
TXN_000691,U_LEGIT_1525,206.82,677,D_LEGIT_1327,IP_LEGIT_1239,C_LEGIT_0672,M_108,2,4,0,1,1,0,NONE
TXN_009796,U_BURST_014,1495.97,0,D_BURST_018,IP_BURST_SUBNET_01,C_BURST_010,M_105,24,15,3,3,2,1,ACCOUNT_BURST
TXN_004139,U_LEGIT_0957,158.89,1118,D_LEGIT_0257,IP_LEGIT_1028,C_LEGIT_2629,M_124,0,4,0,2,1,0,NONE
TXN_005511,U_LEGIT_0215,156.13,514,D_LEGIT_1519,IP_LEGIT_0608,C_LEGIT_2958,M_130,0,3,0,2,1,0,NONE
TXN_003542,U_LEGIT_2031,39.39,182,D_LEGIT_0316,IP_LEGIT_0952,C_LEGIT_1051,M_009,0,4,0,2,2,0,NONE
TXN_004890,U_LEGIT_1605,74.1,534,D_LEGIT_1044,IP_LEGIT_1387,C_LEGIT_2150,M_028,0,5,0,1,1,0,NONE
TXN_001141,U_LEGIT_0181,109.06,340,D_LEGIT_1953,IP_LEGIT_0857,C_LEGIT_2332,M_050,0,5,0,1,1,0,NONE
TXN_001103,U_LEGIT_0496,167.69,1148,D_SHARED_BENIGN_02,IP_LEGIT_1362,C_LEGIT_0805,M_115,0,3,0,1,2,0,NONE
TXN_000134,U_LEGIT_2059,211.89,1184,D_LEGIT_1213,IP_LEGIT_0316,C_LEGIT_0702,M_087,0,1,0,1,1,0,NONE
TXN_007438,U_LEGIT_1334,149.94,543,D_LEGIT_1566,IP_LEGIT_0402,C_LEGIT_1112,M_095,0,4,0,2,1,0,NONE
TXN_004059,U_LEGIT_2177,230.89,1157,D_LEGIT_0632,IP_LEGIT_0483,C_LEGIT_1916,M_123,0,3,0,1,2,0,NONE
TXN_000516,U_LEGIT_1439,228.31,164,D_SHARED_BENIGN_04,IP_LEGIT_1328,C_LEGIT_1279,M_022,1,1,0,1,1,0,NONE
TXN_004646,U_LEGIT_0446,62.68,843,D_LEGIT_0084,IP_LEGIT_1427,C_LEGIT_1405,M_130,0,5,0,1,1,0,NONE
TXN_008597,U_LEGIT_2084,90.16,376,D_LEGIT_0383,IP_LEGIT_0490,C_LEGIT_2777,M_145,0,2,0,1,1,0,NONE
TXN_007946,U_LEGIT_1041,129.51,406,D_SHARED_BENIGN_02,IP_LEGIT_1700,C_LEGIT_1585,M_063,0,5,0,1,2,0,NONE
TXN_003259,U_LEGIT_0132,181.03,851,D_LEGIT_1690,IP_SHARED_BENIGN_08,C_LEGIT_2134,M_071,0,1,0,1,2,0,NONE
TXN_004779,U_LEGIT_1894,126.45,882,D_LEGIT_1530,IP_LEGIT_0543,C_LEGIT_0586,M_077,0,3,0,1,1,0,NONE
TXN_006189,U_LEGIT_0129,127.36,1183,D_LEGIT_0045,IP_LEGIT_0060,C_LEGIT_0784,M_059,1,1,1,2,1,0,NONE
TXN_004584,U_LEGIT_0392,233.04,353,D_LEGIT_1721,IP_SHARED_BENIGN_07,C_LEGIT_2483,M_090,1,1,0,1,1,0,NONE
TXN_001105,U_LEGIT_1243,53.66,1002,D_LEGIT_0281,IP_LEGIT_0500,C_LEGIT_1968,M_055,0,2,0,2,1,0,NONE
TXN_007705,U_LEGIT_1203,11.24,748,D_LEGIT_0708,IP_LEGIT_1015,C_LEGIT_0505,M_061,1,4,0,1,1,0,NONE
TXN_002773,U_LEGIT_1651,83.19,847,D_LEGIT_1278,IP_SHARED_BENIGN_08,C_LEGIT_2072,M_040,0,4,0,1,1,0,NONE
TXN_006497,U_LEGIT_2341,138.76,157,D_LEGIT_0372,IP_LEGIT_1672,C_LEGIT_0828,M_150,0,5,0,1,1,0,NONE
TXN_004036,U_LEGIT_0859,152.31,489,D_LEGIT_1969,IP_LEGIT_0367,C_LEGIT_0396,M_107,0,2,0,1,1,0,NONE
TXN_007959,U_LEGIT_0589,32.71,789,D_LEGIT_1322,IP_LEGIT_1246,C_LEGIT_2860,M_141,0,4,0,1,1,0,NONE
TXN_008636,U_LEGIT_1209,141.71,447,D_LEGIT_0191,IP_SHARED_BENIGN_03,C_LEGIT_2337,M_133,0,4,0,2,2,0,NONE
TXN_000536,U_LEGIT_0813,153.3,335,D_LEGIT_1745,IP_LEGIT_0822,C_LEGIT_2532,M_110,0,3,0,1,1,0,NONE
TXN_001626,U_LEGIT_0404,87.53,776,D_LEGIT_0584,IP_LEGIT_1303,C_LEGIT_1912,M_135,1,1,0,2,1,0,NONE
TXN_007196,U_LEGIT_1399,72.66,189,D_LEGIT_1410,IP_LEGIT_0833,C_LEGIT_0740,M_041,0,5,0,1,1,0,NONE
TXN_005816,U_LEGIT_1609,150.78,292,D_LEGIT_0522,IP_LEGIT_0126,C_LEGIT_1809,M_017,0,3,0,2,1,0,NONE
TXN_003730,U_LEGIT_1935,148.07,324,D_LEGIT_1688,IP_LEGIT_1696,C_LEGIT_2330,M_059,0,5,0,1,1,0,NONE
TXN_009431,U_INDIV_0039,1678.48,0,D_INDIV_0363,IP_INDIV_0365,C_INDIV_0071,M_008,13,47,4,5,6,1,INDIVIDUAL_FRAUD
TXN_003666,U_LEGIT_0130,32.14,1188,D_LEGIT_1828,IP_LEGIT_1829,C_LEGIT_1846,M_075,0,2,0,1,1,0,NONE
TXN_004373,U_LEGIT_0407,72.22,411,D_LEGIT_0727,IP_LEGIT_0272,C_LEGIT_0240,M_012,0,1,0,1,1,0,NONE
TXN_001709,U_LEGIT_0223,183.37,258,D_LEGIT_1604,IP_LEGIT_1390,C_LEGIT_0309,M_120,0,5,0,1,2,0,NONE
TXN_001514,U_LEGIT_0256,139.64,416,D_SHARED_BENIGN_04,IP_LEGIT_1105,C_LEGIT_1379,M_050,1,1,0,1,1,0,NONE
TXN_002957,U_LEGIT_0149,20.32,895,D_LEGIT_0757,IP_LEGIT_0306,C_LEGIT_0977,M_032,0,1,0,2,1,0,NONE
TXN_006070,U_LEGIT_1406,13.91,640,D_LEGIT_1216,IP_LEGIT_0829,C_LEGIT_0490,M_029,0,4,0,2,1,0,NONE
TXN_004743,U_LEGIT_0021,102.89,948,D_SHARED_BENIGN_06,IP_LEGIT_0538,C_LEGIT_2080,M_117,0,3,0,1,2,0,NONE
TXN_009593,U_FARM_018,106.54,5,D_FARM_HUB_01,IP_FARM_PROXY_01,C_FARM_003,M_043,10,70,5,1,3,1,DEVICE_FARM
TXN_008895,U_LEGIT_2090,128.5,1058,D_LEGIT_1536,IP_SHARED_BENIGN_10,C_LEGIT_2985,M_126,0,3,0,1,1,0,NONE
TXN_003848,U_LEGIT_1862,46.74,342,D_LEGIT_1141,IP_LEGIT_0358,C_LEGIT_2771,M_090,0,3,0,2,1,0,NONE
TXN_002048,U_LEGIT_1761,106.88,248,D_LEGIT_1104,IP_LEGIT_0529,C_LEGIT_1872,M_005,0,1,0,2,1,0,NONE
TXN_001296,U_LEGIT_2107,56.88,599,D_LEGIT_0485,IP_LEGIT_0808,C_LEGIT_0250,M_011,2,2,0,1,1,0,NONE
TXN_001385,U_LEGIT_0704,129.75,1176,D_LEGIT_0279,IP_LEGIT_1771,C_LEGIT_1926,M_046,0,3,0,1,2,0,NONE
TXN_008765,U_LEGIT_2466,184.77,1026,D_LEGIT_0127,IP_LEGIT_1822,C_LEGIT_2580,M_111,0,2,0,2,1,0,NONE
TXN_003163,U_LEGIT_2339,82.86,557,D_SHARED_BENIGN_05,IP_LEGIT_0557,C_LEGIT_1776,M_092,0,1,0,1,1,0,NONE
TXN_006445,U_LEGIT_0588,238.95,139,D_LEGIT_1971,IP_LEGIT_0432,C_LEGIT_1185,M_061,0,4,0,1,1,0,NONE
TXN_004015,U_LEGIT_1224,110.96,1090,D_LEGIT_0719,IP_LEGIT_0467,C_LEGIT_0770,M_122,0,5,0,1,1,0,NONE
TXN_003146,U_LEGIT_0923,42.02,140,D_LEGIT_0229,IP_LEGIT_1939,C_LEGIT_2269,M_048,0,5,1,1,2,0,NONE
TXN_003230,U_LEGIT_1697,222.8,816,D_SHARED_BENIGN_09,IP_LEGIT_1747,C_LEGIT_2576,M_128,0,2,0,1,1,0,NONE
TXN_000301,U_LEGIT_1854,102.11,1076,D_LEGIT_1778,IP_LEGIT_1151,C_LEGIT_0919,M_144,0,3,0,1,2,0,NONE
TXN_004715,U_LEGIT_0985,80.39,346,D_LEGIT_0877,IP_LEGIT_0780,C_LEGIT_2228,M_058,1,1,0,1,1,0,NONE
TXN_004539,U_LEGIT_0612,236.1,1048,D_LEGIT_0102,IP_LEGIT_0736,C_LEGIT_2819,M_082,0,3,0,1,2,0,NONE
TXN_009610,U_FARM_016,327.25,4,D_FARM_HUB_02,IP_FARM_PROXY_01,C_FARM_040,M_037,20,33,7,1,3,1,DEVICE_FARM
TXN_007369,U_LEGIT_1725,209.44,513,D_LEGIT_0309,IP_LEGIT_0823,C_LEGIT_1360,M_006,0,2,0,1,1,0,NONE
TXN_007623,U_LEGIT_2394,222.18,1145,D_LEGIT_1367,IP_LEGIT_1153,C_LEGIT_2655,M_008,0,2,0,1,1,0,NONE
TXN_001914,U_LEGIT_2193,107.88,1197,D_LEGIT_0212,IP_LEGIT_1135,C_LEGIT_0827,M_128,0,3,0,1,1,0,NONE
TXN_001287,U_LEGIT_0584,100.54,1164,D_LEGIT_1047,IP_LEGIT_1751,C_LEGIT_2744,M_117,0,1,0,1,2,0,NONE
TXN_006651,U_LEGIT_1461,40.28,1057,D_LEGIT_0483,IP_LEGIT_1257,C_LEGIT_2519,M_084,0,1,0,2,1,0,NONE
TXN_007793,U_LEGIT_0884,161.0,270,D_LEGIT_0085,IP_LEGIT_1019,C_LEGIT_0194,M_008,0,1,0,1,1,0,NONE
TXN_009497,U_INDIV_0131,586.95,5,D_INDIV_0131,IP_INDIV_0187,C_INDIV_0019,M_104,18,29,3,3,3,1,INDIVIDUAL_FRAUD
TXN_003995,U_LEGIT_2037,48.74,236,D_SHARED_BENIGN_05,IP_LEGIT_1384,C_LEGIT_2672,M_059,0,5,0,2,2,0,NONE
TXN_009577,U_FARM_028,201.75,0,D_FARM_HUB_02,IP_FARM_PROXY_01,C_FARM_005,M_115,19,69,3,1,3,1,DEVICE_FARM
TXN_003780,U_LEGIT_0949,25.02,736,D_LEGIT_0538,IP_LEGIT_0295,C_LEGIT_0236,M_058,0,3,0,1,1,0,NONE
TXN_004681,U_LEGIT_0966,227.57,432,D_LEGIT_0142,IP_LEGIT_1911,C_LEGIT_1674,M_096,0,2,0,1,1,0,NONE
TXN_000281,U_LEGIT_1158,209.22,443,D_LEGIT_0218,IP_LEGIT_1248,C_LEGIT_0819,M_068,0,4,0,1,2,0,NONE
TXN_000385,U_LEGIT_0553,143.8,1103,D_LEGIT_0406,IP_LEGIT_1336,C_LEGIT_2341,M_051,0,1,0,2,1,0,NONE
TXN_003161,U_LEGIT_1516,144.48,386,D_LEGIT_1364,IP_LEGIT_0992,C_LEGIT_1150,M_003,0,4,0,1,1,0,NONE
TXN_001847,U_LEGIT_0857,51.93,805,D_LEGIT_0207,IP_LEGIT_1315,C_LEGIT_0714,M_094,1,1,0,1,1,0,NONE
TXN_004376,U_LEGIT_2440,78.32,698,D_LEGIT_1014,IP_LEGIT_1758,C_LEGIT_0409,M_143,0,2,0,1,2,0,NONE
TXN_004977,U_LEGIT_0163,171.75,526,D_LEGIT_1296,IP_LEGIT_1625,C_LEGIT_0469,M_085,0,1,1,2,1,0,NONE
TXN_007190,U_LEGIT_1272,23.3,934,D_SHARED_BENIGN_03,IP_SHARED_BENIGN_10,C_LEGIT_1578,M_052,0,5,0,2,1,0,NONE
TXN_007332,U_LEGIT_1692,200.36,125,D_SHARED_BENIGN_06,IP_LEGIT_0233,C_LEGIT_1198,M_023,0,5,0,2,2,0,NONE
TXN_002798,U_LEGIT_0993,212.91,1150,D_LEGIT_0282,IP_LEGIT_1157,C_LEGIT_0106,M_031,1,2,0,1,1,0,NONE
TXN_008921,U_LEGIT_2207,104.25,333,D_LEGIT_1916,IP_LEGIT_1370,C_LEGIT_1280,M_130,0,5,0,1,1,0,NONE
TXN_008574,U_LEGIT_2437,153.81,896,D_LEGIT_0178,IP_LEGIT_0782,C_LEGIT_0239,M_033,0,1,0,2,2,0,NONE
TXN_001810,U_LEGIT_2469,45.43,1191,D_SHARED_BENIGN_06,IP_LEGIT_1121,C_LEGIT_2240,M_026,0,5,0,2,1,0,NONE
TXN_008168,U_LEGIT_0164,28.67,75,D_LEGIT_0741,IP_LEGIT_0096,C_LEGIT_0079,M_058,0,1,0,1,2,0,NONE
TXN_009159,U_INDIV_0093,1944.68,1,D_INDIV_0193,IP_INDIV_0357,C_INDIV_0301,M_105,11,20,5,3,5,1,INDIVIDUAL_FRAUD
TXN_009535,U_FARM_018,165.12,3,D_FARM_HUB_02,IP_FARM_PROXY_01,C_FARM_014,M_051,7,44,2,1,3,1,DEVICE_FARM
TXN_004900,U_LEGIT_0396,192.69,831,D_LEGIT_1038,IP_LEGIT_1526,C_LEGIT_1055,M_006,1,1,0,1,1,0,NONE
TXN_005775,U_LEGIT_0425,220.91,217,D_LEGIT_1222,IP_LEGIT_0785,C_LEGIT_1565,M_114,0,3,0,1,1,0,NONE
TXN_003241,U_LEGIT_1434,98.23,891,D_LEGIT_0400,IP_SHARED_BENIGN_05,C_LEGIT_1291,M_072,0,1,0,1,1,0,NONE
TXN_005191,U_LEGIT_0893,118.01,205,D_LEGIT_0199,IP_SHARED_BENIGN_06,C_LEGIT_2130,M_007,0,5,0,1,1,0,NONE
TXN_002688,U_LEGIT_1149,196.42,590,D_LEGIT_0970,IP_LEGIT_0989,C_LEGIT_1037,M_074,0,3,0,1,1,0,NONE
TXN_009221,U_INDIV_0113,2971.65,3,D_INDIV_0353,IP_INDIV_0020,C_INDIV_0014,M_033,15,31,9,6,7,1,INDIVIDUAL_FRAUD
TXN_000813,U_LEGIT_1658,206.85,929,D_LEGIT_0377,IP_LEGIT_1724,C_LEGIT_2240,M_067,1,5,0,1,1,0,NONE
TXN_007138,U_LEGIT_1850,112.45,1148,D_LEGIT_0368,IP_LEGIT_1513,C_LEGIT_0372,M_085,0,2,0,1,1,0,NONE
TXN_005754,U_LEGIT_0178,127.46,1117,D_LEGIT_1936,IP_LEGIT_1642,C_LEGIT_1656,M_077,0,3,0,1,1,0,NONE
TXN_004634,U_LEGIT_2367,149.17,866,D_LEGIT_1072,IP_LEGIT_1423,C_LEGIT_1571,M_094,0,4,0,1,2,0,NONE
TXN_000613,U_LEGIT_1970,104.88,43,D_LEGIT_1951,IP_LEGIT_1654,C_LEGIT_1540,M_053,0,1,0,1,1,0,NONE
TXN_002467,U_LEGIT_0300,101.26,949,D_LEGIT_0965,IP_LEGIT_1070,C_LEGIT_2277,M_090,0,1,0,1,1,0,NONE
TXN_005086,U_LEGIT_2437,71.45,941,D_LEGIT_1076,IP_LEGIT_1328,C_LEGIT_0559,M_035,0,5,0,1,1,0,NONE
TXN_003774,U_LEGIT_2383,232.4,273,D_SHARED_BENIGN_06,IP_LEGIT_1160,C_LEGIT_0996,M_075,1,4,0,1,1,0,NONE
TXN_002479,U_LEGIT_1923,148.95,59,D_LEGIT_1377,IP_LEGIT_1824,C_LEGIT_2125,M_082,0,4,0,2,2,0,NONE
TXN_001435,U_LEGIT_2309,182.66,717,D_LEGIT_1023,IP_LEGIT_0929,C_LEGIT_1645,M_069,1,3,1,2,1,0,NONE
TXN_009050,U_INDIV_0120,1178.58,7,D_INDIV_0094,IP_INDIV_0228,C_INDIV_0324,M_014,8,21,3,3,5,1,INDIVIDUAL_FRAUD
TXN_004895,U_LEGIT_2440,132.43,619,D_LEGIT_0592,IP_LEGIT_0039,C_LEGIT_1112,M_137,0,4,0,1,1,0,NONE
TXN_001007,U_LEGIT_2211,180.33,763,D_LEGIT_1202,IP_LEGIT_0014,C_LEGIT_2497,M_014,0,1,0,2,1,0,NONE
TXN_007897,U_LEGIT_1691,203.65,705,D_LEGIT_1610,IP_LEGIT_0682,C_LEGIT_2341,M_100,0,1,0,1,1,0,NONE
TXN_000078,U_LEGIT_2374,50.5,300,D_LEGIT_0270,IP_SHARED_BENIGN_05,C_LEGIT_1339,M_107,0,3,0,1,1,0,NONE
TXN_006747,U_LEGIT_1294,237.27,948,D_LEGIT_0770,IP_LEGIT_0834,C_LEGIT_2920,M_067,1,4,0,1,1,0,NONE
TXN_000214,U_LEGIT_0938,221.2,310,D_LEGIT_1497,IP_LEGIT_0212,C_LEGIT_1284,M_095,0,2,0,1,1,0,NONE
TXN_006355,U_LEGIT_0934,44.38,651,D_LEGIT_1797,IP_LEGIT_0939,C_LEGIT_0661,M_078,0,3,0,2,1,0,NONE
TXN_008983,U_LEGIT_1793,120.1,717,D_LEGIT_1561,IP_LEGIT_1454,C_LEGIT_1265,M_103,1,3,0,1,1,0,NONE
TXN_008745,U_LEGIT_0636,11.46,557,D_LEGIT_1418,IP_LEGIT_0151,C_LEGIT_2697,M_139,0,5,1,2,1,0,NONE
TXN_009970,U_DIST_014,23.42,6,D_DIST_010,IP_DIST_PROXY_04,C_DIST_005,M_TARGET_HIGHVAL_99,4,16,0,2,2,1,DISTRIBUTED_ABUSE
TXN_007612,U_LEGIT_0714,170.69,259,D_SHARED_BENIGN_10,IP_LEGIT_1988,C_LEGIT_0518,M_059,0,1,0,1,1,0,NONE
TXN_006783,U_LEGIT_2442,223.12,261,D_LEGIT_1048,IP_LEGIT_1325,C_LEGIT_0730,M_049,0,1,0,1,2,0,NONE
TXN_007094,U_LEGIT_0994,23.63,1051,D_LEGIT_1408,IP_LEGIT_0814,C_LEGIT_2249,M_124,0,1,0,1,1,0,NONE
TXN_008769,U_LEGIT_0407,202.11,292,D_SHARED_BENIGN_04,IP_LEGIT_0204,C_LEGIT_2898,M_104,0,5,0,2,1,0,NONE
TXN_003778,U_LEGIT_1843,73.44,160,D_LEGIT_0649,IP_LEGIT_0733,C_LEGIT_1733,M_080,1,5,0,1,1,0,NONE
TXN_008311,U_LEGIT_0556,133.29,368,D_LEGIT_0608,IP_LEGIT_1467,C_LEGIT_1014,M_139,1,3,0,1,1,0,NONE
TXN_007854,U_LEGIT_0894,149.66,274,D_LEGIT_0551,IP_LEGIT_0593,C_LEGIT_0066,M_090,0,1,0,1,2,0,NONE
TXN_008094,U_LEGIT_1147,135.14,931,D_LEGIT_1144,IP_LEGIT_0545,C_LEGIT_2361,M_093,0,2,0,1,1,0,NONE
TXN_007301,U_LEGIT_0776,95.71,402,D_LEGIT_0522,IP_LEGIT_1296,C_LEGIT_1691,M_022,0,3,0,1,2,0,NONE
TXN_001868,U_LEGIT_2467,129.47,704,D_SHARED_BENIGN_05,IP_LEGIT_1956,C_LEGIT_0822,M_067,0,3,0,1,1,0,NONE
TXN_008175,U_LEGIT_1928,186.36,1023,D_LEGIT_1024,IP_LEGIT_1457,C_LEGIT_0428,M_142,0,3,0,1,1,0,NONE
TXN_004413,U_LEGIT_2119,203.25,610,D_LEGIT_0292,IP_LEGIT_1265,C_LEGIT_0226,M_083,0,4,0,1,2,0,NONE
TXN_001283,U_LEGIT_0532,77.68,172,D_LEGIT_1056,IP_LEGIT_1442,C_LEGIT_0687,M_095,0,2,0,1,1,0,NONE
TXN_004398,U_LEGIT_1060,145.31,73,D_LEGIT_0919,IP_LEGIT_1575,C_LEGIT_0360,M_009,0,5,0,1,1,0,NONE
TXN_000164,U_LEGIT_0941,15.8,888,D_LEGIT_0709,IP_LEGIT_0387,C_LEGIT_2970,M_029,0,1,0,1,1,0,NONE
TXN_001659,U_LEGIT_0911,22.4,911,D_LEGIT_0098,IP_LEGIT_1582,C_LEGIT_2307,M_110,0,4,0,1,1,0,NONE
TXN_000251,U_LEGIT_2270,65.49,131,D_LEGIT_1495,IP_LEGIT_1353,C_LEGIT_1154,M_077,0,5,0,1,1,0,NONE
TXN_007395,U_LEGIT_1030,60.66,1168,D_LEGIT_1199,IP_LEGIT_1884,C_LEGIT_2455,M_123,0,2,0,1,1,0,NONE
TXN_004201,U_LEGIT_1777,11.79,976,D_LEGIT_1417,IP_LEGIT_1651,C_LEGIT_2567,M_130,0,4,0,1,1,0,NONE
TXN_000751,U_LEGIT_1919,185.09,842,D_LEGIT_1844,IP_LEGIT_0224,C_LEGIT_0352,M_047,0,2,0,1,1,0,NONE
TXN_005764,U_LEGIT_1342,66.86,1089,D_LEGIT_0806,IP_LEGIT_1078,C_LEGIT_1189,M_078,0,2,0,1,2,0,NONE
TXN_001488,U_LEGIT_1292,58.97,190,D_LEGIT_1533,IP_SHARED_BENIGN_05,C_LEGIT_2629,M_095,1,2,0,1,2,0,NONE
TXN_000366,U_LEGIT_1038,243.53,513,D_LEGIT_0612,IP_LEGIT_1818,C_LEGIT_0214,M_056,0,3,0,1,1,0,NONE
TXN_001929,U_LEGIT_1604,138.9,129,D_LEGIT_0707,IP_LEGIT_1087,C_LEGIT_2931,M_016,0,5,0,1,1,0,NONE
TXN_006378,U_LEGIT_2384,187.1,1010,D_LEGIT_1665,IP_LEGIT_1387,C_LEGIT_1866,M_003,0,1,0,1,1,0,NONE
TXN_008197,U_LEGIT_1904,247.36,181,D_LEGIT_1887,IP_LEGIT_1868,C_LEGIT_2339,M_090,0,4,0,1,1,0,NONE
TXN_005638,U_LEGIT_1013,43.88,137,D_LEGIT_1815,IP_LEGIT_0073,C_LEGIT_1458,M_122,0,2,0,1,2,0,NONE
TXN_007087,U_LEGIT_2040,248.09,309,D_LEGIT_1300,IP_LEGIT_0535,C_LEGIT_2328,M_123,1,1,0,2,1,0,NONE
TXN_009905,U_DIST_027,64.76,13,D_DIST_001,IP_DIST_PROXY_02,C_DIST_007,M_TARGET_HIGHVAL_99,6,15,0,1,1,1,DISTRIBUTED_ABUSE
TXN_004211,U_LEGIT_1904,202.11,355,D_LEGIT_0549,IP_LEGIT_1466,C_LEGIT_2500,M_147,0,1,0,1,1,0,NONE
TXN_006094,U_LEGIT_2050,118.88,1022,D_LEGIT_0729,IP_LEGIT_1357,C_LEGIT_1300,M_107,0,5,0,1,1,0,NONE
TXN_004026,U_LEGIT_0820,176.95,620,D_LEGIT_0860,IP_LEGIT_0102,C_LEGIT_2626,M_041,1,2,0,1,2,0,NONE
TXN_009295,U_INDIV_0071,2972.85,0,D_INDIV_0094,IP_INDIV_0377,C_INDIV_0230,M_043,11,15,8,7,3,1,INDIVIDUAL_FRAUD
TXN_006984,U_LEGIT_2248,46.58,555,D_LEGIT_0244,IP_LEGIT_1150,C_LEGIT_2517,M_060,1,1,0,1,2,0,NONE
TXN_003448,U_LEGIT_1754,38.85,156,D_LEGIT_1830,IP_LEGIT_0577,C_LEGIT_1760,M_017,0,5,0,2,2,0,NONE
TXN_000819,U_LEGIT_0277,234.08,1005,D_SHARED_BENIGN_03,IP_LEGIT_1363,C_LEGIT_0436,M_128,0,2,1,1,1,0,NONE
TXN_006714,U_LEGIT_1724,91.32,688,D_LEGIT_0571,IP_LEGIT_1072,C_LEGIT_2742,M_003,1,5,0,1,2,0,NONE
TXN_008070,U_LEGIT_1333,136.45,473,D_LEGIT_0606,IP_LEGIT_1443,C_LEGIT_0839,M_103,0,1,0,1,1,0,NONE
TXN_001076,U_LEGIT_0872,72.29,796,D_LEGIT_0016,IP_LEGIT_1525,C_LEGIT_2551,M_073,0,2,0,1,1,0,NONE
TXN_004926,U_LEGIT_1178,22.94,82,D_LEGIT_1374,IP_LEGIT_0339,C_LEGIT_2364,M_096,0,2,0,1,1,0,NONE
TXN_005478,U_LEGIT_0690,123.72,1173,D_LEGIT_1098,IP_LEGIT_1314,C_LEGIT_1085,M_049,0,3,0,1,1,0,NONE
TXN_008401,U_LEGIT_1726,214.27,402,D_LEGIT_1776,IP_LEGIT_1339,C_LEGIT_1954,M_121,1,4,0,1,1,0,NONE
TXN_000733,U_LEGIT_2182,135.52,479,D_LEGIT_0472,IP_LEGIT_1190,C_LEGIT_2929,M_108,0,2,0,1,1,0,NONE
TXN_004835,U_LEGIT_0399,74.17,1087,D_LEGIT_1486,IP_LEGIT_0931,C_LEGIT_2541,M_006,2,2,0,1,2,0,NONE
TXN_004891,U_LEGIT_1329,227.52,419,D_LEGIT_0932,IP_LEGIT_1810,C_LEGIT_0772,M_045,0,3,0,1,1,0,NONE
TXN_007981,U_LEGIT_1709,159.51,606,D_LEGIT_0383,IP_LEGIT_1317,C_LEGIT_1879,M_096,1,3,0,1,1,0,NONE
TXN_003665,U_LEGIT_2441,86.09,229,D_LEGIT_0543,IP_LEGIT_1130,C_LEGIT_2872,M_085,0,5,0,1,1,0,NONE
TXN_005950,U_LEGIT_0955,155.15,718,D_LEGIT_0271,IP_LEGIT_0355,C_LEGIT_2410,M_032,0,4,0,1,1,0,NONE
TXN_002941,U_LEGIT_1925,54.7,1088,D_LEGIT_0304,IP_SHARED_BENIGN_02,C_LEGIT_2226,M_001,0,5,0,1,1,0,NONE
TXN_004427,U_LEGIT_2009,160.87,1019,D_LEGIT_0720,IP_LEGIT_1498,C_LEGIT_1913,M_052,2,4,0,2,1,0,NONE
TXN_008367,U_LEGIT_1133,187.38,634,D_LEGIT_1567,IP_LEGIT_1197,C_LEGIT_0175,M_049,0,1,0,1,2,0,NONE
TXN_007000,U_LEGIT_0026,31.71,169,D_LEGIT_0041,IP_LEGIT_1054,C_LEGIT_2362,M_044,0,2,0,1,1,0,NONE
TXN_003087,U_LEGIT_0621,38.34,945,D_LEGIT_0325,IP_LEGIT_0500,C_LEGIT_0634,M_105,1,4,0,2,1,0,NONE
TXN_006854,U_LEGIT_0882,111.48,607,D_LEGIT_1716,IP_LEGIT_0786,C_LEGIT_2793,M_042,0,1,0,1,1,0,NONE
TXN_008421,U_LEGIT_1190,150.74,165,D_LEGIT_0886,IP_SHARED_BENIGN_01,C_LEGIT_2660,M_083,0,4,0,2,1,0,NONE
TXN_008863,U_LEGIT_1935,216.97,393,D_LEGIT_0656,IP_LEGIT_1855,C_LEGIT_0609,M_045,0,3,1,1,2,0,NONE
TXN_009836,U_BURST_010,596.64,1,D_BURST_016,IP_BURST_SUBNET_02,C_BURST_026,M_034,19,34,2,3,3,1,ACCOUNT_BURST
TXN_007667,U_LEGIT_2340,22.8,827,D_LEGIT_1561,IP_LEGIT_0370,C_LEGIT_2549,M_087,0,4,0,1,1,0,NONE
TXN_007933,U_LEGIT_2423,86.78,888,D_LEGIT_0535,IP_LEGIT_0899,C_LEGIT_2064,M_138,0,5,0,1,1,0,NONE
TXN_005386,U_LEGIT_2141,87.65,298,D_SHARED_BENIGN_09,IP_LEGIT_0972,C_LEGIT_1227,M_082,0,3,0,2,1,0,NONE
TXN_007173,U_LEGIT_2374,214.24,987,D_LEGIT_0821,IP_LEGIT_1539,C_LEGIT_1476,M_143,0,1,0,1,2,0,NONE
TXN_002435,U_LEGIT_0940,9.67,669,D_LEGIT_1689,IP_LEGIT_1432,C_LEGIT_2927,M_014,0,2,0,1,1,0,NONE
TXN_009390,U_INDIV_0031,1016.87,1,D_INDIV_0121,IP_INDIV_0128,C_INDIV_0200,M_029,7,38,5,6,6,1,INDIVIDUAL_FRAUD
TXN_009585,U_FARM_022,92.21,2,D_FARM_HUB_01,IP_FARM_PROXY_01,C_FARM_016,M_030,7,26,2,1,6,1,DEVICE_FARM
TXN_005024,U_LEGIT_0971,243.12,836,D_LEGIT_1777,IP_LEGIT_0967,C_LEGIT_0017,M_024,0,3,0,1,1,0,NONE
TXN_002703,U_LEGIT_1807,238.81,1098,D_LEGIT_0139,IP_LEGIT_1831,C_LEGIT_2573,M_065,0,5,0,2,1,0,NONE
TXN_006459,U_LEGIT_1276,43.95,731,D_LEGIT_0713,IP_LEGIT_1203,C_LEGIT_1098,M_121,1,3,0,1,1,0,NONE
TXN_001300,U_LEGIT_1680,36.06,813,D_LEGIT_1353,IP_LEGIT_0236,C_LEGIT_2482,M_023,0,2,0,1,1,0,NONE
TXN_006735,U_LEGIT_1847,31.38,1075,D_LEGIT_0128,IP_LEGIT_1844,C_LEGIT_2295,M_096,0,4,0,1,1,0,NONE
TXN_009121,U_INDIV_0190,490.04,6,D_INDIV_0134,IP_INDIV_0098,C_INDIV_0154,M_115,13,31,9,6,3,1,INDIVIDUAL_FRAUD
TXN_009902,U_DIST_030,53.41,5,D_DIST_008,IP_DIST_PROXY_02,C_DIST_005,M_TARGET_HIGHVAL_99,8,10,2,1,1,1,DISTRIBUTED_ABUSE
TXN_006960,U_LEGIT_0684,115.74,363,D_LEGIT_1378,IP_LEGIT_0369,C_LEGIT_2118,M_032,1,2,0,1,1,0,NONE
TXN_003800,U_LEGIT_2419,42.64,1156,D_LEGIT_1934,IP_LEGIT_1561,C_LEGIT_2643,M_087,0,3,0,1,1,0,NONE
TXN_008910,U_LEGIT_1061,24.51,448,D_SHARED_BENIGN_03,IP_LEGIT_0819,C_LEGIT_2125,M_127,0,1,0,1,2,0,NONE
TXN_003595,U_LEGIT_0341,117.97,395,D_LEGIT_1764,IP_LEGIT_0392,C_LEGIT_0398,M_091,0,2,0,2,2,0,NONE
TXN_002388,U_LEGIT_1984,157.65,1066,D_SHARED_BENIGN_04,IP_LEGIT_1848,C_LEGIT_2307,M_024,0,4,0,1,1,0,NONE
TXN_005352,U_LEGIT_0045,151.94,988,D_LEGIT_1213,IP_LEGIT_1836,C_LEGIT_0402,M_127,0,3,0,2,1,0,NONE
TXN_007609,U_LEGIT_0934,13.45,1091,D_LEGIT_1262,IP_LEGIT_1673,C_LEGIT_0172,M_126,0,3,0,1,1,0,NONE
TXN_008448,U_LEGIT_2083,151.7,675,D_LEGIT_1123,IP_LEGIT_1109,C_LEGIT_0404,M_040,0,2,0,1,2,0,NONE
TXN_008642,U_LEGIT_2478,238.05,220,D_SHARED_BENIGN_07,IP_LEGIT_1095,C_LEGIT_0380,M_066,0,5,0,1,1,0,NONE
TXN_003944,U_LEGIT_1632,35.48,431,D_SHARED_BENIGN_10,IP_LEGIT_1006,C_LEGIT_1544,M_039,0,3,0,1,1,0,NONE
TXN_009429,U_INDIV_0042,2447.89,3,D_INDIV_0005,IP_INDIV_0236,C_INDIV_0361,M_070,8,17,3,5,4,1,INDIVIDUAL_FRAUD
TXN_003216,U_LEGIT_1745,102.73,244,D_LEGIT_0968,IP_LEGIT_1909,C_LEGIT_0925,M_120,0,3,0,2,1,0,NONE
TXN_009476,U_INDIV_0034,2305.39,2,D_INDIV_0231,IP_INDIV_0338,C_INDIV_0371,M_084,10,31,8,3,3,1,INDIVIDUAL_FRAUD
TXN_007374,U_LEGIT_0763,223.97,1109,D_LEGIT_0814,IP_LEGIT_0355,C_LEGIT_1308,M_130,1,1,0,1,1,0,NONE
TXN_007938,U_LEGIT_1843,48.51,769,D_LEGIT_1430,IP_SHARED_BENIGN_04,C_LEGIT_0709,M_031,0,1,0,1,1,0,NONE
TXN_002083,U_LEGIT_1645,213.45,158,D_SHARED_BENIGN_04,IP_SHARED_BENIGN_06,C_LEGIT_1485,M_051,0,1,0,1,1,0,NONE
TXN_000352,U_LEGIT_1166,100.22,616,D_LEGIT_1379,IP_LEGIT_1587,C_LEGIT_1831,M_021,0,2,0,1,2,0,NONE
TXN_003950,U_LEGIT_0356,173.49,893,D_LEGIT_1571,IP_LEGIT_0041,C_LEGIT_2999,M_126,0,2,0,1,1,0,NONE
TXN_000872,U_LEGIT_0662,16.73,71,D_LEGIT_0679,IP_LEGIT_1133,C_LEGIT_1019,M_004,0,5,0,2,2,0,NONE
TXN_002714,U_LEGIT_0551,229.02,560,D_SHARED_BENIGN_04,IP_LEGIT_0554,C_LEGIT_2713,M_083,1,2,0,2,1,0,NONE
TXN_006570,U_LEGIT_2255,92.57,403,D_SHARED_BENIGN_02,IP_LEGIT_0326,C_LEGIT_0510,M_013,0,2,0,1,1,0,NONE
TXN_009551,U_FARM_020,425.99,3,D_FARM_HUB_02,IP_FARM_PROXY_01,C_FARM_011,M_105,13,37,7,1,3,1,DEVICE_FARM
TXN_001382,U_LEGIT_1785,131.96,182,D_LEGIT_0334,IP_LEGIT_1932,C_LEGIT_1956,M_086,0,3,0,1,1,0,NONE
TXN_005049,U_LEGIT_1918,38.84,65,D_LEGIT_0869,IP_LEGIT_0851,C_LEGIT_2176,M_028,0,2,0,1,1,0,NONE
TXN_006969,U_LEGIT_0239,45.01,1132,D_LEGIT_1369,IP_LEGIT_1073,C_LEGIT_1812,M_053,0,4,0,1,1,0,NONE
TXN_008498,U_LEGIT_0583,106.14,159,D_LEGIT_1188,IP_LEGIT_1199,C_LEGIT_1168,M_019,0,1,0,2,1,0,NONE
TXN_005349,U_LEGIT_0815,75.25,1103,D_SHARED_BENIGN_07,IP_LEGIT_0601,C_LEGIT_1898,M_010,0,3,0,1,1,0,NONE
TXN_002786,U_LEGIT_1541,213.68,1114,D_LEGIT_1727,IP_LEGIT_0436,C_LEGIT_0714,M_076,0,2,0,2,1,0,NONE
TXN_007490,U_LEGIT_1237,209.58,555,D_LEGIT_0271,IP_LEGIT_0371,C_LEGIT_0753,M_146,0,2,0,2,1,0,NONE
TXN_004682,U_LEGIT_1459,204.58,999,D_LEGIT_1264,IP_LEGIT_1058,C_LEGIT_0800,M_128,0,2,0,1,1,0,NONE
TXN_006008,U_LEGIT_0114,56.16,85,D_LEGIT_0839,IP_LEGIT_1645,C_LEGIT_1625,M_148,0,5,0,2,1,0,NONE
TXN_004884,U_LEGIT_0074,106.5,1067,D_LEGIT_1685,IP_LEGIT_0314,C_LEGIT_2302,M_145,0,5,0,1,1,0,NONE
TXN_001761,U_LEGIT_1664,96.37,175,D_SHARED_BENIGN_04,IP_LEGIT_0129,C_LEGIT_1500,M_130,0,2,0,1,2,0,NONE
TXN_009570,U_FARM_004,213.1,1,D_FARM_HUB_02,IP_FARM_PROXY_01,C_FARM_040,M_067,19,69,4,1,3,1,DEVICE_FARM
TXN_004606,U_LEGIT_1666,186.29,224,D_LEGIT_1365,IP_LEGIT_0784,C_LEGIT_0342,M_110,0,2,0,1,1,0,NONE
TXN_003294,U_LEGIT_0232,132.08,139,D_LEGIT_0719,IP_LEGIT_0257,C_LEGIT_1334,M_059,1,4,0,1,1,0,NONE
TXN_001623,U_LEGIT_0217,151.91,1157,D_LEGIT_0415,IP_LEGIT_1432,C_LEGIT_0826,M_027,0,5,0,1,1,0,NONE
TXN_008950,U_LEGIT_2228,27.41,273,D_LEGIT_1767,IP_LEGIT_1854,C_LEGIT_0889,M_031,0,3,0,1,1,0,NONE
TXN_001997,U_LEGIT_0264,42.18,200,D_LEGIT_0438,IP_LEGIT_1043,C_LEGIT_0457,M_110,0,5,0,1,1,0,NONE
TXN_002963,U_LEGIT_0408,124.23,31,D_LEGIT_0813,IP_LEGIT_0953,C_LEGIT_1443,M_038,0,2,0,2,1,0,NONE
TXN_001451,U_LEGIT_1627,53.36,1049,D_SHARED_BENIGN_01,IP_LEGIT_0941,C_LEGIT_0187,M_131,0,1,0,1,1,0,NONE
TXN_000915,U_LEGIT_1737,89.58,558,D_LEGIT_0786,IP_LEGIT_0164,C_LEGIT_0616,M_002,0,5,0,2,2,0,NONE
TXN_008433,U_LEGIT_1878,179.48,807,D_LEGIT_0343,IP_LEGIT_1635,C_LEGIT_1545,M_063,1,5,0,1,1,0,NONE
TXN_003723,U_LEGIT_2013,172.94,395,D_LEGIT_0234,IP_LEGIT_1235,C_LEGIT_2914,M_044,0,5,0,1,1,0,NONE
TXN_001933,U_LEGIT_1895,175.93,448,D_LEGIT_1346,IP_LEGIT_1838,C_LEGIT_2484,M_135,0,1,0,1,1,0,NONE
TXN_009552,U_FARM_014,271.85,4,D_FARM_HUB_02,IP_FARM_PROXY_01,C_FARM_016,M_145,12,70,2,1,6,1,DEVICE_FARM
TXN_008021,U_LEGIT_0938,196.68,145,D_LEGIT_1955,IP_SHARED_BENIGN_06,C_LEGIT_1124,M_038,0,4,0,1,1,0,NONE
TXN_003115,U_LEGIT_2042,175.97,742,D_LEGIT_0310,IP_LEGIT_1016,C_LEGIT_2795,M_127,0,1,0,2,1,0,NONE
TXN_008047,U_LEGIT_2349,181.86,1188,D_LEGIT_0364,IP_LEGIT_1095,C_LEGIT_1987,M_114,0,5,0,1,1,0,NONE
TXN_005604,U_LEGIT_2227,192.14,797,D_LEGIT_0092,IP_LEGIT_1360,C_LEGIT_1611,M_041,0,5,0,1,1,0,NONE
TXN_001494,U_LEGIT_1989,32.13,203,D_LEGIT_0385,IP_LEGIT_1576,C_LEGIT_0313,M_048,0,1,0,2,1,0,NONE
TXN_003972,U_LEGIT_0333,243.16,403,D_LEGIT_1189,IP_LEGIT_0820,C_LEGIT_0976,M_094,0,4,0,1,2,0,NONE
TXN_009235,U_INDIV_0150,1632.42,3,D_INDIV_0168,IP_INDIV_0225,C_INDIV_0366,M_142,18,38,8,3,5,1,INDIVIDUAL_FRAUD
TXN_001409,U_LEGIT_0871,77.18,970,D_LEGIT_0642,IP_LEGIT_1841,C_LEGIT_1603,M_048,0,2,0,1,1,0,NONE
TXN_004683,U_LEGIT_2305,42.3,257,D_LEGIT_1754,IP_LEGIT_1051,C_LEGIT_2248,M_070,0,5,0,2,1,0,NONE
TXN_000759,U_LEGIT_0067,165.04,963,D_LEGIT_0629,IP_LEGIT_1778,C_LEGIT_0511,M_128,0,3,0,2,1,0,NONE
TXN_009539,U_FARM_023,227.29,1,D_FARM_HUB_02,IP_FARM_PROXY_01,C_FARM_002,M_001,12,53,3,1,3,1,DEVICE_FARM
TXN_002372,U_LEGIT_0157,118.6,434,D_LEGIT_0035,IP_LEGIT_0750,C_LEGIT_0895,M_053,0,4,0,2,2,0,NONE
TXN_005387,U_LEGIT_0099,212.77,357,D_LEGIT_0228,IP_LEGIT_0355,C_LEGIT_0822,M_057,0,3,0,1,2,0,NONE
TXN_009660,U_CYCLE_019,163.24,3,D_CYCLE_029,IP_CYCLE_018,C_STOLEN_POOL_04,M_064,5,31,4,4,7,1,CARD_CYCLING
TXN_000860,U_LEGIT_2452,126.18,82,D_LEGIT_1966,IP_LEGIT_1102,C_LEGIT_0800,M_002,0,3,0,2,2,0,NONE
TXN_006432,U_LEGIT_1616,230.72,142,D_LEGIT_1555,IP_LEGIT_0918,C_LEGIT_2465,M_064,0,2,0,2,1,0,NONE
TXN_008199,U_LEGIT_2413,187.07,461,D_SHARED_BENIGN_04,IP_LEGIT_1566,C_LEGIT_0043,M_005,0,4,0,1,1,0,NONE
TXN_003810,U_LEGIT_1740,167.24,85,D_LEGIT_0023,IP_LEGIT_0462,C_LEGIT_1451,M_020,1,3,0,2,1,0,NONE
TXN_008028,U_LEGIT_0385,170.08,110,D_LEGIT_1567,IP_LEGIT_1994,C_LEGIT_0507,M_050,0,1,0,1,1,0,NONE
TXN_000483,U_LEGIT_0682,211.12,344,D_LEGIT_0330,IP_LEGIT_0585,C_LEGIT_0747,M_045,0,1,0,1,1,0,NONE
TXN_003853,U_LEGIT_1631,228.83,484,D_SHARED_BENIGN_04,IP_LEGIT_1538,C_LEGIT_2096,M_125,0,4,0,1,2,0,NONE
TXN_007093,U_LEGIT_1097,205.16,305,D_LEGIT_0193,IP_LEGIT_1626,C_LEGIT_0188,M_038,0,2,0,1,2,0,NONE
TXN_000646,U_LEGIT_1592,161.76,681,D_LEGIT_1992,IP_LEGIT_0273,C_LEGIT_1361,M_045,2,4,0,1,2,0,NONE
TXN_001457,U_LEGIT_2015,63.45,1174,D_LEGIT_1696,IP_LEGIT_0995,C_LEGIT_2741,M_081,1,1,0,1,1,0,NONE
TXN_001604,U_LEGIT_0608,204.05,1134,D_LEGIT_0196,IP_SHARED_BENIGN_03,C_LEGIT_1094,M_005,1,5,0,1,1,0,NONE
TXN_004474,U_LEGIT_1435,43.38,323,D_LEGIT_1318,IP_LEGIT_1024,C_LEGIT_0174,M_101,0,2,0,1,2,0,NONE
TXN_004780,U_LEGIT_0524,183.28,625,D_LEGIT_0912,IP_LEGIT_1556,C_LEGIT_0399,M_108,0,1,0,1,1,0,NONE
TXN_008901,U_LEGIT_1517,71.27,600,D_LEGIT_1234,IP_SHARED_BENIGN_06,C_LEGIT_0836,M_078,0,2,0,2,1,0,NONE
TXN_001603,U_LEGIT_0980,154.94,542,D_LEGIT_0842,IP_SHARED_BENIGN_06,C_LEGIT_1537,M_148,0,3,0,2,2,0,NONE
TXN_006865,U_LEGIT_1980,191.46,999,D_LEGIT_1183,IP_LEGIT_0109,C_LEGIT_1145,M_025,0,2,0,1,1,0,NONE
TXN_003297,U_LEGIT_2208,153.83,228,D_LEGIT_1760,IP_LEGIT_0911,C_LEGIT_1332,M_115,0,3,0,1,1,0,NONE
TXN_008230,U_LEGIT_1295,83.23,711,D_LEGIT_0986,IP_LEGIT_0948,C_LEGIT_0852,M_117,0,1,0,1,1,0,NONE
TXN_008538,U_LEGIT_0436,20.25,565,D_LEGIT_1866,IP_LEGIT_0969,C_LEGIT_2932,M_142,0,3,0,1,1,0,NONE
TXN_007135,U_LEGIT_1820,155.74,882,D_LEGIT_0779,IP_LEGIT_0811,C_LEGIT_0387,M_050,0,1,0,2,1,0,NONE
TXN_005666,U_LEGIT_2188,159.75,51,D_LEGIT_0826,IP_LEGIT_0377,C_LEGIT_0404,M_017,0,3,1,2,1,0,NONE
TXN_004498,U_LEGIT_0272,155.86,209,D_LEGIT_0960,IP_LEGIT_0959,C_LEGIT_1770,M_139,0,4,0,2,1,0,NONE
TXN_005517,U_LEGIT_2377,70.65,733,D_LEGIT_0675,IP_LEGIT_1438,C_LEGIT_2907,M_140,0,4,0,1,2,0,NONE
TXN_008092,U_LEGIT_1196,130.76,983,D_LEGIT_1468,IP_LEGIT_1020,C_LEGIT_1650,M_084,0,3,0,1,1,0,NONE
TXN_008422,U_LEGIT_2042,90.72,345,D_LEGIT_0667,IP_LEGIT_1063,C_LEGIT_1789,M_089,0,3,0,1,2,0,NONE
TXN_000942,U_LEGIT_0919,94.27,970,D_LEGIT_1247,IP_LEGIT_1617,C_LEGIT_0490,M_051,0,1,0,1,1,0,NONE
TXN_000766,U_LEGIT_2364,46.49,690,D_LEGIT_1727,IP_LEGIT_1878,C_LEGIT_1066,M_142,0,1,0,1,1,0,NONE
TXN_006782,U_LEGIT_1653,111.53,220,D_LEGIT_1600,IP_LEGIT_1942,C_LEGIT_1370,M_150,1,5,0,1,2,0,NONE
TXN_004608,U_LEGIT_1218,84.25,347,D_LEGIT_0223,IP_LEGIT_1420,C_LEGIT_2775,M_107,0,4,0,2,1,0,NONE
TXN_008083,U_LEGIT_0514,175.82,303,D_LEGIT_0727,IP_LEGIT_0822,C_LEGIT_0683,M_038,0,4,0,1,2,0,NONE
TXN_000081,U_LEGIT_0103,164.73,980,D_LEGIT_1932,IP_LEGIT_1875,C_LEGIT_2499,M_057,1,3,0,1,1,0,NONE
TXN_009146,U_INDIV_0169,2993.55,6,D_INDIV_0316,IP_INDIV_0030,C_INDIV_0369,M_129,6,19,4,6,5,1,INDIVIDUAL_FRAUD
TXN_005951,U_LEGIT_1015,61.34,106,D_LEGIT_1584,IP_LEGIT_0357,C_LEGIT_1003,M_106,0,5,0,2,2,0,NONE
TXN_001721,U_LEGIT_2335,107.49,434,D_LEGIT_1021,IP_LEGIT_0757,C_LEGIT_1133,M_103,1,2,0,2,2,0,NONE
TXN_009711,U_CYCLE_023,455.91,5,D_CYCLE_021,IP_CYCLE_023,C_STOLEN_POOL_05,M_125,8,21,9,4,9,1,CARD_CYCLING
TXN_004799,U_LEGIT_0828,238.43,593,D_LEGIT_0387,IP_LEGIT_0433,C_LEGIT_2843,M_063,0,4,0,1,1,0,NONE
TXN_005603,U_LEGIT_1390,58.57,480,D_LEGIT_1033,IP_LEGIT_0747,C_LEGIT_1335,M_114,0,3,0,2,1,0,NONE
TXN_006857,U_LEGIT_1248,222.67,902,D_LEGIT_0320,IP_LEGIT_1002,C_LEGIT_2421,M_096,0,1,0,1,2,0,NONE
TXN_002061,U_LEGIT_1590,131.28,1165,D_LEGIT_0804,IP_LEGIT_0642,C_LEGIT_2854,M_011,1,5,0,2,1,0,NONE
TXN_000300,U_LEGIT_0218,173.38,329,D_LEGIT_0410,IP_LEGIT_1609,C_LEGIT_0660,M_074,0,3,0,1,1,0,NONE
TXN_004769,U_LEGIT_1800,104.46,550,D_LEGIT_1803,IP_LEGIT_0390,C_LEGIT_0701,M_138,0,3,0,2,1,0,NONE
TXN_000773,U_LEGIT_0377,132.06,849,D_LEGIT_1130,IP_LEGIT_0957,C_LEGIT_2031,M_112,1,3,0,1,2,0,NONE
TXN_004847,U_LEGIT_0029,163.4,641,D_LEGIT_1050,IP_LEGIT_1068,C_LEGIT_2674,M_121,0,1,0,2,2,0,NONE
TXN_005672,U_LEGIT_0028,103.2,1090,D_LEGIT_0551,IP_LEGIT_0657,C_LEGIT_2280,M_067,1,5,0,1,1,0,NONE
TXN_005622,U_LEGIT_2050,22.7,419,D_LEGIT_1678,IP_LEGIT_0920,C_LEGIT_0644,M_091,0,2,0,1,1,0,NONE
TXN_005332,U_LEGIT_0340,159.91,464,D_LEGIT_1866,IP_LEGIT_1396,C_LEGIT_2249,M_091,0,5,1,2,2,0,NONE
TXN_001082,U_LEGIT_1734,79.99,101,D_LEGIT_0764,IP_SHARED_BENIGN_07,C_LEGIT_2678,M_006,1,3,0,2,1,0,NONE
TXN_009305,U_INDIV_0054,917.02,1,D_INDIV_0051,IP_INDIV_0141,C_INDIV_0183,M_063,11,49,3,7,3,1,INDIVIDUAL_FRAUD
TXN_005592,U_LEGIT_0537,157.37,905,D_SHARED_BENIGN_01,IP_LEGIT_0871,C_LEGIT_0872,M_034,0,5,1,1,2,0,NONE
TXN_007781,U_LEGIT_1838,156.2,1142,D_LEGIT_0016,IP_LEGIT_0666,C_LEGIT_1293,M_041,0,1,0,2,1,0,NONE
TXN_009336,U_INDIV_0101,1926.4,7,D_INDIV_0044,IP_INDIV_0134,C_INDIV_0304,M_043,11,25,7,7,7,1,INDIVIDUAL_FRAUD
TXN_005674,U_LEGIT_1904,13.88,314,D_LEGIT_0961,IP_LEGIT_0928,C_LEGIT_0632,M_131,0,4,0,1,1,0,NONE
TXN_003488,U_LEGIT_0943,231.62,65,D_LEGIT_1035,IP_LEGIT_0188,C_LEGIT_1612,M_033,0,5,0,1,1,0,NONE
TXN_008172,U_LEGIT_0792,214.71,206,D_LEGIT_1501,IP_LEGIT_0757,C_LEGIT_1030,M_083,0,5,0,1,1,0,NONE
TXN_004933,U_LEGIT_0597,160.91,1043,D_LEGIT_0061,IP_LEGIT_1262,C_LEGIT_2241,M_049,0,3,0,1,2,0,NONE
TXN_000200,U_LEGIT_0549,131.62,886,D_LEGIT_0489,IP_LEGIT_0375,C_LEGIT_1530,M_037,0,5,0,1,2,0,NONE
TXN_005188,U_LEGIT_0677,109.22,672,D_LEGIT_0391,IP_LEGIT_1338,C_LEGIT_0941,M_140,0,4,1,1,2,0,NONE
TXN_005821,U_LEGIT_2313,169.17,1099,D_LEGIT_1923,IP_LEGIT_1708,C_LEGIT_2764,M_114,0,3,0,2,1,0,NONE
TXN_004263,U_LEGIT_2286,27.58,980,D_LEGIT_1444,IP_LEGIT_0489,C_LEGIT_0721,M_016,0,2,0,1,2,0,NONE
TXN_000771,U_LEGIT_0481,9.21,1098,D_LEGIT_0711,IP_LEGIT_1258,C_LEGIT_2458,M_140,0,1,0,1,1,0,NONE
TXN_003329,U_LEGIT_0838,86.87,925,D_LEGIT_1634,IP_LEGIT_1622,C_LEGIT_2360,M_111,0,1,0,1,1,0,NONE
TXN_007167,U_LEGIT_0699,162.71,645,D_LEGIT_0274,IP_LEGIT_1418,C_LEGIT_0477,M_038,0,2,0,1,1,0,NONE
TXN_001985,U_LEGIT_1409,54.57,746,D_LEGIT_0105,IP_LEGIT_1016,C_LEGIT_0916,M_136,0,3,0,1,2,0,NONE
TXN_006712,U_LEGIT_2063,98.34,784,D_LEGIT_1323,IP_LEGIT_1864,C_LEGIT_1141,M_144,0,4,0,1,1,0,NONE
TXN_002266,U_LEGIT_1861,149.13,1192,D_LEGIT_0359,IP_LEGIT_1234,C_LEGIT_0985,M_119,0,2,0,1,1,0,NONE
TXN_001304,U_LEGIT_0071,182.62,165,D_LEGIT_1212,IP_LEGIT_1735,C_LEGIT_1503,M_090,0,1,0,1,1,0,NONE
TXN_004381,U_LEGIT_0974,10.65,938,D_LEGIT_0905,IP_LEGIT_1066,C_LEGIT_0784,M_145,0,1,0,1,2,0,NONE
TXN_008023,U_LEGIT_0381,167.94,1139,D_LEGIT_0397,IP_LEGIT_0190,C_LEGIT_0730,M_141,0,1,0,1,1,0,NONE
TXN_007146,U_LEGIT_0730,112.46,908,D_LEGIT_0242,IP_LEGIT_0667,C_LEGIT_1878,M_046,0,5,0,2,2,0,NONE
TXN_007250,U_LEGIT_1843,94.11,991,D_LEGIT_0482,IP_LEGIT_0161,C_LEGIT_1727,M_078,0,1,0,1,1,0,NONE
TXN_003822,U_LEGIT_0544,76.84,721,D_LEGIT_0937,IP_LEGIT_1345,C_LEGIT_1547,M_111,0,2,0,1,1,0,NONE
TXN_006284,U_LEGIT_1166,45.39,781,D_LEGIT_1254,IP_LEGIT_0784,C_LEGIT_1205,M_119,0,4,0,1,1,0,NONE
TXN_000772,U_LEGIT_2122,15.14,313,D_LEGIT_0313,IP_LEGIT_0748,C_LEGIT_0471,M_056,0,2,0,2,1,0,NONE
TXN_007594,U_LEGIT_1021,190.16,568,D_LEGIT_0317,IP_LEGIT_0524,C_LEGIT_0892,M_004,0,4,0,2,1,0,NONE
TXN_000440,U_LEGIT_1860,240.46,633,D_LEGIT_0961,IP_LEGIT_0679,C_LEGIT_1725,M_091,0,1,0,1,1,0,NONE
TXN_007982,U_LEGIT_1809,197.74,910,D_LEGIT_0738,IP_SHARED_BENIGN_05,C_LEGIT_0866,M_065,0,3,0,2,1,0,NONE
TXN_005422,U_LEGIT_2136,130.37,314,D_SHARED_BENIGN_01,IP_LEGIT_0239,C_LEGIT_2662,M_024,0,4,0,1,1,0,NONE
TXN_005400,U_LEGIT_0847,209.99,808,D_LEGIT_1569,IP_LEGIT_0556,C_LEGIT_1899,M_114,0,2,0,2,2,0,NONE
TXN_004249,U_LEGIT_0952,35.69,992,D_LEGIT_0449,IP_LEGIT_0457,C_LEGIT_1431,M_039,0,3,0,1,1,0,NONE
TXN_003249,U_LEGIT_2231,172.79,1102,D_LEGIT_0794,IP_SHARED_BENIGN_07,C_LEGIT_1635,M_130,0,2,0,1,1,0,NONE
TXN_003584,U_LEGIT_0087,20.52,349,D_LEGIT_0247,IP_LEGIT_0270,C_LEGIT_1876,M_122,0,2,0,1,1,0,NONE
TXN_009296,U_INDIV_0163,1530.97,1,D_INDIV_0142,IP_INDIV_0072,C_INDIV_0070,M_058,12,28,6,5,4,1,INDIVIDUAL_FRAUD
TXN_003706,U_LEGIT_0521,18.16,361,D_SHARED_BENIGN_02,IP_SHARED_BENIGN_05,C_LEGIT_2339,M_104,0,2,0,1,1,0,NONE
TXN_009634,U_CYCLE_008,642.01,1,D_CYCLE_020,IP_CYCLE_007,C_STOLEN_POOL_02,M_020,4,21,6,5,8,1,CARD_CYCLING
TXN_007432,U_LEGIT_0671,24.16,813,D_LEGIT_1501,IP_LEGIT_1662,C_LEGIT_1142,M_044,0,4,0,1,1,0,NONE
TXN_007060,U_LEGIT_1056,124.62,207,D_LEGIT_0088,IP_LEGIT_0303,C_LEGIT_2069,M_045,0,2,0,1,1,0,NONE
TXN_000656,U_LEGIT_1675,55.0,923,D_LEGIT_1888,IP_LEGIT_1910,C_LEGIT_2317,M_042,1,3,0,2,1,0,NONE
TXN_005028,U_LEGIT_1357,35.3,473,D_LEGIT_1831,IP_LEGIT_1067,C_LEGIT_2042,M_137,0,1,0,1,1,0,NONE
TXN_002530,U_LEGIT_0895,157.88,571,D_LEGIT_1949,IP_LEGIT_0995,C_LEGIT_0806,M_147,0,5,0,1,1,0,NONE
TXN_002501,U_LEGIT_0763,11.33,952,D_LEGIT_1234,IP_LEGIT_1141,C_LEGIT_0168,M_113,0,1,1,1,2,0,NONE
TXN_009528,U_FARM_025,416.41,2,D_FARM_HUB_01,IP_FARM_PROXY_01,C_FARM_041,M_048,17,58,5,1,6,1,DEVICE_FARM
TXN_005269,U_LEGIT_1781,80.58,301,D_SHARED_BENIGN_04,IP_LEGIT_0131,C_LEGIT_2536,M_021,0,5,0,1,1,0,NONE
TXN_006481,U_LEGIT_0136,224.93,812,D_SHARED_BENIGN_02,IP_LEGIT_0304,C_LEGIT_2692,M_061,0,1,0,1,1,0,NONE
TXN_006373,U_LEGIT_2162,186.1,764,D_LEGIT_0587,IP_LEGIT_1608,C_LEGIT_0053,M_130,1,2,0,1,1,0,NONE
TXN_003444,U_LEGIT_1284,119.85,1089,D_LEGIT_0670,IP_LEGIT_0547,C_LEGIT_2848,M_038,0,1,0,1,2,0,NONE
TXN_005360,U_LEGIT_2254,84.79,314,D_LEGIT_1339,IP_LEGIT_0374,C_LEGIT_1970,M_026,0,4,0,1,1,0,NONE
TXN_002229,U_LEGIT_0229,17.43,812,D_SHARED_BENIGN_03,IP_LEGIT_0266,C_LEGIT_0920,M_074,0,4,0,1,1,0,NONE
TXN_002968,U_LEGIT_1312,228.29,516,D_LEGIT_1440,IP_LEGIT_1359,C_LEGIT_0757,M_101,0,5,0,2,1,0,NONE
TXN_003326,U_LEGIT_1140,36.36,671,D_LEGIT_1614,IP_LEGIT_0494,C_LEGIT_2141,M_002,0,3,0,1,1,0,NONE
TXN_008742,U_LEGIT_1148,81.12,923,D_LEGIT_1231,IP_LEGIT_0814,C_LEGIT_0980,M_105,0,5,0,1,2,0,NONE
TXN_000639,U_LEGIT_2247,211.66,379,D_LEGIT_1462,IP_LEGIT_0288,C_LEGIT_1929,M_072,0,5,0,1,1,0,NONE
TXN_008829,U_LEGIT_1035,158.06,601,D_LEGIT_0731,IP_LEGIT_0027,C_LEGIT_1297,M_118,0,1,0,1,1,0,NONE
TXN_003615,U_LEGIT_1548,114.08,486,D_LEGIT_1323,IP_SHARED_BENIGN_01,C_LEGIT_2098,M_085,0,4,0,2,2,0,NONE
TXN_006770,U_LEGIT_0472,58.3,549,D_LEGIT_1586,IP_LEGIT_0926,C_LEGIT_2816,M_035,0,4,0,1,1,0,NONE
TXN_000972,U_LEGIT_0836,14.89,82,D_LEGIT_1281,IP_LEGIT_1724,C_LEGIT_1087,M_083,0,4,0,1,2,0,NONE
TXN_005272,U_LEGIT_2492,162.29,615,D_LEGIT_1467,IP_LEGIT_1714,C_LEGIT_0775,M_034,0,5,0,1,1,0,NONE
TXN_001696,U_LEGIT_1589,167.51,208,D_LEGIT_0828,IP_LEGIT_1658,C_LEGIT_0276,M_095,0,5,0,1,1,0,NONE
TXN_006267,U_LEGIT_0445,220.01,311,D_LEGIT_0018,IP_LEGIT_1014,C_LEGIT_1894,M_044,0,5,0,1,1,0,NONE
TXN_006731,U_LEGIT_1744,43.64,1130,D_LEGIT_1214,IP_LEGIT_1397,C_LEGIT_1458,M_090,0,1,0,2,1,0,NONE
TXN_001028,U_LEGIT_1557,89.29,928,D_LEGIT_0598,IP_LEGIT_0462,C_LEGIT_0754,M_050,0,4,0,1,1,0,NONE
TXN_000663,U_LEGIT_0448,74.98,730,D_LEGIT_0341,IP_SHARED_BENIGN_02,C_LEGIT_1548,M_032,0,2,0,1,1,0,NONE
TXN_007320,U_LEGIT_2016,72.43,1131,D_LEGIT_1628,IP_LEGIT_0571,C_LEGIT_0589,M_037,0,1,0,1,1,0,NONE
TXN_009988,U_DIST_012,27.12,19,D_DIST_029,IP_DIST_PROXY_03,C_DIST_030,M_TARGET_HIGHVAL_99,6,10,0,1,2,1,DISTRIBUTED_ABUSE
TXN_005093,U_LEGIT_0067,14.71,495,D_LEGIT_1953,IP_SHARED_BENIGN_02,C_LEGIT_0883,M_094,0,4,0,1,1,0,NONE
TXN_002724,U_LEGIT_0775,157.2,938,D_LEGIT_1056,IP_LEGIT_1500,C_LEGIT_2196,M_069,1,4,0,1,2,0,NONE
TXN_006033,U_LEGIT_2073,53.15,353,D_LEGIT_1701,IP_LEGIT_1308,C_LEGIT_0893,M_055,0,1,0,1,1,0,NONE
TXN_005537,U_LEGIT_2355,145.52,763,D_LEGIT_1179,IP_LEGIT_0857,C_LEGIT_1917,M_143,0,3,0,1,1,0,NONE
TXN_002166,U_LEGIT_2245,114.25,797,D_LEGIT_1280,IP_LEGIT_0907,C_LEGIT_1806,M_117,0,2,0,2,1,0,NONE
TXN_005781,U_LEGIT_0917,86.14,1032,D_LEGIT_0026,IP_LEGIT_1863,C_LEGIT_1677,M_001,0,3,0,2,1,0,NONE
TXN_001197,U_LEGIT_0544,15.62,448,D_LEGIT_0126,IP_LEGIT_0463,C_LEGIT_2534,M_035,0,3,0,2,1,0,NONE
TXN_007994,U_LEGIT_1494,100.65,556,D_LEGIT_0135,IP_LEGIT_1016,C_LEGIT_1755,M_027,0,5,0,1,1,0,NONE
TXN_003288,U_LEGIT_2012,114.7,1089,D_SHARED_BENIGN_09,IP_LEGIT_1621,C_LEGIT_2625,M_062,0,3,0,1,2,0,NONE
TXN_008861,U_LEGIT_1816,226.81,1113,D_LEGIT_0279,IP_SHARED_BENIGN_02,C_LEGIT_1847,M_083,0,4,0,1,2,0,NONE
TXN_001931,U_LEGIT_0783,123.51,968,D_LEGIT_1341,IP_LEGIT_1055,C_LEGIT_2645,M_056,0,5,0,1,1,0,NONE
TXN_005148,U_LEGIT_0190,24.09,1038,D_LEGIT_0860,IP_LEGIT_0466,C_LEGIT_1283,M_041,0,3,0,2,1,0,NONE
TXN_009436,U_INDIV_0145,1351.51,2,D_INDIV_0225,IP_INDIV_0028,C_INDIV_0007,M_036,12,43,5,6,4,1,INDIVIDUAL_FRAUD
TXN_005065,U_LEGIT_0393,221.0,507,D_LEGIT_1427,IP_LEGIT_1464,C_LEGIT_0935,M_137,0,5,0,1,1,0,NONE
TXN_003628,U_LEGIT_1295,240.5,571,D_LEGIT_1452,IP_SHARED_BENIGN_05,C_LEGIT_2083,M_041,0,4,0,1,1,0,NONE
TXN_001981,U_LEGIT_2418,66.49,88,D_LEGIT_1301,IP_LEGIT_0708,C_LEGIT_2732,M_002,0,2,0,1,1,0,NONE
TXN_009478,U_INDIV_0041,920.46,4,D_INDIV_0046,IP_INDIV_0171,C_INDIV_0040,M_109,10,40,4,6,4,1,INDIVIDUAL_FRAUD
TXN_005739,U_LEGIT_0355,160.73,38,D_SHARED_BENIGN_01,IP_LEGIT_1523,C_LEGIT_0350,M_060,0,2,0,1,1,0,NONE
TXN_007466,U_LEGIT_1220,244.66,1042,D_LEGIT_1831,IP_LEGIT_1693,C_LEGIT_0207,M_144,0,2,0,1,2,0,NONE
TXN_002463,U_LEGIT_2489,16.76,759,D_LEGIT_1185,IP_LEGIT_1871,C_LEGIT_1644,M_096,0,5,0,1,2,0,NONE
TXN_000098,U_LEGIT_0187,193.7,553,D_LEGIT_1228,IP_SHARED_BENIGN_04,C_LEGIT_1235,M_055,0,1,0,2,1,0,NONE
TXN_002050,U_LEGIT_1380,8.01,723,D_LEGIT_1699,IP_LEGIT_0886,C_LEGIT_2982,M_084,0,5,0,1,1,0,NONE
TXN_007498,U_LEGIT_0435,222.8,134,D_LEGIT_0152,IP_LEGIT_1131,C_LEGIT_2817,M_112,0,2,0,2,1,0,NONE
TXN_001547,U_LEGIT_0341,230.26,403,D_LEGIT_0141,IP_LEGIT_0491,C_LEGIT_2640,M_134,0,1,0,1,1,0,NONE
TXN_008661,U_LEGIT_0270,78.18,352,D_LEGIT_1850,IP_LEGIT_1589,C_LEGIT_2413,M_050,0,2,0,2,1,0,NONE
TXN_000667,U_LEGIT_1852,8.76,689,D_LEGIT_1350,IP_LEGIT_1055,C_LEGIT_1693,M_049,0,3,0,1,2,0,NONE
TXN_002296,U_LEGIT_2031,154.24,1011,D_LEGIT_1849,IP_LEGIT_0240,C_LEGIT_1010,M_147,0,5,0,1,1,0,NONE
TXN_005040,U_LEGIT_1890,17.58,232,D_LEGIT_1825,IP_LEGIT_0037,C_LEGIT_2691,M_093,0,1,1,1,1,0,NONE
TXN_009248,U_INDIV_0188,1046.81,4,D_INDIV_0399,IP_INDIV_0281,C_INDIV_0165,M_125,11,33,4,3,3,1,INDIVIDUAL_FRAUD
TXN_007312,U_LEGIT_1775,36.76,547,D_LEGIT_0863,IP_LEGIT_0964,C_LEGIT_0852,M_063,1,4,0,1,1,0,NONE
TXN_002910,U_LEGIT_0220,214.48,303,D_LEGIT_0649,IP_LEGIT_1790,C_LEGIT_1382,M_121,0,5,0,1,1,0,NONE
TXN_000257,U_LEGIT_1310,104.16,697,D_LEGIT_1873,IP_LEGIT_0179,C_LEGIT_1590,M_143,1,5,0,1,2,0,NONE
TXN_005333,U_LEGIT_1392,181.19,617,D_LEGIT_1671,IP_LEGIT_0125,C_LEGIT_0382,M_085,1,2,0,2,1,0,NONE
TXN_004265,U_LEGIT_1898,116.86,1059,D_LEGIT_1808,IP_LEGIT_0196,C_LEGIT_2235,M_008,1,3,0,2,2,0,NONE
TXN_001433,U_LEGIT_0549,223.13,147,D_LEGIT_1972,IP_LEGIT_1940,C_LEGIT_1888,M_048,0,2,0,1,1,0,NONE
TXN_004954,U_LEGIT_0998,28.38,895,D_LEGIT_0697,IP_LEGIT_0235,C_LEGIT_1834,M_030,0,4,0,2,1,0,NONE
TXN_002993,U_LEGIT_1776,168.76,879,D_LEGIT_0764,IP_LEGIT_0402,C_LEGIT_0729,M_095,0,4,0,1,1,0,NONE
TXN_008731,U_LEGIT_0187,102.95,185,D_LEGIT_0354,IP_LEGIT_0138,C_LEGIT_2866,M_070,0,3,0,1,1,0,NONE
TXN_006711,U_LEGIT_0607,185.04,427,D_LEGIT_0857,IP_LEGIT_0769,C_LEGIT_2043,M_128,0,5,0,1,1,0,NONE
TXN_004358,U_LEGIT_1370,135.15,307,D_LEGIT_0469,IP_SHARED_BENIGN_02,C_LEGIT_2065,M_012,0,3,0,1,1,0,NONE
TXN_007170,U_LEGIT_1817,187.72,188,D_LEGIT_0373,IP_LEGIT_1749,C_LEGIT_1916,M_090,1,1,0,1,1,0,NONE
TXN_007847,U_LEGIT_0264,17.74,993,D_LEGIT_0963,IP_LEGIT_0620,C_LEGIT_1395,M_142,0,1,0,1,1,0,NONE
TXN_000304,U_LEGIT_0660,17.67,690,D_LEGIT_0523,IP_SHARED_BENIGN_08,C_LEGIT_2907,M_040,0,5,0,1,2,0,NONE
TXN_005729,U_LEGIT_1509,52.59,306,D_LEGIT_0739,IP_LEGIT_0326,C_LEGIT_0729,M_038,0,1,0,1,1,0,NONE
TXN_005126,U_LEGIT_0303,231.7,712,D_LEGIT_1534,IP_LEGIT_1698,C_LEGIT_2875,M_065,0,2,0,2,1,0,NONE
TXN_000859,U_LEGIT_1994,231.73,600,D_LEGIT_1814,IP_LEGIT_1924,C_LEGIT_1063,M_028,0,2,0,1,1,0,NONE
TXN_004200,U_LEGIT_1544,97.82,951,D_LEGIT_1885,IP_LEGIT_0608,C_LEGIT_2208,M_109,0,3,0,2,2,0,NONE
TXN_004932,U_LEGIT_0213,171.17,1176,D_SHARED_BENIGN_05,IP_LEGIT_1893,C_LEGIT_0006,M_078,0,1,0,1,2,0,NONE
TXN_001610,U_LEGIT_0282,10.79,909,D_LEGIT_0257,IP_SHARED_BENIGN_05,C_LEGIT_2181,M_096,0,3,0,1,1,0,NONE
TXN_000534,U_LEGIT_1023,199.82,684,D_LEGIT_1986,IP_LEGIT_1330,C_LEGIT_0533,M_106,0,2,0,1,1,0,NONE
TXN_009420,U_INDIV_0139,1051.29,7,D_INDIV_0267,IP_INDIV_0170,C_INDIV_0185,M_036,16,27,9,6,3,1,INDIVIDUAL_FRAUD
TXN_005481,U_LEGIT_1541,211.9,1104,D_LEGIT_1048,IP_LEGIT_0482,C_LEGIT_0589,M_036,0,4,0,1,1,0,NONE
TXN_006066,U_LEGIT_0313,216.64,159,D_LEGIT_0876,IP_SHARED_BENIGN_03,C_LEGIT_2578,M_014,0,1,0,1,1,0,NONE
TXN_009315,U_INDIV_0051,2583.17,0,D_INDIV_0187,IP_INDIV_0198,C_INDIV_0028,M_025,15,42,5,6,6,1,INDIVIDUAL_FRAUD
TXN_008215,U_LEGIT_1214,42.74,139,D_LEGIT_1015,IP_LEGIT_0838,C_LEGIT_0799,M_109,0,1,0,2,2,0,NONE
TXN_006160,U_LEGIT_0670,126.49,291,D_LEGIT_1004,IP_LEGIT_1592,C_LEGIT_2846,M_035,0,1,0,1,2,0,NONE
TXN_008669,U_LEGIT_1446,34.12,966,D_LEGIT_1916,IP_LEGIT_1610,C_LEGIT_1453,M_051,0,4,0,1,1,0,NONE
TXN_005822,U_LEGIT_2216,40.32,1099,D_SHARED_BENIGN_04,IP_LEGIT_0783,C_LEGIT_2743,M_140,0,2,0,1,1,0,NONE
TXN_008548,U_LEGIT_0529,52.43,1120,D_LEGIT_0964,IP_LEGIT_1234,C_LEGIT_1930,M_003,1,3,0,1,1,0,NONE
TXN_009885,U_DIST_009,41.3,23,D_DIST_009,IP_DIST_PROXY_02,C_DIST_019,M_TARGET_HIGHVAL_99,8,16,0,2,2,1,DISTRIBUTED_ABUSE
TXN_005299,U_LEGIT_0815,219.73,1055,D_LEGIT_0512,IP_LEGIT_1621,C_LEGIT_0466,M_087,0,4,0,1,1,0,NONE
TXN_002105,U_LEGIT_1372,86.02,735,D_LEGIT_0474,IP_LEGIT_0411,C_LEGIT_0333,M_123,0,3,0,1,2,0,NONE
TXN_004657,U_LEGIT_0743,14.63,849,D_LEGIT_0365,IP_LEGIT_0556,C_LEGIT_1044,M_068,0,1,0,1,1,0,NONE
TXN_000193,U_LEGIT_1017,246.03,848,D_LEGIT_0728,IP_LEGIT_1255,C_LEGIT_0182,M_145,1,3,1,2,1,0,NONE
TXN_002921,U_LEGIT_0646,236.61,859,D_LEGIT_1982,IP_LEGIT_1053,C_LEGIT_0059,M_061,0,1,0,1,2,0,NONE
TXN_009726,U_CYCLE_020,746.99,12,D_CYCLE_010,IP_CYCLE_019,C_STOLEN_POOL_04,M_093,4,23,7,3,9,1,CARD_CYCLING
TXN_009456,U_INDIV_0132,2333.7,6,D_INDIV_0300,IP_INDIV_0266,C_INDIV_0173,M_118,8,24,6,4,3,1,INDIVIDUAL_FRAUD
TXN_000177,U_LEGIT_0071,230.17,1103,D_LEGIT_1430,IP_LEGIT_1652,C_LEGIT_0735,M_028,0,2,0,1,1,0,NONE
TXN_009636,U_CYCLE_023,396.41,12,D_CYCLE_014,IP_CYCLE_019,C_STOLEN_POOL_05,M_101,8,29,8,3,6,1,CARD_CYCLING
TXN_007762,U_LEGIT_0656,247.81,711,D_LEGIT_0428,IP_LEGIT_1824,C_LEGIT_1220,M_053,0,5,0,1,1,0,NONE
TXN_000428,U_LEGIT_1428,86.86,175,D_LEGIT_0261,IP_LEGIT_0831,C_LEGIT_2926,M_028,0,5,0,2,1,0,NONE
TXN_000620,U_LEGIT_1941,58.14,445,D_LEGIT_0822,IP_LEGIT_1620,C_LEGIT_2392,M_010,0,2,0,1,2,0,NONE
TXN_007398,U_LEGIT_0467,49.88,631,D_SHARED_BENIGN_09,IP_LEGIT_0972,C_LEGIT_1847,M_077,0,2,0,2,1,0,NONE
TXN_006196,U_LEGIT_1526,199.87,665,D_LEGIT_1244,IP_SHARED_BENIGN_09,C_LEGIT_0735,M_099,0,5,0,1,2,0,NONE
TXN_007997,U_LEGIT_0078,102.66,366,D_LEGIT_1691,IP_SHARED_BENIGN_01,C_LEGIT_2325,M_107,1,1,0,1,2,0,NONE
TXN_001824,U_LEGIT_1043,94.33,610,D_LEGIT_1490,IP_LEGIT_1522,C_LEGIT_2590,M_147,0,4,0,1,2,0,NONE
TXN_007064,U_LEGIT_0614,102.24,671,D_SHARED_BENIGN_09,IP_LEGIT_0729,C_LEGIT_1832,M_068,0,3,0,1,2,0,NONE
TXN_003981,U_LEGIT_0589,52.22,401,D_LEGIT_0525,IP_LEGIT_1934,C_LEGIT_1787,M_087,0,3,0,1,1,0,NONE
TXN_000967,U_LEGIT_0718,37.13,1031,D_LEGIT_1185,IP_LEGIT_0250,C_LEGIT_0668,M_054,0,3,0,1,2,0,NONE
TXN_002326,U_LEGIT_0490,164.2,898,D_LEGIT_0003,IP_LEGIT_1773,C_LEGIT_2019,M_020,0,4,0,2,1,0,NONE
TXN_000678,U_LEGIT_1731,183.87,608,D_LEGIT_0714,IP_LEGIT_0801,C_LEGIT_0295,M_136,0,2,0,2,1,0,NONE
TXN_003524,U_LEGIT_1366,215.79,146,D_LEGIT_1371,IP_LEGIT_0061,C_LEGIT_2532,M_025,0,4,0,2,1,0,NONE
TXN_008570,U_LEGIT_1484,37.68,1163,D_SHARED_BENIGN_07,IP_LEGIT_0375,C_LEGIT_0982,M_080,0,1,0,1,1,0,NONE
TXN_000762,U_LEGIT_1723,215.23,284,D_LEGIT_1592,IP_LEGIT_0781,C_LEGIT_0469,M_051,0,4,0,2,1,0,NONE
TXN_002261,U_LEGIT_2297,22.85,567,D_LEGIT_0980,IP_LEGIT_1381,C_LEGIT_0894,M_019,0,4,0,2,1,0,NONE
TXN_000526,U_LEGIT_1286,104.05,317,D_LEGIT_1776,IP_SHARED_BENIGN_07,C_LEGIT_1489,M_024,0,5,0,1,1,0,NONE
TXN_005311,U_LEGIT_0414,168.59,281,D_LEGIT_1873,IP_LEGIT_1650,C_LEGIT_2001,M_138,0,2,0,1,2,0,NONE
TXN_002306,U_LEGIT_2271,193.12,313,D_LEGIT_1569,IP_SHARED_BENIGN_03,C_LEGIT_0919,M_023,1,4,0,1,2,0,NONE
TXN_004616,U_LEGIT_1378,129.28,643,D_LEGIT_0727,IP_LEGIT_1029,C_LEGIT_0108,M_124,0,4,0,2,2,0,NONE
TXN_005485,U_LEGIT_1852,99.43,534,D_LEGIT_1068,IP_LEGIT_0511,C_LEGIT_0998,M_092,0,2,0,1,1,0,NONE
TXN_008835,U_LEGIT_0739,221.9,989,D_LEGIT_1947,IP_LEGIT_0936,C_LEGIT_0546,M_111,0,3,0,2,1,0,NONE
TXN_003873,U_LEGIT_1773,204.68,548,D_LEGIT_0223,IP_SHARED_BENIGN_08,C_LEGIT_0081,M_040,1,5,0,1,1,0,NONE
TXN_007234,U_LEGIT_1605,179.03,1057,D_LEGIT_0455,IP_LEGIT_0830,C_LEGIT_2260,M_082,0,5,0,1,1,0,NONE
TXN_001318,U_LEGIT_1354,116.16,1024,D_LEGIT_0052,IP_LEGIT_1629,C_LEGIT_0478,M_013,0,1,0,1,1,0,NONE
TXN_007907,U_LEGIT_1372,123.16,416,D_LEGIT_1906,IP_LEGIT_0330,C_LEGIT_1357,M_013,0,5,0,1,2,0,NONE
TXN_008748,U_LEGIT_0244,29.35,1184,D_LEGIT_0274,IP_LEGIT_0938,C_LEGIT_1570,M_066,0,1,0,1,2,0,NONE
TXN_007653,U_LEGIT_1841,88.5,1124,D_LEGIT_0757,IP_LEGIT_0475,C_LEGIT_0416,M_110,1,3,0,1,1,0,NONE
TXN_008974,U_LEGIT_0827,51.94,1046,D_LEGIT_0555,IP_LEGIT_1859,C_LEGIT_2674,M_025,0,1,0,1,2,0,NONE
TXN_004038,U_LEGIT_1377,126.22,932,D_LEGIT_0547,IP_LEGIT_1710,C_LEGIT_2531,M_101,0,5,0,1,1,0,NONE
TXN_004323,U_LEGIT_1763,162.42,588,D_LEGIT_0617,IP_LEGIT_0336,C_LEGIT_1289,M_105,0,2,0,1,1,0,NONE
TXN_007932,U_LEGIT_0097,57.72,532,D_LEGIT_1113,IP_LEGIT_0112,C_LEGIT_2054,M_109,0,3,0,1,2,0,NONE
TXN_008120,U_LEGIT_1350,127.8,650,D_LEGIT_1743,IP_LEGIT_1105,C_LEGIT_0282,M_075,0,4,0,1,1,0,NONE
TXN_004030,U_LEGIT_1671,26.94,291,D_LEGIT_1583,IP_LEGIT_0431,C_LEGIT_0329,M_001,0,2,0,2,1,0,NONE
TXN_001621,U_LEGIT_1660,248.3,402,D_LEGIT_1774,IP_LEGIT_0712,C_LEGIT_0403,M_026,0,3,0,1,1,0,NONE
TXN_004491,U_LEGIT_0967,180.75,1100,D_SHARED_BENIGN_10,IP_LEGIT_1034,C_LEGIT_2374,M_088,2,2,0,1,1,0,NONE
TXN_000284,U_LEGIT_0475,87.54,926,D_SHARED_BENIGN_01,IP_SHARED_BENIGN_03,C_LEGIT_2718,M_044,1,3,0,1,1,0,NONE
TXN_007808,U_LEGIT_1642,248.6,916,D_LEGIT_1440,IP_LEGIT_1339,C_LEGIT_1290,M_041,0,1,0,2,2,0,NONE
TXN_004272,U_LEGIT_1341,145.65,329,D_SHARED_BENIGN_10,IP_LEGIT_1048,C_LEGIT_0200,M_027,0,4,0,1,1,0,NONE
TXN_006812,U_LEGIT_1274,240.25,342,D_LEGIT_0078,IP_SHARED_BENIGN_03,C_LEGIT_0127,M_054,0,5,0,1,2,0,NONE
TXN_007923,U_LEGIT_2207,100.45,1033,D_LEGIT_1370,IP_LEGIT_0943,C_LEGIT_0277,M_025,0,2,0,1,2,0,NONE
TXN_005769,U_LEGIT_0637,28.51,48,D_LEGIT_1582,IP_LEGIT_0548,C_LEGIT_2913,M_009,2,1,0,1,1,0,NONE
TXN_002779,U_LEGIT_1114,172.6,767,D_LEGIT_1238,IP_LEGIT_0522,C_LEGIT_0078,M_063,0,4,0,1,2,0,NONE
TXN_001993,U_LEGIT_0595,215.88,326,D_LEGIT_1671,IP_LEGIT_0610,C_LEGIT_1501,M_012,0,2,0,1,1,0,NONE
TXN_007825,U_LEGIT_1445,123.69,403,D_LEGIT_1270,IP_LEGIT_0896,C_LEGIT_1251,M_082,0,2,0,1,1,0,NONE
TXN_003746,U_LEGIT_1747,241.06,162,D_LEGIT_1377,IP_LEGIT_0462,C_LEGIT_0269,M_113,1,4,0,1,1,0,NONE
TXN_002591,U_LEGIT_0336,148.77,415,D_LEGIT_0858,IP_LEGIT_1675,C_LEGIT_0230,M_114,0,1,0,1,1,0,NONE
TXN_000551,U_LEGIT_1952,156.56,919,D_LEGIT_1230,IP_LEGIT_1550,C_LEGIT_1731,M_095,0,1,0,1,2,0,NONE
TXN_008227,U_LEGIT_0956,182.87,718,D_LEGIT_1189,IP_LEGIT_0109,C_LEGIT_1099,M_103,0,4,0,2,1,0,NONE
TXN_009808,U_BURST_015,315.19,1,D_BURST_009,IP_BURST_SUBNET_01,C_BURST_019,M_091,10,28,4,2,3,1,ACCOUNT_BURST
TXN_003238,U_LEGIT_0927,171.2,394,D_LEGIT_1715,IP_LEGIT_0087,C_LEGIT_2324,M_039,1,5,0,1,1,0,NONE
TXN_008823,U_LEGIT_2271,160.71,1033,D_LEGIT_0373,IP_LEGIT_1666,C_LEGIT_1956,M_107,0,4,1,1,1,0,NONE
TXN_001401,U_LEGIT_1803,239.32,1038,D_LEGIT_1265,IP_LEGIT_0898,C_LEGIT_1158,M_012,0,4,0,1,2,0,NONE
TXN_006940,U_LEGIT_0675,92.71,978,D_SHARED_BENIGN_05,IP_SHARED_BENIGN_09,C_LEGIT_0811,M_080,0,5,0,1,1,0,NONE
TXN_000812,U_LEGIT_0001,33.07,80,D_LEGIT_1803,IP_LEGIT_0199,C_LEGIT_1013,M_053,0,4,0,1,1,0,NONE
TXN_000758,U_LEGIT_0896,60.31,459,D_LEGIT_0385,IP_LEGIT_1119,C_LEGIT_0681,M_097,1,5,0,1,1,0,NONE
TXN_008619,U_LEGIT_0058,173.97,522,D_LEGIT_0237,IP_LEGIT_1742,C_LEGIT_1659,M_033,0,5,0,1,1,0,NONE
TXN_001419,U_LEGIT_0707,167.08,1082,D_LEGIT_0566,IP_LEGIT_1807,C_LEGIT_1274,M_014,0,4,0,1,1,0,NONE
TXN_002094,U_LEGIT_1054,87.98,833,D_LEGIT_1300,IP_LEGIT_1493,C_LEGIT_2394,M_130,1,3,0,1,2,0,NONE
TXN_005416,U_LEGIT_0154,28.71,817,D_LEGIT_0836,IP_LEGIT_1143,C_LEGIT_2704,M_074,0,5,0,1,1,0,NONE
TXN_008442,U_LEGIT_1677,130.1,1029,D_LEGIT_0128,IP_LEGIT_0085,C_LEGIT_0285,M_078,1,3,0,1,1,0,NONE
TXN_006798,U_LEGIT_0770,228.28,1140,D_LEGIT_1782,IP_SHARED_BENIGN_08,C_LEGIT_1164,M_049,0,5,0,1,1,0,NONE
TXN_006158,U_LEGIT_0133,223.77,555,D_LEGIT_1321,IP_SHARED_BENIGN_01,C_LEGIT_0465,M_027,0,3,0,2,1,0,NONE
TXN_000916,U_LEGIT_0199,20.12,786,D_LEGIT_0082,IP_LEGIT_1003,C_LEGIT_1886,M_094,0,3,0,1,1,0,NONE
TXN_009921,U_DIST_009,64.14,23,D_DIST_013,IP_DIST_PROXY_04,C_DIST_031,M_TARGET_HIGHVAL_99,3,18,0,1,1,1,DISTRIBUTED_ABUSE
TXN_003344,U_LEGIT_2080,58.68,1029,D_LEGIT_1144,IP_LEGIT_0587,C_LEGIT_1070,M_070,0,1,0,1,2,0,NONE
TXN_005071,U_LEGIT_0105,49.95,579,D_LEGIT_0023,IP_LEGIT_0236,C_LEGIT_2382,M_007,0,4,1,1,2,0,NONE
TXN_005979,U_LEGIT_0437,113.0,154,D_LEGIT_0459,IP_LEGIT_0201,C_LEGIT_0163,M_018,0,1,0,2,1,0,NONE
TXN_009052,U_INDIV_0111,1789.99,4,D_INDIV_0181,IP_INDIV_0253,C_INDIV_0350,M_004,7,27,8,6,3,1,INDIVIDUAL_FRAUD
TXN_000007,U_LEGIT_2045,67.68,1179,D_LEGIT_1873,IP_LEGIT_0293,C_LEGIT_1085,M_036,0,5,0,2,1,0,NONE
TXN_006322,U_LEGIT_2127,128.86,992,D_SHARED_BENIGN_09,IP_LEGIT_0928,C_LEGIT_2154,M_098,0,1,0,1,1,0,NONE
TXN_003312,U_LEGIT_0051,70.28,711,D_LEGIT_1936,IP_SHARED_BENIGN_08,C_LEGIT_0266,M_084,0,3,0,1,1,0,NONE
TXN_008270,U_LEGIT_2221,191.13,598,D_LEGIT_0310,IP_LEGIT_0125,C_LEGIT_0836,M_127,1,1,0,2,1,0,NONE
TXN_009162,U_INDIV_0159,874.27,1,D_INDIV_0323,IP_INDIV_0202,C_INDIV_0132,M_051,8,47,3,6,7,1,INDIVIDUAL_FRAUD
TXN_000163,U_LEGIT_0486,210.03,76,D_LEGIT_1101,IP_LEGIT_0261,C_LEGIT_2982,M_058,2,4,0,2,2,0,NONE
TXN_007881,U_LEGIT_0782,180.27,675,D_LEGIT_1941,IP_LEGIT_1461,C_LEGIT_1797,M_121,0,1,0,1,1,0,NONE
TXN_009841,U_BURST_004,1318.6,0,D_BURST_011,IP_BURST_SUBNET_01,C_BURST_014,M_045,25,29,2,1,2,1,ACCOUNT_BURST
TXN_007861,U_LEGIT_0284,28.36,52,D_LEGIT_0672,IP_LEGIT_1949,C_LEGIT_2359,M_140,0,4,0,1,1,0,NONE
TXN_008800,U_LEGIT_1513,52.46,927,D_LEGIT_1834,IP_LEGIT_0329,C_LEGIT_0537,M_060,0,3,0,1,1,0,NONE
TXN_001186,U_LEGIT_0057,81.37,489,D_LEGIT_1562,IP_LEGIT_1202,C_LEGIT_1862,M_090,0,3,0,2,1,0,NONE
TXN_009474,U_INDIV_0055,2228.21,6,D_INDIV_0141,IP_INDIV_0390,C_INDIV_0017,M_012,14,23,9,5,8,1,INDIVIDUAL_FRAUD
TXN_004505,U_LEGIT_0303,65.77,469,D_SHARED_BENIGN_08,IP_LEGIT_0031,C_LEGIT_0116,M_037,0,2,0,1,2,0,NONE
TXN_005038,U_LEGIT_1077,35.03,77,D_LEGIT_0013,IP_LEGIT_1877,C_LEGIT_2341,M_063,0,3,0,1,1,0,NONE
TXN_001818,U_LEGIT_2388,20.93,321,D_LEGIT_1799,IP_LEGIT_1266,C_LEGIT_1829,M_138,0,3,0,1,1,0,NONE
TXN_007112,U_LEGIT_1650,9.98,1014,D_LEGIT_1597,IP_LEGIT_0017,C_LEGIT_1774,M_059,0,2,0,1,2,0,NONE
TXN_000652,U_LEGIT_1737,73.79,1015,D_LEGIT_0510,IP_LEGIT_1181,C_LEGIT_1837,M_052,0,3,0,1,2,0,NONE
TXN_003127,U_LEGIT_0394,233.39,625,D_LEGIT_0437,IP_LEGIT_1902,C_LEGIT_2676,M_027,0,2,0,1,2,0,NONE
TXN_009804,U_BURST_004,300.58,1,D_BURST_002,IP_BURST_SUBNET_02,C_BURST_030,M_133,16,18,3,2,2,1,ACCOUNT_BURST
TXN_006078,U_LEGIT_0472,197.56,431,D_SHARED_BENIGN_03,IP_LEGIT_1471,C_LEGIT_0071,M_028,0,1,0,1,1,0,NONE
TXN_004598,U_LEGIT_0348,244.37,1128,D_LEGIT_0033,IP_LEGIT_0170,C_LEGIT_0654,M_136,1,4,0,1,2,0,NONE
TXN_005559,U_LEGIT_2288,106.39,691,D_LEGIT_0909,IP_LEGIT_0294,C_LEGIT_0868,M_149,0,4,0,1,1,0,NONE
TXN_000852,U_LEGIT_1286,161.1,435,D_LEGIT_0837,IP_LEGIT_0304,C_LEGIT_2360,M_127,1,4,0,1,2,0,NONE
TXN_009264,U_INDIV_0069,1884.62,3,D_INDIV_0057,IP_INDIV_0097,C_INDIV_0360,M_122,13,34,4,6,7,1,INDIVIDUAL_FRAUD
TXN_008269,U_LEGIT_2350,21.28,861,D_SHARED_BENIGN_09,IP_LEGIT_1135,C_LEGIT_0733,M_090,0,5,0,2,2,0,NONE
TXN_002409,U_LEGIT_0079,53.69,1000,D_LEGIT_1672,IP_LEGIT_0516,C_LEGIT_2302,M_070,0,1,0,2,1,0,NONE
TXN_001432,U_LEGIT_1670,167.24,1199,D_LEGIT_0492,IP_LEGIT_1859,C_LEGIT_2914,M_022,0,3,0,1,1,0,NONE
TXN_005793,U_LEGIT_0436,129.71,439,D_LEGIT_1408,IP_SHARED_BENIGN_02,C_LEGIT_0318,M_054,0,3,0,2,1,0,NONE
TXN_006730,U_LEGIT_1916,182.31,330,D_LEGIT_0904,IP_LEGIT_0767,C_LEGIT_0272,M_073,0,3,0,2,1,0,NONE
TXN_004841,U_LEGIT_1862,185.91,375,D_LEGIT_1029,IP_LEGIT_1221,C_LEGIT_2667,M_016,0,2,0,2,1,0,NONE
TXN_001980,U_LEGIT_1899,49.68,431,D_LEGIT_1685,IP_SHARED_BENIGN_08,C_LEGIT_0808,M_072,0,4,0,2,1,0,NONE
TXN_009473,U_INDIV_0079,1372.09,5,D_INDIV_0286,IP_INDIV_0078,C_INDIV_0353,M_054,12,25,5,5,8,1,INDIVIDUAL_FRAUD
TXN_002390,U_LEGIT_1049,117.82,344,D_LEGIT_0973,IP_LEGIT_0707,C_LEGIT_0238,M_127,0,4,0,1,2,0,NONE
TXN_005715,U_LEGIT_1177,169.96,958,D_SHARED_BENIGN_05,IP_LEGIT_1522,C_LEGIT_2576,M_098,0,1,0,2,2,0,NONE
TXN_002177,U_LEGIT_2366,191.98,1139,D_LEGIT_0616,IP_LEGIT_0018,C_LEGIT_0961,M_050,0,1,0,1,1,0,NONE
TXN_006151,U_LEGIT_0944,175.2,404,D_LEGIT_1013,IP_LEGIT_1229,C_LEGIT_2620,M_123,2,5,0,1,1,0,NONE
TXN_005342,U_LEGIT_1012,16.88,442,D_LEGIT_1116,IP_LEGIT_0199,C_LEGIT_1932,M_017,0,1,0,1,2,0,NONE
TXN_002819,U_LEGIT_0313,226.79,518,D_SHARED_BENIGN_09,IP_SHARED_BENIGN_05,C_LEGIT_1657,M_077,0,5,0,2,1,0,NONE
TXN_004821,U_LEGIT_0977,14.92,907,D_LEGIT_0750,IP_LEGIT_1407,C_LEGIT_0966,M_117,0,2,0,1,1,0,NONE
TXN_001998,U_LEGIT_0402,115.12,973,D_LEGIT_0505,IP_LEGIT_1843,C_LEGIT_0310,M_083,0,4,0,1,1,0,NONE
TXN_003728,U_LEGIT_2412,204.4,1022,D_LEGIT_0688,IP_LEGIT_0052,C_LEGIT_0203,M_048,2,1,0,2,1,0,NONE
TXN_004577,U_LEGIT_1941,19.74,700,D_LEGIT_1435,IP_LEGIT_0234,C_LEGIT_1895,M_071,0,2,0,1,1,0,NONE
TXN_005728,U_LEGIT_1810,123.83,510,D_LEGIT_1586,IP_LEGIT_0788,C_LEGIT_2927,M_018,0,2,0,1,1,0,NONE
TXN_008246,U_LEGIT_2493,214.21,126,D_LEGIT_0582,IP_LEGIT_0468,C_LEGIT_0789,M_098,1,2,0,1,1,0,NONE
TXN_000107,U_LEGIT_2147,106.92,722,D_LEGIT_0326,IP_LEGIT_1880,C_LEGIT_1159,M_100,0,1,0,1,1,0,NONE
TXN_004666,U_LEGIT_2371,137.69,552,D_SHARED_BENIGN_04,IP_LEGIT_1715,C_LEGIT_2365,M_061,0,3,0,1,1,0,NONE
TXN_008119,U_LEGIT_2346,229.54,875,D_LEGIT_1409,IP_LEGIT_1787,C_LEGIT_0423,M_142,0,4,0,1,1,0,NONE
TXN_006528,U_LEGIT_2122,35.14,697,D_LEGIT_0807,IP_LEGIT_1834,C_LEGIT_0615,M_113,0,5,0,1,2,0,NONE
TXN_003902,U_LEGIT_0504,92.96,1034,D_LEGIT_0195,IP_LEGIT_0240,C_LEGIT_0257,M_114,0,2,0,1,2,0,NONE
TXN_001408,U_LEGIT_1609,87.4,476,D_LEGIT_0773,IP_LEGIT_1734,C_LEGIT_0644,M_086,0,3,0,1,2,0,NONE
TXN_007796,U_LEGIT_0934,212.42,1107,D_LEGIT_0747,IP_LEGIT_0217,C_LEGIT_1212,M_018,0,3,0,2,1,0,NONE
TXN_009887,U_DIST_017,45.52,3,D_DIST_010,IP_DIST_PROXY_01,C_DIST_019,M_TARGET_HIGHVAL_99,7,16,2,1,1,1,DISTRIBUTED_ABUSE
TXN_002422,U_LEGIT_0020,90.43,383,D_SHARED_BENIGN_09,IP_LEGIT_0248,C_LEGIT_2591,M_038,0,1,0,1,1,0,NONE
TXN_007270,U_LEGIT_1476,207.28,1058,D_LEGIT_1656,IP_LEGIT_1015,C_LEGIT_1967,M_064,0,1,0,1,2,0,NONE
TXN_002356,U_LEGIT_0572,100.26,114,D_SHARED_BENIGN_03,IP_LEGIT_1072,C_LEGIT_2888,M_139,1,3,0,1,2,0,NONE
TXN_002609,U_LEGIT_2008,117.17,518,D_LEGIT_0537,IP_LEGIT_1934,C_LEGIT_1156,M_128,0,5,0,1,1,0,NONE
TXN_008821,U_LEGIT_0208,194.95,902,D_LEGIT_0558,IP_LEGIT_1845,C_LEGIT_1949,M_094,0,4,0,2,1,0,NONE
TXN_008872,U_LEGIT_2466,201.84,964,D_LEGIT_1546,IP_LEGIT_0621,C_LEGIT_1176,M_080,0,3,0,1,1,0,NONE
TXN_002167,U_LEGIT_1542,170.16,204,D_LEGIT_0960,IP_LEGIT_1801,C_LEGIT_1819,M_018,0,4,0,1,1,0,NONE
TXN_006822,U_LEGIT_0770,106.65,1099,D_LEGIT_0016,IP_LEGIT_0552,C_LEGIT_2680,M_008,0,4,0,1,2,0,NONE
TXN_007074,U_LEGIT_1688,139.68,683,D_LEGIT_1098,IP_LEGIT_1814,C_LEGIT_0108,M_051,0,3,0,2,2,0,NONE
TXN_000400,U_LEGIT_1752,103.38,1128,D_LEGIT_0086,IP_LEGIT_1689,C_LEGIT_1559,M_081,0,1,0,2,2,0,NONE
TXN_005526,U_LEGIT_0041,11.44,252,D_SHARED_BENIGN_06,IP_LEGIT_1928,C_LEGIT_2706,M_094,0,4,0,1,1,0,NONE
TXN_009076,U_INDIV_0158,2197.58,6,D_INDIV_0288,IP_INDIV_0070,C_INDIV_0066,M_017,13,26,6,4,8,1,INDIVIDUAL_FRAUD
TXN_008151,U_LEGIT_0398,90.45,889,D_LEGIT_0578,IP_LEGIT_0370,C_LEGIT_0737,M_016,0,1,0,1,1,0,NONE
TXN_006641,U_LEGIT_1366,21.56,909,D_LEGIT_0903,IP_LEGIT_0386,C_LEGIT_0357,M_115,0,5,0,2,2,0,NONE
TXN_006460,U_LEGIT_0606,164.76,1075,D_LEGIT_1044,IP_LEGIT_1026,C_LEGIT_2106,M_094,0,1,0,1,1,0,NONE
TXN_007426,U_LEGIT_0418,133.47,797,D_LEGIT_1783,IP_LEGIT_1516,C_LEGIT_0901,M_068,0,3,0,1,2,0,NONE
TXN_002378,U_LEGIT_0166,120.1,82,D_LEGIT_1362,IP_LEGIT_1292,C_LEGIT_1580,M_068,0,5,0,1,1,0,NONE
TXN_008802,U_LEGIT_0181,141.09,858,D_LEGIT_0043,IP_LEGIT_1375,C_LEGIT_0063,M_028,1,2,0,1,1,0,NONE
TXN_001413,U_LEGIT_2317,83.43,839,D_LEGIT_0180,IP_LEGIT_1510,C_LEGIT_2432,M_109,0,2,0,1,1,0,NONE
TXN_007227,U_LEGIT_1286,28.73,1158,D_LEGIT_0147,IP_LEGIT_1947,C_LEGIT_2684,M_120,0,4,0,1,1,0,NONE
TXN_009942,U_DIST_023,73.16,7,D_DIST_013,IP_DIST_PROXY_02,C_DIST_020,M_TARGET_HIGHVAL_99,8,9,2,2,2,1,DISTRIBUTED_ABUSE
TXN_001883,U_LEGIT_2278,135.29,763,D_LEGIT_0027,IP_LEGIT_0965,C_LEGIT_1339,M_040,2,5,0,1,1,0,NONE
TXN_000286,U_LEGIT_0425,51.87,807,D_LEGIT_1210,IP_LEGIT_1166,C_LEGIT_2779,M_113,0,5,0,1,2,0,NONE
TXN_004694,U_LEGIT_0809,130.45,693,D_LEGIT_1318,IP_LEGIT_1761,C_LEGIT_1122,M_084,0,2,1,2,1,0,NONE
TXN_007249,U_LEGIT_0387,67.66,811,D_LEGIT_1963,IP_LEGIT_0193,C_LEGIT_2148,M_138,0,5,0,1,1,0,NONE
TXN_007622,U_LEGIT_1728,178.31,896,D_LEGIT_0619,IP_LEGIT_0132,C_LEGIT_0754,M_031,1,5,0,1,2,0,NONE
TXN_004253,U_LEGIT_0914,145.17,148,D_SHARED_BENIGN_08,IP_LEGIT_0048,C_LEGIT_0003,M_024,1,1,0,2,1,0,NONE
TXN_004008,U_LEGIT_0700,192.8,185,D_LEGIT_0465,IP_LEGIT_1821,C_LEGIT_0452,M_124,0,4,0,1,1,0,NONE
TXN_005173,U_LEGIT_0690,247.75,647,D_LEGIT_1752,IP_LEGIT_0431,C_LEGIT_0372,M_057,0,4,0,1,1,0,NONE
TXN_002130,U_LEGIT_0503,26.84,742,D_LEGIT_0392,IP_LEGIT_0796,C_LEGIT_0413,M_005,0,1,0,1,1,0,NONE
TXN_008634,U_LEGIT_0615,228.15,1187,D_LEGIT_1670,IP_LEGIT_1489,C_LEGIT_0197,M_099,0,3,0,2,1,0,NONE
TXN_001200,U_LEGIT_0645,110.82,941,D_LEGIT_1218,IP_LEGIT_1162,C_LEGIT_0884,M_115,0,3,0,1,1,0,NONE
TXN_003544,U_LEGIT_1138,17.13,380,D_SHARED_BENIGN_07,IP_LEGIT_1214,C_LEGIT_2242,M_127,0,1,0,1,1,0,NONE
TXN_009926,U_DIST_011,65.0,17,D_DIST_003,IP_DIST_PROXY_02,C_DIST_001,M_TARGET_HIGHVAL_99,8,13,0,2,2,1,DISTRIBUTED_ABUSE
TXN_006545,U_LEGIT_0366,164.29,294,D_SHARED_BENIGN_01,IP_LEGIT_1516,C_LEGIT_2126,M_097,0,1,0,1,1,0,NONE
TXN_005473,U_LEGIT_1452,232.18,1174,D_LEGIT_0541,IP_LEGIT_0105,C_LEGIT_0228,M_107,0,2,0,1,1,0,NONE
TXN_001822,U_LEGIT_0560,163.49,494,D_LEGIT_0182,IP_LEGIT_0755,C_LEGIT_2889,M_078,0,3,0,1,1,0,NONE
TXN_007709,U_LEGIT_2264,110.04,119,D_SHARED_BENIGN_05,IP_LEGIT_1727,C_LEGIT_0485,M_098,0,4,0,1,1,0,NONE
TXN_008561,U_LEGIT_2176,129.51,34,D_LEGIT_0628,IP_LEGIT_1623,C_LEGIT_1278,M_063,0,4,1,2,1,0,NONE
TXN_005489,U_LEGIT_0746,33.14,562,D_LEGIT_1338,IP_LEGIT_1387,C_LEGIT_1829,M_049,0,5,0,1,2,0,NONE
TXN_005174,U_LEGIT_1383,139.67,731,D_LEGIT_1904,IP_LEGIT_1961,C_LEGIT_2415,M_061,0,2,0,1,1,0,NONE
TXN_000331,U_LEGIT_1436,31.65,304,D_LEGIT_1519,IP_LEGIT_1715,C_LEGIT_2854,M_148,0,2,0,1,1,0,NONE
TXN_003645,U_LEGIT_1869,152.63,142,D_LEGIT_1417,IP_LEGIT_1960,C_LEGIT_1293,M_039,2,1,0,1,1,0,NONE
TXN_007597,U_LEGIT_2371,47.88,659,D_LEGIT_1480,IP_LEGIT_0354,C_LEGIT_0304,M_067,0,4,0,2,1,0,NONE
TXN_009913,U_DIST_020,35.88,16,D_DIST_001,IP_DIST_PROXY_01,C_DIST_028,M_TARGET_HIGHVAL_99,7,7,0,1,2,1,DISTRIBUTED_ABUSE
TXN_000527,U_LEGIT_2034,209.42,828,D_LEGIT_0488,IP_LEGIT_1584,C_LEGIT_1284,M_085,0,2,0,1,1,0,NONE
TXN_007767,U_LEGIT_1093,25.11,469,D_LEGIT_0596,IP_LEGIT_1455,C_LEGIT_0733,M_087,0,5,0,1,2,0,NONE
TXN_007139,U_LEGIT_1815,139.48,626,D_LEGIT_1468,IP_LEGIT_0827,C_LEGIT_0929,M_140,0,4,0,1,1,0,NONE
TXN_004795,U_LEGIT_0171,232.32,488,D_LEGIT_0743,IP_LEGIT_1197,C_LEGIT_2453,M_102,0,1,0,1,1,0,NONE
TXN_006879,U_LEGIT_1941,140.11,524,D_LEGIT_1457,IP_LEGIT_1870,C_LEGIT_1879,M_003,0,2,0,1,2,0,NONE
TXN_002711,U_LEGIT_0049,19.39,1081,D_LEGIT_1629,IP_LEGIT_0250,C_LEGIT_0906,M_007,0,4,0,1,2,0,NONE
TXN_009559,U_FARM_002,289.58,5,D_FARM_HUB_02,IP_FARM_PROXY_01,C_FARM_003,M_041,10,57,4,1,2,1,DEVICE_FARM
TXN_000448,U_LEGIT_1827,157.89,146,D_LEGIT_1486,IP_LEGIT_0396,C_LEGIT_0140,M_007,1,2,0,1,1,0,NONE
TXN_006080,U_LEGIT_2098,52.26,197,D_LEGIT_0729,IP_LEGIT_1848,C_LEGIT_2344,M_023,0,3,0,2,1,0,NONE
TXN_002457,U_LEGIT_0460,130.07,160,D_LEGIT_0210,IP_LEGIT_0797,C_LEGIT_0132,M_061,0,5,0,1,1,0,NONE
TXN_007668,U_LEGIT_1452,167.7,823,D_LEGIT_0893,IP_SHARED_BENIGN_03,C_LEGIT_2207,M_146,0,2,0,1,2,0,NONE
TXN_009498,U_INDIV_0191,707.42,5,D_INDIV_0356,IP_INDIV_0104,C_INDIV_0392,M_009,8,23,9,5,5,1,INDIVIDUAL_FRAUD
TXN_003771,U_LEGIT_0115,83.82,1144,D_LEGIT_1967,IP_LEGIT_0707,C_LEGIT_1967,M_075,0,2,0,1,1,0,NONE
TXN_004687,U_LEGIT_0674,116.28,366,D_SHARED_BENIGN_01,IP_LEGIT_1979,C_LEGIT_1754,M_088,0,5,0,1,2,0,NONE
TXN_005104,U_LEGIT_1950,25.47,779,D_LEGIT_0350,IP_LEGIT_0126,C_LEGIT_2861,M_003,0,3,0,1,1,0,NONE
TXN_009638,U_CYCLE_019,621.65,3,D_CYCLE_024,IP_CYCLE_029,C_STOLEN_POOL_05,M_122,14,38,8,3,8,1,CARD_CYCLING
TXN_002258,U_LEGIT_0517,102.24,139,D_LEGIT_1746,IP_LEGIT_0675,C_LEGIT_0098,M_045,0,1,0,1,1,0,NONE
TXN_005468,U_LEGIT_0275,146.79,968,D_LEGIT_0557,IP_LEGIT_0747,C_LEGIT_2807,M_148,0,1,0,1,1,0,NONE
TXN_000311,U_LEGIT_1848,137.43,159,D_LEGIT_0887,IP_LEGIT_0798,C_LEGIT_2758,M_031,0,5,0,1,1,0,NONE
TXN_001707,U_LEGIT_1239,94.83,1188,D_LEGIT_1311,IP_LEGIT_0040,C_LEGIT_0463,M_073,0,4,0,2,1,0,NONE
TXN_006028,U_LEGIT_2216,158.69,161,D_LEGIT_0147,IP_LEGIT_1754,C_LEGIT_0371,M_064,0,4,0,1,1,0,NONE
TXN_004802,U_LEGIT_0522,244.74,538,D_LEGIT_1958,IP_LEGIT_1084,C_LEGIT_1286,M_099,0,4,0,1,1,0,NONE
TXN_000794,U_LEGIT_2443,186.86,518,D_LEGIT_0007,IP_SHARED_BENIGN_09,C_LEGIT_2870,M_123,0,1,0,1,2,0,NONE
TXN_005722,U_LEGIT_0124,248.01,1020,D_LEGIT_0021,IP_SHARED_BENIGN_06,C_LEGIT_1776,M_136,0,1,0,2,1,0,NONE
TXN_005620,U_LEGIT_2134,161.94,525,D_LEGIT_0250,IP_LEGIT_0091,C_LEGIT_0569,M_117,0,5,0,1,1,0,NONE
TXN_001326,U_LEGIT_2202,15.39,174,D_LEGIT_1204,IP_LEGIT_1901,C_LEGIT_2710,M_131,2,4,0,1,1,0,NONE
TXN_005459,U_LEGIT_1725,77.68,135,D_LEGIT_0597,IP_LEGIT_1815,C_LEGIT_0233,M_109,0,3,0,1,1,0,NONE
TXN_006085,U_LEGIT_1261,19.06,723,D_LEGIT_1512,IP_LEGIT_1759,C_LEGIT_1988,M_147,0,2,0,1,1,0,NONE
TXN_000600,U_LEGIT_2410,221.2,591,D_LEGIT_0134,IP_LEGIT_1912,C_LEGIT_2335,M_059,0,1,1,1,2,0,NONE
TXN_009721,U_CYCLE_021,690.33,1,D_CYCLE_011,IP_CYCLE_026,C_STOLEN_POOL_04,M_071,9,17,5,2,6,1,CARD_CYCLING
TXN_005373,U_LEGIT_2295,240.74,1115,D_SHARED_BENIGN_03,IP_SHARED_BENIGN_04,C_LEGIT_2320,M_006,0,1,0,2,1,0,NONE
TXN_007375,U_LEGIT_0725,41.81,829,D_LEGIT_1819,IP_LEGIT_1901,C_LEGIT_2616,M_026,0,4,0,1,1,0,NONE
TXN_007592,U_LEGIT_0971,237.04,429,D_LEGIT_0670,IP_LEGIT_0501,C_LEGIT_0612,M_114,0,1,0,1,1,0,NONE
TXN_007721,U_LEGIT_2390,231.08,56,D_LEGIT_1536,IP_SHARED_BENIGN_03,C_LEGIT_1881,M_140,0,5,0,1,1,0,NONE
TXN_002650,U_LEGIT_0450,128.49,731,D_LEGIT_1442,IP_LEGIT_0204,C_LEGIT_0107,M_106,0,2,1,2,1,0,NONE
TXN_006670,U_LEGIT_0624,78.74,77,D_LEGIT_0002,IP_LEGIT_0097,C_LEGIT_2837,M_104,1,2,0,1,2,0,NONE
TXN_001087,U_LEGIT_1869,138.87,686,D_LEGIT_1116,IP_LEGIT_1349,C_LEGIT_1521,M_142,0,3,0,2,1,0,NONE
TXN_007508,U_LEGIT_2141,84.65,111,D_LEGIT_1129,IP_LEGIT_0881,C_LEGIT_2958,M_008,1,1,0,1,1,0,NONE
TXN_006169,U_LEGIT_0203,236.81,221,D_LEGIT_0681,IP_LEGIT_0018,C_LEGIT_0693,M_125,1,2,0,1,1,0,NONE
TXN_001585,U_LEGIT_0704,17.98,1073,D_LEGIT_0224,IP_LEGIT_1666,C_LEGIT_1560,M_145,0,1,0,2,1,0,NONE
TXN_009694,U_CYCLE_001,348.24,6,D_CYCLE_027,IP_CYCLE_012,C_STOLEN_POOL_05,M_139,9,37,4,5,4,1,CARD_CYCLING
TXN_000655,U_LEGIT_0777,232.02,838,D_SHARED_BENIGN_09,IP_LEGIT_0767,C_LEGIT_2013,M_104,2,3,0,1,1,0,NONE
TXN_006138,U_LEGIT_0597,154.19,1171,D_LEGIT_1676,IP_LEGIT_1390,C_LEGIT_1506,M_147,0,2,0,2,1,0,NONE
TXN_007130,U_LEGIT_1441,9.39,423,D_LEGIT_1598,IP_LEGIT_0292,C_LEGIT_1080,M_113,0,2,0,1,1,0,NONE
TXN_009814,U_BURST_012,544.05,0,D_BURST_018,IP_BURST_SUBNET_02,C_BURST_018,M_103,17,29,2,1,1,1,ACCOUNT_BURST
TXN_005162,U_LEGIT_1006,86.13,383,D_LEGIT_1774,IP_LEGIT_0774,C_LEGIT_0823,M_075,0,3,0,1,1,0,NONE
TXN_000997,U_LEGIT_0371,56.92,1024,D_LEGIT_0641,IP_LEGIT_1310,C_LEGIT_0763,M_098,0,4,0,1,1,0,NONE
TXN_004917,U_LEGIT_1074,186.02,489,D_LEGIT_0371,IP_SHARED_BENIGN_03,C_LEGIT_2184,M_146,0,2,0,1,1,0,NONE
TXN_004562,U_LEGIT_0191,82.53,297,D_SHARED_BENIGN_03,IP_SHARED_BENIGN_04,C_LEGIT_2822,M_111,0,2,0,1,1,0,NONE
TXN_004041,U_LEGIT_0721,41.31,1175,D_LEGIT_1123,IP_LEGIT_0601,C_LEGIT_1396,M_087,0,4,0,1,2,0,NONE
TXN_006766,U_LEGIT_1908,99.89,289,D_LEGIT_0257,IP_LEGIT_1341,C_LEGIT_2230,M_005,0,1,0,1,1,0,NONE
TXN_006406,U_LEGIT_0027,141.94,765,D_LEGIT_0552,IP_LEGIT_0620,C_LEGIT_2175,M_021,0,4,0,1,2,0,NONE
TXN_005507,U_LEGIT_0871,113.03,530,D_LEGIT_0995,IP_LEGIT_1694,C_LEGIT_0174,M_145,0,4,0,1,1,0,NONE
TXN_004221,U_LEGIT_2116,31.72,354,D_LEGIT_0967,IP_LEGIT_1501,C_LEGIT_2499,M_144,0,3,0,1,2,0,NONE
TXN_009019,U_INDIV_0197,1471.36,1,D_INDIV_0348,IP_INDIV_0182,C_INDIV_0198,M_142,11,28,5,5,8,1,INDIVIDUAL_FRAUD
TXN_001042,U_LEGIT_1937,233.29,402,D_LEGIT_0350,IP_LEGIT_1201,C_LEGIT_2819,M_093,0,1,1,1,1,0,NONE
TXN_001060,U_LEGIT_2486,242.52,152,D_LEGIT_0887,IP_LEGIT_1745,C_LEGIT_0655,M_125,0,1,0,1,2,0,NONE
TXN_003889,U_LEGIT_0868,35.38,1146,D_SHARED_BENIGN_04,IP_LEGIT_0329,C_LEGIT_2248,M_019,0,4,0,1,2,0,NONE
TXN_009319,U_INDIV_0084,963.19,3,D_INDIV_0109,IP_INDIV_0317,C_INDIV_0384,M_084,17,25,3,4,7,1,INDIVIDUAL_FRAUD
TXN_005456,U_LEGIT_0043,95.94,424,D_LEGIT_1941,IP_LEGIT_1436,C_LEGIT_1268,M_019,0,1,0,1,1,0,NONE
TXN_002236,U_LEGIT_2054,185.54,804,D_LEGIT_1525,IP_LEGIT_0209,C_LEGIT_2377,M_033,1,5,0,1,2,0,NONE
TXN_008157,U_LEGIT_1671,247.92,622,D_LEGIT_1105,IP_LEGIT_0233,C_LEGIT_2226,M_005,0,2,1,1,1,0,NONE
TXN_001745,U_LEGIT_0970,80.6,72,D_LEGIT_0856,IP_LEGIT_0114,C_LEGIT_0778,M_120,0,5,0,2,2,0,NONE
TXN_002534,U_LEGIT_1679,88.86,993,D_SHARED_BENIGN_08,IP_SHARED_BENIGN_07,C_LEGIT_2163,M_121,0,1,0,1,1,0,NONE
TXN_005921,U_LEGIT_1935,112.32,52,D_LEGIT_1959,IP_LEGIT_0244,C_LEGIT_1308,M_045,0,5,0,1,1,0,NONE
TXN_008884,U_LEGIT_1064,91.52,485,D_SHARED_BENIGN_10,IP_LEGIT_0199,C_LEGIT_1408,M_060,0,3,0,1,2,0,NONE
TXN_005760,U_LEGIT_1057,41.6,1068,D_LEGIT_1856,IP_LEGIT_0761,C_LEGIT_1359,M_017,0,2,0,1,1,0,NONE
TXN_008824,U_LEGIT_1740,137.63,718,D_LEGIT_0152,IP_LEGIT_0061,C_LEGIT_1574,M_059,0,3,0,1,1,0,NONE
TXN_001039,U_LEGIT_0088,57.13,338,D_SHARED_BENIGN_01,IP_LEGIT_0185,C_LEGIT_1284,M_092,1,3,0,1,1,0,NONE
TXN_001460,U_LEGIT_0295,233.87,217,D_SHARED_BENIGN_06,IP_LEGIT_0557,C_LEGIT_0070,M_146,0,4,0,1,1,0,NONE
TXN_005810,U_LEGIT_1828,172.19,386,D_LEGIT_0761,IP_LEGIT_1039,C_LEGIT_1326,M_022,0,2,0,2,2,0,NONE
TXN_008907,U_LEGIT_2263,73.87,1071,D_LEGIT_1934,IP_LEGIT_0441,C_LEGIT_2442,M_034,0,1,1,1,1,0,NONE
TXN_004488,U_LEGIT_2237,140.81,69,D_LEGIT_1584,IP_LEGIT_0460,C_LEGIT_0359,M_062,0,2,0,1,1,0,NONE
TXN_003376,U_LEGIT_0238,200.22,1186,D_LEGIT_0160,IP_LEGIT_1814,C_LEGIT_1253,M_064,0,4,0,1,2,0,NONE
TXN_004549,U_LEGIT_1225,158.09,948,D_LEGIT_1843,IP_LEGIT_0703,C_LEGIT_0009,M_010,0,3,0,1,1,0,NONE
TXN_003520,U_LEGIT_1409,129.05,1150,D_LEGIT_1853,IP_LEGIT_0766,C_LEGIT_2607,M_108,0,5,0,1,1,0,NONE
TXN_001503,U_LEGIT_1511,25.26,870,D_LEGIT_1900,IP_LEGIT_1214,C_LEGIT_1171,M_030,0,2,0,1,2,0,NONE
TXN_007356,U_LEGIT_0036,155.38,783,D_LEGIT_1141,IP_LEGIT_1993,C_LEGIT_1849,M_030,0,3,0,1,1,0,NONE
TXN_007246,U_LEGIT_0557,218.64,1071,D_LEGIT_1890,IP_LEGIT_0903,C_LEGIT_2268,M_050,0,5,0,2,1,0,NONE
TXN_000606,U_LEGIT_1235,79.37,811,D_LEGIT_0885,IP_SHARED_BENIGN_01,C_LEGIT_2291,M_014,0,5,0,1,1,0,NONE
TXN_000235,U_LEGIT_0049,174.08,202,D_SHARED_BENIGN_04,IP_LEGIT_1687,C_LEGIT_1641,M_096,0,3,0,1,1,0,NONE
TXN_008221,U_LEGIT_2336,182.31,262,D_LEGIT_0159,IP_SHARED_BENIGN_09,C_LEGIT_2688,M_147,0,3,1,1,1,0,NONE
TXN_002053,U_LEGIT_1406,200.49,920,D_LEGIT_0278,IP_LEGIT_1535,C_LEGIT_1083,M_046,0,5,0,1,2,0,NONE
TXN_009211,U_INDIV_0085,1247.73,1,D_INDIV_0288,IP_INDIV_0147,C_INDIV_0063,M_146,18,38,8,3,6,1,INDIVIDUAL_FRAUD
TXN_009918,U_DIST_011,32.74,25,D_DIST_005,IP_DIST_PROXY_01,C_DIST_013,M_TARGET_HIGHVAL_99,6,17,1,2,1,1,DISTRIBUTED_ABUSE
TXN_006428,U_LEGIT_2298,67.61,127,D_LEGIT_1267,IP_LEGIT_1799,C_LEGIT_1531,M_034,0,1,0,1,2,0,NONE
TXN_005751,U_LEGIT_0461,12.67,294,D_LEGIT_1261,IP_LEGIT_1141,C_LEGIT_1615,M_110,0,2,0,1,1,0,NONE
TXN_004313,U_LEGIT_2172,50.27,462,D_LEGIT_1956,IP_LEGIT_0401,C_LEGIT_0132,M_081,0,4,0,1,1,0,NONE
TXN_001456,U_LEGIT_1523,217.21,531,D_LEGIT_1844,IP_LEGIT_1707,C_LEGIT_2603,M_123,0,1,0,1,2,0,NONE
TXN_003248,U_LEGIT_0428,211.16,856,D_SHARED_BENIGN_09,IP_LEGIT_1795,C_LEGIT_2688,M_106,0,2,0,1,2,0,NONE
TXN_005385,U_LEGIT_1623,142.15,138,D_LEGIT_0900,IP_LEGIT_0604,C_LEGIT_0767,M_055,0,5,0,1,1,0,NONE
TXN_007986,U_LEGIT_2007,167.6,610,D_LEGIT_0914,IP_LEGIT_1137,C_LEGIT_2907,M_019,0,3,0,1,2,0,NONE
TXN_002066,U_LEGIT_0992,166.44,895,D_LEGIT_1480,IP_LEGIT_0501,C_LEGIT_2152,M_086,0,3,0,1,1,0,NONE
TXN_002178,U_LEGIT_0322,44.32,73,D_LEGIT_0367,IP_LEGIT_0640,C_LEGIT_1387,M_021,0,2,0,1,1,0,NONE
TXN_007293,U_LEGIT_1111,217.58,1156,D_LEGIT_0281,IP_LEGIT_0531,C_LEGIT_1168,M_136,0,4,0,1,1,0,NONE
TXN_002182,U_LEGIT_0581,111.15,210,D_LEGIT_1411,IP_LEGIT_0815,C_LEGIT_2191,M_003,1,3,0,1,1,0,NONE
TXN_008930,U_LEGIT_1729,83.79,85,D_SHARED_BENIGN_05,IP_LEGIT_0077,C_LEGIT_1281,M_084,0,4,0,2,1,0,NONE
TXN_005883,U_LEGIT_2356,34.37,924,D_LEGIT_0141,IP_SHARED_BENIGN_06,C_LEGIT_0500,M_060,0,2,0,1,1,0,NONE
TXN_006525,U_LEGIT_1867,244.82,413,D_LEGIT_0325,IP_LEGIT_1356,C_LEGIT_2133,M_146,0,2,0,1,1,0,NONE
TXN_008686,U_LEGIT_0276,40.7,276,D_LEGIT_0567,IP_LEGIT_1050,C_LEGIT_0464,M_081,0,5,1,1,1,0,NONE
TXN_002416,U_LEGIT_1437,162.86,1019,D_LEGIT_1613,IP_LEGIT_1667,C_LEGIT_2220,M_052,0,5,0,1,2,0,NONE
TXN_002692,U_LEGIT_0380,211.86,547,D_LEGIT_0124,IP_LEGIT_1259,C_LEGIT_0912,M_037,0,4,0,2,1,0,NONE
TXN_001072,U_LEGIT_1476,104.94,157,D_LEGIT_0693,IP_SHARED_BENIGN_06,C_LEGIT_0285,M_127,0,4,0,1,1,0,NONE
TXN_007866,U_LEGIT_0576,237.47,985,D_LEGIT_0395,IP_LEGIT_1955,C_LEGIT_0604,M_113,0,4,0,1,1,0,NONE
TXN_001888,U_LEGIT_1180,141.25,388,D_LEGIT_0840,IP_LEGIT_0590,C_LEGIT_2576,M_033,0,5,0,1,1,0,NONE
TXN_001170,U_LEGIT_1587,53.52,1199,D_LEGIT_0756,IP_LEGIT_0086,C_LEGIT_0150,M_116,0,3,0,2,1,0,NONE
TXN_008759,U_LEGIT_0461,232.7,942,D_LEGIT_0895,IP_LEGIT_1985,C_LEGIT_1675,M_035,0,2,0,1,1,0,NONE
TXN_008782,U_LEGIT_0081,13.34,594,D_LEGIT_0370,IP_LEGIT_0541,C_LEGIT_0168,M_028,0,1,0,1,1,0,NONE
TXN_000174,U_LEGIT_2046,119.52,751,D_LEGIT_1933,IP_LEGIT_0528,C_LEGIT_2002,M_126,0,5,0,1,1,0,NONE
TXN_000501,U_LEGIT_0078,199.92,1081,D_LEGIT_1552,IP_LEGIT_0403,C_LEGIT_0442,M_009,0,4,0,1,1,0,NONE
TXN_009534,U_FARM_029,177.77,3,D_FARM_HUB_02,IP_FARM_PROXY_01,C_FARM_018,M_017,14,39,5,1,5,1,DEVICE_FARM
TXN_007416,U_LEGIT_0478,168.3,567,D_LEGIT_1084,IP_LEGIT_0933,C_LEGIT_2457,M_021,0,1,0,1,1,0,NONE
TXN_005440,U_LEGIT_0159,44.09,723,D_LEGIT_1105,IP_LEGIT_1469,C_LEGIT_1802,M_128,1,2,0,2,2,0,NONE
TXN_000780,U_LEGIT_0074,39.72,854,D_LEGIT_1754,IP_LEGIT_0010,C_LEGIT_1892,M_073,0,5,0,1,1,0,NONE
TXN_000120,U_LEGIT_1530,185.37,242,D_LEGIT_0034,IP_LEGIT_0139,C_LEGIT_1413,M_062,0,3,0,1,1,0,NONE
TXN_002308,U_LEGIT_1098,222.47,527,D_LEGIT_0154,IP_LEGIT_1623,C_LEGIT_2509,M_085,0,3,0,2,1,0,NONE
TXN_002570,U_LEGIT_2498,30.23,699,D_LEGIT_1625,IP_LEGIT_1441,C_LEGIT_1372,M_064,0,4,0,1,1,0,NONE
TXN_008932,U_LEGIT_1102,27.2,1136,D_LEGIT_1581,IP_LEGIT_1537,C_LEGIT_0086,M_128,0,1,0,2,2,0,NONE
TXN_002128,U_LEGIT_0008,161.33,226,D_LEGIT_0953,IP_LEGIT_0821,C_LEGIT_2429,M_114,0,4,0,2,1,0,NONE
TXN_005380,U_LEGIT_1018,224.32,310,D_LEGIT_0994,IP_LEGIT_1414,C_LEGIT_0011,M_048,1,1,0,1,2,0,NONE
TXN_004875,U_LEGIT_2238,165.27,1065,D_LEGIT_0036,IP_SHARED_BENIGN_07,C_LEGIT_0160,M_061,0,5,0,1,2,0,NONE
TXN_009525,U_FARM_008,141.6,3,D_FARM_HUB_01,IP_FARM_PROXY_01,C_FARM_039,M_115,13,51,7,1,3,1,DEVICE_FARM
TXN_000843,U_LEGIT_0204,84.79,1163,D_LEGIT_1341,IP_SHARED_BENIGN_09,C_LEGIT_1804,M_149,0,1,0,1,1,0,NONE
TXN_000065,U_LEGIT_1986,83.2,58,D_LEGIT_1994,IP_LEGIT_1637,C_LEGIT_0981,M_041,0,1,0,1,2,0,NONE
TXN_001962,U_LEGIT_1990,104.35,286,D_LEGIT_1414,IP_LEGIT_1043,C_LEGIT_2029,M_123,0,5,0,1,2,0,NONE
TXN_005482,U_LEGIT_0586,59.93,556,D_LEGIT_1709,IP_LEGIT_1159,C_LEGIT_1098,M_015,0,4,0,1,1,0,NONE
TXN_004007,U_LEGIT_1766,125.41,622,D_LEGIT_0224,IP_LEGIT_1837,C_LEGIT_0020,M_042,0,3,0,1,2,0,NONE
TXN_003262,U_LEGIT_1721,247.35,562,D_LEGIT_0556,IP_SHARED_BENIGN_01,C_LEGIT_0406,M_081,0,5,0,1,2,0,NONE
TXN_006137,U_LEGIT_0993,216.96,1120,D_LEGIT_0958,IP_LEGIT_1399,C_LEGIT_0087,M_068,0,3,0,2,2,0,NONE
TXN_006353,U_LEGIT_1566,48.28,259,D_LEGIT_0937,IP_LEGIT_0125,C_LEGIT_2578,M_007,0,5,0,1,1,0,NONE
TXN_002057,U_LEGIT_0854,227.39,1032,D_SHARED_BENIGN_05,IP_LEGIT_1032,C_LEGIT_1511,M_038,0,5,0,2,1,0,NONE
TXN_005940,U_LEGIT_0875,175.89,50,D_LEGIT_0695,IP_SHARED_BENIGN_09,C_LEGIT_0717,M_034,0,3,0,1,1,0,NONE
TXN_007992,U_LEGIT_0076,181.21,78,D_LEGIT_0506,IP_SHARED_BENIGN_08,C_LEGIT_0888,M_139,0,2,1,2,2,0,NONE
TXN_003624,U_LEGIT_0817,190.17,659,D_LEGIT_1148,IP_LEGIT_0624,C_LEGIT_2665,M_126,0,3,0,1,1,0,NONE
TXN_009325,U_INDIV_0014,2491.61,4,D_INDIV_0297,IP_INDIV_0362,C_INDIV_0119,M_059,8,45,3,3,5,1,INDIVIDUAL_FRAUD
TXN_000960,U_LEGIT_0067,127.07,713,D_LEGIT_0066,IP_LEGIT_1789,C_LEGIT_1340,M_138,0,1,0,1,1,0,NONE
TXN_004583,U_LEGIT_1555,110.88,636,D_LEGIT_0082,IP_LEGIT_0317,C_LEGIT_1937,M_132,0,4,0,1,2,0,NONE
TXN_008665,U_LEGIT_0994,154.35,1099,D_LEGIT_1020,IP_LEGIT_1771,C_LEGIT_0323,M_067,0,2,0,2,1,0,NONE
TXN_003301,U_LEGIT_2177,33.51,598,D_LEGIT_0268,IP_LEGIT_0977,C_LEGIT_1455,M_149,0,3,0,1,2,0,NONE
TXN_000463,U_LEGIT_1110,152.3,1053,D_LEGIT_0844,IP_LEGIT_0358,C_LEGIT_2501,M_010,0,1,0,1,1,0,NONE
TXN_008516,U_LEGIT_1556,28.81,1169,D_LEGIT_1371,IP_SHARED_BENIGN_01,C_LEGIT_1396,M_117,0,4,0,1,2,0,NONE
TXN_006573,U_LEGIT_1088,61.78,710,D_LEGIT_0484,IP_LEGIT_0991,C_LEGIT_0259,M_132,2,1,0,1,1,0,NONE
TXN_005498,U_LEGIT_1945,100.33,407,D_LEGIT_1435,IP_LEGIT_0060,C_LEGIT_2768,M_089,0,4,0,1,1,0,NONE
TXN_005531,U_LEGIT_1718,78.24,421,D_LEGIT_0985,IP_LEGIT_0696,C_LEGIT_0845,M_051,0,3,0,2,1,0,NONE
TXN_004317,U_LEGIT_0181,9.54,1079,D_LEGIT_1573,IP_LEGIT_1983,C_LEGIT_0428,M_067,1,5,0,1,1,0,NONE
TXN_003683,U_LEGIT_0813,232.14,381,D_LEGIT_0626,IP_LEGIT_1592,C_LEGIT_2149,M_123,0,1,0,1,1,0,NONE
TXN_005835,U_LEGIT_0343,18.57,1136,D_LEGIT_1770,IP_SHARED_BENIGN_06,C_LEGIT_0312,M_027,1,1,0,1,1,0,NONE
TXN_002338,U_LEGIT_1127,129.8,380,D_LEGIT_1254,IP_SHARED_BENIGN_01,C_LEGIT_0867,M_087,0,1,0,2,1,0,NONE
TXN_009353,U_INDIV_0092,2996.92,5,D_INDIV_0287,IP_INDIV_0062,C_INDIV_0009,M_140,18,48,5,7,4,1,INDIVIDUAL_FRAUD
TXN_002429,U_LEGIT_1953,82.37,301,D_LEGIT_0008,IP_LEGIT_1652,C_LEGIT_0166,M_050,0,1,0,1,2,0,NONE
TXN_003684,U_LEGIT_0312,166.21,529,D_LEGIT_0940,IP_LEGIT_0787,C_LEGIT_1288,M_028,0,2,0,1,2,0,NONE
TXN_002320,U_LEGIT_1172,199.01,1151,D_LEGIT_0664,IP_LEGIT_1109,C_LEGIT_2194,M_114,1,1,0,1,1,0,NONE
TXN_000757,U_LEGIT_2046,134.01,37,D_LEGIT_0233,IP_LEGIT_1381,C_LEGIT_1665,M_068,2,2,0,1,1,0,NONE
TXN_003273,U_LEGIT_1166,249.02,60,D_LEGIT_1005,IP_LEGIT_0540,C_LEGIT_0326,M_021,0,3,0,1,1,0,NONE
TXN_003373,U_LEGIT_0395,142.18,1163,D_LEGIT_0920,IP_LEGIT_0719,C_LEGIT_2251,M_069,0,2,0,1,2,0,NONE
TXN_002064,U_LEGIT_0093,152.42,748,D_LEGIT_0984,IP_LEGIT_0727,C_LEGIT_0330,M_079,0,1,0,2,1,0,NONE
TXN_005745,U_LEGIT_0824,63.28,792,D_LEGIT_0318,IP_SHARED_BENIGN_10,C_LEGIT_0699,M_143,0,2,0,1,1,0,NONE
TXN_000184,U_LEGIT_0761,201.13,180,D_LEGIT_1354,IP_LEGIT_1582,C_LEGIT_2534,M_076,0,2,0,1,2,0,NONE
TXN_007335,U_LEGIT_1968,78.78,1096,D_LEGIT_0899,IP_LEGIT_0413,C_LEGIT_0048,M_027,0,4,0,1,1,0,NONE
TXN_001081,U_LEGIT_0128,115.7,1193,D_LEGIT_1756,IP_SHARED_BENIGN_05,C_LEGIT_0001,M_078,1,1,0,1,1,0,NONE
TXN_003899,U_LEGIT_2318,100.03,292,D_LEGIT_1329,IP_SHARED_BENIGN_06,C_LEGIT_1803,M_140,2,4,0,1,1,0,NONE
TXN_001910,U_LEGIT_1960,161.09,448,D_LEGIT_1393,IP_LEGIT_0050,C_LEGIT_1583,M_123,0,2,0,2,1,0,NONE
TXN_007237,U_LEGIT_2255,134.04,1000,D_LEGIT_0114,IP_LEGIT_0205,C_LEGIT_0940,M_064,0,4,0,1,1,0,NONE
TXN_007738,U_LEGIT_0449,219.5,453,D_LEGIT_0179,IP_SHARED_BENIGN_10,C_LEGIT_0039,M_001,0,4,0,2,1,0,NONE
TXN_003463,U_LEGIT_2375,222.43,289,D_LEGIT_0066,IP_LEGIT_0071,C_LEGIT_1990,M_088,0,4,0,1,2,0,NONE
TXN_004281,U_LEGIT_1190,72.41,730,D_SHARED_BENIGN_02,IP_LEGIT_1461,C_LEGIT_0297,M_078,0,4,0,2,2,0,NONE
TXN_009313,U_INDIV_0176,488.91,6,D_INDIV_0189,IP_INDIV_0205,C_INDIV_0063,M_122,10,15,9,6,7,1,INDIVIDUAL_FRAUD
TXN_006566,U_LEGIT_1845,188.37,508,D_LEGIT_1818,IP_LEGIT_1571,C_LEGIT_1557,M_016,0,4,0,1,2,0,NONE
TXN_001252,U_LEGIT_2091,117.32,542,D_SHARED_BENIGN_02,IP_LEGIT_0584,C_LEGIT_0217,M_061,0,4,0,1,1,0,NONE
TXN_008260,U_LEGIT_0271,31.02,608,D_SHARED_BENIGN_02,IP_LEGIT_0958,C_LEGIT_1941,M_080,0,2,0,1,1,0,NONE
TXN_003109,U_LEGIT_0682,58.11,824,D_LEGIT_1658,IP_LEGIT_0112,C_LEGIT_2813,M_146,0,2,0,2,1,0,NONE
TXN_008617,U_LEGIT_1164,159.86,397,D_LEGIT_1835,IP_LEGIT_1027,C_LEGIT_2381,M_079,0,5,0,1,1,0,NONE
TXN_000937,U_LEGIT_0398,90.87,940,D_LEGIT_1421,IP_SHARED_BENIGN_08,C_LEGIT_1003,M_067,0,4,0,1,1,0,NONE
TXN_009300,U_INDIV_0152,1294.77,4,D_INDIV_0260,IP_INDIV_0135,C_INDIV_0144,M_035,17,24,9,6,5,1,INDIVIDUAL_FRAUD
TXN_008527,U_LEGIT_0135,223.52,760,D_SHARED_BENIGN_10,IP_LEGIT_0949,C_LEGIT_1956,M_118,0,3,0,1,2,0,NONE
TXN_004515,U_LEGIT_0310,143.91,481,D_LEGIT_1336,IP_LEGIT_0123,C_LEGIT_0410,M_008,0,4,0,1,2,0,NONE
TXN_007518,U_LEGIT_0587,103.37,680,D_LEGIT_1108,IP_LEGIT_0792,C_LEGIT_0057,M_009,0,4,0,1,1,0,NONE
TXN_000382,U_LEGIT_0154,92.2,919,D_LEGIT_1181,IP_LEGIT_1598,C_LEGIT_0230,M_086,0,1,0,1,1,0,NONE
TXN_000831,U_LEGIT_0794,62.96,1128,D_LEGIT_1881,IP_SHARED_BENIGN_04,C_LEGIT_0377,M_003,0,1,0,1,1,0,NONE
TXN_002924,U_LEGIT_1550,131.77,1109,D_LEGIT_1834,IP_LEGIT_0156,C_LEGIT_0427,M_001,0,1,0,2,1,0,NONE
TXN_001576,U_LEGIT_2100,38.91,302,D_LEGIT_1789,IP_LEGIT_0048,C_LEGIT_0764,M_140,0,2,1,1,1,0,NONE
TXN_002322,U_LEGIT_2062,11.18,1192,D_LEGIT_0282,IP_LEGIT_0555,C_LEGIT_2012,M_105,0,1,0,1,2,0,NONE
TXN_001794,U_LEGIT_2494,10.93,917,D_LEGIT_0570,IP_LEGIT_0436,C_LEGIT_1103,M_149,0,5,0,2,2,0,NONE
TXN_004761,U_LEGIT_1642,231.4,135,D_LEGIT_0285,IP_LEGIT_1058,C_LEGIT_0504,M_114,0,5,0,2,1,0,NONE
TXN_004104,U_LEGIT_0794,110.48,1109,D_SHARED_BENIGN_10,IP_SHARED_BENIGN_08,C_LEGIT_0229,M_100,1,2,0,1,1,0,NONE
TXN_008598,U_LEGIT_2287,78.52,450,D_LEGIT_1022,IP_LEGIT_0746,C_LEGIT_0296,M_085,0,2,0,1,1,0,NONE
TXN_007412,U_LEGIT_0994,187.58,614,D_LEGIT_1925,IP_LEGIT_0613,C_LEGIT_1495,M_025,0,4,0,1,1,0,NONE
TXN_005525,U_LEGIT_0417,156.31,706,D_LEGIT_0677,IP_LEGIT_1364,C_LEGIT_0131,M_006,0,1,0,1,1,0,NONE
TXN_009425,U_INDIV_0043,894.19,5,D_INDIV_0389,IP_INDIV_0069,C_INDIV_0298,M_038,17,46,5,5,5,1,INDIVIDUAL_FRAUD
TXN_005704,U_LEGIT_0497,233.52,1113,D_SHARED_BENIGN_09,IP_LEGIT_0198,C_LEGIT_0486,M_067,0,2,0,1,1,0,NONE
TXN_002911,U_LEGIT_1104,99.36,1105,D_LEGIT_1514,IP_LEGIT_0298,C_LEGIT_1901,M_023,0,4,0,2,2,0,NONE
TXN_001795,U_LEGIT_0553,58.76,827,D_LEGIT_0690,IP_LEGIT_1138,C_LEGIT_1101,M_029,0,5,0,1,1,0,NONE
TXN_004278,U_LEGIT_0615,238.2,986,D_LEGIT_1783,IP_LEGIT_0850,C_LEGIT_1038,M_094,0,4,0,1,1,0,NONE
TXN_007224,U_LEGIT_2435,74.37,500,D_LEGIT_1497,IP_LEGIT_0343,C_LEGIT_1602,M_071,0,2,1,2,1,0,NONE
TXN_006417,U_LEGIT_0754,157.18,351,D_LEGIT_1899,IP_SHARED_BENIGN_02,C_LEGIT_2868,M_132,0,5,0,1,2,0,NONE
TXN_009939,U_DIST_025,15.84,18,D_DIST_029,IP_DIST_PROXY_01,C_DIST_012,M_TARGET_HIGHVAL_99,3,16,0,1,2,1,DISTRIBUTED_ABUSE
TXN_005109,U_LEGIT_0612,46.38,805,D_LEGIT_0507,IP_LEGIT_0450,C_LEGIT_1249,M_061,0,2,0,1,2,0,NONE
TXN_009365,U_INDIV_0022,976.63,0,D_INDIV_0393,IP_INDIV_0243,C_INDIV_0162,M_012,7,28,7,5,8,1,INDIVIDUAL_FRAUD
TXN_003317,U_LEGIT_2452,87.52,486,D_LEGIT_1577,IP_LEGIT_1650,C_LEGIT_2238,M_017,0,2,0,1,1,0,NONE
TXN_004784,U_LEGIT_0901,228.11,465,D_LEGIT_1046,IP_LEGIT_1878,C_LEGIT_2393,M_072,0,2,0,2,1,0,NONE
TXN_005423,U_LEGIT_0643,147.91,691,D_LEGIT_1812,IP_SHARED_BENIGN_09,C_LEGIT_0981,M_083,0,5,0,1,1,0,NONE
TXN_007748,U_LEGIT_0047,100.1,933,D_SHARED_BENIGN_01,IP_LEGIT_1104,C_LEGIT_1827,M_138,0,1,0,1,2,0,NONE
TXN_007420,U_LEGIT_0509,233.55,602,D_LEGIT_1035,IP_LEGIT_1305,C_LEGIT_1487,M_027,1,4,0,1,1,0,NONE
TXN_000090,U_LEGIT_2447,214.38,1159,D_LEGIT_0930,IP_LEGIT_0882,C_LEGIT_0407,M_030,0,2,0,1,2,0,NONE
TXN_000487,U_LEGIT_2257,94.49,698,D_LEGIT_0051,IP_LEGIT_1723,C_LEGIT_0903,M_115,0,2,0,1,1,0,NONE
TXN_006995,U_LEGIT_1662,131.76,417,D_LEGIT_1271,IP_LEGIT_1203,C_LEGIT_2433,M_119,0,3,0,1,2,0,NONE
TXN_006103,U_LEGIT_1320,112.89,946,D_LEGIT_0590,IP_LEGIT_0779,C_LEGIT_0198,M_099,0,4,0,2,1,0,NONE
TXN_004252,U_LEGIT_0606,123.16,506,D_LEGIT_0792,IP_LEGIT_1190,C_LEGIT_1376,M_031,0,4,0,1,1,0,NONE
TXN_007143,U_LEGIT_0851,238.1,920,D_LEGIT_1835,IP_LEGIT_0568,C_LEGIT_0571,M_031,0,5,0,2,1,0,NONE
TXN_009094,U_INDIV_0092,895.78,7,D_INDIV_0103,IP_INDIV_0026,C_INDIV_0211,M_140,11,29,4,6,5,1,INDIVIDUAL_FRAUD
TXN_006645,U_LEGIT_1036,142.2,900,D_SHARED_BENIGN_07,IP_LEGIT_0329,C_LEGIT_1909,M_135,0,5,0,1,1,0,NONE
TXN_001094,U_LEGIT_0293,10.56,644,D_SHARED_BENIGN_08,IP_LEGIT_0865,C_LEGIT_1465,M_104,0,3,0,2,2,0,NONE
TXN_001668,U_LEGIT_1884,52.11,579,D_LEGIT_0762,IP_LEGIT_0135,C_LEGIT_0061,M_099,0,5,0,2,1,0,NONE
TXN_003174,U_LEGIT_1953,109.17,551,D_LEGIT_0980,IP_LEGIT_1308,C_LEGIT_2759,M_123,1,4,0,2,1,0,NONE
TXN_003625,U_LEGIT_2156,165.39,143,D_LEGIT_0094,IP_LEGIT_1219,C_LEGIT_1457,M_016,0,4,0,1,1,0,NONE
TXN_006844,U_LEGIT_1747,91.86,864,D_LEGIT_1984,IP_LEGIT_0037,C_LEGIT_2794,M_149,0,2,0,1,1,0,NONE
TXN_008101,U_LEGIT_1984,173.94,533,D_SHARED_BENIGN_07,IP_LEGIT_0539,C_LEGIT_2811,M_063,0,3,0,1,1,0,NONE
TXN_003191,U_LEGIT_1723,141.9,223,D_LEGIT_0081,IP_LEGIT_0220,C_LEGIT_2222,M_040,0,3,0,1,1,0,NONE
TXN_004441,U_LEGIT_1042,175.42,582,D_LEGIT_0989,IP_LEGIT_1140,C_LEGIT_2793,M_099,0,5,0,1,1,0,NONE
TXN_004194,U_LEGIT_0979,69.77,46,D_SHARED_BENIGN_03,IP_LEGIT_0566,C_LEGIT_2243,M_005,0,2,0,1,1,0,NONE
TXN_005659,U_LEGIT_1779,101.11,134,D_LEGIT_1531,IP_LEGIT_0136,C_LEGIT_2811,M_104,0,5,0,1,1,0,NONE
TXN_004203,U_LEGIT_1839,211.31,36,D_SHARED_BENIGN_04,IP_LEGIT_1116,C_LEGIT_1508,M_067,0,3,0,2,1,0,NONE
TXN_009232,U_INDIV_0173,1462.03,0,D_INDIV_0099,IP_INDIV_0072,C_INDIV_0242,M_037,18,22,5,7,8,1,INDIVIDUAL_FRAUD
TXN_009057,U_INDIV_0122,1118.13,1,D_INDIV_0104,IP_INDIV_0141,C_INDIV_0171,M_008,6,30,4,7,4,1,INDIVIDUAL_FRAUD
TXN_008734,U_LEGIT_0070,214.55,255,D_LEGIT_1705,IP_LEGIT_1934,C_LEGIT_1006,M_024,0,3,0,2,2,0,NONE
TXN_005364,U_LEGIT_1875,221.37,381,D_LEGIT_0999,IP_LEGIT_0621,C_LEGIT_0904,M_022,0,5,0,1,2,0,NONE
TXN_008971,U_LEGIT_0858,191.93,850,D_LEGIT_1680,IP_LEGIT_0446,C_LEGIT_0195,M_026,0,3,0,1,1,0,NONE
TXN_007511,U_LEGIT_0512,71.5,840,D_LEGIT_1458,IP_LEGIT_0635,C_LEGIT_2980,M_102,0,4,0,1,1,0,NONE
TXN_005527,U_LEGIT_1331,39.72,738,D_LEGIT_1208,IP_LEGIT_0540,C_LEGIT_0592,M_058,0,2,0,1,1,0,NONE
TXN_001814,U_LEGIT_1386,187.02,379,D_LEGIT_0914,IP_SHARED_BENIGN_08,C_LEGIT_1812,M_061,0,2,0,1,1,0,NONE
TXN_007655,U_LEGIT_1483,197.47,696,D_LEGIT_1328,IP_LEGIT_0470,C_LEGIT_1380,M_071,0,3,0,2,1,0,NONE
TXN_000824,U_LEGIT_0276,38.78,1089,D_LEGIT_1281,IP_LEGIT_0146,C_LEGIT_2332,M_021,0,1,0,1,1,0,NONE
TXN_008575,U_LEGIT_0634,169.45,1152,D_LEGIT_1630,IP_LEGIT_1432,C_LEGIT_1943,M_085,0,5,0,1,1,0,NONE
TXN_003819,U_LEGIT_0859,186.8,998,D_LEGIT_0460,IP_LEGIT_1859,C_LEGIT_0243,M_088,0,3,0,1,2,0,NONE
TXN_002173,U_LEGIT_1015,88.59,91,D_LEGIT_0841,IP_LEGIT_0620,C_LEGIT_0541,M_094,0,4,0,2,2,0,NONE
TXN_002805,U_LEGIT_0165,178.36,746,D_LEGIT_0313,IP_LEGIT_1137,C_LEGIT_0018,M_065,1,3,0,1,2,0,NONE
TXN_001035,U_LEGIT_2329,225.89,1152,D_LEGIT_1790,IP_LEGIT_1606,C_LEGIT_2535,M_094,1,4,0,1,1,0,NONE
TXN_005980,U_LEGIT_1043,232.02,94,D_LEGIT_0023,IP_LEGIT_0224,C_LEGIT_2524,M_056,0,1,0,1,1,0,NONE
TXN_003346,U_LEGIT_0955,145.94,1029,D_LEGIT_0609,IP_LEGIT_0096,C_LEGIT_2422,M_121,0,4,0,1,1,0,NONE
TXN_005144,U_LEGIT_0470,230.9,1159,D_LEGIT_1007,IP_LEGIT_1634,C_LEGIT_2803,M_097,0,5,0,2,1,0,NONE
TXN_006397,U_LEGIT_2026,239.52,59,D_SHARED_BENIGN_02,IP_LEGIT_1211,C_LEGIT_1527,M_123,1,2,0,1,2,0,NONE
TXN_008915,U_LEGIT_1617,112.53,274,D_LEGIT_0507,IP_LEGIT_1091,C_LEGIT_2015,M_070,0,5,0,1,1,0,NONE
TXN_008581,U_LEGIT_1602,109.31,1080,D_LEGIT_1170,IP_LEGIT_0669,C_LEGIT_2514,M_082,0,1,0,1,1,0,NONE
TXN_004723,U_LEGIT_1017,182.64,55,D_LEGIT_1671,IP_LEGIT_0998,C_LEGIT_0729,M_095,0,3,0,1,1,0,NONE
TXN_000511,U_LEGIT_0734,191.96,1094,D_LEGIT_1392,IP_LEGIT_0621,C_LEGIT_2548,M_025,0,4,0,2,2,0,NONE
TXN_002195,U_LEGIT_0466,70.59,702,D_LEGIT_0378,IP_LEGIT_0812,C_LEGIT_1273,M_017,0,1,0,1,1,0,NONE
TXN_002185,U_LEGIT_2252,242.63,951,D_LEGIT_0723,IP_LEGIT_0465,C_LEGIT_2888,M_039,0,3,0,1,2,0,NONE
TXN_004815,U_LEGIT_0475,204.21,796,D_LEGIT_1303,IP_LEGIT_0978,C_LEGIT_1253,M_079,1,2,0,1,1,0,NONE
TXN_003342,U_LEGIT_0301,171.38,33,D_LEGIT_0654,IP_LEGIT_1083,C_LEGIT_2238,M_150,0,5,0,2,1,0,NONE
TXN_008202,U_LEGIT_1965,27.24,56,D_LEGIT_0766,IP_LEGIT_0827,C_LEGIT_0306,M_089,0,2,0,1,2,0,NONE
TXN_000328,U_LEGIT_0699,158.82,1076,D_LEGIT_0842,IP_LEGIT_1628,C_LEGIT_2387,M_047,0,3,0,1,1,0,NONE
TXN_002085,U_LEGIT_0973,197.51,406,D_LEGIT_0626,IP_LEGIT_1816,C_LEGIT_1244,M_031,0,1,0,1,1,0,NONE
TXN_003761,U_LEGIT_1725,241.55,925,D_LEGIT_1030,IP_LEGIT_0158,C_LEGIT_1891,M_030,0,2,1,1,1,0,NONE
TXN_003679,U_LEGIT_0718,83.94,439,D_LEGIT_0047,IP_LEGIT_0541,C_LEGIT_2714,M_015,0,5,0,1,1,0,NONE
TXN_001203,U_LEGIT_0990,71.2,1154,D_LEGIT_0172,IP_LEGIT_1101,C_LEGIT_0384,M_067,0,2,0,2,1,0,NONE
TXN_006447,U_LEGIT_2176,55.54,1038,D_LEGIT_1049,IP_LEGIT_1015,C_LEGIT_0726,M_071,0,2,0,2,1,0,NONE
TXN_007103,U_LEGIT_2287,225.23,715,D_LEGIT_0537,IP_LEGIT_1559,C_LEGIT_2250,M_050,0,5,0,1,2,0,NONE
TXN_005179,U_LEGIT_1810,137.02,1025,D_LEGIT_1797,IP_SHARED_BENIGN_03,C_LEGIT_0214,M_026,0,4,0,1,1,0,NONE
TXN_007186,U_LEGIT_0403,237.18,278,D_LEGIT_0345,IP_LEGIT_0922,C_LEGIT_2786,M_142,0,4,0,1,2,0,NONE
TXN_007061,U_LEGIT_2111,51.74,562,D_LEGIT_0105,IP_LEGIT_1828,C_LEGIT_1896,M_014,0,3,0,1,1,0,NONE
TXN_003096,U_LEGIT_2254,236.15,531,D_LEGIT_0300,IP_LEGIT_1831,C_LEGIT_1746,M_026,0,4,0,1,1,0,NONE
TXN_003718,U_LEGIT_2409,26.73,819,D_LEGIT_0115,IP_LEGIT_1819,C_LEGIT_1220,M_098,0,1,0,2,1,0,NONE
TXN_008265,U_LEGIT_1932,151.44,1002,D_LEGIT_0654,IP_LEGIT_1531,C_LEGIT_0602,M_007,0,4,0,1,2,0,NONE
TXN_007451,U_LEGIT_1905,36.48,953,D_LEGIT_1127,IP_LEGIT_0909,C_LEGIT_0293,M_008,0,5,0,2,1,0,NONE
TXN_003011,U_LEGIT_1047,103.62,684,D_LEGIT_1674,IP_LEGIT_0853,C_LEGIT_2442,M_015,0,4,0,1,1,0,NONE
TXN_008124,U_LEGIT_0075,88.61,722,D_LEGIT_0751,IP_LEGIT_0261,C_LEGIT_2367,M_102,1,5,0,1,2,0,NONE
TXN_007928,U_LEGIT_0187,195.51,152,D_LEGIT_0189,IP_LEGIT_1621,C_LEGIT_2252,M_115,0,1,0,2,2,0,NONE
TXN_001638,U_LEGIT_2043,198.51,280,D_LEGIT_1575,IP_LEGIT_1005,C_LEGIT_2071,M_150,0,2,0,1,1,0,NONE
TXN_001469,U_LEGIT_0095,17.11,820,D_LEGIT_0723,IP_LEGIT_0452,C_LEGIT_1927,M_051,2,5,0,1,2,0,NONE
TXN_002158,U_LEGIT_0980,192.88,856,D_LEGIT_1145,IP_LEGIT_1549,C_LEGIT_2283,M_117,0,4,0,1,2,0,NONE
TXN_000642,U_LEGIT_1023,247.41,720,D_LEGIT_0489,IP_LEGIT_0033,C_LEGIT_1728,M_008,0,1,0,1,1,0,NONE
TXN_007726,U_LEGIT_1874,69.69,440,D_LEGIT_1571,IP_LEGIT_1456,C_LEGIT_1674,M_087,0,5,0,1,1,0,NONE
TXN_004099,U_LEGIT_1492,115.28,826,D_SHARED_BENIGN_02,IP_LEGIT_0090,C_LEGIT_0879,M_007,1,1,0,2,1,0,NONE
TXN_001466,U_LEGIT_0956,211.8,744,D_LEGIT_0094,IP_LEGIT_1201,C_LEGIT_0284,M_091,0,4,0,1,2,0,NONE
TXN_001522,U_LEGIT_1679,148.25,1122,D_LEGIT_1881,IP_LEGIT_0227,C_LEGIT_1444,M_108,0,5,0,1,2,0,NONE
TXN_005859,U_LEGIT_0187,166.42,1184,D_LEGIT_1433,IP_LEGIT_0771,C_LEGIT_0443,M_064,0,4,0,1,1,0,NONE
TXN_006947,U_LEGIT_0635,152.58,326,D_LEGIT_0310,IP_LEGIT_1712,C_LEGIT_1206,M_033,0,3,0,1,1,0,NONE
TXN_006170,U_LEGIT_1360,164.19,336,D_LEGIT_1293,IP_LEGIT_1473,C_LEGIT_1952,M_004,0,4,0,1,2,0,NONE
TXN_008601,U_LEGIT_1574,234.55,422,D_LEGIT_0493,IP_SHARED_BENIGN_04,C_LEGIT_1363,M_088,0,2,0,1,2,0,NONE
TXN_004165,U_LEGIT_2307,91.61,323,D_LEGIT_1358,IP_LEGIT_0548,C_LEGIT_0904,M_062,0,3,0,1,1,0,NONE
TXN_008110,U_LEGIT_1105,126.84,210,D_LEGIT_1832,IP_LEGIT_1105,C_LEGIT_1935,M_079,1,2,0,2,1,0,NONE
TXN_008042,U_LEGIT_1194,105.97,609,D_LEGIT_1014,IP_LEGIT_1083,C_LEGIT_2871,M_023,0,3,0,2,1,0,NONE
TXN_008217,U_LEGIT_0234,63.23,549,D_LEGIT_1615,IP_LEGIT_1440,C_LEGIT_1198,M_014,0,2,0,1,2,0,NONE
TXN_008562,U_LEGIT_0785,230.48,55,D_SHARED_BENIGN_08,IP_LEGIT_0691,C_LEGIT_1030,M_097,0,1,0,1,1,0,NONE
TXN_007980,U_LEGIT_1531,76.25,695,D_LEGIT_0574,IP_LEGIT_1126,C_LEGIT_1619,M_033,0,3,0,2,1,0,NONE
TXN_005451,U_LEGIT_1279,92.55,111,D_LEGIT_1357,IP_LEGIT_0079,C_LEGIT_2716,M_039,0,2,0,1,1,0,NONE
TXN_007205,U_LEGIT_0391,204.09,909,D_LEGIT_1454,IP_LEGIT_0867,C_LEGIT_2727,M_065,0,2,0,2,2,0,NONE
TXN_004430,U_LEGIT_2322,35.7,73,D_LEGIT_1456,IP_LEGIT_1090,C_LEGIT_1915,M_105,0,1,0,1,1,0,NONE
TXN_009574,U_FARM_027,172.51,2,D_FARM_HUB_02,IP_FARM_PROXY_01,C_FARM_001,M_010,18,57,6,1,6,1,DEVICE_FARM
TXN_001358,U_LEGIT_0597,45.31,946,D_LEGIT_1732,IP_LEGIT_0229,C_LEGIT_0574,M_050,0,5,0,2,1,0,NONE
TXN_000975,U_LEGIT_1323,123.63,1199,D_LEGIT_0749,IP_LEGIT_1369,C_LEGIT_2935,M_025,0,2,0,1,1,0,NONE
TXN_004010,U_LEGIT_1831,147.08,889,D_LEGIT_1773,IP_LEGIT_1250,C_LEGIT_1953,M_039,0,4,0,1,2,0,NONE
TXN_004749,U_LEGIT_0413,119.14,186,D_LEGIT_1812,IP_LEGIT_1734,C_LEGIT_2718,M_134,0,3,0,1,2,0,NONE
TXN_008553,U_LEGIT_2488,241.34,216,D_LEGIT_1646,IP_LEGIT_1970,C_LEGIT_0391,M_008,0,3,0,1,2,0,NONE
TXN_001106,U_LEGIT_0599,132.24,178,D_LEGIT_1757,IP_LEGIT_1764,C_LEGIT_0279,M_123,0,2,0,2,1,0,NONE
TXN_007763,U_LEGIT_1649,100.03,719,D_LEGIT_1626,IP_LEGIT_0705,C_LEGIT_2893,M_138,0,3,0,1,1,0,NONE
TXN_002947,U_LEGIT_1348,215.2,105,D_LEGIT_1003,IP_LEGIT_1781,C_LEGIT_2680,M_116,0,5,0,1,2,0,NONE
TXN_003033,U_LEGIT_0965,33.14,427,D_LEGIT_0295,IP_LEGIT_0899,C_LEGIT_2160,M_128,0,5,0,1,2,0,NONE
TXN_008701,U_LEGIT_0515,49.98,712,D_LEGIT_1220,IP_LEGIT_1676,C_LEGIT_1205,M_116,0,5,0,1,1,0,NONE
TXN_006919,U_LEGIT_0957,236.15,91,D_LEGIT_1305,IP_SHARED_BENIGN_03,C_LEGIT_0950,M_016,1,4,0,2,2,0,NONE
TXN_008277,U_LEGIT_0153,94.91,560,D_LEGIT_0150,IP_SHARED_BENIGN_09,C_LEGIT_1509,M_081,0,4,0,1,2,0,NONE
TXN_007159,U_LEGIT_1675,141.18,576,D_LEGIT_1840,IP_LEGIT_0592,C_LEGIT_0050,M_122,0,1,0,1,1,0,NONE
TXN_002319,U_LEGIT_0173,64.43,978,D_LEGIT_1839,IP_LEGIT_1812,C_LEGIT_0596,M_131,0,3,0,1,1,0,NONE
TXN_008674,U_LEGIT_0227,178.04,216,D_LEGIT_1183,IP_LEGIT_0505,C_LEGIT_0975,M_035,1,4,0,2,2,0,NONE
TXN_004236,U_LEGIT_1817,47.93,1090,D_LEGIT_0531,IP_LEGIT_0585,C_LEGIT_2245,M_122,0,2,0,1,1,0,NONE
TXN_003968,U_LEGIT_2190,203.18,1132,D_SHARED_BENIGN_01,IP_LEGIT_0902,C_LEGIT_1872,M_114,1,4,0,1,2,0,NONE
TXN_000148,U_LEGIT_1966,37.49,1142,D_LEGIT_1913,IP_LEGIT_1478,C_LEGIT_1121,M_074,0,4,0,1,1,0,NONE
TXN_003181,U_LEGIT_1327,237.85,577,D_LEGIT_0798,IP_LEGIT_0444,C_LEGIT_2010,M_067,1,5,0,1,1,0,NONE
TXN_005966,U_LEGIT_2179,160.56,677,D_LEGIT_0363,IP_LEGIT_1247,C_LEGIT_0203,M_100,2,3,0,1,1,0,NONE
TXN_000055,U_LEGIT_1957,44.72,1182,D_LEGIT_0134,IP_LEGIT_0152,C_LEGIT_2364,M_014,1,1,1,1,2,0,NONE
TXN_001014,U_LEGIT_0739,249.36,720,D_LEGIT_0343,IP_LEGIT_1020,C_LEGIT_0792,M_040,1,5,0,2,1,0,NONE
TXN_007292,U_LEGIT_0171,129.41,824,D_LEGIT_0139,IP_LEGIT_0450,C_LEGIT_1729,M_013,0,2,0,1,2,0,NONE
TXN_000574,U_LEGIT_0517,83.57,727,D_LEGIT_1108,IP_LEGIT_0191,C_LEGIT_2096,M_142,0,2,0,1,1,0,NONE
TXN_003795,U_LEGIT_1075,19.4,643,D_LEGIT_1251,IP_LEGIT_0732,C_LEGIT_0190,M_140,0,4,0,2,1,0,NONE
TXN_004368,U_LEGIT_1278,188.46,287,D_SHARED_BENIGN_07,IP_LEGIT_0921,C_LEGIT_2329,M_148,1,4,0,2,2,0,NONE
TXN_005860,U_LEGIT_0199,10.35,908,D_LEGIT_1768,IP_SHARED_BENIGN_06,C_LEGIT_2590,M_015,0,1,1,1,1,0,NONE
TXN_004991,U_LEGIT_2419,9.6,275,D_LEGIT_0541,IP_LEGIT_1209,C_LEGIT_2094,M_060,0,4,0,1,2,0,NONE
TXN_001381,U_LEGIT_2000,170.86,1159,D_LEGIT_1234,IP_LEGIT_0153,C_LEGIT_0396,M_139,0,1,0,2,1,0,NONE
TXN_001663,U_LEGIT_0643,67.21,167,D_LEGIT_0395,IP_LEGIT_0355,C_LEGIT_0027,M_043,0,3,0,1,1,0,NONE
TXN_004458,U_LEGIT_1461,234.52,876,D_LEGIT_0714,IP_LEGIT_1052,C_LEGIT_1017,M_067,0,5,0,1,1,0,NONE
TXN_005836,U_LEGIT_1589,103.76,222,D_LEGIT_0764,IP_LEGIT_1443,C_LEGIT_0928,M_088,0,1,0,1,1,0,NONE
TXN_001440,U_LEGIT_1298,107.86,967,D_LEGIT_0438,IP_LEGIT_0115,C_LEGIT_1855,M_146,0,1,0,1,2,0,NONE
TXN_004483,U_LEGIT_0864,21.71,1037,D_LEGIT_1855,IP_LEGIT_1548,C_LEGIT_0750,M_025,0,5,0,1,1,0,NONE
TXN_000696,U_LEGIT_1876,238.53,1096,D_LEGIT_0725,IP_LEGIT_1029,C_LEGIT_1175,M_071,1,2,0,1,1,0,NONE
TXN_006859,U_LEGIT_1547,86.79,911,D_LEGIT_0416,IP_LEGIT_0797,C_LEGIT_1017,M_143,0,3,0,2,1,0,NONE
TXN_005254,U_LEGIT_0492,152.35,155,D_LEGIT_1128,IP_LEGIT_0060,C_LEGIT_2403,M_081,0,1,0,1,2,0,NONE
TXN_007213,U_LEGIT_1054,168.64,389,D_LEGIT_1966,IP_LEGIT_0608,C_LEGIT_2481,M_127,0,4,0,1,1,0,NONE
TXN_005706,U_LEGIT_0458,230.23,245,D_SHARED_BENIGN_05,IP_SHARED_BENIGN_07,C_LEGIT_0764,M_143,1,2,0,1,2,0,NONE
TXN_003534,U_LEGIT_1797,121.82,450,D_SHARED_BENIGN_05,IP_LEGIT_0852,C_LEGIT_2349,M_070,1,3,0,2,1,0,NONE
TXN_009496,U_INDIV_0124,869.48,7,D_INDIV_0014,IP_INDIV_0139,C_INDIV_0389,M_072,6,49,8,5,3,1,INDIVIDUAL_FRAUD
TXN_001112,U_LEGIT_1373,193.93,315,D_LEGIT_0843,IP_LEGIT_1225,C_LEGIT_1737,M_049,0,3,0,1,1,0,NONE
TXN_004043,U_LEGIT_2457,234.99,832,D_LEGIT_0026,IP_LEGIT_1149,C_LEGIT_1789,M_127,0,5,0,1,1,0,NONE
TXN_001695,U_LEGIT_0870,212.06,749,D_LEGIT_0812,IP_LEGIT_0169,C_LEGIT_2221,M_116,1,3,0,2,1,0,NONE
TXN_004514,U_LEGIT_1781,150.69,1067,D_LEGIT_0343,IP_SHARED_BENIGN_05,C_LEGIT_0167,M_117,1,3,0,2,2,0,NONE
TXN_003929,U_LEGIT_2090,22.06,163,D_LEGIT_1003,IP_LEGIT_0573,C_LEGIT_0164,M_090,0,2,0,2,1,0,NONE
TXN_008452,U_LEGIT_2469,26.46,245,D_LEGIT_1883,IP_LEGIT_1516,C_LEGIT_1082,M_149,0,2,0,2,2,0,NONE
TXN_005650,U_LEGIT_0597,141.83,339,D_LEGIT_1475,IP_LEGIT_0888,C_LEGIT_0405,M_090,0,1,0,2,1,0,NONE
TXN_004006,U_LEGIT_1373,28.98,768,D_LEGIT_0123,IP_LEGIT_1540,C_LEGIT_0847,M_052,0,2,0,1,1,0,NONE
TXN_004615,U_LEGIT_1131,160.2,1126,D_LEGIT_1930,IP_LEGIT_0712,C_LEGIT_1605,M_050,0,3,0,1,1,0,NONE
TXN_004473,U_LEGIT_0323,26.36,389,D_LEGIT_1639,IP_LEGIT_1979,C_LEGIT_2124,M_073,0,2,0,2,1,0,NONE
TXN_003162,U_LEGIT_0146,81.38,98,D_LEGIT_0050,IP_SHARED_BENIGN_05,C_LEGIT_2571,M_021,0,5,0,2,1,0,NONE
TXN_009056,U_INDIV_0154,1453.28,5,D_INDIV_0254,IP_INDIV_0081,C_INDIV_0040,M_005,10,29,6,4,5,1,INDIVIDUAL_FRAUD
TXN_005927,U_LEGIT_0127,15.48,404,D_LEGIT_0262,IP_LEGIT_1933,C_LEGIT_0884,M_014,0,2,0,1,1,0,NONE
TXN_006676,U_LEGIT_2125,121.92,1135,D_LEGIT_1651,IP_LEGIT_0719,C_LEGIT_0072,M_126,0,5,0,1,1,0,NONE
TXN_008016,U_LEGIT_1141,14.62,842,D_LEGIT_1075,IP_LEGIT_1218,C_LEGIT_0087,M_099,0,1,0,1,2,0,NONE
TXN_004123,U_LEGIT_2049,244.32,116,D_LEGIT_1850,IP_LEGIT_1560,C_LEGIT_0732,M_017,1,5,0,2,2,0,NONE
TXN_003567,U_LEGIT_0849,198.64,193,D_LEGIT_0916,IP_LEGIT_1932,C_LEGIT_2386,M_094,0,5,0,1,1,0,NONE
TXN_003466,U_LEGIT_0803,185.86,547,D_LEGIT_1001,IP_LEGIT_1251,C_LEGIT_2790,M_019,1,4,0,2,2,0,NONE
TXN_004355,U_LEGIT_2356,109.53,93,D_LEGIT_0812,IP_LEGIT_1184,C_LEGIT_0386,M_010,0,4,0,2,1,0,NONE
TXN_005150,U_LEGIT_1900,228.5,768,D_LEGIT_0037,IP_LEGIT_1305,C_LEGIT_0378,M_034,1,2,0,1,1,0,NONE
TXN_001923,U_LEGIT_0791,177.09,582,D_LEGIT_1498,IP_LEGIT_1421,C_LEGIT_0230,M_146,0,4,0,2,1,0,NONE
TXN_006502,U_LEGIT_0306,194.24,1053,D_LEGIT_1021,IP_SHARED_BENIGN_03,C_LEGIT_2459,M_121,1,1,0,1,1,0,NONE
TXN_009323,U_INDIV_0037,2029.77,1,D_INDIV_0002,IP_INDIV_0062,C_INDIV_0027,M_071,16,24,3,3,5,1,INDIVIDUAL_FRAUD
TXN_005543,U_LEGIT_1695,192.99,411,D_LEGIT_0072,IP_LEGIT_1965,C_LEGIT_2008,M_098,0,4,0,2,2,0,NONE
TXN_004664,U_LEGIT_0934,126.38,821,D_LEGIT_0371,IP_LEGIT_1483,C_LEGIT_0293,M_099,1,4,0,2,1,0,NONE
TXN_008913,U_LEGIT_0156,118.86,420,D_LEGIT_0146,IP_SHARED_BENIGN_02,C_LEGIT_0805,M_051,1,5,0,1,1,0,NONE
TXN_002883,U_LEGIT_2435,236.95,1185,D_LEGIT_0820,IP_LEGIT_1056,C_LEGIT_0769,M_037,0,3,0,1,2,0,NONE
TXN_000866,U_LEGIT_0950,152.68,1142,D_LEGIT_1369,IP_LEGIT_1632,C_LEGIT_2581,M_101,0,1,0,1,2,0,NONE
TXN_008472,U_LEGIT_1228,228.67,807,D_SHARED_BENIGN_09,IP_LEGIT_1591,C_LEGIT_0113,M_124,0,5,0,1,1,0,NONE
TXN_003691,U_LEGIT_0525,185.2,321,D_SHARED_BENIGN_02,IP_LEGIT_1728,C_LEGIT_1981,M_003,0,3,0,1,1,0,NONE
TXN_008205,U_LEGIT_0596,94.5,927,D_LEGIT_1801,IP_LEGIT_1009,C_LEGIT_0208,M_042,0,2,0,1,1,0,NONE
TXN_008189,U_LEGIT_1923,165.9,813,D_LEGIT_1791,IP_LEGIT_1689,C_LEGIT_1793,M_004,0,2,0,1,1,0,NONE
TXN_006339,U_LEGIT_1138,45.19,961,D_LEGIT_0354,IP_SHARED_BENIGN_07,C_LEGIT_0484,M_024,0,3,0,2,2,0,NONE
TXN_005062,U_LEGIT_2302,137.8,49,D_LEGIT_0295,IP_LEGIT_0135,C_LEGIT_1319,M_120,0,5,0,1,2,0,NONE
TXN_006650,U_LEGIT_0612,14.7,245,D_LEGIT_1093,IP_LEGIT_0935,C_LEGIT_0921,M_111,0,1,0,1,1,0,NONE
TXN_005424,U_LEGIT_0550,51.61,841,D_LEGIT_0355,IP_LEGIT_0917,C_LEGIT_1001,M_138,2,1,0,2,1,0,NONE
TXN_005555,U_LEGIT_0123,183.64,946,D_LEGIT_1039,IP_LEGIT_1307,C_LEGIT_0224,M_006,0,1,0,1,1,0,NONE
TXN_000720,U_LEGIT_0861,86.54,1154,D_LEGIT_0003,IP_LEGIT_1296,C_LEGIT_2479,M_095,0,2,0,1,1,0,NONE
TXN_003218,U_LEGIT_1939,118.49,240,D_LEGIT_0367,IP_LEGIT_1995,C_LEGIT_1507,M_093,0,4,0,2,1,0,NONE
TXN_003151,U_LEGIT_0238,124.46,1163,D_LEGIT_0280,IP_LEGIT_1096,C_LEGIT_1149,M_126,0,3,0,1,1,0,NONE
TXN_003425,U_LEGIT_1206,74.47,692,D_LEGIT_1925,IP_SHARED_BENIGN_03,C_LEGIT_0348,M_051,0,4,0,1,1,0,NONE
TXN_004341,U_LEGIT_0538,227.77,1038,D_LEGIT_0058,IP_LEGIT_1789,C_LEGIT_1082,M_133,0,3,0,1,1,0,NONE
TXN_007947,U_LEGIT_1104,64.9,916,D_LEGIT_0141,IP_LEGIT_0545,C_LEGIT_2167,M_020,0,2,0,1,1,0,NONE
TXN_009671,U_CYCLE_006,379.35,12,D_CYCLE_010,IP_CYCLE_024,C_STOLEN_POOL_03,M_126,5,25,6,2,8,1,CARD_CYCLING
TXN_004952,U_LEGIT_1394,204.5,784,D_LEGIT_0299,IP_LEGIT_0400,C_LEGIT_2957,M_099,0,4,0,1,2,0,NONE
TXN_002239,U_LEGIT_1845,203.21,821,D_SHARED_BENIGN_06,IP_LEGIT_1173,C_LEGIT_1126,M_013,0,3,0,2,1,0,NONE
TXN_008877,U_LEGIT_1049,200.04,1139,D_LEGIT_1861,IP_LEGIT_0795,C_LEGIT_1203,M_144,0,2,0,1,1,0,NONE
TXN_006647,U_LEGIT_0451,131.51,717,D_LEGIT_1399,IP_LEGIT_0296,C_LEGIT_2410,M_126,0,4,1,1,2,0,NONE
TXN_008019,U_LEGIT_0688,46.93,919,D_LEGIT_0774,IP_LEGIT_1423,C_LEGIT_1487,M_051,0,3,0,1,1,0,NONE
TXN_004302,U_LEGIT_1405,67.08,565,D_LEGIT_0072,IP_SHARED_BENIGN_05,C_LEGIT_1577,M_055,0,3,0,1,1,0,NONE
TXN_008955,U_LEGIT_1797,105.62,825,D_LEGIT_0544,IP_LEGIT_1068,C_LEGIT_2749,M_052,0,3,0,1,1,0,NONE
TXN_003217,U_LEGIT_1321,92.18,257,D_SHARED_BENIGN_08,IP_LEGIT_0165,C_LEGIT_2818,M_118,0,5,0,1,2,0,NONE
TXN_003498,U_LEGIT_1363,137.39,1090,D_LEGIT_1956,IP_SHARED_BENIGN_07,C_LEGIT_1719,M_080,0,2,0,1,1,0,NONE
TXN_003395,U_LEGIT_0622,9.63,499,D_LEGIT_0413,IP_LEGIT_0015,C_LEGIT_1252,M_087,0,5,0,1,1,0,NONE
TXN_005414,U_LEGIT_2126,232.47,276,D_SHARED_BENIGN_09,IP_LEGIT_0393,C_LEGIT_1124,M_026,0,5,0,1,1,0,NONE
TXN_006917,U_LEGIT_0753,175.29,472,D_LEGIT_0809,IP_SHARED_BENIGN_07,C_LEGIT_1684,M_095,0,1,0,1,2,0,NONE
TXN_007358,U_LEGIT_1875,224.94,327,D_LEGIT_1886,IP_LEGIT_1627,C_LEGIT_2473,M_096,0,2,0,1,1,0,NONE
TXN_001652,U_LEGIT_2486,46.14,1142,D_LEGIT_1008,IP_LEGIT_0337,C_LEGIT_0235,M_076,0,3,0,2,1,0,NONE
TXN_009674,U_CYCLE_019,658.49,3,D_CYCLE_026,IP_CYCLE_017,C_STOLEN_POOL_02,M_113,8,15,9,3,9,1,CARD_CYCLING
TXN_005115,U_LEGIT_0947,170.97,791,D_LEGIT_1641,IP_LEGIT_0437,C_LEGIT_0831,M_125,2,4,0,1,2,0,NONE
TXN_008614,U_LEGIT_1437,41.88,1162,D_LEGIT_0586,IP_SHARED_BENIGN_05,C_LEGIT_1533,M_032,0,3,0,1,1,0,NONE
TXN_002848,U_LEGIT_0788,96.38,173,D_LEGIT_0387,IP_LEGIT_1800,C_LEGIT_0337,M_053,0,5,0,1,2,0,NONE
TXN_009071,U_INDIV_0171,2412.62,5,D_INDIV_0070,IP_INDIV_0087,C_INDIV_0127,M_002,8,42,5,7,4,1,INDIVIDUAL_FRAUD
TXN_008573,U_LEGIT_0480,224.23,786,D_LEGIT_0355,IP_SHARED_BENIGN_09,C_LEGIT_0535,M_011,0,1,0,2,2,0,NONE
TXN_000707,U_LEGIT_0517,111.98,46,D_LEGIT_1025,IP_SHARED_BENIGN_04,C_LEGIT_0214,M_088,0,3,0,1,2,0,NONE
TXN_002465,U_LEGIT_0668,12.18,237,D_LEGIT_1941,IP_LEGIT_1144,C_LEGIT_2931,M_094,0,1,0,1,1,0,NONE
TXN_005874,U_LEGIT_1369,177.27,498,D_LEGIT_0186,IP_LEGIT_0349,C_LEGIT_2160,M_108,0,5,0,1,1,0,NONE
TXN_006988,U_LEGIT_0287,58.89,44,D_LEGIT_0561,IP_LEGIT_0117,C_LEGIT_2901,M_077,0,3,0,1,1,0,NONE
TXN_007043,U_LEGIT_1060,236.96,779,D_LEGIT_1190,IP_LEGIT_1291,C_LEGIT_1382,M_094,0,5,0,1,1,0,NONE
TXN_006902,U_LEGIT_2364,198.06,1188,D_LEGIT_1575,IP_LEGIT_0280,C_LEGIT_2845,M_014,0,2,0,1,1,0,NONE
TXN_007148,U_LEGIT_1422,43.04,150,D_LEGIT_1362,IP_LEGIT_1587,C_LEGIT_2484,M_056,0,3,0,2,1,0,NONE
TXN_003759,U_LEGIT_0609,233.9,1127,D_LEGIT_0876,IP_LEGIT_0443,C_LEGIT_1265,M_052,0,3,0,1,2,0,NONE
TXN_009000,U_LEGIT_0618,41.98,448,D_LEGIT_1422,IP_LEGIT_0096,C_LEGIT_0162,M_123,0,4,0,1,1,0,NONE
TXN_002514,U_LEGIT_1262,243.18,1052,D_LEGIT_0001,IP_LEGIT_0376,C_LEGIT_0815,M_106,0,1,0,1,1,0,NONE
TXN_001541,U_LEGIT_0524,65.31,323,D_LEGIT_1939,IP_SHARED_BENIGN_02,C_LEGIT_2938,M_121,0,4,0,2,1,0,NONE
TXN_003002,U_LEGIT_1869,167.33,1097,D_LEGIT_0914,IP_LEGIT_0099,C_LEGIT_0676,M_028,0,3,0,1,1,0,NONE
TXN_005009,U_LEGIT_1251,46.51,32,D_SHARED_BENIGN_09,IP_LEGIT_1588,C_LEGIT_2248,M_075,0,3,0,1,2,0,NONE
TXN_007427,U_LEGIT_0001,77.39,588,D_LEGIT_0589,IP_LEGIT_0150,C_LEGIT_2811,M_034,0,5,0,1,1,0,NONE
TXN_002073,U_LEGIT_1971,69.32,756,D_LEGIT_1277,IP_LEGIT_0358,C_LEGIT_0638,M_018,0,1,0,2,1,0,NONE
TXN_006896,U_LEGIT_2043,47.63,844,D_LEGIT_1896,IP_LEGIT_1589,C_LEGIT_2352,M_094,0,5,0,1,1,0,NONE
TXN_001575,U_LEGIT_0879,64.28,47,D_LEGIT_1559,IP_LEGIT_0029,C_LEGIT_1029,M_025,0,5,0,1,1,0,NONE
TXN_009375,U_INDIV_0189,1282.97,2,D_INDIV_0050,IP_INDIV_0126,C_INDIV_0016,M_033,12,17,7,4,5,1,INDIVIDUAL_FRAUD
TXN_006301,U_LEGIT_0506,55.68,63,D_LEGIT_0740,IP_LEGIT_1689,C_LEGIT_1575,M_097,0,5,0,2,1,0,NONE
TXN_000034,U_LEGIT_0348,170.82,490,D_LEGIT_1360,IP_LEGIT_0687,C_LEGIT_0383,M_061,0,2,0,1,2,0,NONE
TXN_003110,U_LEGIT_0947,54.05,45,D_LEGIT_0194,IP_LEGIT_1852,C_LEGIT_2252,M_040,0,1,0,1,1,0,NONE
TXN_004103,U_LEGIT_1654,237.98,588,D_LEGIT_1449,IP_LEGIT_0153,C_LEGIT_1672,M_002,0,3,0,2,1,0,NONE
TXN_009363,U_INDIV_0022,1592.25,6,D_INDIV_0054,IP_INDIV_0349,C_INDIV_0300,M_121,11,17,6,3,8,1,INDIVIDUAL_FRAUD
TXN_000889,U_LEGIT_1277,239.2,598,D_LEGIT_0650,IP_LEGIT_1809,C_LEGIT_2480,M_055,0,4,0,2,1,0,NONE
TXN_005290,U_LEGIT_2100,220.4,1064,D_LEGIT_1264,IP_LEGIT_0130,C_LEGIT_2028,M_132,0,4,0,1,1,0,NONE
TXN_009326,U_INDIV_0013,764.01,1,D_INDIV_0303,IP_INDIV_0023,C_INDIV_0274,M_113,9,36,6,4,6,1,INDIVIDUAL_FRAUD
TXN_009952,U_DIST_015,32.09,21,D_DIST_030,IP_DIST_PROXY_03,C_DIST_027,M_TARGET_HIGHVAL_99,8,8,2,1,1,1,DISTRIBUTED_ABUSE
TXN_000669,U_LEGIT_0587,15.68,1049,D_LEGIT_1795,IP_LEGIT_1755,C_LEGIT_2936,M_130,0,3,0,2,1,0,NONE
TXN_002442,U_LEGIT_1359,105.96,105,D_SHARED_BENIGN_07,IP_LEGIT_1867,C_LEGIT_2660,M_135,0,4,0,1,2,0,NONE
TXN_005218,U_LEGIT_0071,121.72,247,D_LEGIT_0260,IP_LEGIT_1050,C_LEGIT_1951,M_064,0,5,0,2,2,0,NONE
TXN_008454,U_LEGIT_0176,96.97,433,D_LEGIT_0789,IP_LEGIT_1686,C_LEGIT_1011,M_140,0,5,0,1,1,0,NONE
TXN_008572,U_LEGIT_1749,99.19,374,D_LEGIT_0320,IP_LEGIT_1162,C_LEGIT_0561,M_089,0,2,0,1,1,0,NONE
TXN_003961,U_LEGIT_0727,56.75,1167,D_LEGIT_1347,IP_LEGIT_0898,C_LEGIT_1756,M_001,0,5,0,1,1,0,NONE
TXN_006283,U_LEGIT_0350,65.8,838,D_LEGIT_1929,IP_LEGIT_1003,C_LEGIT_1006,M_132,0,5,0,1,1,0,NONE
TXN_008733,U_LEGIT_1290,78.67,80,D_LEGIT_1054,IP_SHARED_BENIGN_05,C_LEGIT_1985,M_096,0,4,0,1,2,0,NONE
TXN_002349,U_LEGIT_1544,211.64,1111,D_LEGIT_1057,IP_LEGIT_0228,C_LEGIT_0628,M_072,0,3,0,1,2,0,NONE
TXN_003349,U_LEGIT_2162,218.22,1041,D_LEGIT_1611,IP_LEGIT_0632,C_LEGIT_0728,M_063,1,5,0,1,1,0,NONE
TXN_008218,U_LEGIT_1440,58.1,167,D_LEGIT_1953,IP_LEGIT_0612,C_LEGIT_2882,M_054,1,5,0,1,1,0,NONE
TXN_008037,U_LEGIT_0990,46.07,406,D_LEGIT_1654,IP_LEGIT_0887,C_LEGIT_1137,M_104,0,5,0,1,1,0,NONE
TXN_005670,U_LEGIT_1531,82.54,157,D_LEGIT_0483,IP_LEGIT_0440,C_LEGIT_2728,M_133,0,5,1,2,1,0,NONE
TXN_000364,U_LEGIT_2225,37.51,539,D_LEGIT_0394,IP_LEGIT_0513,C_LEGIT_1563,M_004,0,4,0,1,1,0,NONE
TXN_008945,U_LEGIT_1356,48.68,167,D_LEGIT_1239,IP_LEGIT_1004,C_LEGIT_0424,M_088,0,3,0,2,1,0,NONE
TXN_007235,U_LEGIT_0180,199.48,810,D_LEGIT_1804,IP_LEGIT_1042,C_LEGIT_1687,M_106,0,3,0,1,1,0,NONE
TXN_008695,U_LEGIT_0683,192.61,616,D_LEGIT_1846,IP_SHARED_BENIGN_01,C_LEGIT_0763,M_053,0,2,0,1,1,0,NONE
TXN_006657,U_LEGIT_0481,242.56,1142,D_LEGIT_1070,IP_LEGIT_0812,C_LEGIT_0287,M_027,0,3,0,2,1,0,NONE
TXN_000929,U_LEGIT_1841,208.83,980,D_LEGIT_1789,IP_LEGIT_0591,C_LEGIT_0014,M_137,0,1,0,2,2,0,NONE
TXN_005885,U_LEGIT_2407,95.37,970,D_LEGIT_0217,IP_LEGIT_0529,C_LEGIT_1526,M_125,0,5,0,1,1,0,NONE
TXN_001193,U_LEGIT_1520,247.9,951,D_SHARED_BENIGN_05,IP_SHARED_BENIGN_10,C_LEGIT_1676,M_031,1,1,0,1,1,0,NONE
TXN_000838,U_LEGIT_2421,217.51,146,D_LEGIT_0057,IP_LEGIT_1699,C_LEGIT_2546,M_112,0,5,0,1,2,0,NONE
TXN_000127,U_LEGIT_1520,104.32,600,D_LEGIT_1563,IP_SHARED_BENIGN_03,C_LEGIT_2169,M_094,0,1,0,1,2,0,NONE
TXN_009727,U_CYCLE_025,816.41,11,D_CYCLE_020,IP_CYCLE_010,C_STOLEN_POOL_03,M_017,14,18,8,4,8,1,CARD_CYCLING
TXN_007021,U_LEGIT_0600,89.96,417,D_LEGIT_1056,IP_LEGIT_1031,C_LEGIT_1818,M_039,0,4,0,2,1,0,NONE
TXN_007502,U_LEGIT_0666,98.6,512,D_LEGIT_1737,IP_LEGIT_1801,C_LEGIT_0502,M_047,0,1,0,1,1,0,NONE
TXN_007984,U_LEGIT_0132,63.36,877,D_LEGIT_1905,IP_LEGIT_0097,C_LEGIT_1661,M_124,0,3,0,1,1,0,NONE
TXN_009027,U_INDIV_0110,1203.17,0,D_INDIV_0181,IP_INDIV_0326,C_INDIV_0306,M_007,13,21,5,5,4,1,INDIVIDUAL_FRAUD
TXN_004424,U_LEGIT_0535,215.66,384,D_LEGIT_1690,IP_LEGIT_1249,C_LEGIT_1145,M_036,0,4,0,1,1,0,NONE
TXN_003713,U_LEGIT_1040,54.58,849,D_LEGIT_1945,IP_LEGIT_0681,C_LEGIT_2076,M_146,0,3,0,2,1,0,NONE
TXN_000884,U_LEGIT_0023,88.11,155,D_LEGIT_0385,IP_LEGIT_0193,C_LEGIT_2203,M_118,0,5,0,1,1,0,NONE
TXN_004234,U_LEGIT_2363,124.84,570,D_LEGIT_0756,IP_LEGIT_0011,C_LEGIT_2254,M_116,0,5,0,1,2,0,NONE
TXN_008991,U_LEGIT_0090,149.82,173,D_LEGIT_0957,IP_LEGIT_1258,C_LEGIT_1630,M_070,0,3,1,2,1,0,NONE
TXN_005941,U_LEGIT_0390,240.48,1116,D_LEGIT_0540,IP_LEGIT_0057,C_LEGIT_1829,M_072,0,1,0,1,1,0,NONE
TXN_007104,U_LEGIT_1729,201.84,904,D_LEGIT_1239,IP_LEGIT_0795,C_LEGIT_1136,M_134,0,4,0,1,1,0,NONE
TXN_009846,U_BURST_009,892.44,0,D_BURST_005,IP_BURST_SUBNET_01,C_BURST_016,M_071,11,23,4,3,1,1,ACCOUNT_BURST
TXN_000580,U_LEGIT_1866,153.59,866,D_LEGIT_1529,IP_LEGIT_1145,C_LEGIT_1513,M_031,0,3,0,1,1,0,NONE
TXN_005519,U_LEGIT_0815,171.9,810,D_LEGIT_1251,IP_LEGIT_1630,C_LEGIT_0738,M_094,0,3,0,2,1,0,NONE
TXN_008870,U_LEGIT_0218,222.91,657,D_LEGIT_1665,IP_LEGIT_0359,C_LEGIT_1381,M_036,0,5,0,1,1,0,NONE
TXN_005455,U_LEGIT_1248,81.06,783,D_LEGIT_0819,IP_SHARED_BENIGN_08,C_LEGIT_2327,M_082,1,4,0,1,2,0,NONE
TXN_008613,U_LEGIT_0469,120.73,1041,D_LEGIT_0185,IP_LEGIT_0050,C_LEGIT_0764,M_029,0,2,0,1,1,0,NONE
TXN_006604,U_LEGIT_1769,188.78,545,D_LEGIT_0200,IP_LEGIT_1275,C_LEGIT_2081,M_080,2,3,0,1,1,0,NONE
TXN_001904,U_LEGIT_2473,164.82,911,D_SHARED_BENIGN_01,IP_LEGIT_0377,C_LEGIT_2903,M_149,0,2,0,1,2,0,NONE
TXN_005111,U_LEGIT_2078,179.74,323,D_LEGIT_1425,IP_SHARED_BENIGN_09,C_LEGIT_0342,M_148,0,2,0,1,2,0,NONE
TXN_003864,U_LEGIT_2174,179.62,1103,D_LEGIT_0794,IP_LEGIT_1475,C_LEGIT_0910,M_040,1,3,0,1,2,0,NONE
TXN_004677,U_LEGIT_1591,161.02,599,D_LEGIT_0236,IP_LEGIT_0039,C_LEGIT_2022,M_013,0,5,0,1,1,0,NONE
TXN_005575,U_LEGIT_0934,206.47,378,D_LEGIT_1676,IP_LEGIT_1352,C_LEGIT_2957,M_125,0,1,0,2,1,0,NONE
TXN_007587,U_LEGIT_1225,59.74,132,D_SHARED_BENIGN_06,IP_LEGIT_1492,C_LEGIT_1343,M_016,0,3,0,1,1,0,NONE
TXN_003879,U_LEGIT_0944,191.35,924,D_SHARED_BENIGN_10,IP_LEGIT_0855,C_LEGIT_1604,M_115,0,4,0,1,2,0,NONE
TXN_008370,U_LEGIT_0185,152.93,1186,D_LEGIT_0459,IP_SHARED_BENIGN_09,C_LEGIT_1720,M_139,0,2,0,2,1,0,NONE
TXN_002193,U_LEGIT_0935,176.07,313,D_LEGIT_0262,IP_LEGIT_0344,C_LEGIT_1661,M_098,0,3,0,1,1,0,NONE
TXN_006808,U_LEGIT_2286,26.93,913,D_LEGIT_1011,IP_LEGIT_0236,C_LEGIT_1042,M_148,0,5,0,1,1,0,NONE
TXN_006146,U_LEGIT_1541,208.69,1099,D_LEGIT_0154,IP_LEGIT_0647,C_LEGIT_1441,M_002,0,3,0,2,2,0,NONE
TXN_000255,U_LEGIT_2268,146.6,512,D_SHARED_BENIGN_07,IP_LEGIT_0858,C_LEGIT_2194,M_122,0,1,0,1,1,0,NONE
TXN_007122,U_LEGIT_0967,164.25,388,D_LEGIT_0209,IP_LEGIT_0596,C_LEGIT_0683,M_033,0,4,0,1,2,0,NONE
TXN_002920,U_LEGIT_1913,56.97,63,D_LEGIT_1361,IP_LEGIT_0429,C_LEGIT_0320,M_102,1,3,0,1,2,0,NONE
TXN_006506,U_LEGIT_2235,100.11,435,D_LEGIT_0684,IP_LEGIT_1133,C_LEGIT_1035,M_111,0,4,0,1,2,0,NONE
TXN_002247,U_LEGIT_0017,83.79,664,D_LEGIT_0911,IP_LEGIT_1958,C_LEGIT_0909,M_124,0,2,0,1,2,0,NONE
TXN_002573,U_LEGIT_1572,58.28,1025,D_LEGIT_0282,IP_LEGIT_0108,C_LEGIT_0928,M_120,0,3,0,2,1,0,NONE
TXN_000512,U_LEGIT_2068,238.52,94,D_LEGIT_0704,IP_LEGIT_1108,C_LEGIT_2239,M_005,2,1,0,1,2,0,NONE
TXN_001972,U_LEGIT_0931,11.79,374,D_LEGIT_0836,IP_LEGIT_1682,C_LEGIT_0488,M_144,1,1,0,2,1,0,NONE
TXN_006377,U_LEGIT_0600,186.82,605,D_LEGIT_0383,IP_LEGIT_0097,C_LEGIT_1427,M_096,0,5,0,1,1,0,NONE
TXN_003668,U_LEGIT_2174,42.95,58,D_LEGIT_0088,IP_LEGIT_0388,C_LEGIT_2483,M_067,0,5,0,1,1,0,NONE
TXN_000325,U_LEGIT_2108,167.99,879,D_LEGIT_0434,IP_LEGIT_0323,C_LEGIT_1484,M_031,0,1,0,2,2,0,NONE
TXN_002732,U_LEGIT_1904,140.63,502,D_LEGIT_0778,IP_LEGIT_0608,C_LEGIT_1293,M_107,0,1,0,1,1,0,NONE
TXN_009291,U_INDIV_0124,2755.48,1,D_INDIV_0029,IP_INDIV_0287,C_INDIV_0021,M_126,15,16,9,3,3,1,INDIVIDUAL_FRAUD
TXN_000343,U_LEGIT_1286,128.76,438,D_LEGIT_1832,IP_LEGIT_0375,C_LEGIT_2799,M_049,0,2,0,1,1,0,NONE
TXN_002181,U_LEGIT_0209,78.75,1141,D_LEGIT_1478,IP_LEGIT_0986,C_LEGIT_2190,M_088,1,2,0,1,2,0,NONE
TXN_000338,U_LEGIT_0980,170.06,860,D_LEGIT_1999,IP_LEGIT_0566,C_LEGIT_1637,M_091,0,5,0,1,1,0,NONE
TXN_000425,U_LEGIT_1747,157.15,669,D_LEGIT_1444,IP_LEGIT_1214,C_LEGIT_2579,M_115,0,2,0,1,2,0,NONE
TXN_006895,U_LEGIT_0397,204.94,1044,D_LEGIT_0268,IP_LEGIT_1542,C_LEGIT_0222,M_026,0,2,0,1,2,0,NONE
TXN_000609,U_LEGIT_0996,132.18,762,D_LEGIT_0091,IP_SHARED_BENIGN_05,C_LEGIT_2395,M_112,0,5,0,1,2,0,NONE
TXN_002518,U_LEGIT_1094,95.58,939,D_LEGIT_1271,IP_LEGIT_0213,C_LEGIT_2723,M_094,0,2,0,2,2,0,NONE
TXN_005583,U_LEGIT_0593,192.94,1044,D_LEGIT_0942,IP_LEGIT_1097,C_LEGIT_0242,M_099,0,5,0,1,1,0,NONE
TXN_004601,U_LEGIT_1247,123.28,497,D_LEGIT_1901,IP_LEGIT_1808,C_LEGIT_0233,M_042,1,2,0,2,2,0,NONE
TXN_003292,U_LEGIT_2352,205.78,704,D_LEGIT_0467,IP_SHARED_BENIGN_04,C_LEGIT_2627,M_077,1,1,0,2,1,0,NONE
TXN_000066,U_LEGIT_0482,178.71,880,D_LEGIT_0316,IP_LEGIT_1468,C_LEGIT_1196,M_131,0,4,0,1,2,0,NONE
TXN_004404,U_LEGIT_1087,191.69,444,D_LEGIT_0999,IP_LEGIT_0020,C_LEGIT_1867,M_141,0,2,1,1,1,0,NONE
TXN_006523,U_LEGIT_1146,205.55,764,D_LEGIT_0231,IP_SHARED_BENIGN_10,C_LEGIT_2895,M_041,0,3,0,2,1,0,NONE
TXN_006212,U_LEGIT_0513,183.72,336,D_LEGIT_0510,IP_LEGIT_1744,C_LEGIT_0943,M_071,0,2,0,2,2,0,NONE
TXN_001987,U_LEGIT_0901,53.13,250,D_LEGIT_1431,IP_SHARED_BENIGN_07,C_LEGIT_0556,M_122,0,2,0,1,2,0,NONE
TXN_003502,U_LEGIT_2328,130.56,511,D_LEGIT_1394,IP_LEGIT_1289,C_LEGIT_0694,M_148,1,3,0,1,1,0,NONE
TXN_002701,U_LEGIT_1973,60.52,499,D_LEGIT_0374,IP_LEGIT_0431,C_LEGIT_1304,M_068,0,4,0,1,2,0,NONE
TXN_001350,U_LEGIT_0222,231.94,48,D_LEGIT_1296,IP_LEGIT_1246,C_LEGIT_1422,M_059,0,4,0,1,1,0,NONE
TXN_005995,U_LEGIT_1211,241.01,154,D_LEGIT_0125,IP_LEGIT_0949,C_LEGIT_2201,M_120,0,4,0,1,1,0,NONE
TXN_003408,U_LEGIT_1474,68.74,479,D_LEGIT_0598,IP_SHARED_BENIGN_07,C_LEGIT_2432,M_141,1,4,0,1,1,0,NONE
TXN_000756,U_LEGIT_1453,26.83,326,D_LEGIT_1169,IP_LEGIT_0021,C_LEGIT_2298,M_051,0,3,0,2,1,0,NONE
TXN_009040,U_INDIV_0050,2537.35,3,D_INDIV_0356,IP_INDIV_0325,C_INDIV_0007,M_036,8,38,9,7,8,1,INDIVIDUAL_FRAUD
TXN_002874,U_LEGIT_0718,132.73,718,D_LEGIT_1332,IP_LEGIT_0849,C_LEGIT_1337,M_149,0,2,1,2,1,0,NONE
TXN_006236,U_LEGIT_1975,163.38,1047,D_LEGIT_1949,IP_SHARED_BENIGN_03,C_LEGIT_1964,M_093,0,2,0,1,1,0,NONE
TXN_005036,U_LEGIT_0551,130.84,996,D_LEGIT_1867,IP_SHARED_BENIGN_10,C_LEGIT_1453,M_061,0,4,0,1,1,0,NONE
TXN_002794,U_LEGIT_1980,76.47,54,D_LEGIT_1907,IP_LEGIT_0428,C_LEGIT_2625,M_006,0,2,0,1,1,0,NONE
TXN_002903,U_LEGIT_1711,72.44,996,D_SHARED_BENIGN_08,IP_LEGIT_0988,C_LEGIT_0454,M_044,0,2,0,1,2,0,NONE
TXN_008989,U_LEGIT_2283,237.55,871,D_LEGIT_0576,IP_LEGIT_0384,C_LEGIT_0822,M_135,1,4,0,1,1,0,NONE
TXN_005292,U_LEGIT_2317,57.1,937,D_LEGIT_1920,IP_LEGIT_0290,C_LEGIT_2276,M_011,1,5,0,1,2,0,NONE
TXN_001791,U_LEGIT_1066,42.78,443,D_SHARED_BENIGN_09,IP_LEGIT_0968,C_LEGIT_1213,M_002,0,4,0,2,1,0,NONE
TXN_009815,U_BURST_018,515.61,0,D_BURST_005,IP_BURST_SUBNET_01,C_BURST_008,M_041,25,17,3,1,3,1,ACCOUNT_BURST
TXN_004061,U_LEGIT_1823,231.36,760,D_LEGIT_1877,IP_LEGIT_0391,C_LEGIT_0967,M_018,0,4,0,1,1,0,NONE
TXN_009501,U_FARM_001,211.35,4,D_FARM_HUB_01,IP_FARM_PROXY_01,C_FARM_040,M_079,14,31,6,1,4,1,DEVICE_FARM
TXN_005578,U_LEGIT_1144,17.67,459,D_LEGIT_0971,IP_LEGIT_0184,C_LEGIT_0075,M_062,0,4,0,1,2,0,NONE
TXN_005717,U_LEGIT_0128,69.46,55,D_SHARED_BENIGN_06,IP_LEGIT_0448,C_LEGIT_2295,M_047,0,5,0,1,1,0,NONE
TXN_008223,U_LEGIT_0077,197.92,665,D_LEGIT_0948,IP_LEGIT_1706,C_LEGIT_1472,M_136,0,3,0,1,1,0,NONE
TXN_001151,U_LEGIT_0568,31.26,488,D_SHARED_BENIGN_10,IP_LEGIT_0323,C_LEGIT_2636,M_132,0,1,0,1,1,0,NONE
TXN_000878,U_LEGIT_2007,182.97,1190,D_LEGIT_0172,IP_LEGIT_1263,C_LEGIT_1940,M_134,0,1,0,1,2,0,NONE
TXN_007232,U_LEGIT_0998,132.0,197,D_LEGIT_0278,IP_LEGIT_1807,C_LEGIT_2248,M_015,0,5,0,2,1,0,NONE
TXN_008608,U_LEGIT_1354,79.68,1127,D_LEGIT_1837,IP_LEGIT_0461,C_LEGIT_1652,M_048,0,2,0,1,2,0,NONE
TXN_004489,U_LEGIT_1777,24.98,157,D_LEGIT_1531,IP_LEGIT_1990,C_LEGIT_0814,M_104,0,4,0,1,1,0,NONE
TXN_001546,U_LEGIT_1065,126.18,1124,D_LEGIT_1846,IP_LEGIT_0076,C_LEGIT_1366,M_060,0,2,0,1,2,0,NONE
TXN_000166,U_LEGIT_2064,147.75,686,D_LEGIT_0480,IP_LEGIT_1499,C_LEGIT_2360,M_082,0,2,1,1,2,0,NONE
TXN_004536,U_LEGIT_0431,75.3,956,D_LEGIT_0218,IP_LEGIT_1050,C_LEGIT_0740,M_115,0,4,0,1,1,0,NONE
TXN_006376,U_LEGIT_1942,155.68,338,D_LEGIT_0957,IP_LEGIT_1701,C_LEGIT_0392,M_147,0,1,0,1,2,0,NONE
TXN_005428,U_LEGIT_0581,126.22,225,D_LEGIT_0347,IP_LEGIT_0808,C_LEGIT_0992,M_018,0,2,1,1,2,0,NONE
TXN_000938,U_LEGIT_0574,180.74,658,D_LEGIT_0591,IP_SHARED_BENIGN_06,C_LEGIT_2309,M_093,1,2,0,1,2,0,NONE
TXN_006112,U_LEGIT_1607,186.41,905,D_LEGIT_1899,IP_LEGIT_0733,C_LEGIT_2883,M_133,0,5,0,1,1,0,NONE
TXN_004777,U_LEGIT_0820,238.44,233,D_LEGIT_0304,IP_LEGIT_0152,C_LEGIT_1042,M_038,0,4,0,1,1,0,NONE
TXN_004922,U_LEGIT_1591,146.51,502,D_LEGIT_0022,IP_LEGIT_0838,C_LEGIT_1138,M_038,0,3,0,1,2,0,NONE
TXN_002656,U_LEGIT_0108,80.08,792,D_SHARED_BENIGN_09,IP_SHARED_BENIGN_01,C_LEGIT_0998,M_107,0,1,0,1,1,0,NONE
TXN_006278,U_LEGIT_0841,25.14,754,D_LEGIT_1006,IP_SHARED_BENIGN_01,C_LEGIT_0654,M_124,0,2,0,1,1,0,NONE
TXN_004152,U_LEGIT_2088,169.95,368,D_LEGIT_0665,IP_LEGIT_0222,C_LEGIT_2929,M_100,2,4,0,2,2,0,NONE
TXN_001529,U_LEGIT_0041,104.43,969,D_LEGIT_0351,IP_LEGIT_1818,C_LEGIT_0129,M_042,0,4,0,1,1,0,NONE
TXN_007742,U_LEGIT_1040,135.36,166,D_LEGIT_0290,IP_LEGIT_0571,C_LEGIT_0126,M_017,0,5,0,1,2,0,NONE
TXN_007324,U_LEGIT_1473,98.46,380,D_LEGIT_1923,IP_SHARED_BENIGN_09,C_LEGIT_2655,M_095,0,5,0,2,2,0,NONE
TXN_003739,U_LEGIT_2201,234.82,916,D_LEGIT_0819,IP_LEGIT_0748,C_LEGIT_0223,M_106,0,5,0,1,2,0,NONE
TXN_004168,U_LEGIT_1740,77.21,1128,D_LEGIT_1740,IP_LEGIT_1712,C_LEGIT_0064,M_024,0,4,0,1,1,0,NONE
TXN_003278,U_LEGIT_1970,168.08,635,D_LEGIT_1778,IP_LEGIT_1650,C_LEGIT_2089,M_055,0,1,0,1,1,0,NONE
TXN_008237,U_LEGIT_1780,247.41,1007,D_LEGIT_1180,IP_LEGIT_1959,C_LEGIT_1224,M_024,2,4,0,2,1,0,NONE
TXN_005910,U_LEGIT_1656,139.4,38,D_LEGIT_0484,IP_SHARED_BENIGN_09,C_LEGIT_0027,M_067,0,2,0,1,2,0,NONE
TXN_000422,U_LEGIT_2366,77.35,1120,D_LEGIT_1309,IP_LEGIT_0658,C_LEGIT_0822,M_050,0,4,0,1,1,0,NONE
TXN_008858,U_LEGIT_0120,14.05,651,D_LEGIT_0731,IP_LEGIT_1597,C_LEGIT_2536,M_007,0,1,0,1,2,0,NONE
TXN_005967,U_LEGIT_2288,113.52,177,D_LEGIT_0559,IP_LEGIT_1720,C_LEGIT_0556,M_060,0,3,0,1,1,0,NONE
TXN_007050,U_LEGIT_2457,15.36,811,D_LEGIT_0120,IP_LEGIT_1996,C_LEGIT_1168,M_082,0,5,0,1,1,0,NONE
TXN_000314,U_LEGIT_0172,58.83,734,D_SHARED_BENIGN_10,IP_LEGIT_1122,C_LEGIT_0349,M_079,0,5,0,1,1,0,NONE
TXN_001686,U_LEGIT_1681,180.44,921,D_LEGIT_1317,IP_LEGIT_1265,C_LEGIT_1061,M_073,0,2,0,2,1,0,NONE
TXN_002999,U_LEGIT_1975,168.17,155,D_LEGIT_0279,IP_LEGIT_1460,C_LEGIT_0400,M_021,0,5,0,1,1,0,NONE
TXN_006805,U_LEGIT_0666,192.05,1144,D_LEGIT_1016,IP_LEGIT_1970,C_LEGIT_1966,M_080,0,4,0,1,1,0,NONE
TXN_007447,U_LEGIT_0301,198.41,193,D_LEGIT_0528,IP_LEGIT_0423,C_LEGIT_2168,M_121,0,5,0,1,1,0,NONE
TXN_003825,U_LEGIT_0601,247.97,250,D_LEGIT_1564,IP_SHARED_BENIGN_08,C_LEGIT_1027,M_079,0,3,0,1,1,0,NONE
TXN_003634,U_LEGIT_0960,154.42,769,D_LEGIT_1197,IP_LEGIT_1045,C_LEGIT_2345,M_064,0,3,0,1,1,0,NONE
TXN_005053,U_LEGIT_0506,168.72,650,D_SHARED_BENIGN_02,IP_LEGIT_1746,C_LEGIT_1323,M_006,0,2,0,1,1,0,NONE
TXN_000187,U_LEGIT_1560,48.46,595,D_LEGIT_0551,IP_LEGIT_1010,C_LEGIT_0598,M_017,0,4,0,1,1,0,NONE
TXN_004526,U_LEGIT_0874,223.98,73,D_LEGIT_0535,IP_LEGIT_1299,C_LEGIT_1962,M_087,0,2,0,1,1,0,NONE
TXN_003013,U_LEGIT_2109,125.07,630,D_LEGIT_1844,IP_LEGIT_0321,C_LEGIT_2700,M_045,1,5,0,2,1,0,NONE
TXN_009179,U_INDIV_0133,577.62,3,D_INDIV_0345,IP_INDIV_0117,C_INDIV_0286,M_059,12,20,8,7,4,1,INDIVIDUAL_FRAUD
TXN_004379,U_LEGIT_0528,168.23,408,D_LEGIT_0689,IP_LEGIT_1832,C_LEGIT_2941,M_031,1,2,0,1,1,0,NONE
TXN_008329,U_LEGIT_0562,19.33,1157,D_LEGIT_1700,IP_LEGIT_0518,C_LEGIT_2495,M_009,0,1,0,1,1,0,NONE
TXN_003012,U_LEGIT_1038,115.76,58,D_LEGIT_1572,IP_LEGIT_0088,C_LEGIT_2315,M_102,0,1,0,1,1,0,NONE
TXN_003999,U_LEGIT_0204,139.76,700,D_LEGIT_1859,IP_LEGIT_1347,C_LEGIT_1433,M_056,0,3,0,1,1,0,NONE
TXN_005534,U_LEGIT_1848,222.83,523,D_LEGIT_0482,IP_LEGIT_1782,C_LEGIT_0689,M_090,0,3,0,1,2,0,NONE
TXN_003603,U_LEGIT_2198,40.41,221,D_LEGIT_1011,IP_LEGIT_1250,C_LEGIT_0059,M_061,0,3,0,1,1,0,NONE
TXN_008651,U_LEGIT_0889,167.59,214,D_LEGIT_1838,IP_LEGIT_0628,C_LEGIT_0660,M_091,0,5,0,2,1,0,NONE
TXN_001798,U_LEGIT_0956,133.98,65,D_LEGIT_0725,IP_LEGIT_1230,C_LEGIT_0574,M_086,0,3,0,1,1,0,NONE
TXN_006756,U_LEGIT_2196,198.63,1186,D_LEGIT_1710,IP_LEGIT_1310,C_LEGIT_0702,M_083,0,3,0,1,1,0,NONE
TXN_003467,U_LEGIT_1722,61.21,404,D_LEGIT_0136,IP_LEGIT_1001,C_LEGIT_2845,M_147,0,4,0,1,1,0,NONE
TXN_003118,U_LEGIT_0379,83.08,680,D_LEGIT_1889,IP_SHARED_BENIGN_07,C_LEGIT_1648,M_083,0,5,0,1,1,0,NONE
TXN_002047,U_LEGIT_2425,59.37,592,D_LEGIT_0697,IP_LEGIT_1128,C_LEGIT_2084,M_117,2,5,0,2,2,0,NONE
TXN_001122,U_LEGIT_2014,130.83,824,D_LEGIT_1793,IP_LEGIT_0660,C_LEGIT_0085,M_128,0,5,0,1,1,0,NONE
TXN_009396,U_INDIV_0064,1603.84,6,D_INDIV_0307,IP_INDIV_0186,C_INDIV_0116,M_144,10,31,3,3,4,1,INDIVIDUAL_FRAUD
TXN_000898,U_LEGIT_0043,82.48,421,D_LEGIT_0768,IP_LEGIT_1797,C_LEGIT_2967,M_064,0,2,0,2,1,0,NONE
TXN_003321,U_LEGIT_1965,50.75,43,D_LEGIT_1402,IP_LEGIT_1439,C_LEGIT_1321,M_124,0,1,0,1,1,0,NONE
TXN_007039,U_LEGIT_0806,151.55,873,D_SHARED_BENIGN_06,IP_LEGIT_1997,C_LEGIT_0251,M_008,0,5,0,1,1,0,NONE
TXN_007581,U_LEGIT_1215,157.63,692,D_LEGIT_1650,IP_LEGIT_0318,C_LEGIT_1901,M_098,0,3,0,1,1,0,NONE
TXN_002084,U_LEGIT_0043,95.26,1154,D_LEGIT_1092,IP_SHARED_BENIGN_02,C_LEGIT_0195,M_105,0,3,0,2,2,0,NONE
TXN_009668,U_CYCLE_007,841.34,2,D_CYCLE_022,IP_CYCLE_010,C_STOLEN_POOL_02,M_137,12,40,5,2,9,1,CARD_CYCLING
TXN_003887,U_LEGIT_0906,203.89,985,D_LEGIT_1260,IP_LEGIT_0232,C_LEGIT_0827,M_060,0,1,0,1,1,0,NONE
TXN_001838,U_LEGIT_2416,149.13,614,D_LEGIT_0438,IP_SHARED_BENIGN_01,C_LEGIT_1186,M_004,0,4,0,2,1,0,NONE
TXN_008567,U_LEGIT_1337,13.17,794,D_LEGIT_0540,IP_SHARED_BENIGN_09,C_LEGIT_2490,M_130,0,5,0,2,1,0,NONE
TXN_002238,U_LEGIT_2304,45.89,267,D_LEGIT_0640,IP_SHARED_BENIGN_06,C_LEGIT_0352,M_060,0,5,0,1,1,0,NONE
TXN_008564,U_LEGIT_2177,51.77,108,D_LEGIT_0823,IP_LEGIT_0879,C_LEGIT_1967,M_092,0,3,0,1,1,0,NONE
TXN_006841,U_LEGIT_1451,60.15,127,D_LEGIT_0186,IP_LEGIT_0420,C_LEGIT_2944,M_140,0,2,0,1,1,0,NONE
TXN_007848,U_LEGIT_1839,156.43,288,D_LEGIT_0701,IP_LEGIT_1197,C_LEGIT_0861,M_030,1,4,0,1,1,0,NONE
TXN_004264,U_LEGIT_1736,139.71,203,D_LEGIT_1976,IP_LEGIT_0670,C_LEGIT_1374,M_136,0,5,0,1,2,0,NONE
TXN_008186,U_LEGIT_2407,114.09,330,D_LEGIT_1501,IP_LEGIT_1556,C_LEGIT_0410,M_076,0,2,0,2,2,0,NONE
TXN_001705,U_LEGIT_2010,120.2,967,D_LEGIT_0316,IP_LEGIT_0662,C_LEGIT_0836,M_060,0,1,0,1,1,0,NONE
TXN_009531,U_FARM_013,162.78,4,D_FARM_HUB_01,IP_FARM_PROXY_01,C_FARM_021,M_090,18,63,3,1,4,1,DEVICE_FARM
TXN_003215,U_LEGIT_1208,27.02,51,D_LEGIT_1857,IP_LEGIT_0912,C_LEGIT_1566,M_138,0,5,0,1,1,0,NONE
TXN_008301,U_LEGIT_2261,120.58,1027,D_LEGIT_1815,IP_LEGIT_1975,C_LEGIT_1241,M_033,0,4,0,2,1,0,NONE
TXN_008437,U_LEGIT_1977,245.33,147,D_LEGIT_1223,IP_LEGIT_1827,C_LEGIT_1460,M_082,0,3,0,1,2,0,NONE
TXN_003528,U_LEGIT_1642,20.41,389,D_LEGIT_1994,IP_LEGIT_0229,C_LEGIT_0919,M_012,0,3,0,1,1,0,NONE
TXN_009187,U_INDIV_0097,2774.27,6,D_INDIV_0317,IP_INDIV_0284,C_INDIV_0227,M_150,12,31,7,3,8,1,INDIVIDUAL_FRAUD
TXN_005727,U_LEGIT_0963,178.37,330,D_LEGIT_1168,IP_LEGIT_0550,C_LEGIT_2094,M_010,0,2,0,2,1,0,NONE
TXN_008710,U_LEGIT_1136,183.32,1160,D_LEGIT_1692,IP_LEGIT_0337,C_LEGIT_2190,M_055,0,1,0,1,1,0,NONE
TXN_004556,U_LEGIT_1693,104.31,405,D_LEGIT_0969,IP_LEGIT_0737,C_LEGIT_2301,M_111,0,3,1,1,1,0,NONE
TXN_006055,U_LEGIT_2277,90.65,85,D_LEGIT_1492,IP_LEGIT_0086,C_LEGIT_0972,M_058,1,4,0,1,1,0,NONE
TXN_003449,U_LEGIT_0711,157.47,1074,D_LEGIT_0620,IP_LEGIT_0156,C_LEGIT_2466,M_132,1,1,0,1,1,0,NONE
TXN_001726,U_LEGIT_1234,224.64,535,D_LEGIT_0522,IP_LEGIT_0101,C_LEGIT_2144,M_065,0,2,0,1,1,0,NONE
TXN_000074,U_LEGIT_2039,69.79,49,D_LEGIT_0294,IP_LEGIT_1307,C_LEGIT_1041,M_118,1,4,0,1,1,0,NONE
TXN_003606,U_LEGIT_0873,122.22,782,D_LEGIT_0597,IP_LEGIT_0906,C_LEGIT_1475,M_102,1,3,0,1,1,0,NONE
TXN_005383,U_LEGIT_1942,140.94,422,D_LEGIT_0947,IP_LEGIT_1831,C_LEGIT_0572,M_063,0,4,0,2,1,0,NONE
TXN_006883,U_LEGIT_1161,244.31,985,D_LEGIT_1822,IP_LEGIT_1250,C_LEGIT_1617,M_051,0,3,0,1,1,0,NONE
TXN_001405,U_LEGIT_1418,43.45,770,D_LEGIT_0499,IP_LEGIT_1405,C_LEGIT_2323,M_088,0,1,0,2,1,0,NONE
TXN_004135,U_LEGIT_1122,115.68,864,D_LEGIT_1848,IP_LEGIT_0994,C_LEGIT_1808,M_077,0,5,0,1,1,0,NONE
TXN_000443,U_LEGIT_1987,152.12,345,D_LEGIT_1081,IP_LEGIT_0703,C_LEGIT_0346,M_038,0,4,0,1,2,0,NONE
TXN_003295,U_LEGIT_0884,184.7,987,D_LEGIT_1710,IP_LEGIT_1225,C_LEGIT_0853,M_044,0,2,0,2,1,0,NONE
TXN_001629,U_LEGIT_0831,124.43,277,D_LEGIT_1801,IP_LEGIT_1298,C_LEGIT_1574,M_065,0,4,0,1,1,0,NONE
TXN_002273,U_LEGIT_1850,247.01,963,D_LEGIT_0175,IP_SHARED_BENIGN_08,C_LEGIT_2767,M_056,0,5,0,1,2,0,NONE
TXN_000413,U_LEGIT_1190,186.47,454,D_LEGIT_0004,IP_LEGIT_0953,C_LEGIT_2562,M_031,0,4,0,1,1,0,NONE
TXN_003047,U_LEGIT_0520,86.33,55,D_LEGIT_1668,IP_LEGIT_1310,C_LEGIT_0117,M_016,0,3,0,2,1,0,NONE
TXN_003128,U_LEGIT_2226,147.54,687,D_LEGIT_1401,IP_SHARED_BENIGN_08,C_LEGIT_2194,M_110,0,4,0,1,1,0,NONE
TXN_006909,U_LEGIT_1568,219.89,913,D_LEGIT_1255,IP_SHARED_BENIGN_10,C_LEGIT_0350,M_022,0,2,0,1,1,0,NONE
TXN_001751,U_LEGIT_1672,98.97,35,D_LEGIT_0835,IP_LEGIT_0670,C_LEGIT_2880,M_148,0,1,0,2,1,0,NONE
TXN_002104,U_LEGIT_1678,202.01,478,D_LEGIT_1029,IP_SHARED_BENIGN_07,C_LEGIT_1141,M_083,0,3,0,1,2,0,NONE
TXN_002546,U_LEGIT_2321,77.67,948,D_LEGIT_1982,IP_SHARED_BENIGN_06,C_LEGIT_1218,M_136,0,5,0,2,2,0,NONE
TXN_005336,U_LEGIT_2342,97.6,34,D_LEGIT_1336,IP_LEGIT_1495,C_LEGIT_0316,M_018,1,1,0,2,1,0,NONE
TXN_003126,U_LEGIT_0772,199.79,49,D_LEGIT_0479,IP_SHARED_BENIGN_07,C_LEGIT_1108,M_149,0,3,0,1,1,0,NONE
TXN_007716,U_LEGIT_1181,49.82,55,D_LEGIT_1498,IP_LEGIT_1920,C_LEGIT_1612,M_048,0,2,0,1,2,0,NONE
TXN_001068,U_LEGIT_1070,120.52,332,D_LEGIT_0607,IP_SHARED_BENIGN_07,C_LEGIT_0323,M_095,0,4,0,2,1,0,NONE
TXN_008771,U_LEGIT_1527,8.34,1028,D_LEGIT_1505,IP_SHARED_BENIGN_03,C_LEGIT_2417,M_029,0,4,0,1,2,0,NONE
TXN_002752,U_LEGIT_0573,13.82,54,D_LEGIT_0009,IP_LEGIT_1614,C_LEGIT_0829,M_023,0,1,0,1,1,0,NONE
TXN_005164,U_LEGIT_2260,81.0,67,D_LEGIT_1913,IP_LEGIT_0741,C_LEGIT_1691,M_120,0,5,0,1,2,0,NONE
TXN_005307,U_LEGIT_0451,42.01,658,D_LEGIT_0368,IP_LEGIT_0072,C_LEGIT_0962,M_116,0,1,0,1,1,0,NONE
TXN_002009,U_LEGIT_2481,153.21,958,D_LEGIT_1264,IP_LEGIT_0694,C_LEGIT_1596,M_030,0,1,0,2,1,0,NONE
TXN_006522,U_LEGIT_1300,33.37,448,D_LEGIT_1391,IP_LEGIT_1287,C_LEGIT_0232,M_111,0,3,0,2,1,0,NONE
TXN_006197,U_LEGIT_0469,89.87,931,D_LEGIT_0604,IP_LEGIT_0661,C_LEGIT_2681,M_137,2,5,1,1,1,0,NONE
TXN_001509,U_LEGIT_1591,162.46,1013,D_LEGIT_1901,IP_LEGIT_1910,C_LEGIT_2040,M_114,0,3,0,2,2,0,NONE
TXN_009241,U_INDIV_0113,2598.48,7,D_INDIV_0356,IP_INDIV_0362,C_INDIV_0299,M_062,6,40,8,6,6,1,INDIVIDUAL_FRAUD
TXN_002980,U_LEGIT_2388,195.4,1167,D_LEGIT_0149,IP_LEGIT_1097,C_LEGIT_1117,M_012,0,3,0,1,1,0,NONE
TXN_006635,U_LEGIT_1313,138.55,946,D_LEGIT_0491,IP_LEGIT_1360,C_LEGIT_1406,M_127,0,5,0,1,1,0,NONE
TXN_004623,U_LEGIT_1054,208.04,1017,D_LEGIT_1242,IP_LEGIT_0717,C_LEGIT_1780,M_025,0,3,1,1,2,0,NONE
TXN_000155,U_LEGIT_1661,52.72,317,D_LEGIT_1056,IP_LEGIT_0821,C_LEGIT_2742,M_025,0,2,0,2,1,0,NONE
TXN_000326,U_LEGIT_0864,38.95,359,D_LEGIT_1326,IP_LEGIT_0046,C_LEGIT_0999,M_012,0,5,0,1,1,0,NONE
TXN_003693,U_LEGIT_1260,35.11,1109,D_LEGIT_0847,IP_LEGIT_0082,C_LEGIT_1998,M_030,0,5,0,1,1,0,NONE
TXN_005870,U_LEGIT_0164,83.23,893,D_LEGIT_0702,IP_LEGIT_1664,C_LEGIT_1968,M_079,1,4,0,1,1,0,NONE
TXN_001862,U_LEGIT_0450,145.25,211,D_LEGIT_0848,IP_LEGIT_0785,C_LEGIT_2944,M_075,0,4,1,1,2,0,NONE
TXN_007996,U_LEGIT_0015,227.22,437,D_LEGIT_0368,IP_LEGIT_0769,C_LEGIT_2948,M_064,0,1,1,1,1,0,NONE
TXN_006379,U_LEGIT_0387,152.4,1182,D_SHARED_BENIGN_06,IP_LEGIT_1345,C_LEGIT_0660,M_026,0,3,0,1,1,0,NONE
TXN_001516,U_LEGIT_0245,233.92,495,D_LEGIT_1094,IP_LEGIT_0336,C_LEGIT_1874,M_112,0,5,1,1,2,0,NONE
TXN_004496,U_LEGIT_1197,232.75,521,D_LEGIT_1514,IP_LEGIT_1576,C_LEGIT_2368,M_045,1,1,0,1,1,0,NONE
TXN_009657,U_CYCLE_013,122.63,10,D_CYCLE_003,IP_CYCLE_016,C_STOLEN_POOL_05,M_140,13,33,10,5,6,1,CARD_CYCLING
TXN_001250,U_LEGIT_0002,40.03,1045,D_LEGIT_0449,IP_LEGIT_0488,C_LEGIT_2103,M_082,0,3,0,1,1,0,NONE
TXN_008714,U_LEGIT_1405,183.05,30,D_LEGIT_1226,IP_LEGIT_0843,C_LEGIT_0393,M_080,0,4,0,1,1,0,NONE
TXN_000914,U_LEGIT_1741,98.22,999,D_LEGIT_1299,IP_LEGIT_1653,C_LEGIT_1845,M_129,0,5,1,1,1,0,NONE
TXN_000690,U_LEGIT_1564,235.53,323,D_LEGIT_0335,IP_LEGIT_0171,C_LEGIT_1042,M_109,0,1,0,1,1,0,NONE
TXN_002728,U_LEGIT_0500,24.23,378,D_LEGIT_0595,IP_LEGIT_1484,C_LEGIT_2046,M_079,0,3,0,1,1,0,NONE
TXN_008552,U_LEGIT_0003,120.58,798,D_LEGIT_0257,IP_LEGIT_0486,C_LEGIT_1105,M_089,1,5,0,2,1,0,NONE
TXN_005765,U_LEGIT_0367,99.4,663,D_LEGIT_0361,IP_LEGIT_1114,C_LEGIT_0020,M_101,0,4,0,2,1,0,NONE
TXN_002596,U_LEGIT_1105,141.54,488,D_LEGIT_0228,IP_LEGIT_0699,C_LEGIT_2883,M_044,1,5,0,1,2,0,NONE
TXN_000395,U_LEGIT_1266,166.81,1186,D_LEGIT_1841,IP_LEGIT_0277,C_LEGIT_1762,M_038,1,3,0,1,1,0,NONE
TXN_009652,U_CYCLE_012,377.35,11,D_CYCLE_011,IP_CYCLE_009,C_STOLEN_POOL_04,M_128,13,35,10,4,8,1,CARD_CYCLING
TXN_001021,U_LEGIT_0020,246.87,497,D_LEGIT_1351,IP_LEGIT_1703,C_LEGIT_1355,M_046,0,4,0,1,1,0,NONE
TXN_008813,U_LEGIT_1817,33.63,749,D_LEGIT_1342,IP_LEGIT_1458,C_LEGIT_1648,M_052,0,2,0,1,1,0,NONE
TXN_008430,U_LEGIT_2497,166.8,637,D_LEGIT_1699,IP_LEGIT_0989,C_LEGIT_1659,M_111,0,5,0,1,1,0,NONE
TXN_004410,U_LEGIT_2407,41.11,449,D_LEGIT_0533,IP_LEGIT_1579,C_LEGIT_0289,M_002,0,4,0,2,1,0,NONE
TXN_008292,U_LEGIT_1884,46.58,1194,D_LEGIT_0327,IP_LEGIT_1025,C_LEGIT_0388,M_090,0,1,0,1,2,0,NONE
TXN_004837,U_LEGIT_1203,145.05,817,D_LEGIT_1687,IP_LEGIT_0284,C_LEGIT_1700,M_141,0,2,0,1,2,0,NONE
TXN_002340,U_LEGIT_0399,98.01,175,D_LEGIT_0186,IP_LEGIT_0117,C_LEGIT_2872,M_133,1,3,0,2,1,0,NONE
TXN_001208,U_LEGIT_2012,158.44,116,D_LEGIT_1573,IP_SHARED_BENIGN_03,C_LEGIT_1184,M_129,0,4,0,2,2,0,NONE
TXN_003242,U_LEGIT_1203,116.35,1157,D_LEGIT_0477,IP_LEGIT_1903,C_LEGIT_0442,M_137,0,4,0,1,1,0,NONE
TXN_004352,U_LEGIT_0796,189.86,581,D_SHARED_BENIGN_04,IP_LEGIT_1754,C_LEGIT_0041,M_049,0,2,0,1,1,0,NONE
TXN_008006,U_LEGIT_0915,175.57,632,D_LEGIT_0348,IP_LEGIT_1413,C_LEGIT_2291,M_074,0,1,0,1,2,0,NONE
TXN_009788,U_BURST_005,1136.66,0,D_BURST_005,IP_BURST_SUBNET_01,C_BURST_024,M_062,20,29,2,1,2,1,ACCOUNT_BURST
TXN_002969,U_LEGIT_0384,100.9,921,D_LEGIT_0317,IP_LEGIT_1377,C_LEGIT_0228,M_111,0,3,0,1,1,0,NONE
TXN_005180,U_LEGIT_2338,211.95,71,D_LEGIT_0557,IP_SHARED_BENIGN_02,C_LEGIT_1546,M_045,0,4,0,1,2,0,NONE
TXN_007132,U_LEGIT_1306,184.6,879,D_LEGIT_0337,IP_LEGIT_1583,C_LEGIT_1114,M_140,0,1,0,2,1,0,NONE
TXN_004129,U_LEGIT_1313,179.54,89,D_LEGIT_0060,IP_LEGIT_0465,C_LEGIT_2630,M_123,1,4,0,1,1,0,NONE
TXN_004185,U_LEGIT_1247,85.87,435,D_LEGIT_1152,IP_LEGIT_0046,C_LEGIT_2397,M_127,0,2,0,1,1,0,NONE
TXN_007885,U_LEGIT_1460,126.74,49,D_LEGIT_1813,IP_LEGIT_0725,C_LEGIT_1690,M_063,0,2,0,1,1,0,NONE
TXN_009468,U_INDIV_0096,1553.89,7,D_INDIV_0084,IP_INDIV_0317,C_INDIV_0382,M_014,17,16,3,7,3,1,INDIVIDUAL_FRAUD
TXN_009930,U_DIST_018,36.39,4,D_DIST_027,IP_DIST_PROXY_01,C_DIST_010,M_TARGET_HIGHVAL_99,5,17,0,1,1,1,DISTRIBUTED_ABUSE
TXN_009606,U_FARM_010,378.44,1,D_FARM_HUB_02,IP_FARM_PROXY_01,C_FARM_013,M_119,9,26,7,1,3,1,DEVICE_FARM
TXN_000201,U_LEGIT_2202,126.49,317,D_LEGIT_1322,IP_LEGIT_0355,C_LEGIT_2273,M_043,0,4,0,1,1,0,NONE
TXN_009180,U_INDIV_0090,1265.44,6,D_INDIV_0041,IP_INDIV_0303,C_INDIV_0051,M_125,10,29,8,3,6,1,INDIVIDUAL_FRAUD
TXN_002323,U_LEGIT_0638,119.57,957,D_LEGIT_0527,IP_LEGIT_0702,C_LEGIT_0725,M_093,0,3,0,1,1,0,NONE
TXN_006372,U_LEGIT_2410,240.76,725,D_LEGIT_1935,IP_LEGIT_0211,C_LEGIT_0924,M_133,0,5,0,1,2,0,NONE
TXN_000729,U_LEGIT_0313,154.29,394,D_LEGIT_0243,IP_LEGIT_1894,C_LEGIT_0348,M_012,0,3,0,2,1,0,NONE
TXN_000777,U_LEGIT_0040,200.45,506,D_LEGIT_0023,IP_LEGIT_0438,C_LEGIT_1907,M_146,0,4,0,1,1,0,NONE
TXN_000697,U_LEGIT_1666,236.66,368,D_LEGIT_1732,IP_SHARED_BENIGN_02,C_LEGIT_0315,M_062,0,1,0,2,1,0,NONE
TXN_008841,U_LEGIT_0602,237.74,928,D_LEGIT_0289,IP_LEGIT_0459,C_LEGIT_1567,M_051,0,2,0,1,1,0,NONE
TXN_007178,U_LEGIT_0332,153.77,880,D_LEGIT_0825,IP_SHARED_BENIGN_03,C_LEGIT_1404,M_089,2,2,0,1,1,0,NONE
TXN_008033,U_LEGIT_0332,14.84,1189,D_LEGIT_1566,IP_LEGIT_1435,C_LEGIT_1303,M_086,0,2,0,1,2,0,NONE
TXN_009014,U_INDIV_0078,2664.66,4,D_INDIV_0051,IP_INDIV_0395,C_INDIV_0354,M_075,15,25,9,3,3,1,INDIVIDUAL_FRAUD
TXN_009410,U_INDIV_0056,2789.3,2,D_INDIV_0354,IP_INDIV_0247,C_INDIV_0068,M_007,16,18,8,3,6,1,INDIVIDUAL_FRAUD
TXN_001966,U_LEGIT_0556,86.1,1045,D_LEGIT_1275,IP_LEGIT_0953,C_LEGIT_0624,M_112,0,1,0,1,1,0,NONE
TXN_006705,U_LEGIT_0564,202.16,667,D_LEGIT_0289,IP_LEGIT_1929,C_LEGIT_1086,M_066,0,4,0,2,2,0,NONE
TXN_005320,U_LEGIT_1559,206.39,447,D_LEGIT_0901,IP_LEGIT_1224,C_LEGIT_2258,M_146,1,2,0,1,2,0,NONE
TXN_001850,U_LEGIT_1859,168.17,1156,D_LEGIT_0970,IP_LEGIT_1776,C_LEGIT_0994,M_071,0,3,0,2,1,0,NONE
TXN_009210,U_INDIV_0162,2954.66,5,D_INDIV_0287,IP_INDIV_0132,C_INDIV_0351,M_109,8,48,6,5,3,1,INDIVIDUAL_FRAUD
TXN_006873,U_LEGIT_1226,158.81,189,D_LEGIT_0124,IP_LEGIT_1121,C_LEGIT_1464,M_068,0,3,0,2,2,0,NONE
TXN_004579,U_LEGIT_0931,228.88,240,D_LEGIT_0373,IP_LEGIT_1472,C_LEGIT_2908,M_002,0,3,0,1,1,0,NONE
TXN_004809,U_LEGIT_1454,216.11,279,D_LEGIT_1648,IP_LEGIT_1468,C_LEGIT_2785,M_004,0,5,0,2,1,0,NONE
TXN_006174,U_LEGIT_1312,21.2,668,D_LEGIT_1974,IP_LEGIT_1239,C_LEGIT_0088,M_063,0,1,0,1,1,0,NONE
TXN_007512,U_LEGIT_0129,25.95,964,D_LEGIT_1918,IP_LEGIT_1556,C_LEGIT_2066,M_014,0,3,0,2,2,0,NONE
TXN_007978,U_LEGIT_2017,172.16,349,D_LEGIT_0406,IP_LEGIT_0464,C_LEGIT_0722,M_126,0,1,0,1,2,0,NONE
TXN_000206,U_LEGIT_0847,152.44,374,D_LEGIT_1650,IP_SHARED_BENIGN_06,C_LEGIT_2181,M_072,0,3,0,1,1,0,NONE
TXN_000506,U_LEGIT_2031,87.4,266,D_LEGIT_1444,IP_LEGIT_1479,C_LEGIT_0167,M_022,0,4,0,1,2,0,NONE
TXN_006828,U_LEGIT_0297,93.53,551,D_LEGIT_1528,IP_LEGIT_0319,C_LEGIT_2918,M_003,0,4,0,1,2,0,NONE
TXN_000472,U_LEGIT_0182,136.53,1011,D_SHARED_BENIGN_08,IP_LEGIT_1033,C_LEGIT_0138,M_109,0,1,0,1,1,0,NONE
TXN_000032,U_LEGIT_2078,38.8,891,D_LEGIT_0837,IP_LEGIT_1428,C_LEGIT_1212,M_142,0,4,0,1,1,0,NONE
TXN_001263,U_LEGIT_1559,127.77,1119,D_LEGIT_1974,IP_LEGIT_1474,C_LEGIT_2572,M_119,0,5,0,2,2,0,NONE
TXN_005363,U_LEGIT_1273,122.57,838,D_LEGIT_1538,IP_LEGIT_1443,C_LEGIT_0820,M_087,0,3,0,1,1,0,NONE
TXN_005157,U_LEGIT_0132,18.49,215,D_LEGIT_0963,IP_LEGIT_0811,C_LEGIT_1718,M_138,0,5,0,2,1,0,NONE
TXN_003673,U_LEGIT_0035,87.09,539,D_LEGIT_1194,IP_LEGIT_0667,C_LEGIT_0678,M_082,0,4,0,1,2,0,NONE
TXN_009144,U_INDIV_0069,609.23,2,D_INDIV_0392,IP_INDIV_0367,C_INDIV_0012,M_067,8,24,5,6,8,1,INDIVIDUAL_FRAUD
TXN_005323,U_LEGIT_0743,150.84,39,D_LEGIT_0135,IP_LEGIT_0789,C_LEGIT_0503,M_013,0,1,0,1,2,0,NONE
TXN_009619,U_FARM_006,172.38,0,D_FARM_HUB_02,IP_FARM_PROXY_01,C_FARM_030,M_143,16,39,6,1,4,1,DEVICE_FARM
TXN_008931,U_LEGIT_2474,246.23,816,D_LEGIT_1378,IP_LEGIT_0920,C_LEGIT_2400,M_057,0,2,1,2,2,0,NONE
TXN_004719,U_LEGIT_0482,232.73,1152,D_LEGIT_0084,IP_LEGIT_1002,C_LEGIT_1931,M_049,0,1,0,2,1,0,NONE
TXN_003194,U_LEGIT_0993,21.0,528,D_LEGIT_0982,IP_LEGIT_1286,C_LEGIT_2253,M_084,0,2,0,2,1,0,NONE
TXN_002642,U_LEGIT_0593,52.25,739,D_LEGIT_0947,IP_LEGIT_0282,C_LEGIT_1412,M_071,0,1,0,1,1,0,NONE
TXN_006463,U_LEGIT_1395,223.94,34,D_LEGIT_0599,IP_LEGIT_1436,C_LEGIT_2740,M_090,0,4,0,1,1,0,NONE
TXN_004690,U_LEGIT_1202,106.35,487,D_SHARED_BENIGN_04,IP_LEGIT_1079,C_LEGIT_1282,M_091,0,2,0,1,1,0,NONE
TXN_009786,U_BURST_013,651.53,0,D_BURST_010,IP_BURST_SUBNET_01,C_BURST_001,M_018,20,32,4,1,2,1,ACCOUNT_BURST
TXN_005896,U_LEGIT_2328,111.06,996,D_LEGIT_1429,IP_LEGIT_1481,C_LEGIT_2648,M_042,0,3,0,1,1,0,NONE
TXN_009553,U_FARM_001,405.91,5,D_FARM_HUB_02,IP_FARM_PROXY_01,C_FARM_007,M_014,12,28,6,1,4,1,DEVICE_FARM
TXN_008758,U_LEGIT_1369,154.49,874,D_LEGIT_0254,IP_LEGIT_0005,C_LEGIT_1590,M_132,0,5,0,2,1,0,NONE
TXN_006472,U_LEGIT_0193,209.79,742,D_LEGIT_1227,IP_LEGIT_1406,C_LEGIT_0222,M_104,1,1,0,2,1,0,NONE
TXN_006568,U_LEGIT_1807,88.55,1131,D_LEGIT_1521,IP_SHARED_BENIGN_02,C_LEGIT_1874,M_069,0,2,0,1,2,0,NONE
TXN_001856,U_LEGIT_2247,107.94,237,D_LEGIT_1535,IP_LEGIT_1370,C_LEGIT_2367,M_007,0,5,0,2,1,0,NONE
TXN_002678,U_LEGIT_1004,205.37,228,D_LEGIT_0172,IP_LEGIT_1889,C_LEGIT_1464,M_098,0,1,0,1,1,0,NONE
TXN_007019,U_LEGIT_1100,242.69,354,D_LEGIT_1991,IP_LEGIT_0336,C_LEGIT_2124,M_140,0,1,0,1,1,0,NONE
TXN_000356,U_LEGIT_1597,39.77,379,D_LEGIT_0507,IP_LEGIT_0908,C_LEGIT_2567,M_033,0,3,0,1,2,0,NONE
TXN_003883,U_LEGIT_1547,39.0,654,D_LEGIT_0657,IP_LEGIT_1503,C_LEGIT_2189,M_075,0,3,1,1,1,0,NONE
TXN_005506,U_LEGIT_2401,133.52,372,D_LEGIT_0456,IP_LEGIT_0410,C_LEGIT_0595,M_038,0,5,0,1,1,0,NONE
TXN_001389,U_LEGIT_1894,239.59,555,D_SHARED_BENIGN_07,IP_LEGIT_1394,C_LEGIT_0061,M_002,1,1,0,1,1,0,NONE
TXN_001276,U_LEGIT_1479,47.4,310,D_LEGIT_1730,IP_LEGIT_1143,C_LEGIT_1427,M_103,1,5,0,2,2,0,NONE
TXN_009418,U_INDIV_0050,634.15,6,D_INDIV_0276,IP_INDIV_0177,C_INDIV_0308,M_128,15,49,5,5,8,1,INDIVIDUAL_FRAUD
TXN_001236,U_LEGIT_0602,145.81,428,D_LEGIT_0211,IP_LEGIT_1582,C_LEGIT_2050,M_080,1,2,0,1,1,0,NONE
TXN_009911,U_DIST_007,37.17,5,D_DIST_005,IP_DIST_PROXY_01,C_DIST_029,M_TARGET_HIGHVAL_99,6,11,0,2,1,1,DISTRIBUTED_ABUSE
TXN_009329,U_INDIV_0010,897.54,3,D_INDIV_0036,IP_INDIV_0183,C_INDIV_0367,M_008,10,17,6,6,6,1,INDIVIDUAL_FRAUD
TXN_009380,U_INDIV_0133,686.72,6,D_INDIV_0248,IP_INDIV_0070,C_INDIV_0354,M_135,7,30,8,5,6,1,INDIVIDUAL_FRAUD
TXN_009035,U_INDIV_0143,2355.49,1,D_INDIV_0375,IP_INDIV_0365,C_INDIV_0296,M_032,6,33,7,5,3,1,INDIVIDUAL_FRAUD
TXN_003772,U_LEGIT_0864,139.66,659,D_LEGIT_0504,IP_LEGIT_1743,C_LEGIT_2600,M_143,1,4,0,1,1,0,NONE
TXN_005201,U_LEGIT_0476,220.21,649,D_LEGIT_0268,IP_LEGIT_1208,C_LEGIT_0230,M_016,0,4,0,1,1,0,NONE
TXN_007239,U_LEGIT_1591,99.26,153,D_LEGIT_0533,IP_LEGIT_1700,C_LEGIT_1778,M_061,0,3,0,1,1,0,NONE
TXN_005396,U_LEGIT_0075,10.63,491,D_LEGIT_0632,IP_LEGIT_1774,C_LEGIT_2171,M_100,0,4,0,1,2,0,NONE
TXN_001128,U_LEGIT_0378,140.6,896,D_LEGIT_1173,IP_LEGIT_1607,C_LEGIT_0721,M_074,1,2,0,1,1,0,NONE
TXN_003616,U_LEGIT_0886,11.88,354,D_LEGIT_1465,IP_LEGIT_0523,C_LEGIT_0737,M_147,0,5,0,2,1,0,NONE
TXN_007905,U_LEGIT_0741,190.6,777,D_LEGIT_0814,IP_LEGIT_0748,C_LEGIT_0707,M_054,1,1,0,1,1,0,NONE
TXN_003539,U_LEGIT_2032,92.35,658,D_LEGIT_0924,IP_LEGIT_0224,C_LEGIT_2131,M_062,0,2,0,1,1,0,NONE
TXN_003327,U_LEGIT_1519,203.05,538,D_LEGIT_0211,IP_LEGIT_1118,C_LEGIT_1485,M_095,0,2,0,1,1,0,NONE
TXN_002583,U_LEGIT_0078,202.03,471,D_LEGIT_0720,IP_LEGIT_0880,C_LEGIT_0392,M_029,0,5,0,1,1,0,NONE
TXN_009557,U_FARM_007,390.62,4,D_FARM_HUB_02,IP_FARM_PROXY_01,C_FARM_022,M_129,15,56,6,1,5,1,DEVICE_FARM
TXN_005855,U_LEGIT_1361,63.51,580,D_LEGIT_1856,IP_SHARED_BENIGN_07,C_LEGIT_1479,M_130,0,1,0,1,1,0,NONE
TXN_006124,U_LEGIT_0099,19.94,1155,D_LEGIT_0812,IP_LEGIT_0427,C_LEGIT_0562,M_003,0,1,0,1,1,0,NONE
TXN_006930,U_LEGIT_0289,148.19,1027,D_LEGIT_1613,IP_LEGIT_1939,C_LEGIT_0888,M_055,1,3,0,2,2,0,NONE
TXN_001890,U_LEGIT_0909,233.34,520,D_LEGIT_1271,IP_LEGIT_1472,C_LEGIT_1822,M_065,0,4,0,1,1,0,NONE
TXN_000702,U_LEGIT_2000,33.93,746,D_SHARED_BENIGN_01,IP_LEGIT_0673,C_LEGIT_1223,M_091,1,2,0,1,1,0,NONE
TXN_004941,U_LEGIT_0999,80.06,456,D_LEGIT_1955,IP_LEGIT_0462,C_LEGIT_0787,M_140,0,2,0,2,1,0,NONE
TXN_006320,U_LEGIT_0426,185.82,1002,D_LEGIT_1952,IP_LEGIT_1483,C_LEGIT_1713,M_080,0,2,0,1,1,0,NONE
TXN_001446,U_LEGIT_0270,110.95,646,D_LEGIT_0655,IP_LEGIT_1735,C_LEGIT_0799,M_031,0,5,0,1,1,0,NONE
TXN_004648,U_LEGIT_2225,215.58,774,D_LEGIT_0129,IP_LEGIT_0286,C_LEGIT_0412,M_061,0,5,0,1,1,0,NONE
TXN_004888,U_LEGIT_2392,17.78,1022,D_LEGIT_1583,IP_LEGIT_1804,C_LEGIT_0595,M_148,1,3,1,1,1,0,NONE
TXN_006948,U_LEGIT_2128,188.57,943,D_LEGIT_1388,IP_LEGIT_0992,C_LEGIT_1426,M_132,0,2,0,1,2,0,NONE
TXN_001612,U_LEGIT_0361,241.3,663,D_LEGIT_0015,IP_LEGIT_1473,C_LEGIT_2564,M_053,0,2,0,1,2,0,NONE
TXN_005946,U_LEGIT_2342,222.65,773,D_LEGIT_0144,IP_LEGIT_1466,C_LEGIT_1641,M_095,0,3,0,1,1,0,NONE
TXN_008583,U_LEGIT_0558,171.15,715,D_LEGIT_0394,IP_LEGIT_0415,C_LEGIT_0831,M_107,0,5,0,1,2,0,NONE
TXN_009681,U_CYCLE_004,740.3,11,D_CYCLE_013,IP_CYCLE_002,C_STOLEN_POOL_03,M_027,7,36,4,3,6,1,CARD_CYCLING
TXN_001003,U_LEGIT_1312,200.52,293,D_LEGIT_0158,IP_LEGIT_0276,C_LEGIT_1318,M_064,0,5,0,1,1,0,NONE
TXN_007210,U_LEGIT_2346,150.19,1079,D_LEGIT_1119,IP_LEGIT_0732,C_LEGIT_2029,M_033,0,2,0,2,1,0,NONE
TXN_009794,U_BURST_013,993.36,0,D_BURST_012,IP_BURST_SUBNET_01,C_BURST_019,M_059,19,19,3,3,3,1,ACCOUNT_BURST
TXN_005632,U_LEGIT_0472,185.68,646,D_LEGIT_0842,IP_LEGIT_1269,C_LEGIT_0645,M_066,1,3,0,1,2,0,NONE
TXN_008749,U_LEGIT_2141,11.56,1009,D_LEGIT_0457,IP_LEGIT_1390,C_LEGIT_0443,M_102,0,1,0,1,1,0,NONE
TXN_004567,U_LEGIT_0805,129.1,779,D_LEGIT_0831,IP_LEGIT_0485,C_LEGIT_0727,M_131,1,5,0,2,1,0,NONE
TXN_004953,U_LEGIT_0502,174.37,676,D_LEGIT_1817,IP_LEGIT_1677,C_LEGIT_1491,M_107,1,4,0,2,1,0,NONE
TXN_007379,U_LEGIT_2446,11.12,273,D_LEGIT_0807,IP_LEGIT_0122,C_LEGIT_2697,M_106,1,1,0,2,2,0,NONE
TXN_007925,U_LEGIT_1717,83.38,71,D_LEGIT_0491,IP_LEGIT_1960,C_LEGIT_2031,M_087,0,2,0,1,2,0,NONE
TXN_009523,U_FARM_016,141.0,0,D_FARM_HUB_02,IP_FARM_PROXY_01,C_FARM_004,M_063,7,35,6,1,5,1,DEVICE_FARM
TXN_007883,U_LEGIT_0546,167.43,971,D_LEGIT_0650,IP_LEGIT_0167,C_LEGIT_1848,M_021,1,5,0,2,1,0,NONE
TXN_000499,U_LEGIT_0538,205.72,1101,D_LEGIT_0983,IP_LEGIT_1416,C_LEGIT_1486,M_036,0,3,0,1,1,0,NONE
TXN_003557,U_LEGIT_2231,163.05,1030,D_LEGIT_0330,IP_LEGIT_0483,C_LEGIT_1364,M_016,0,2,0,1,1,0,NONE
TXN_008366,U_LEGIT_0142,219.89,351,D_LEGIT_1590,IP_LEGIT_0369,C_LEGIT_0009,M_064,0,1,1,1,1,0,NONE
TXN_001540,U_LEGIT_1281,60.8,370,D_SHARED_BENIGN_02,IP_LEGIT_0589,C_LEGIT_1365,M_090,0,5,0,1,2,0,NONE
TXN_008335,U_LEGIT_0628,49.16,703,D_LEGIT_0300,IP_LEGIT_1571,C_LEGIT_0313,M_045,0,1,0,1,1,0,NONE
TXN_004090,U_LEGIT_1682,173.68,150,D_LEGIT_0563,IP_LEGIT_0218,C_LEGIT_0779,M_044,0,1,0,1,1,0,NONE
TXN_001526,U_LEGIT_1794,197.21,966,D_LEGIT_0812,IP_LEGIT_1152,C_LEGIT_0016,M_142,0,4,0,1,1,0,NONE
TXN_002164,U_LEGIT_2097,58.84,1068,D_LEGIT_0934,IP_LEGIT_0794,C_LEGIT_2799,M_148,0,1,0,1,1,0,NONE
TXN_003586,U_LEGIT_0147,160.9,1051,D_LEGIT_1326,IP_LEGIT_1974,C_LEGIT_1334,M_003,0,3,0,1,1,0,NONE
TXN_000894,U_LEGIT_0540,215.61,598,D_SHARED_BENIGN_02,IP_SHARED_BENIGN_01,C_LEGIT_1288,M_025,2,2,0,1,1,0,NONE
TXN_000628,U_LEGIT_0924,80.51,77,D_LEGIT_1405,IP_LEGIT_1563,C_LEGIT_2829,M_138,0,1,0,1,1,0,NONE
TXN_008386,U_LEGIT_2329,44.73,694,D_LEGIT_1108,IP_LEGIT_1673,C_LEGIT_1891,M_060,0,3,0,2,1,0,NONE
TXN_001737,U_LEGIT_2021,195.42,675,D_LEGIT_0910,IP_LEGIT_1095,C_LEGIT_1704,M_033,2,1,0,2,2,0,NONE
TXN_009191,U_INDIV_0148,1362.11,4,D_INDIV_0115,IP_INDIV_0239,C_INDIV_0308,M_099,17,48,3,3,7,1,INDIVIDUAL_FRAUD
TXN_000368,U_LEGIT_1387,177.72,249,D_LEGIT_1556,IP_LEGIT_0123,C_LEGIT_1457,M_040,0,2,0,1,2,0,NONE
TXN_008814,U_LEGIT_1000,104.78,574,D_LEGIT_1929,IP_LEGIT_1923,C_LEGIT_2377,M_021,0,4,0,1,1,0,NONE
TXN_001941,U_LEGIT_1871,199.99,990,D_LEGIT_0459,IP_LEGIT_1465,C_LEGIT_0684,M_124,0,1,0,1,1,0,NONE
TXN_003750,U_LEGIT_0721,85.98,886,D_LEGIT_0601,IP_LEGIT_0401,C_LEGIT_0438,M_078,0,2,0,2,1,0,NONE
TXN_005275,U_LEGIT_0248,38.74,884,D_LEGIT_1408,IP_LEGIT_1316,C_LEGIT_0370,M_042,0,2,0,2,1,0,NONE
TXN_002925,U_LEGIT_0247,162.19,935,D_LEGIT_0798,IP_LEGIT_0607,C_LEGIT_1716,M_005,0,3,0,1,2,0,NONE
TXN_009183,U_INDIV_0158,2520.97,7,D_INDIV_0113,IP_INDIV_0160,C_INDIV_0308,M_041,17,16,3,5,3,1,INDIVIDUAL_FRAUD
TXN_008973,U_LEGIT_1049,112.07,323,D_LEGIT_0641,IP_LEGIT_1698,C_LEGIT_0325,M_077,0,5,0,1,1,0,NONE
TXN_001171,U_LEGIT_1291,143.86,268,D_LEGIT_0175,IP_LEGIT_0197,C_LEGIT_2436,M_134,0,4,0,1,1,0,NONE
TXN_007504,U_LEGIT_0641,164.47,1056,D_SHARED_BENIGN_03,IP_SHARED_BENIGN_01,C_LEGIT_2990,M_034,0,3,1,2,1,0,NONE
TXN_003140,U_LEGIT_0927,96.12,1151,D_LEGIT_1852,IP_LEGIT_1858,C_LEGIT_0009,M_148,0,5,0,1,2,0,NONE
TXN_004169,U_LEGIT_1996,186.16,1084,D_LEGIT_0091,IP_LEGIT_0858,C_LEGIT_1328,M_015,0,5,0,2,1,0,NONE
TXN_009762,U_BURST_003,1221.75,1,D_BURST_016,IP_BURST_SUBNET_01,C_BURST_003,M_071,20,16,2,2,1,1,ACCOUNT_BURST
TXN_005832,U_LEGIT_1666,84.55,957,D_LEGIT_1896,IP_LEGIT_0958,C_LEGIT_2174,M_129,1,1,0,1,2,0,NONE
TXN_008616,U_LEGIT_0648,189.09,1078,D_LEGIT_0527,IP_LEGIT_1463,C_LEGIT_1566,M_142,0,1,0,1,1,0,NONE
TXN_008511,U_LEGIT_1478,181.11,354,D_LEGIT_0563,IP_LEGIT_0889,C_LEGIT_1302,M_044,0,1,0,1,2,0,NONE
TXN_008888,U_LEGIT_0779,46.32,443,D_LEGIT_0107,IP_LEGIT_0656,C_LEGIT_0195,M_108,0,4,0,1,1,0,NONE
TXN_006071,U_LEGIT_1172,27.15,880,D_LEGIT_0545,IP_LEGIT_0027,C_LEGIT_1423,M_016,1,1,0,1,1,0,NONE
TXN_002068,U_LEGIT_0246,207.52,189,D_LEGIT_1669,IP_LEGIT_1544,C_LEGIT_2727,M_093,0,5,0,2,1,0,NONE
TXN_008286,U_LEGIT_0484,148.48,698,D_LEGIT_0726,IP_LEGIT_0657,C_LEGIT_2516,M_026,0,1,0,1,2,0,NONE
TXN_005217,U_LEGIT_1767,212.28,49,D_LEGIT_0849,IP_LEGIT_1689,C_LEGIT_1833,M_129,0,5,0,1,1,0,NONE
TXN_005169,U_LEGIT_0264,50.36,253,D_LEGIT_0762,IP_SHARED_BENIGN_03,C_LEGIT_2056,M_008,0,3,0,1,1,0,NONE
TXN_002545,U_LEGIT_0822,233.85,288,D_SHARED_BENIGN_09,IP_LEGIT_0080,C_LEGIT_2838,M_099,0,1,0,1,1,0,NONE
TXN_006022,U_LEGIT_0253,87.03,265,D_LEGIT_0501,IP_LEGIT_1942,C_LEGIT_1998,M_056,0,5,0,1,1,0,NONE
TXN_006307,U_LEGIT_0950,53.37,657,D_LEGIT_1642,IP_LEGIT_1862,C_LEGIT_1389,M_014,0,4,0,1,1,0,NONE
TXN_001274,U_LEGIT_0976,238.56,336,D_LEGIT_0917,IP_LEGIT_0094,C_LEGIT_0066,M_069,0,1,0,1,1,0,NONE
TXN_008017,U_LEGIT_1460,186.04,540,D_SHARED_BENIGN_07,IP_LEGIT_1860,C_LEGIT_2738,M_089,0,4,0,1,2,0,NONE
TXN_004508,U_LEGIT_1418,183.06,431,D_LEGIT_0927,IP_LEGIT_1334,C_LEGIT_1724,M_076,2,1,0,1,1,0,NONE
TXN_005025,U_LEGIT_1651,246.47,505,D_LEGIT_0333,IP_LEGIT_0795,C_LEGIT_0549,M_014,0,1,0,2,2,0,NONE
TXN_004595,U_LEGIT_0419,11.58,715,D_LEGIT_0988,IP_LEGIT_1189,C_LEGIT_2006,M_060,1,3,0,2,1,0,NONE
TXN_007977,U_LEGIT_0369,92.94,1128,D_LEGIT_1248,IP_LEGIT_0619,C_LEGIT_0573,M_065,0,2,0,2,1,0,NONE
TXN_000885,U_LEGIT_1413,184.5,782,D_LEGIT_1901,IP_LEGIT_0583,C_LEGIT_1746,M_150,0,4,0,1,1,0,NONE
TXN_008060,U_LEGIT_0337,188.0,1178,D_LEGIT_0187,IP_LEGIT_0833,C_LEGIT_2231,M_073,1,1,0,1,1,0,NONE
TXN_006567,U_LEGIT_2110,161.01,899,D_LEGIT_0372,IP_LEGIT_1726,C_LEGIT_2010,M_063,0,4,0,2,1,0,NONE
TXN_001662,U_LEGIT_0680,157.97,602,D_LEGIT_0160,IP_LEGIT_1591,C_LEGIT_1226,M_061,0,5,0,1,1,0,NONE
TXN_002513,U_LEGIT_0787,95.92,86,D_LEGIT_1243,IP_SHARED_BENIGN_08,C_LEGIT_1664,M_030,0,1,0,1,1,0,NONE
TXN_003345,U_LEGIT_2025,195.74,178,D_LEGIT_1749,IP_LEGIT_1770,C_LEGIT_2290,M_058,0,1,0,1,1,0,NONE
TXN_000308,U_LEGIT_2118,18.61,424,D_LEGIT_0768,IP_LEGIT_1042,C_LEGIT_1826,M_125,0,1,0,1,1,0,NONE
TXN_003437,U_LEGIT_1321,195.11,837,D_LEGIT_1943,IP_LEGIT_1254,C_LEGIT_1959,M_078,0,1,0,2,2,0,NONE
TXN_008462,U_LEGIT_0606,121.96,1168,D_LEGIT_0368,IP_LEGIT_1641,C_LEGIT_2851,M_084,0,4,0,2,1,0,NONE
TXN_001406,U_LEGIT_0079,25.83,822,D_LEGIT_0878,IP_LEGIT_1862,C_LEGIT_2243,M_016,0,4,0,1,2,0,NONE
TXN_006450,U_LEGIT_0861,120.91,803,D_SHARED_BENIGN_08,IP_LEGIT_0267,C_LEGIT_0489,M_132,0,3,0,2,1,0,NONE
TXN_006831,U_LEGIT_1000,18.06,808,D_LEGIT_1645,IP_LEGIT_1343,C_LEGIT_1074,M_048,0,3,0,1,1,0,NONE
TXN_008849,U_LEGIT_0555,165.17,798,D_SHARED_BENIGN_10,IP_SHARED_BENIGN_05,C_LEGIT_0316,M_062,0,5,0,2,1,0,NONE
TXN_003017,U_LEGIT_2418,160.35,403,D_LEGIT_0189,IP_LEGIT_0964,C_LEGIT_1956,M_020,1,1,0,2,1,0,NONE
TXN_009777,U_BURST_008,1175.0,0,D_BURST_011,IP_BURST_SUBNET_02,C_BURST_023,M_124,16,17,1,2,1,1,ACCOUNT_BURST
TXN_009630,U_CYCLE_021,377.91,10,D_CYCLE_019,IP_CYCLE_023,C_STOLEN_POOL_04,M_009,10,29,10,5,4,1,CARD_CYCLING
TXN_005939,U_LEGIT_0833,182.22,176,D_LEGIT_0578,IP_SHARED_BENIGN_03,C_LEGIT_2233,M_054,0,3,0,2,2,0,NONE
TXN_008332,U_LEGIT_2234,201.7,617,D_LEGIT_1473,IP_LEGIT_0024,C_LEGIT_1910,M_124,0,2,0,1,1,0,NONE
TXN_001113,U_LEGIT_0838,162.54,451,D_LEGIT_1192,IP_LEGIT_0241,C_LEGIT_2968,M_075,0,3,0,2,1,0,NONE
TXN_008682,U_LEGIT_2371,24.64,969,D_LEGIT_0225,IP_LEGIT_1920,C_LEGIT_2441,M_062,1,3,0,1,2,0,NONE
TXN_001016,U_LEGIT_1313,191.18,441,D_LEGIT_1154,IP_LEGIT_1090,C_LEGIT_2137,M_101,0,2,0,1,1,0,NONE
TXN_005039,U_LEGIT_1342,154.42,867,D_SHARED_BENIGN_06,IP_LEGIT_0683,C_LEGIT_2398,M_070,0,2,0,2,1,0,NONE
TXN_009185,U_INDIV_0178,2222.51,1,D_INDIV_0062,IP_INDIV_0232,C_INDIV_0138,M_125,10,48,6,7,7,1,INDIVIDUAL_FRAUD
TXN_005813,U_LEGIT_2189,13.24,980,D_LEGIT_0141,IP_LEGIT_0198,C_LEGIT_2859,M_066,0,1,0,2,1,0,NONE
TXN_006416,U_LEGIT_1616,40.52,252,D_LEGIT_0604,IP_LEGIT_0605,C_LEGIT_2480,M_064,0,5,0,2,1,0,NONE
TXN_009696,U_CYCLE_021,665.83,3,D_CYCLE_019,IP_CYCLE_009,C_STOLEN_POOL_02,M_115,10,30,8,4,9,1,CARD_CYCLING
TXN_005464,U_LEGIT_1270,87.81,1198,D_LEGIT_0935,IP_LEGIT_0066,C_LEGIT_1936,M_035,0,1,0,1,1,0,NONE
TXN_003499,U_LEGIT_0733,92.74,616,D_LEGIT_0096,IP_LEGIT_1584,C_LEGIT_0963,M_051,0,2,0,1,1,0,NONE
TXN_002695,U_LEGIT_0372,183.67,718,D_LEGIT_1023,IP_LEGIT_0542,C_LEGIT_2335,M_107,1,3,0,1,1,0,NONE
TXN_004958,U_LEGIT_0840,170.74,772,D_LEGIT_1122,IP_LEGIT_1598,C_LEGIT_0409,M_110,1,5,0,1,2,0,NONE
TXN_004055,U_LEGIT_1858,232.84,849,D_LEGIT_1289,IP_LEGIT_0753,C_LEGIT_2756,M_061,0,3,0,1,2,0,NONE
TXN_005886,U_LEGIT_0199,78.98,182,D_LEGIT_0618,IP_LEGIT_0253,C_LEGIT_1366,M_046,2,4,0,1,1,0,NONE
TXN_002121,U_LEGIT_0912,89.38,870,D_LEGIT_0885,IP_LEGIT_1347,C_LEGIT_2018,M_027,0,2,0,1,1,0,NONE
TXN_009883,U_DIST_018,57.94,24,D_DIST_027,IP_DIST_PROXY_01,C_DIST_037,M_TARGET_HIGHVAL_99,4,11,1,1,1,1,DISTRIBUTED_ABUSE
TXN_000002,U_LEGIT_2233,176.95,726,D_LEGIT_0920,IP_LEGIT_1658,C_LEGIT_0027,M_041,0,2,0,1,1,0,NONE
TXN_004873,U_LEGIT_0234,101.12,183,D_LEGIT_1669,IP_LEGIT_1541,C_LEGIT_2922,M_052,0,1,0,2,1,0,NONE
TXN_006431,U_LEGIT_2371,174.87,1011,D_LEGIT_1370,IP_LEGIT_0358,C_LEGIT_0434,M_026,0,4,0,1,2,0,NONE
TXN_004944,U_LEGIT_0143,217.78,1183,D_LEGIT_1794,IP_LEGIT_1450,C_LEGIT_2739,M_078,0,2,0,1,1,0,NONE
TXN_008125,U_LEGIT_0375,108.28,290,D_LEGIT_1533,IP_LEGIT_0789,C_LEGIT_2294,M_109,0,3,0,1,1,0,NONE
TXN_001879,U_LEGIT_0640,14.27,813,D_LEGIT_0273,IP_LEGIT_0741,C_LEGIT_1660,M_094,1,4,0,1,1,0,NONE
TXN_004748,U_LEGIT_1910,216.25,978,D_LEGIT_0815,IP_LEGIT_1426,C_LEGIT_2513,M_010,0,5,0,1,1,0,NONE
TXN_004434,U_LEGIT_1654,67.72,341,D_LEGIT_0987,IP_LEGIT_0022,C_LEGIT_1407,M_069,1,5,0,1,1,0,NONE
TXN_007045,U_LEGIT_2468,237.64,427,D_LEGIT_1810,IP_LEGIT_1954,C_LEGIT_0630,M_137,0,5,0,2,1,0,NONE
TXN_002634,U_LEGIT_1845,177.85,922,D_LEGIT_0088,IP_LEGIT_1269,C_LEGIT_2073,M_078,0,5,0,2,2,0,NONE
TXN_009200,U_INDIV_0066,1812.19,2,D_INDIV_0123,IP_INDIV_0373,C_INDIV_0394,M_122,7,43,9,3,6,1,INDIVIDUAL_FRAUD
TXN_009845,U_BURST_013,418.81,0,D_BURST_004,IP_BURST_SUBNET_02,C_BURST_009,M_136,11,22,4,3,2,1,ACCOUNT_BURST
TXN_005545,U_LEGIT_1271,32.6,1111,D_SHARED_BENIGN_05,IP_LEGIT_1713,C_LEGIT_1218,M_008,0,5,0,1,1,0,NONE
TXN_000350,U_LEGIT_2118,215.76,127,D_LEGIT_0647,IP_LEGIT_0615,C_LEGIT_1028,M_144,0,2,0,1,2,0,NONE
TXN_005314,U_LEGIT_0692,61.04,794,D_LEGIT_1920,IP_LEGIT_0512,C_LEGIT_1006,M_034,0,2,0,1,1,0,NONE
TXN_008306,U_LEGIT_2144,139.81,700,D_LEGIT_1340,IP_LEGIT_1873,C_LEGIT_1196,M_043,0,2,0,1,1,0,NONE
TXN_002493,U_LEGIT_1625,39.1,1148,D_LEGIT_0778,IP_LEGIT_1452,C_LEGIT_0182,M_137,1,3,0,2,1,0,NONE
TXN_006036,U_LEGIT_1058,201.12,346,D_SHARED_BENIGN_07,IP_LEGIT_0280,C_LEGIT_2980,M_016,0,5,0,1,1,0,NONE
TXN_000544,U_LEGIT_0218,47.58,986,D_LEGIT_0112,IP_LEGIT_0074,C_LEGIT_1927,M_067,0,4,0,1,2,0,NONE
TXN_006181,U_LEGIT_1847,97.04,977,D_LEGIT_0446,IP_LEGIT_0111,C_LEGIT_2949,M_069,1,3,0,1,2,0,NONE
TXN_009781,U_BURST_011,783.08,1,D_BURST_013,IP_BURST_SUBNET_02,C_BURST_026,M_075,23,15,1,2,3,1,ACCOUNT_BURST
TXN_000462,U_LEGIT_0647,179.03,611,D_SHARED_BENIGN_08,IP_SHARED_BENIGN_01,C_LEGIT_0735,M_023,0,4,0,1,1,0,NONE
TXN_003747,U_LEGIT_1070,66.83,1066,D_LEGIT_0175,IP_LEGIT_1786,C_LEGIT_1067,M_055,1,2,0,1,2,0,NONE
TXN_005935,U_LEGIT_0955,207.53,150,D_LEGIT_1992,IP_SHARED_BENIGN_01,C_LEGIT_2431,M_130,1,5,0,2,1,0,NONE
TXN_003489,U_LEGIT_1674,242.83,1125,D_LEGIT_1356,IP_LEGIT_1861,C_LEGIT_0791,M_007,0,1,0,1,1,0,NONE
TXN_002197,U_LEGIT_1710,245.87,540,D_LEGIT_1867,IP_LEGIT_1613,C_LEGIT_1953,M_022,1,1,0,1,2,0,NONE
TXN_004163,U_LEGIT_0453,232.9,1087,D_LEGIT_0355,IP_LEGIT_1600,C_LEGIT_1798,M_042,1,5,0,1,2,0,NONE
TXN_005389,U_LEGIT_1769,43.74,483,D_LEGIT_0923,IP_SHARED_BENIGN_09,C_LEGIT_2128,M_126,0,1,0,1,1,0,NONE
TXN_004742,U_LEGIT_1467,216.92,280,D_LEGIT_0565,IP_LEGIT_1394,C_LEGIT_1122,M_096,2,4,0,1,1,0,NONE
TXN_001582,U_LEGIT_0612,196.53,95,D_LEGIT_0919,IP_LEGIT_0348,C_LEGIT_0230,M_039,0,2,0,2,1,0,NONE
TXN_001658,U_LEGIT_2473,247.9,1040,D_LEGIT_1239,IP_LEGIT_0947,C_LEGIT_2871,M_041,0,1,0,1,2,0,NONE
TXN_007630,U_LEGIT_2152,75.16,774,D_LEGIT_0157,IP_LEGIT_0183,C_LEGIT_0620,M_017,0,4,0,1,2,0,NONE
TXN_000918,U_LEGIT_0345,224.04,737,D_LEGIT_0259,IP_LEGIT_1297,C_LEGIT_2022,M_111,2,5,0,2,1,0,NONE
TXN_009113,U_INDIV_0037,1009.34,5,D_INDIV_0146,IP_INDIV_0268,C_INDIV_0225,M_045,13,32,4,3,3,1,INDIVIDUAL_FRAUD
TXN_004162,U_LEGIT_1549,210.9,1035,D_LEGIT_0384,IP_LEGIT_0970,C_LEGIT_1434,M_009,0,5,0,1,1,0,NONE
TXN_003521,U_LEGIT_1391,215.44,589,D_LEGIT_1152,IP_LEGIT_1599,C_LEGIT_0865,M_098,0,3,0,1,2,0,NONE
TXN_000113,U_LEGIT_1155,201.9,313,D_LEGIT_1030,IP_LEGIT_1979,C_LEGIT_0664,M_052,1,1,0,1,1,0,NONE
TXN_004509,U_LEGIT_0181,129.21,767,D_LEGIT_1726,IP_LEGIT_0695,C_LEGIT_2243,M_021,0,3,0,1,2,0,NONE
TXN_003814,U_LEGIT_0828,11.01,982,D_SHARED_BENIGN_04,IP_LEGIT_0167,C_LEGIT_2579,M_114,1,1,0,2,2,0,NONE
TXN_000743,U_LEGIT_2049,88.18,1061,D_LEGIT_1540,IP_LEGIT_0729,C_LEGIT_0531,M_025,0,2,0,2,2,0,NONE
TXN_000266,U_LEGIT_0542,180.48,593,D_LEGIT_1232,IP_LEGIT_0459,C_LEGIT_1034,M_079,0,4,0,2,1,0,NONE
TXN_007841,U_LEGIT_0872,149.7,483,D_LEGIT_1143,IP_LEGIT_1940,C_LEGIT_1144,M_009,1,3,0,1,1,0,NONE
TXN_000162,U_LEGIT_0130,98.62,813,D_LEGIT_0369,IP_LEGIT_1569,C_LEGIT_2628,M_108,0,4,0,1,1,0,NONE
TXN_003636,U_LEGIT_0279,210.03,157,D_LEGIT_1493,IP_LEGIT_0789,C_LEGIT_2832,M_043,0,2,0,1,1,0,NONE
TXN_005265,U_LEGIT_1758,198.11,243,D_LEGIT_0496,IP_LEGIT_0991,C_LEGIT_1192,M_041,0,1,0,1,2,0,NONE
TXN_004760,U_LEGIT_0877,195.62,796,D_LEGIT_0493,IP_LEGIT_1365,C_LEGIT_0991,M_121,2,1,0,1,1,0,NONE
TXN_003703,U_LEGIT_0428,162.47,1165,D_LEGIT_0353,IP_LEGIT_1204,C_LEGIT_0719,M_028,0,4,0,1,1,0,NONE
TXN_005580,U_LEGIT_0122,78.42,55,D_LEGIT_0656,IP_LEGIT_0872,C_LEGIT_2931,M_023,0,2,0,1,1,0,NONE
TXN_005073,U_LEGIT_0230,76.3,70,D_LEGIT_1211,IP_LEGIT_0255,C_LEGIT_2159,M_110,0,3,0,1,1,0,NONE
TXN_001169,U_LEGIT_2099,195.18,167,D_LEGIT_0825,IP_LEGIT_0390,C_LEGIT_2544,M_124,2,2,0,2,2,0,NONE
TXN_001359,U_LEGIT_1847,164.11,370,D_LEGIT_1585,IP_LEGIT_0423,C_LEGIT_0995,M_076,0,1,0,2,1,0,NONE
TXN_005289,U_LEGIT_0047,123.09,1092,D_SHARED_BENIGN_01,IP_SHARED_BENIGN_09,C_LEGIT_1165,M_012,0,2,0,1,1,0,NONE
TXN_000227,U_LEGIT_1273,144.44,652,D_LEGIT_1133,IP_LEGIT_0756,C_LEGIT_0822,M_075,0,2,0,2,1,0,NONE
TXN_003026,U_LEGIT_1952,233.3,1018,D_LEGIT_1374,IP_LEGIT_1238,C_LEGIT_1703,M_094,1,2,0,1,2,0,NONE
TXN_001624,U_LEGIT_0367,204.82,522,D_LEGIT_0067,IP_LEGIT_0430,C_LEGIT_1220,M_122,0,4,0,2,2,0,NONE
TXN_002511,U_LEGIT_2003,145.45,769,D_LEGIT_0876,IP_LEGIT_0976,C_LEGIT_2000,M_094,0,4,0,1,1,0,NONE
TXN_000480,U_LEGIT_0617,242.64,1138,D_LEGIT_1067,IP_LEGIT_0047,C_LEGIT_1201,M_107,1,4,0,2,1,0,NONE
TXN_001912,U_LEGIT_1172,235.23,531,D_LEGIT_1242,IP_LEGIT_0045,C_LEGIT_0165,M_008,0,3,0,1,1,0,NONE
TXN_007993,U_LEGIT_2315,68.19,225,D_LEGIT_1238,IP_LEGIT_1367,C_LEGIT_0149,M_011,0,1,0,1,2,0,NONE
TXN_007803,U_LEGIT_0561,177.78,85,D_SHARED_BENIGN_06,IP_SHARED_BENIGN_04,C_LEGIT_2418,M_111,0,4,0,1,2,0,NONE
TXN_000115,U_LEGIT_1432,101.45,197,D_LEGIT_0850,IP_SHARED_BENIGN_09,C_LEGIT_1532,M_061,0,1,0,1,1,0,NONE
TXN_000334,U_LEGIT_0733,195.36,845,D_LEGIT_1137,IP_LEGIT_0629,C_LEGIT_2367,M_089,0,1,0,2,1,0,NONE
TXN_003363,U_LEGIT_0065,118.46,733,D_LEGIT_0230,IP_LEGIT_1569,C_LEGIT_1430,M_009,0,5,0,2,2,0,NONE
TXN_006467,U_LEGIT_0757,40.3,742,D_LEGIT_1638,IP_LEGIT_0363,C_LEGIT_2892,M_091,0,1,0,1,1,0,NONE
TXN_006234,U_LEGIT_0759,211.24,334,D_LEGIT_1288,IP_LEGIT_1553,C_LEGIT_1219,M_013,0,4,0,1,2,0,NONE
TXN_003610,U_LEGIT_0346,224.78,128,D_LEGIT_1022,IP_LEGIT_0534,C_LEGIT_1280,M_069,0,5,0,2,1,0,NONE
TXN_007429,U_LEGIT_1032,229.58,971,D_LEGIT_1196,IP_LEGIT_1866,C_LEGIT_1393,M_121,0,1,0,2,1,0,NONE
TXN_001567,U_LEGIT_1550,27.89,552,D_LEGIT_0703,IP_LEGIT_0605,C_LEGIT_0726,M_134,0,4,0,1,2,0,NONE
TXN_004331,U_LEGIT_0192,238.97,689,D_LEGIT_1167,IP_LEGIT_0042,C_LEGIT_2819,M_052,0,5,0,1,1,0,NONE
TXN_004842,U_LEGIT_1269,142.59,56,D_LEGIT_1688,IP_LEGIT_1408,C_LEGIT_0130,M_039,0,1,0,2,2,0,NONE
TXN_001609,U_LEGIT_1673,118.9,90,D_SHARED_BENIGN_02,IP_LEGIT_0497,C_LEGIT_2140,M_037,0,2,0,1,2,0,NONE
TXN_003287,U_LEGIT_1046,89.0,343,D_LEGIT_1789,IP_LEGIT_0415,C_LEGIT_0533,M_110,0,4,0,1,1,0,NONE
TXN_009554,U_FARM_006,114.98,2,D_FARM_HUB_02,IP_FARM_PROXY_01,C_FARM_033,M_117,22,36,4,1,5,1,DEVICE_FARM
TXN_003951,U_LEGIT_2404,30.28,841,D_LEGIT_0165,IP_LEGIT_0860,C_LEGIT_2864,M_082,0,4,0,1,2,0,NONE
TXN_005195,U_LEGIT_2216,78.34,650,D_LEGIT_1579,IP_LEGIT_0380,C_LEGIT_1682,M_017,0,3,1,2,1,0,NONE
TXN_000803,U_LEGIT_0021,92.75,610,D_LEGIT_1353,IP_LEGIT_0103,C_LEGIT_1030,M_036,0,5,0,1,1,0,NONE
TXN_002881,U_LEGIT_2305,170.36,554,D_LEGIT_1753,IP_LEGIT_1595,C_LEGIT_1215,M_049,0,3,0,2,2,0,NONE
TXN_006937,U_LEGIT_1151,36.7,460,D_LEGIT_1654,IP_LEGIT_1129,C_LEGIT_1125,M_126,0,2,0,1,1,0,NONE
TXN_006989,U_LEGIT_1363,142.73,653,D_LEGIT_1596,IP_LEGIT_1311,C_LEGIT_1483,M_082,0,2,0,2,1,0,NONE
TXN_003071,U_LEGIT_1432,73.86,863,D_SHARED_BENIGN_05,IP_LEGIT_1368,C_LEGIT_0754,M_067,0,2,0,1,1,0,NONE
TXN_004478,U_LEGIT_1801,193.42,471,D_LEGIT_0682,IP_LEGIT_0281,C_LEGIT_1258,M_116,0,1,0,2,1,0,NONE
TXN_000442,U_LEGIT_1033,154.12,339,D_LEGIT_0576,IP_LEGIT_0527,C_LEGIT_0059,M_029,0,3,0,1,1,0,NONE
TXN_005992,U_LEGIT_0742,186.44,36,D_LEGIT_0753,IP_LEGIT_0663,C_LEGIT_2107,M_109,0,5,0,1,2,0,NONE
TXN_002578,U_LEGIT_0360,217.44,311,D_LEGIT_1045,IP_LEGIT_0513,C_LEGIT_1868,M_026,0,3,0,1,1,0,NONE
TXN_004572,U_LEGIT_2366,57.14,1082,D_LEGIT_1950,IP_SHARED_BENIGN_10,C_LEGIT_1895,M_127,0,1,0,1,1,0,NONE
TXN_007951,U_LEGIT_0891,85.71,236,D_LEGIT_1810,IP_LEGIT_0488,C_LEGIT_0682,M_089,0,3,0,2,2,0,NONE
TXN_003063,U_LEGIT_2311,32.32,36,D_LEGIT_1607,IP_LEGIT_1872,C_LEGIT_1340,M_075,0,4,0,1,1,0,NONE
TXN_007492,U_LEGIT_0152,39.55,166,D_LEGIT_1835,IP_LEGIT_0026,C_LEGIT_1375,M_132,0,3,0,2,1,0,NONE
TXN_004291,U_LEGIT_0681,117.77,164,D_LEGIT_1580,IP_LEGIT_1401,C_LEGIT_0969,M_067,1,4,0,1,2,0,NONE
TXN_002099,U_LEGIT_2295,70.83,1183,D_LEGIT_1471,IP_LEGIT_0631,C_LEGIT_0301,M_032,0,3,0,2,1,0,NONE
TXN_003224,U_LEGIT_0194,226.17,720,D_LEGIT_0816,IP_LEGIT_0938,C_LEGIT_0256,M_058,0,5,0,1,2,0,NONE
TXN_001735,U_LEGIT_0301,191.33,397,D_LEGIT_1988,IP_LEGIT_0463,C_LEGIT_1717,M_023,1,2,0,1,1,0,NONE
TXN_007363,U_LEGIT_1334,184.08,127,D_LEGIT_1300,IP_SHARED_BENIGN_07,C_LEGIT_0021,M_142,0,3,0,2,2,0,NONE
TXN_002172,U_LEGIT_1006,69.93,771,D_LEGIT_1970,IP_LEGIT_1544,C_LEGIT_2132,M_003,0,3,0,1,1,0,NONE
TXN_005586,U_LEGIT_2279,158.33,268,D_LEGIT_0219,IP_SHARED_BENIGN_03,C_LEGIT_0219,M_012,0,5,0,1,2,0,NONE
TXN_006252,U_LEGIT_1060,140.59,139,D_LEGIT_1691,IP_LEGIT_1717,C_LEGIT_2206,M_026,0,1,0,1,1,0,NONE
TXN_002198,U_LEGIT_0670,10.56,445,D_LEGIT_0953,IP_LEGIT_0484,C_LEGIT_1650,M_084,0,5,0,1,1,0,NONE
TXN_007632,U_LEGIT_0627,54.91,301,D_LEGIT_0374,IP_LEGIT_0667,C_LEGIT_2208,M_134,0,2,0,2,1,0,NONE
TXN_009975,U_DIST_007,29.16,23,D_DIST_016,IP_DIST_PROXY_04,C_DIST_030,M_TARGET_HIGHVAL_99,6,16,2,1,1,1,DISTRIBUTED_ABUSE
TXN_007115,U_LEGIT_2350,248.2,1028,D_LEGIT_0009,IP_LEGIT_1521,C_LEGIT_1521,M_133,0,4,0,2,2,0,NONE
TXN_004187,U_LEGIT_1300,49.76,882,D_LEGIT_1636,IP_LEGIT_0783,C_LEGIT_1146,M_044,0,5,0,1,1,0,NONE
TXN_004257,U_LEGIT_0203,149.95,850,D_LEGIT_1246,IP_LEGIT_0069,C_LEGIT_0024,M_107,0,1,0,1,1,0,NONE
TXN_006411,U_LEGIT_1465,78.22,810,D_LEGIT_1990,IP_LEGIT_1212,C_LEGIT_0258,M_072,0,4,0,1,1,0,NONE
TXN_001685,U_LEGIT_0061,29.81,901,D_LEGIT_0468,IP_LEGIT_0410,C_LEGIT_1112,M_109,0,2,0,1,1,0,NONE
TXN_000810,U_LEGIT_2317,186.93,138,D_LEGIT_0679,IP_LEGIT_0249,C_LEGIT_2395,M_131,0,5,0,2,1,0,NONE
TXN_006802,U_LEGIT_0466,129.84,206,D_LEGIT_0902,IP_LEGIT_0349,C_LEGIT_2947,M_031,0,1,0,2,1,0,NONE
TXN_004607,U_LEGIT_1389,28.18,936,D_LEGIT_0097,IP_LEGIT_1771,C_LEGIT_1606,M_044,0,4,0,1,1,0,NONE
TXN_007780,U_LEGIT_1524,79.42,547,D_SHARED_BENIGN_09,IP_LEGIT_1383,C_LEGIT_2687,M_072,0,5,0,2,1,0,NONE
TXN_004237,U_LEGIT_2126,189.86,1155,D_LEGIT_1403,IP_LEGIT_0487,C_LEGIT_0024,M_083,0,1,0,1,1,0,NONE
TXN_002395,U_LEGIT_0748,223.27,1035,D_LEGIT_0442,IP_LEGIT_1637,C_LEGIT_1664,M_087,0,5,0,1,1,0,NONE
TXN_004480,U_LEGIT_0776,171.24,955,D_LEGIT_1096,IP_LEGIT_1509,C_LEGIT_2149,M_003,0,1,0,1,1,0,NONE
TXN_000306,U_LEGIT_1432,60.86,1116,D_LEGIT_0437,IP_LEGIT_0679,C_LEGIT_1478,M_076,0,5,0,1,1,0,NONE
TXN_007452,U_LEGIT_1349,188.28,786,D_LEGIT_0820,IP_LEGIT_1128,C_LEGIT_2135,M_095,0,1,0,2,1,0,NONE
TXN_008610,U_LEGIT_1390,123.16,472,D_LEGIT_1643,IP_LEGIT_0376,C_LEGIT_2375,M_133,0,3,0,1,1,0,NONE
TXN_000925,U_LEGIT_2300,78.62,675,D_LEGIT_0171,IP_LEGIT_1085,C_LEGIT_1513,M_078,0,4,0,1,1,0,NONE
TXN_007256,U_LEGIT_0508,70.43,529,D_LEGIT_0646,IP_LEGIT_0473,C_LEGIT_1425,M_123,1,3,0,1,1,0,NONE
TXN_005204,U_LEGIT_1118,43.55,1024,D_LEGIT_0798,IP_LEGIT_0428,C_LEGIT_0009,M_119,0,2,0,1,2,0,NONE
TXN_006541,U_LEGIT_0401,33.59,603,D_LEGIT_0351,IP_SHARED_BENIGN_08,C_LEGIT_0834,M_120,0,1,0,1,1,0,NONE
TXN_003202,U_LEGIT_0923,183.18,164,D_LEGIT_0188,IP_LEGIT_0978,C_LEGIT_0236,M_012,2,4,0,1,1,0,NONE
TXN_002510,U_LEGIT_0684,58.47,869,D_SHARED_BENIGN_04,IP_LEGIT_1546,C_LEGIT_0809,M_027,0,4,0,2,1,0,NONE
TXN_003583,U_LEGIT_0064,72.68,572,D_LEGIT_0912,IP_LEGIT_0733,C_LEGIT_2653,M_030,0,3,0,1,2,0,NONE
TXN_005486,U_LEGIT_1830,227.2,1052,D_SHARED_BENIGN_07,IP_LEGIT_1812,C_LEGIT_2585,M_149,0,2,0,1,1,0,NONE
TXN_005556,U_LEGIT_0594,144.28,1074,D_LEGIT_0297,IP_LEGIT_1379,C_LEGIT_2083,M_102,1,1,0,1,1,0,NONE
TXN_005501,U_LEGIT_0304,213.92,173,D_LEGIT_0019,IP_LEGIT_1012,C_LEGIT_1819,M_078,0,2,0,1,2,0,NONE
TXN_005488,U_LEGIT_0948,204.92,799,D_LEGIT_0501,IP_LEGIT_0040,C_LEGIT_0360,M_089,0,1,0,1,1,0,NONE
TXN_006352,U_LEGIT_0579,235.44,138,D_LEGIT_1608,IP_LEGIT_1650,C_LEGIT_2007,M_144,0,2,0,2,2,0,NONE
TXN_002000,U_LEGIT_0210,143.63,1166,D_SHARED_BENIGN_03,IP_SHARED_BENIGN_07,C_LEGIT_2133,M_063,0,2,0,1,1,0,NONE
TXN_008732,U_LEGIT_1149,199.15,1146,D_LEGIT_1826,IP_LEGIT_0302,C_LEGIT_2153,M_135,0,4,0,1,2,0,NONE
TXN_004662,U_LEGIT_1491,127.18,412,D_LEGIT_0767,IP_LEGIT_0648,C_LEGIT_1959,M_007,0,4,0,1,1,0,NONE
TXN_006037,U_LEGIT_0228,147.77,386,D_LEGIT_1545,IP_LEGIT_1057,C_LEGIT_2532,M_134,0,2,0,1,2,0,NONE
TXN_004915,U_LEGIT_1551,107.5,425,D_LEGIT_0810,IP_LEGIT_1792,C_LEGIT_1034,M_083,0,2,0,1,1,0,NONE
TXN_005539,U_LEGIT_0892,221.93,133,D_LEGIT_1579,IP_LEGIT_1697,C_LEGIT_0944,M_010,0,2,0,2,1,0,NONE
TXN_006498,U_LEGIT_0664,168.1,132,D_LEGIT_1394,IP_LEGIT_0068,C_LEGIT_1461,M_096,1,2,0,1,1,0,NONE
TXN_005348,U_LEGIT_1160,92.7,870,D_LEGIT_1099,IP_SHARED_BENIGN_10,C_LEGIT_1370,M_018,0,4,0,1,2,0,NONE
TXN_006684,U_LEGIT_0173,22.35,49,D_LEGIT_0638,IP_LEGIT_0790,C_LEGIT_1999,M_068,0,1,1,1,1,0,NONE
TXN_004684,U_LEGIT_1456,71.12,446,D_LEGIT_0447,IP_LEGIT_1759,C_LEGIT_0665,M_134,1,4,0,2,1,0,NONE
TXN_003921,U_LEGIT_0033,173.45,684,D_LEGIT_0066,IP_LEGIT_0883,C_LEGIT_2920,M_113,0,2,0,1,1,0,NONE
TXN_006232,U_LEGIT_2029,68.51,225,D_LEGIT_0118,IP_LEGIT_1092,C_LEGIT_1661,M_125,0,1,0,1,1,0,NONE
TXN_005612,U_LEGIT_0087,104.97,562,D_LEGIT_1810,IP_LEGIT_1952,C_LEGIT_0286,M_074,0,1,0,1,1,0,NONE
TXN_004698,U_LEGIT_1846,162.94,1002,D_SHARED_BENIGN_01,IP_LEGIT_1572,C_LEGIT_2828,M_061,0,4,0,1,1,0,NONE
TXN_001613,U_LEGIT_0341,189.37,288,D_LEGIT_0840,IP_LEGIT_0335,C_LEGIT_1302,M_026,0,2,0,1,2,0,NONE
TXN_003393,U_LEGIT_1153,197.18,915,D_LEGIT_0824,IP_LEGIT_0379,C_LEGIT_2277,M_135,0,2,0,2,1,0,NONE
TXN_003310,U_LEGIT_1722,12.45,1033,D_LEGIT_1768,IP_LEGIT_1240,C_LEGIT_2095,M_057,0,3,0,2,1,0,NONE
TXN_006302,U_LEGIT_1716,247.07,633,D_LEGIT_1686,IP_LEGIT_0149,C_LEGIT_0382,M_045,0,5,0,1,1,0,NONE
TXN_004639,U_LEGIT_0518,46.22,969,D_LEGIT_0092,IP_LEGIT_1140,C_LEGIT_2820,M_115,0,3,1,1,1,0,NONE
TXN_009020,U_INDIV_0178,1064.14,7,D_INDIV_0064,IP_INDIV_0374,C_INDIV_0375,M_078,8,28,5,6,6,1,INDIVIDUAL_FRAUD
TXN_000009,U_LEGIT_2441,172.97,1129,D_LEGIT_1084,IP_LEGIT_1134,C_LEGIT_0048,M_030,0,3,0,2,1,0,NONE
TXN_008451,U_LEGIT_2230,113.12,483,D_LEGIT_0940,IP_LEGIT_0389,C_LEGIT_1432,M_117,0,4,0,1,1,0,NONE
TXN_008139,U_LEGIT_0471,223.49,360,D_LEGIT_0719,IP_SHARED_BENIGN_07,C_LEGIT_0908,M_108,0,4,0,1,1,0,NONE
TXN_004523,U_LEGIT_1594,227.38,452,D_LEGIT_0600,IP_LEGIT_0490,C_LEGIT_2757,M_127,0,3,0,1,1,0,NONE
TXN_003405,U_LEGIT_1208,191.26,292,D_LEGIT_1817,IP_LEGIT_0077,C_LEGIT_2302,M_052,0,4,0,1,2,0,NONE
TXN_003188,U_LEGIT_1429,42.35,139,D_LEGIT_0976,IP_LEGIT_0984,C_LEGIT_2560,M_131,0,1,0,1,1,0,NONE
TXN_001022,U_LEGIT_1058,57.58,588,D_LEGIT_0866,IP_LEGIT_1455,C_LEGIT_2565,M_080,0,1,0,2,2,0,NONE
TXN_001480,U_LEGIT_1341,97.78,449,D_LEGIT_0454,IP_SHARED_BENIGN_04,C_LEGIT_2221,M_141,0,2,0,2,1,0,NONE
TXN_000876,U_LEGIT_1980,248.34,836,D_LEGIT_1440,IP_LEGIT_0501,C_LEGIT_1567,M_005,1,5,0,2,1,0,NONE
TXN_008951,U_LEGIT_0232,64.71,617,D_LEGIT_1346,IP_LEGIT_1492,C_LEGIT_1860,M_014,0,3,0,1,2,0,NONE
TXN_002144,U_LEGIT_0245,228.56,53,D_LEGIT_0228,IP_LEGIT_0347,C_LEGIT_2219,M_054,0,5,0,2,1,0,NONE
TXN_000011,U_LEGIT_0662,126.24,259,D_LEGIT_1595,IP_LEGIT_1882,C_LEGIT_0003,M_083,1,3,0,1,1,0,NONE
TXN_000562,U_LEGIT_1787,64.17,479,D_SHARED_BENIGN_05,IP_LEGIT_0962,C_LEGIT_1409,M_113,0,3,0,2,1,0,NONE
TXN_008555,U_LEGIT_2486,119.42,546,D_LEGIT_1053,IP_LEGIT_0027,C_LEGIT_0629,M_121,0,1,0,1,1,0,NONE
TXN_000928,U_LEGIT_1488,129.56,1120,D_LEGIT_1361,IP_LEGIT_1967,C_LEGIT_2594,M_082,0,4,0,2,1,0,NONE
TXN_006884,U_LEGIT_1469,74.67,455,D_LEGIT_1645,IP_LEGIT_0397,C_LEGIT_1073,M_141,0,2,0,1,1,0,NONE
TXN_004322,U_LEGIT_1627,150.21,790,D_SHARED_BENIGN_02,IP_SHARED_BENIGN_07,C_LEGIT_2122,M_095,2,2,0,2,1,0,NONE
TXN_006749,U_LEGIT_2066,202.02,581,D_LEGIT_0343,IP_LEGIT_0424,C_LEGIT_2758,M_020,0,4,0,1,2,0,NONE
TXN_003464,U_LEGIT_1178,68.84,1043,D_LEGIT_0043,IP_LEGIT_1692,C_LEGIT_1064,M_137,0,2,0,1,1,0,NONE
TXN_003486,U_LEGIT_1086,172.29,187,D_LEGIT_0035,IP_LEGIT_0723,C_LEGIT_2919,M_016,0,1,0,2,1,0,NONE
TXN_007322,U_LEGIT_0057,58.55,661,D_LEGIT_0635,IP_SHARED_BENIGN_03,C_LEGIT_1658,M_009,0,5,0,1,1,0,NONE
TXN_007464,U_LEGIT_1891,131.46,1052,D_LEGIT_0473,IP_LEGIT_1753,C_LEGIT_2742,M_070,0,4,0,1,1,0,NONE
TXN_007995,U_LEGIT_2287,17.3,1097,D_LEGIT_1925,IP_LEGIT_0770,C_LEGIT_1170,M_015,0,5,0,1,1,0,NONE
TXN_006861,U_LEGIT_0439,15.89,989,D_LEGIT_0861,IP_LEGIT_1358,C_LEGIT_2845,M_112,0,3,0,1,1,0,NONE
TXN_006047,U_LEGIT_0402,215.12,62,D_LEGIT_0051,IP_SHARED_BENIGN_04,C_LEGIT_2369,M_121,0,1,0,1,1,0,NONE
TXN_000378,U_LEGIT_1689,144.28,468,D_LEGIT_0882,IP_LEGIT_0663,C_LEGIT_2493,M_062,0,5,0,1,1,0,NONE
TXN_004600,U_LEGIT_1665,167.66,33,D_LEGIT_0727,IP_LEGIT_1811,C_LEGIT_2386,M_149,0,4,0,1,1,0,NONE
TXN_007674,U_LEGIT_0821,45.66,94,D_LEGIT_0977,IP_LEGIT_1199,C_LEGIT_1677,M_128,1,4,0,1,1,0,NONE
TXN_004513,U_LEGIT_2434,86.72,1148,D_LEGIT_0435,IP_LEGIT_1958,C_LEGIT_1147,M_102,0,3,0,1,1,0,NONE
TXN_003180,U_LEGIT_0553,97.18,607,D_LEGIT_1949,IP_LEGIT_1428,C_LEGIT_0351,M_093,0,3,0,1,2,0,NONE
TXN_004661,U_LEGIT_1394,245.81,347,D_LEGIT_1062,IP_LEGIT_0906,C_LEGIT_0804,M_039,1,3,0,1,2,0,NONE
TXN_006168,U_LEGIT_0493,51.12,516,D_LEGIT_0365,IP_LEGIT_1471,C_LEGIT_1262,M_120,0,1,0,1,2,0,NONE
TXN_003991,U_LEGIT_1478,229.91,137,D_SHARED_BENIGN_02,IP_LEGIT_1822,C_LEGIT_2756,M_057,0,3,0,2,1,0,NONE
TXN_005000,U_LEGIT_0954,111.22,87,D_LEGIT_1130,IP_LEGIT_0801,C_LEGIT_1886,M_055,0,2,0,1,1,0,NONE
TXN_001580,U_LEGIT_2353,200.02,409,D_LEGIT_0376,IP_LEGIT_0161,C_LEGIT_2032,M_077,0,3,0,1,1,0,NONE
TXN_000323,U_LEGIT_2136,145.98,801,D_LEGIT_0561,IP_LEGIT_0540,C_LEGIT_2371,M_140,0,3,0,1,1,0,NONE
TXN_005279,U_LEGIT_1405,129.04,1200,D_LEGIT_1946,IP_LEGIT_0728,C_LEGIT_1433,M_139,0,5,0,1,1,0,NONE
TXN_002749,U_LEGIT_0773,30.11,596,D_LEGIT_0785,IP_LEGIT_0493,C_LEGIT_2760,M_138,0,1,0,1,1,0,NONE
TXN_008666,U_LEGIT_2072,178.25,920,D_LEGIT_1361,IP_LEGIT_0114,C_LEGIT_1719,M_125,0,2,0,2,1,0,NONE
TXN_005522,U_LEGIT_0770,138.67,79,D_LEGIT_0037,IP_SHARED_BENIGN_05,C_LEGIT_2951,M_055,1,4,1,1,2,0,NONE
TXN_000124,U_LEGIT_1739,85.73,193,D_SHARED_BENIGN_10,IP_LEGIT_0370,C_LEGIT_2235,M_076,0,3,0,2,1,0,NONE
TXN_002282,U_LEGIT_2295,61.51,894,D_SHARED_BENIGN_10,IP_LEGIT_0852,C_LEGIT_2906,M_102,0,4,0,2,1,0,NONE
TXN_008203,U_LEGIT_0984,169.88,959,D_SHARED_BENIGN_08,IP_LEGIT_1097,C_LEGIT_0876,M_123,2,5,0,1,1,0,NONE
TXN_008048,U_LEGIT_1811,205.37,829,D_LEGIT_0777,IP_LEGIT_0946,C_LEGIT_1912,M_038,0,1,0,1,1,0,NONE
TXN_006785,U_LEGIT_1371,248.95,767,D_LEGIT_0446,IP_LEGIT_1847,C_LEGIT_2396,M_030,0,5,0,1,1,0,NONE
TXN_008377,U_LEGIT_0790,124.21,259,D_LEGIT_0766,IP_LEGIT_0810,C_LEGIT_1442,M_146,0,3,0,2,1,0,NONE
TXN_008066,U_LEGIT_0693,228.36,1033,D_SHARED_BENIGN_02,IP_LEGIT_0131,C_LEGIT_0048,M_083,0,5,0,1,2,0,NONE
TXN_000739,U_LEGIT_0643,104.9,144,D_LEGIT_0189,IP_LEGIT_1948,C_LEGIT_0513,M_055,0,2,0,1,2,0,NONE
TXN_002505,U_LEGIT_1748,227.33,767,D_LEGIT_1619,IP_LEGIT_0422,C_LEGIT_0810,M_003,0,4,0,1,2,0,NONE
TXN_000941,U_LEGIT_1549,50.44,807,D_LEGIT_0994,IP_LEGIT_1784,C_LEGIT_2152,M_124,0,1,0,1,1,0,NONE
TXN_008730,U_LEGIT_1975,28.54,211,D_LEGIT_1165,IP_LEGIT_0709,C_LEGIT_0873,M_072,0,5,0,1,1,0,NONE
TXN_009381,U_INDIV_0197,1163.04,0,D_INDIV_0349,IP_INDIV_0308,C_INDIV_0363,M_099,12,30,9,4,5,1,INDIVIDUAL_FRAUD
TXN_006048,U_LEGIT_0259,51.17,935,D_LEGIT_1086,IP_LEGIT_1678,C_LEGIT_2068,M_063,0,1,0,2,1,0,NONE
TXN_006365,U_LEGIT_0446,165.88,532,D_LEGIT_1296,IP_SHARED_BENIGN_09,C_LEGIT_1585,M_002,0,5,0,1,2,0,NONE
TXN_004446,U_LEGIT_1704,32.89,1092,D_LEGIT_0567,IP_LEGIT_1709,C_LEGIT_2975,M_126,0,3,0,1,1,0,NONE
TXN_001959,U_LEGIT_0562,196.71,555,D_LEGIT_0879,IP_LEGIT_0715,C_LEGIT_2344,M_078,0,1,0,1,1,0,NONE
TXN_008206,U_LEGIT_1631,222.96,1071,D_LEGIT_1982,IP_LEGIT_0333,C_LEGIT_0809,M_128,0,2,0,1,2,0,NONE
TXN_001447,U_LEGIT_1631,56.03,435,D_LEGIT_1286,IP_LEGIT_1013,C_LEGIT_0674,M_009,0,3,0,1,2,0,NONE
TXN_001683,U_LEGIT_0384,109.61,73,D_SHARED_BENIGN_10,IP_LEGIT_1746,C_LEGIT_0024,M_012,1,2,0,1,1,0,NONE
TXN_007414,U_LEGIT_1258,24.6,942,D_LEGIT_1793,IP_LEGIT_0542,C_LEGIT_1169,M_062,0,3,0,2,1,0,NONE
TXN_007970,U_LEGIT_2484,77.92,775,D_LEGIT_0142,IP_SHARED_BENIGN_09,C_LEGIT_2465,M_029,0,2,0,1,2,0,NONE
TXN_007701,U_LEGIT_1747,69.63,1116,D_LEGIT_1732,IP_LEGIT_0143,C_LEGIT_2990,M_068,0,4,0,1,2,0,NONE
TXN_008792,U_LEGIT_0240,21.96,116,D_LEGIT_0115,IP_LEGIT_0681,C_LEGIT_0457,M_014,0,2,0,1,1,0,NONE
TXN_006560,U_LEGIT_1303,63.38,521,D_LEGIT_1804,IP_LEGIT_1865,C_LEGIT_0320,M_085,0,4,0,1,1,0,NONE
TXN_007133,U_LEGIT_0854,132.13,976,D_LEGIT_0042,IP_LEGIT_1472,C_LEGIT_0765,M_112,1,1,0,1,1,0,NONE
TXN_003983,U_LEGIT_2260,11.21,921,D_SHARED_BENIGN_07,IP_LEGIT_1203,C_LEGIT_0171,M_124,0,1,0,2,1,0,NONE
TXN_005110,U_LEGIT_1353,59.82,587,D_LEGIT_1022,IP_LEGIT_1893,C_LEGIT_1450,M_136,0,1,0,1,1,0,NONE
TXN_001864,U_LEGIT_2326,62.79,587,D_LEGIT_1498,IP_LEGIT_1560,C_LEGIT_0334,M_050,2,2,0,2,2,0,NONE
TXN_009147,U_INDIV_0043,2988.03,7,D_INDIV_0288,IP_INDIV_0228,C_INDIV_0027,M_024,7,16,6,3,7,1,INDIVIDUAL_FRAUD
TXN_008477,U_LEGIT_0564,70.32,493,D_LEGIT_0638,IP_LEGIT_0850,C_LEGIT_1928,M_149,0,1,1,1,1,0,NONE
TXN_005684,U_LEGIT_1565,200.24,502,D_LEGIT_1714,IP_LEGIT_1415,C_LEGIT_0623,M_081,0,5,0,2,1,0,NONE
TXN_004702,U_LEGIT_0032,152.6,672,D_LEGIT_0792,IP_LEGIT_0555,C_LEGIT_2746,M_070,1,5,0,2,1,0,NONE
TXN_006113,U_LEGIT_0881,56.94,942,D_LEGIT_0141,IP_LEGIT_0018,C_LEGIT_0260,M_108,0,1,0,1,2,0,NONE
TXN_005037,U_LEGIT_0841,142.73,296,D_LEGIT_1012,IP_LEGIT_1178,C_LEGIT_1606,M_128,0,2,0,2,1,0,NONE
TXN_007956,U_LEGIT_1370,225.61,424,D_LEGIT_1888,IP_LEGIT_1979,C_LEGIT_0792,M_101,0,4,0,1,1,0,NONE
TXN_002967,U_LEGIT_1715,245.42,121,D_SHARED_BENIGN_05,IP_LEGIT_0958,C_LEGIT_2099,M_041,0,4,0,2,1,0,NONE
TXN_008081,U_LEGIT_1651,139.38,1002,D_LEGIT_0483,IP_LEGIT_0135,C_LEGIT_2023,M_117,1,2,0,1,1,0,NONE
TXN_005795,U_LEGIT_0730,196.68,829,D_SHARED_BENIGN_10,IP_LEGIT_1448,C_LEGIT_2651,M_073,1,2,0,1,1,0,NONE
TXN_006201,U_LEGIT_1814,38.25,1077,D_LEGIT_0802,IP_LEGIT_1271,C_LEGIT_2694,M_147,0,3,0,1,1,0,NONE
TXN_005415,U_LEGIT_0037,217.33,949,D_LEGIT_0110,IP_LEGIT_0398,C_LEGIT_1406,M_036,2,1,0,1,2,0,NONE
TXN_004632,U_LEGIT_1738,136.12,734,D_LEGIT_1184,IP_LEGIT_0961,C_LEGIT_2635,M_034,1,1,0,1,1,0,NONE
TXN_001539,U_LEGIT_2044,98.11,486,D_LEGIT_1845,IP_LEGIT_1109,C_LEGIT_1182,M_084,0,3,0,1,1,0,NONE
TXN_009568,U_FARM_030,244.67,1,D_FARM_HUB_02,IP_FARM_PROXY_01,C_FARM_012,M_117,14,36,4,1,3,1,DEVICE_FARM
TXN_000362,U_LEGIT_1314,76.27,286,D_SHARED_BENIGN_01,IP_LEGIT_0046,C_LEGIT_0762,M_027,0,1,0,1,1,0,NONE
TXN_002107,U_LEGIT_1818,110.7,715,D_LEGIT_0247,IP_LEGIT_1336,C_LEGIT_0483,M_127,0,5,0,1,1,0,NONE
TXN_004907,U_LEGIT_2440,14.26,181,D_LEGIT_0254,IP_LEGIT_1333,C_LEGIT_2458,M_139,0,2,0,1,1,0,NONE
TXN_001664,U_LEGIT_0244,200.68,98,D_LEGIT_1812,IP_LEGIT_0692,C_LEGIT_1162,M_085,0,4,0,1,1,0,NONE
TXN_008467,U_LEGIT_0506,71.66,346,D_LEGIT_0100,IP_LEGIT_1394,C_LEGIT_0551,M_087,0,3,0,1,1,0,NONE
TXN_006843,U_LEGIT_1484,140.89,485,D_LEGIT_0577,IP_LEGIT_1991,C_LEGIT_1968,M_062,1,2,0,1,2,0,NONE
TXN_003782,U_LEGIT_0902,237.42,635,D_LEGIT_1065,IP_LEGIT_0787,C_LEGIT_1311,M_056,0,1,0,1,2,0,NONE
TXN_008967,U_LEGIT_2022,200.72,1049,D_LEGIT_1123,IP_LEGIT_0224,C_LEGIT_1919,M_049,0,2,0,1,1,0,NONE
TXN_003434,U_LEGIT_0262,141.0,597,D_SHARED_BENIGN_06,IP_LEGIT_1695,C_LEGIT_2660,M_042,1,4,0,1,1,0,NONE
TXN_005513,U_LEGIT_1359,126.27,785,D_LEGIT_1611,IP_LEGIT_1452,C_LEGIT_2134,M_041,0,4,0,1,2,0,NONE
TXN_009423,U_INDIV_0152,1369.84,2,D_INDIV_0185,IP_INDIV_0187,C_INDIV_0072,M_106,11,35,3,7,6,1,INDIVIDUAL_FRAUD
TXN_005689,U_LEGIT_1604,76.02,243,D_LEGIT_1673,IP_SHARED_BENIGN_04,C_LEGIT_2551,M_129,0,4,0,1,1,0,NONE
TXN_005410,U_LEGIT_0930,113.98,81,D_LEGIT_0094,IP_LEGIT_1685,C_LEGIT_2578,M_078,2,1,0,2,2,0,NONE
TXN_007142,U_LEGIT_1826,197.17,556,D_LEGIT_1378,IP_LEGIT_0665,C_LEGIT_0693,M_074,0,2,0,1,1,0,NONE
TXN_002990,U_LEGIT_1933,69.63,411,D_LEGIT_0556,IP_LEGIT_1132,C_LEGIT_2004,M_099,0,2,0,1,1,0,NONE
TXN_002992,U_LEGIT_1512,132.62,752,D_LEGIT_1671,IP_LEGIT_1722,C_LEGIT_0577,M_122,0,5,0,1,1,0,NONE
TXN_009835,U_BURST_015,410.17,0,D_BURST_001,IP_BURST_SUBNET_02,C_BURST_025,M_107,24,33,1,2,1,1,ACCOUNT_BURST
TXN_006102,U_LEGIT_1992,228.21,671,D_LEGIT_0957,IP_LEGIT_0268,C_LEGIT_0456,M_100,2,4,0,1,1,0,NONE
TXN_008509,U_LEGIT_0014,119.94,912,D_LEGIT_0840,IP_LEGIT_1623,C_LEGIT_1757,M_065,0,1,0,1,2,0,NONE
TXN_000869,U_LEGIT_1604,125.49,478,D_LEGIT_0871,IP_LEGIT_1869,C_LEGIT_0224,M_069,0,1,0,2,1,0,NONE
TXN_005130,U_LEGIT_2060,112.39,204,D_LEGIT_1677,IP_LEGIT_1511,C_LEGIT_1725,M_032,0,5,0,1,1,0,NONE
TXN_001766,U_LEGIT_2292,19.9,410,D_LEGIT_1121,IP_LEGIT_0767,C_LEGIT_2813,M_120,2,4,0,1,1,0,NONE
TXN_006366,U_LEGIT_0080,68.58,497,D_LEGIT_0216,IP_LEGIT_0466,C_LEGIT_1338,M_109,0,4,0,1,1,0,NONE
TXN_007008,U_LEGIT_2299,76.61,652,D_LEGIT_1312,IP_LEGIT_1721,C_LEGIT_1898,M_007,0,1,0,1,1,0,NONE
TXN_000559,U_LEGIT_1987,145.8,832,D_LEGIT_1761,IP_LEGIT_0497,C_LEGIT_0825,M_076,0,1,0,2,2,0,NONE
TXN_009645,U_CYCLE_008,497.25,11,D_CYCLE_027,IP_CYCLE_012,C_STOLEN_POOL_01,M_066,8,15,7,4,6,1,CARD_CYCLING
TXN_000528,U_LEGIT_0438,126.67,797,D_LEGIT_1987,IP_LEGIT_0837,C_LEGIT_1042,M_015,0,1,0,2,2,0,NONE
TXN_009097,U_INDIV_0146,1826.96,0,D_INDIV_0109,IP_INDIV_0355,C_INDIV_0390,M_034,14,36,6,5,5,1,INDIVIDUAL_FRAUD
TXN_006515,U_LEGIT_2133,25.5,311,D_LEGIT_1524,IP_LEGIT_1698,C_LEGIT_0127,M_016,0,4,0,1,1,0,NONE
TXN_002697,U_LEGIT_0437,226.34,360,D_LEGIT_0272,IP_LEGIT_1909,C_LEGIT_2797,M_072,0,2,0,1,2,0,NONE
TXN_006290,U_LEGIT_1504,149.3,1123,D_LEGIT_1976,IP_LEGIT_0788,C_LEGIT_1453,M_141,0,5,0,1,1,0,NONE
TXN_003198,U_LEGIT_0214,217.62,810,D_LEGIT_0908,IP_LEGIT_1786,C_LEGIT_0678,M_097,0,3,0,1,2,0,NONE
TXN_005351,U_LEGIT_2468,197.81,262,D_LEGIT_0491,IP_LEGIT_1905,C_LEGIT_1042,M_115,0,1,0,2,2,0,NONE
TXN_000643,U_LEGIT_0685,159.68,454,D_SHARED_BENIGN_09,IP_LEGIT_0670,C_LEGIT_1322,M_144,1,4,0,1,1,0,NONE
TXN_008068,U_LEGIT_2129,229.37,631,D_SHARED_BENIGN_01,IP_LEGIT_1435,C_LEGIT_0863,M_050,0,2,0,1,1,0,NONE
TXN_004267,U_LEGIT_1387,168.83,752,D_LEGIT_1792,IP_LEGIT_0618,C_LEGIT_1805,M_146,0,4,0,1,1,0,NONE
TXN_001589,U_LEGIT_1944,109.8,753,D_LEGIT_0770,IP_LEGIT_0427,C_LEGIT_2763,M_047,0,2,0,2,2,0,NONE
TXN_004188,U_LEGIT_1406,22.29,1160,D_LEGIT_0493,IP_SHARED_BENIGN_04,C_LEGIT_1433,M_137,0,3,0,1,1,0,NONE
TXN_000383,U_LEGIT_1567,87.09,482,D_SHARED_BENIGN_09,IP_SHARED_BENIGN_09,C_LEGIT_2314,M_039,0,4,1,1,1,0,NONE
TXN_001418,U_LEGIT_2278,137.46,472,D_LEGIT_1452,IP_SHARED_BENIGN_06,C_LEGIT_0969,M_123,0,4,0,1,2,0,NONE
TXN_008171,U_LEGIT_0444,216.4,637,D_LEGIT_1110,IP_LEGIT_1515,C_LEGIT_0415,M_005,1,3,0,1,1,0,NONE
TXN_005911,U_LEGIT_1138,113.3,880,D_LEGIT_0085,IP_SHARED_BENIGN_02,C_LEGIT_0365,M_094,0,1,1,1,1,0,NONE
TXN_007201,U_LEGIT_1054,40.01,635,D_LEGIT_1712,IP_LEGIT_1923,C_LEGIT_1777,M_072,0,5,0,1,1,0,NONE
TXN_003604,U_LEGIT_1959,75.54,1041,D_LEGIT_0682,IP_LEGIT_1985,C_LEGIT_2839,M_011,0,2,0,1,1,0,NONE
TXN_000353,U_LEGIT_2342,83.86,626,D_LEGIT_1858,IP_SHARED_BENIGN_03,C_LEGIT_1408,M_059,0,5,0,1,2,0,NONE
TXN_007355,U_LEGIT_1165,178.32,311,D_LEGIT_0638,IP_LEGIT_1289,C_LEGIT_1499,M_130,0,3,0,2,2,0,NONE
TXN_007302,U_LEGIT_2037,22.37,593,D_LEGIT_1011,IP_LEGIT_0895,C_LEGIT_1093,M_129,0,1,0,1,1,0,NONE
TXN_008226,U_LEGIT_0308,232.67,732,D_LEGIT_0283,IP_LEGIT_0636,C_LEGIT_1477,M_056,0,4,0,1,1,0,NONE
TXN_004412,U_LEGIT_2494,141.4,672,D_LEGIT_0296,IP_SHARED_BENIGN_01,C_LEGIT_2156,M_073,0,3,0,1,2,0,NONE
TXN_009358,U_INDIV_0183,1121.84,1,D_INDIV_0184,IP_INDIV_0374,C_INDIV_0135,M_028,7,40,7,7,6,1,INDIVIDUAL_FRAUD
TXN_002162,U_LEGIT_1586,118.11,767,D_SHARED_BENIGN_06,IP_LEGIT_0333,C_LEGIT_1982,M_014,0,3,0,2,1,0,NONE
TXN_009550,U_FARM_021,419.52,1,D_FARM_HUB_01,IP_FARM_PROXY_01,C_FARM_014,M_141,8,40,3,1,5,1,DEVICE_FARM
TXN_000143,U_LEGIT_2078,205.41,784,D_LEGIT_1091,IP_LEGIT_1153,C_LEGIT_1228,M_122,0,1,1,1,1,0,NONE
TXN_008080,U_LEGIT_0487,48.44,30,D_LEGIT_0784,IP_LEGIT_0919,C_LEGIT_1666,M_012,0,2,1,1,2,0,NONE
TXN_008434,U_LEGIT_1169,51.67,140,D_LEGIT_1107,IP_LEGIT_1271,C_LEGIT_1030,M_121,0,5,0,1,2,0,NONE
TXN_008680,U_LEGIT_0955,15.93,482,D_LEGIT_1651,IP_LEGIT_0194,C_LEGIT_2510,M_030,0,2,0,1,2,0,NONE
TXN_004554,U_LEGIT_2379,229.86,386,D_LEGIT_1488,IP_LEGIT_1394,C_LEGIT_1647,M_032,0,1,0,1,1,0,NONE
TXN_006819,U_LEGIT_0595,12.61,80,D_LEGIT_0240,IP_LEGIT_1207,C_LEGIT_2145,M_070,0,5,0,2,1,0,NONE
TXN_000785,U_LEGIT_0607,169.71,1098,D_LEGIT_1819,IP_LEGIT_1834,C_LEGIT_1693,M_115,0,5,0,2,1,0,NONE
TXN_008007,U_LEGIT_1141,40.14,194,D_LEGIT_1904,IP_LEGIT_0124,C_LEGIT_0519,M_139,1,1,0,1,1,0,NONE
TXN_004741,U_LEGIT_0879,21.71,232,D_LEGIT_0570,IP_LEGIT_1740,C_LEGIT_1970,M_049,0,3,0,1,2,0,NONE
TXN_009084,U_INDIV_0200,1246.68,4,D_INDIV_0295,IP_INDIV_0007,C_INDIV_0170,M_126,11,26,4,4,4,1,INDIVIDUAL_FRAUD
TXN_002074,U_LEGIT_1263,69.31,1054,D_LEGIT_0924,IP_LEGIT_0437,C_LEGIT_2261,M_024,0,3,0,1,1,0,NONE
TXN_001323,U_LEGIT_1828,221.79,315,D_LEGIT_0138,IP_LEGIT_1866,C_LEGIT_1082,M_043,0,4,0,2,1,0,NONE
TXN_007069,U_LEGIT_1321,13.7,526,D_LEGIT_1268,IP_SHARED_BENIGN_01,C_LEGIT_2666,M_130,0,1,0,1,1,0,NONE
TXN_008918,U_LEGIT_2150,192.59,666,D_LEGIT_1325,IP_LEGIT_0616,C_LEGIT_1836,M_134,0,5,0,1,2,0,NONE
TXN_007886,U_LEGIT_2179,184.01,495,D_LEGIT_1533,IP_LEGIT_0803,C_LEGIT_0767,M_109,0,2,0,1,2,0,NONE
TXN_002418,U_LEGIT_0340,210.26,989,D_LEGIT_1148,IP_LEGIT_1493,C_LEGIT_2986,M_017,1,5,0,1,1,0,NONE
TXN_003767,U_LEGIT_0316,193.51,231,D_LEGIT_0001,IP_LEGIT_0810,C_LEGIT_2884,M_091,0,3,0,1,1,0,NONE
TXN_002168,U_LEGIT_0533,138.59,373,D_LEGIT_0860,IP_LEGIT_1354,C_LEGIT_0134,M_105,0,2,0,1,1,0,NONE
TXN_004654,U_LEGIT_2462,196.66,97,D_LEGIT_1231,IP_LEGIT_0021,C_LEGIT_1111,M_034,0,5,0,1,1,0,NONE
TXN_001450,U_LEGIT_1490,62.57,494,D_LEGIT_1416,IP_LEGIT_1832,C_LEGIT_0910,M_091,0,1,0,1,2,0,NONE
TXN_005692,U_LEGIT_2363,31.72,1027,D_LEGIT_0440,IP_LEGIT_1986,C_LEGIT_0027,M_103,0,2,0,1,1,0,NONE
TXN_002071,U_LEGIT_1571,97.26,732,D_LEGIT_0302,IP_LEGIT_0033,C_LEGIT_1528,M_035,2,5,0,1,1,0,NONE
TXN_001110,U_LEGIT_1925,231.48,311,D_LEGIT_0791,IP_LEGIT_1720,C_LEGIT_2820,M_144,0,1,0,1,1,0,NONE
TXN_006500,U_LEGIT_1798,145.85,544,D_LEGIT_0671,IP_SHARED_BENIGN_02,C_LEGIT_2586,M_092,0,3,0,2,1,0,NONE
TXN_008743,U_LEGIT_0206,48.17,589,D_LEGIT_1519,IP_LEGIT_0715,C_LEGIT_1577,M_017,1,1,0,2,1,0,NONE
TXN_000946,U_LEGIT_1307,123.2,234,D_LEGIT_0150,IP_LEGIT_0239,C_LEGIT_1811,M_022,0,2,0,1,1,0,NONE
TXN_009627,U_CYCLE_003,399.7,12,D_CYCLE_015,IP_CYCLE_017,C_STOLEN_POOL_04,M_138,12,15,5,2,8,1,CARD_CYCLING
TXN_006585,U_LEGIT_2030,69.22,1129,D_LEGIT_1890,IP_LEGIT_0602,C_LEGIT_1102,M_009,0,2,0,2,2,0,NONE
TXN_009807,U_BURST_013,1028.41,1,D_BURST_015,IP_BURST_SUBNET_01,C_BURST_008,M_115,16,23,4,1,2,1,ACCOUNT_BURST
TXN_009467,U_INDIV_0190,986.52,4,D_INDIV_0314,IP_INDIV_0351,C_INDIV_0354,M_121,7,30,3,7,6,1,INDIVIDUAL_FRAUD
TXN_000405,U_LEGIT_1552,218.86,337,D_LEGIT_0090,IP_LEGIT_1869,C_LEGIT_1373,M_145,0,2,0,1,2,0,NONE
TXN_001710,U_LEGIT_1544,221.69,1110,D_LEGIT_0556,IP_LEGIT_1389,C_LEGIT_0467,M_088,0,1,0,1,1,0,NONE
TXN_005918,U_LEGIT_0635,182.56,1181,D_LEGIT_0713,IP_LEGIT_0879,C_LEGIT_0438,M_101,0,4,0,1,1,0,NONE
TXN_004856,U_LEGIT_1478,153.93,820,D_LEGIT_1999,IP_LEGIT_0826,C_LEGIT_1786,M_047,0,2,0,1,1,0,NONE
TXN_005202,U_LEGIT_2324,206.0,259,D_LEGIT_1044,IP_LEGIT_0606,C_LEGIT_2320,M_095,0,4,0,2,1,0,NONE
TXN_001348,U_LEGIT_1290,223.98,1199,D_LEGIT_0746,IP_LEGIT_0908,C_LEGIT_1393,M_138,0,3,0,1,1,0,NONE
TXN_002533,U_LEGIT_0881,135.8,460,D_LEGIT_0916,IP_LEGIT_0761,C_LEGIT_1105,M_122,1,1,0,1,1,0,NONE
TXN_002494,U_LEGIT_0530,181.46,828,D_SHARED_BENIGN_08,IP_LEGIT_0148,C_LEGIT_2802,M_056,0,5,0,1,1,0,NONE
TXN_008046,U_LEGIT_0026,194.43,490,D_LEGIT_0828,IP_LEGIT_1374,C_LEGIT_2052,M_070,0,3,0,1,2,0,NONE
TXN_000004,U_LEGIT_2365,214.99,236,D_LEGIT_0143,IP_SHARED_BENIGN_04,C_LEGIT_1186,M_021,0,4,0,1,1,0,NONE
TXN_002528,U_LEGIT_1441,210.9,673,D_SHARED_BENIGN_07,IP_LEGIT_1661,C_LEGIT_2894,M_066,0,2,0,1,2,0,NONE
TXN_005595,U_LEGIT_1447,58.82,419,D_LEGIT_0013,IP_SHARED_BENIGN_06,C_LEGIT_2842,M_137,0,5,0,1,1,0,NONE
TXN_000013,U_LEGIT_2209,114.02,1089,D_LEGIT_1413,IP_LEGIT_0639,C_LEGIT_1635,M_096,0,2,0,1,1,0,NONE
TXN_009837,U_BURST_018,430.46,1,D_BURST_020,IP_BURST_SUBNET_02,C_BURST_002,M_085,19,21,3,3,2,1,ACCOUNT_BURST
TXN_006273,U_LEGIT_0598,153.9,464,D_LEGIT_0848,IP_LEGIT_0337,C_LEGIT_2082,M_138,0,1,0,2,1,0,NONE
TXN_009669,U_CYCLE_007,747.0,5,D_CYCLE_028,IP_CYCLE_015,C_STOLEN_POOL_05,M_064,4,13,8,4,5,1,CARD_CYCLING
TXN_007542,U_LEGIT_1762,114.18,1073,D_LEGIT_1769,IP_SHARED_BENIGN_05,C_LEGIT_0410,M_144,0,1,0,1,2,0,NONE
TXN_003509,U_LEGIT_1861,235.37,449,D_SHARED_BENIGN_09,IP_SHARED_BENIGN_07,C_LEGIT_2340,M_044,1,5,0,2,1,0,NONE
TXN_001272,U_LEGIT_1972,148.84,581,D_LEGIT_0338,IP_SHARED_BENIGN_09,C_LEGIT_2887,M_086,0,1,0,1,2,0,NONE
TXN_004142,U_LEGIT_2299,99.81,518,D_LEGIT_1626,IP_LEGIT_0401,C_LEGIT_1300,M_030,0,2,0,2,1,0,NONE
TXN_000886,U_LEGIT_2428,32.76,1099,D_LEGIT_1497,IP_LEGIT_0366,C_LEGIT_1077,M_145,0,4,0,1,2,0,NONE
TXN_000022,U_LEGIT_2203,97.43,353,D_LEGIT_0544,IP_LEGIT_0715,C_LEGIT_0282,M_063,0,5,0,1,1,0,NONE
TXN_006810,U_LEGIT_0757,133.38,307,D_LEGIT_0040,IP_LEGIT_0150,C_LEGIT_1988,M_086,0,1,0,1,1,0,NONE
TXN_006381,U_LEGIT_0084,9.31,1196,D_LEGIT_0833,IP_LEGIT_0741,C_LEGIT_2868,M_083,0,1,0,1,1,0,NONE
TXN_000349,U_LEGIT_1106,201.61,336,D_LEGIT_1138,IP_LEGIT_0781,C_LEGIT_0804,M_038,0,1,0,2,1,0,NONE
TXN_007180,U_LEGIT_0835,108.32,913,D_LEGIT_0213,IP_LEGIT_0527,C_LEGIT_2665,M_135,0,3,0,1,1,0,NONE
TXN_008606,U_LEGIT_1194,115.18,274,D_LEGIT_0184,IP_LEGIT_1785,C_LEGIT_2630,M_060,0,1,0,1,1,0,NONE
TXN_005958,U_LEGIT_0005,107.52,315,D_LEGIT_0069,IP_SHARED_BENIGN_10,C_LEGIT_0552,M_019,0,5,0,1,2,0,NONE
TXN_002603,U_LEGIT_1786,8.84,1168,D_LEGIT_1204,IP_LEGIT_1208,C_LEGIT_1141,M_147,0,4,0,1,1,0,NONE
TXN_002563,U_LEGIT_1722,140.21,80,D_SHARED_BENIGN_10,IP_LEGIT_1810,C_LEGIT_2121,M_130,2,1,0,1,1,0,NONE
TXN_002381,U_LEGIT_0675,76.32,1009,D_LEGIT_1171,IP_LEGIT_1164,C_LEGIT_0251,M_007,0,3,0,1,1,0,NONE
TXN_007243,U_LEGIT_1669,41.8,1075,D_LEGIT_0613,IP_LEGIT_1655,C_LEGIT_0921,M_052,0,4,0,1,2,0,NONE
TXN_001234,U_LEGIT_2313,234.26,957,D_LEGIT_0133,IP_LEGIT_0586,C_LEGIT_2352,M_047,2,5,0,2,2,0,NONE
TXN_004062,U_LEGIT_0647,221.76,66,D_LEGIT_1344,IP_LEGIT_0178,C_LEGIT_1508,M_078,0,5,0,1,1,0,NONE
TXN_004861,U_LEGIT_0391,70.26,932,D_LEGIT_0109,IP_SHARED_BENIGN_04,C_LEGIT_1805,M_005,0,2,0,1,2,0,NONE
TXN_003959,U_LEGIT_0912,70.6,312,D_LEGIT_0355,IP_LEGIT_0944,C_LEGIT_1519,M_005,0,4,0,1,1,0,NONE
TXN_000706,U_LEGIT_1725,189.76,848,D_LEGIT_1015,IP_LEGIT_1463,C_LEGIT_0522,M_084,0,4,0,1,1,0,NONE
TXN_001953,U_LEGIT_1189,13.03,831,D_SHARED_BENIGN_01,IP_LEGIT_1505,C_LEGIT_2767,M_037,0,1,0,2,1,0,NONE
TXN_009060,U_INDIV_0022,1226.52,5,D_INDIV_0165,IP_INDIV_0185,C_INDIV_0101,M_086,14,43,6,3,3,1,INDIVIDUAL_FRAUD
TXN_000964,U_LEGIT_0774,153.66,110,D_LEGIT_0423,IP_LEGIT_0207,C_LEGIT_0108,M_137,0,5,0,1,1,0,NONE
TXN_002101,U_LEGIT_2022,205.16,1112,D_SHARED_BENIGN_09,IP_LEGIT_1046,C_LEGIT_2118,M_104,0,4,0,1,2,0,NONE
TXN_006446,U_LEGIT_1619,155.99,468,D_LEGIT_0237,IP_LEGIT_1216,C_LEGIT_2148,M_141,0,5,0,2,2,0,NONE
TXN_009440,U_INDIV_0116,2055.13,2,D_INDIV_0386,IP_INDIV_0289,C_INDIV_0205,M_020,8,45,8,5,3,1,INDIVIDUAL_FRAUD
TXN_001723,U_LEGIT_0207,240.62,1184,D_LEGIT_0381,IP_LEGIT_0793,C_LEGIT_0756,M_043,0,1,0,2,1,0,NONE
TXN_009273,U_INDIV_0017,1139.22,7,D_INDIV_0051,IP_INDIV_0068,C_INDIV_0127,M_130,12,16,3,4,8,1,INDIVIDUAL_FRAUD
TXN_007574,U_LEGIT_2187,26.91,272,D_LEGIT_0927,IP_LEGIT_0180,C_LEGIT_1421,M_048,0,4,0,1,1,0,NONE
TXN_000342,U_LEGIT_1294,68.08,220,D_LEGIT_0724,IP_LEGIT_0020,C_LEGIT_2871,M_068,0,3,0,1,2,0,NONE
TXN_003080,U_LEGIT_2456,70.18,264,D_LEGIT_0849,IP_LEGIT_0586,C_LEGIT_2984,M_095,0,4,0,1,2,0,NONE
TXN_004541,U_LEGIT_0868,75.67,432,D_LEGIT_1406,IP_LEGIT_0546,C_LEGIT_2512,M_101,0,5,0,1,2,0,NONE
TXN_000121,U_LEGIT_0718,204.38,159,D_LEGIT_1403,IP_LEGIT_1425,C_LEGIT_1961,M_047,0,4,0,1,1,0,NONE
TXN_004797,U_LEGIT_0930,26.6,626,D_LEGIT_1955,IP_LEGIT_0030,C_LEGIT_1573,M_001,0,1,0,1,1,0,NONE
TXN_001256,U_LEGIT_2411,123.75,155,D_LEGIT_1304,IP_LEGIT_1395,C_LEGIT_0488,M_117,0,4,0,2,1,0,NONE
TXN_008470,U_LEGIT_0068,241.53,550,D_LEGIT_1985,IP_LEGIT_0945,C_LEGIT_1650,M_002,0,1,0,1,2,0,NONE
TXN_008078,U_LEGIT_1931,241.65,544,D_LEGIT_0114,IP_LEGIT_1716,C_LEGIT_0995,M_148,1,5,0,1,1,0,NONE
TXN_000701,U_LEGIT_1189,103.26,654,D_LEGIT_0602,IP_LEGIT_0005,C_LEGIT_2586,M_146,1,5,0,1,2,0,NONE
TXN_008738,U_LEGIT_0433,100.94,547,D_LEGIT_1610,IP_LEGIT_0906,C_LEGIT_0173,M_026,0,3,0,1,2,0,NONE
TXN_003743,U_LEGIT_1120,39.75,250,D_LEGIT_0298,IP_SHARED_BENIGN_03,C_LEGIT_2785,M_078,0,5,0,1,1,0,NONE
TXN_007123,U_LEGIT_1684,69.6,370,D_SHARED_BENIGN_04,IP_LEGIT_1716,C_LEGIT_2397,M_072,2,3,0,1,1,0,NONE
TXN_008148,U_LEGIT_1877,88.21,687,D_LEGIT_0812,IP_LEGIT_0945,C_LEGIT_1936,M_074,0,5,0,1,1,0,NONE
TXN_009860,U_BURST_005,1065.63,1,D_BURST_003,IP_BURST_SUBNET_01,C_BURST_001,M_095,16,29,5,3,1,1,ACCOUNT_BURST
TXN_000565,U_LEGIT_0650,112.21,494,D_LEGIT_1761,IP_LEGIT_0066,C_LEGIT_0261,M_087,0,2,0,1,1,0,NONE
TXN_004520,U_LEGIT_0453,79.86,823,D_LEGIT_1199,IP_LEGIT_1091,C_LEGIT_2905,M_131,0,3,0,2,2,0,NONE
TXN_002310,U_LEGIT_0456,239.49,332,D_LEGIT_0221,IP_LEGIT_0511,C_LEGIT_2715,M_024,0,1,0,1,1,0,NONE
TXN_005092,U_LEGIT_2387,48.85,1057,D_LEGIT_1077,IP_LEGIT_1644,C_LEGIT_2421,M_013,0,4,0,1,1,0,NONE
TXN_001257,U_LEGIT_0064,51.67,745,D_LEGIT_0005,IP_LEGIT_0295,C_LEGIT_0346,M_044,0,2,0,2,1,0,NONE
TXN_008551,U_LEGIT_1081,225.51,492,D_LEGIT_0580,IP_LEGIT_0751,C_LEGIT_1019,M_125,0,4,0,1,1,0,NONE
TXN_001052,U_LEGIT_2480,115.09,1069,D_LEGIT_0961,IP_LEGIT_1385,C_LEGIT_2425,M_016,0,2,1,1,1,0,NONE
TXN_002260,U_LEGIT_0360,166.55,425,D_LEGIT_0003,IP_SHARED_BENIGN_09,C_LEGIT_2098,M_036,0,3,0,2,1,0,NONE
TXN_000403,U_LEGIT_2398,117.11,396,D_LEGIT_1426,IP_LEGIT_0806,C_LEGIT_1694,M_083,0,2,0,1,1,0,NONE
TXN_002028,U_LEGIT_2285,217.97,397,D_LEGIT_0137,IP_LEGIT_1727,C_LEGIT_1041,M_127,1,1,0,1,1,0,NONE
TXN_002271,U_LEGIT_0093,200.71,388,D_LEGIT_0390,IP_LEGIT_0609,C_LEGIT_0297,M_138,0,3,0,2,2,0,NONE
TXN_009985,U_DIST_010,38.49,17,D_DIST_023,IP_DIST_PROXY_01,C_DIST_007,M_TARGET_HIGHVAL_99,5,18,0,1,1,1,DISTRIBUTED_ABUSE
TXN_000298,U_LEGIT_0859,245.48,394,D_LEGIT_0596,IP_LEGIT_1887,C_LEGIT_2755,M_034,0,3,0,1,2,0,NONE
TXN_004402,U_LEGIT_0300,98.98,621,D_LEGIT_0951,IP_LEGIT_1527,C_LEGIT_1616,M_030,0,2,0,1,1,0,NONE
TXN_009352,U_INDIV_0007,2556.0,2,D_INDIV_0071,IP_INDIV_0231,C_INDIV_0114,M_044,10,29,3,7,5,1,INDIVIDUAL_FRAUD
TXN_005212,U_LEGIT_0979,211.19,427,D_LEGIT_0623,IP_SHARED_BENIGN_07,C_LEGIT_1024,M_042,0,5,1,2,1,0,NONE
TXN_009451,U_INDIV_0072,2337.22,7,D_INDIV_0154,IP_INDIV_0348,C_INDIV_0275,M_105,6,20,8,4,6,1,INDIVIDUAL_FRAUD
TXN_001070,U_LEGIT_1511,164.41,840,D_LEGIT_1704,IP_LEGIT_1127,C_LEGIT_0105,M_112,0,5,0,1,1,0,NONE
TXN_003083,U_LEGIT_1444,142.79,323,D_LEGIT_0318,IP_LEGIT_0700,C_LEGIT_1579,M_023,0,4,0,1,1,0,NONE
TXN_000695,U_LEGIT_0039,145.35,577,D_LEGIT_1461,IP_LEGIT_0259,C_LEGIT_0585,M_097,0,3,0,1,2,0,NONE
TXN_005245,U_LEGIT_1034,178.27,253,D_LEGIT_1421,IP_LEGIT_0780,C_LEGIT_0114,M_086,1,5,0,1,2,0,NONE
TXN_006586,U_LEGIT_0722,122.7,559,D_SHARED_BENIGN_05,IP_LEGIT_0989,C_LEGIT_0535,M_036,0,1,0,1,1,0,NONE
TXN_000133,U_LEGIT_0675,212.72,543,D_LEGIT_1915,IP_LEGIT_0709,C_LEGIT_2126,M_073,0,5,0,1,1,0,NONE
TXN_003726,U_LEGIT_1774,19.53,441,D_SHARED_BENIGN_10,IP_LEGIT_0482,C_LEGIT_2716,M_073,0,2,0,1,2,0,NONE
TXN_002259,U_LEGIT_0341,54.59,558,D_LEGIT_0869,IP_SHARED_BENIGN_02,C_LEGIT_2398,M_118,0,5,0,1,1,0,NONE
TXN_009030,U_INDIV_0031,2775.19,2,D_INDIV_0031,IP_INDIV_0243,C_INDIV_0166,M_097,10,26,6,5,3,1,INDIVIDUAL_FRAUD
TXN_003122,U_LEGIT_0235,26.18,892,D_LEGIT_1789,IP_LEGIT_1680,C_LEGIT_0609,M_075,1,2,0,1,1,0,NONE
TXN_003472,U_LEGIT_1048,129.92,556,D_LEGIT_0242,IP_SHARED_BENIGN_08,C_LEGIT_0660,M_007,0,5,0,1,1,0,NONE
TXN_004590,U_LEGIT_0004,239.26,1060,D_LEGIT_1018,IP_LEGIT_0398,C_LEGIT_0210,M_137,1,3,0,1,1,0,NONE
TXN_009132,U_INDIV_0165,558.22,3,D_INDIV_0304,IP_INDIV_0246,C_INDIV_0232,M_139,6,31,9,4,3,1,INDIVIDUAL_FRAUD
TXN_002348,U_LEGIT_1704,52.04,959,D_LEGIT_1878,IP_SHARED_BENIGN_06,C_LEGIT_2467,M_112,0,1,1,1,1,0,NONE
TXN_005484,U_LEGIT_2063,217.87,232,D_LEGIT_1827,IP_LEGIT_0476,C_LEGIT_2828,M_027,0,4,0,2,1,0,NONE
TXN_003388,U_LEGIT_1177,202.76,1180,D_SHARED_BENIGN_06,IP_LEGIT_0987,C_LEGIT_2932,M_031,0,1,0,1,2,0,NONE
TXN_003485,U_LEGIT_0906,16.23,359,D_LEGIT_1173,IP_LEGIT_0795,C_LEGIT_2567,M_099,2,2,0,1,1,0,NONE
TXN_001144,U_LEGIT_0927,128.73,858,D_LEGIT_0889,IP_LEGIT_0673,C_LEGIT_2085,M_077,0,5,0,1,1,0,NONE
TXN_004288,U_LEGIT_1419,122.27,401,D_SHARED_BENIGN_04,IP_LEGIT_1224,C_LEGIT_1468,M_054,0,5,0,1,1,0,NONE
TXN_005571,U_LEGIT_1612,49.14,107,D_SHARED_BENIGN_01,IP_SHARED_BENIGN_08,C_LEGIT_0496,M_124,0,5,0,1,1,0,NONE
TXN_005916,U_LEGIT_1414,114.89,262,D_LEGIT_1267,IP_LEGIT_0252,C_LEGIT_1960,M_123,0,3,0,1,2,0,NONE
TXN_009299,U_INDIV_0076,1996.84,7,D_INDIV_0113,IP_INDIV_0373,C_INDIV_0378,M_003,14,33,8,5,3,1,INDIVIDUAL_FRAUD
TXN_001492,U_LEGIT_0205,198.85,990,D_LEGIT_1311,IP_LEGIT_1100,C_LEGIT_1806,M_040,0,3,0,1,1,0,NONE
TXN_008886,U_LEGIT_2141,50.06,1111,D_LEGIT_1683,IP_LEGIT_1859,C_LEGIT_0993,M_139,0,3,0,1,1,0,NONE
TXN_007934,U_LEGIT_2397,165.56,113,D_LEGIT_1188,IP_LEGIT_1043,C_LEGIT_0544,M_110,0,5,0,1,1,0,NONE
TXN_006425,U_LEGIT_1642,160.32,285,D_LEGIT_1664,IP_LEGIT_1815,C_LEGIT_1613,M_110,0,2,0,2,1,0,NONE
TXN_006101,U_LEGIT_0806,67.67,953,D_LEGIT_1309,IP_LEGIT_0712,C_LEGIT_1112,M_014,0,2,0,1,1,0,NONE
TXN_002557,U_LEGIT_1830,197.3,343,D_LEGIT_1504,IP_LEGIT_0770,C_LEGIT_1234,M_032,0,4,0,1,1,0,NONE
TXN_002489,U_LEGIT_0064,47.36,866,D_LEGIT_1647,IP_LEGIT_0785,C_LEGIT_0617,M_080,0,4,0,2,1,0,NONE
TXN_003748,U_LEGIT_1681,104.33,1134,D_LEGIT_1975,IP_LEGIT_1381,C_LEGIT_0603,M_009,0,5,0,1,1,0,NONE
TXN_007577,U_LEGIT_2180,92.04,848,D_LEGIT_1128,IP_LEGIT_0800,C_LEGIT_1056,M_077,0,1,0,1,1,0,NONE
TXN_008201,U_LEGIT_2468,130.22,617,D_LEGIT_1274,IP_LEGIT_0488,C_LEGIT_1768,M_092,2,4,0,1,2,0,NONE
TXN_007888,U_LEGIT_0001,91.76,758,D_LEGIT_0921,IP_LEGIT_1898,C_LEGIT_0895,M_040,0,4,0,1,1,0,NONE
TXN_000584,U_LEGIT_0954,186.09,211,D_LEGIT_0695,IP_LEGIT_1963,C_LEGIT_2747,M_114,1,1,0,1,1,0,NONE
TXN_009379,U_INDIV_0048,1619.83,7,D_INDIV_0255,IP_INDIV_0252,C_INDIV_0371,M_128,12,29,6,3,3,1,INDIVIDUAL_FRAUD
TXN_007113,U_LEGIT_1410,47.03,1089,D_LEGIT_1696,IP_LEGIT_1565,C_LEGIT_0933,M_139,0,5,0,2,1,0,NONE
TXN_000310,U_LEGIT_0098,200.2,1172,D_LEGIT_0680,IP_SHARED_BENIGN_02,C_LEGIT_0223,M_046,0,2,0,2,2,0,NONE
TXN_003367,U_LEGIT_1035,174.07,926,D_LEGIT_0293,IP_LEGIT_1456,C_LEGIT_1922,M_030,1,3,0,1,1,0,NONE
TXN_007323,U_LEGIT_0291,237.41,555,D_LEGIT_0799,IP_LEGIT_0994,C_LEGIT_0884,M_150,0,5,0,1,2,0,NONE
TXN_006852,U_LEGIT_1853,146.49,617,D_LEGIT_1485,IP_LEGIT_1019,C_LEGIT_1524,M_100,0,3,0,1,1,0,NONE
TXN_000024,U_LEGIT_1029,8.86,297,D_LEGIT_1733,IP_SHARED_BENIGN_07,C_LEGIT_1134,M_012,0,3,0,2,2,0,NONE
TXN_007666,U_LEGIT_0407,218.5,139,D_LEGIT_1827,IP_LEGIT_0334,C_LEGIT_0675,M_115,0,2,0,2,2,0,NONE
TXN_002080,U_LEGIT_2204,192.45,217,D_LEGIT_1749,IP_SHARED_BENIGN_04,C_LEGIT_1275,M_137,0,1,0,1,1,0,NONE
TXN_009667,U_CYCLE_021,304.88,8,D_CYCLE_005,IP_CYCLE_011,C_STOLEN_POOL_01,M_083,8,32,9,4,4,1,CARD_CYCLING
TXN_000603,U_LEGIT_0305,14.75,914,D_LEGIT_0404,IP_LEGIT_0637,C_LEGIT_0258,M_025,0,5,0,1,1,0,NONE
TXN_005377,U_LEGIT_0945,109.8,1061,D_LEGIT_0608,IP_LEGIT_1239,C_LEGIT_2919,M_125,0,3,0,1,1,0,NONE
TXN_002681,U_LEGIT_1057,14.72,53,D_LEGIT_0137,IP_LEGIT_1713,C_LEGIT_0111,M_036,0,2,0,1,1,0,NONE
TXN_007473,U_LEGIT_0809,145.01,1086,D_LEGIT_0543,IP_LEGIT_0548,C_LEGIT_2002,M_125,0,5,0,1,1,0,NONE
TXN_005091,U_LEGIT_1772,37.33,537,D_LEGIT_0617,IP_SHARED_BENIGN_06,C_LEGIT_1943,M_035,1,1,0,1,1,0,NONE
TXN_002096,U_LEGIT_1744,57.85,137,D_LEGIT_1867,IP_LEGIT_1277,C_LEGIT_0974,M_019,0,2,0,1,1,0,NONE
TXN_009153,U_INDIV_0049,1220.95,2,D_INDIV_0109,IP_INDIV_0164,C_INDIV_0381,M_051,6,45,5,3,3,1,INDIVIDUAL_FRAUD
TXN_007998,U_LEGIT_0024,45.91,1005,D_LEGIT_1502,IP_LEGIT_0823,C_LEGIT_0959,M_090,0,3,0,2,1,0,NONE
TXN_004757,U_LEGIT_0182,237.28,135,D_LEGIT_0237,IP_LEGIT_1497,C_LEGIT_1907,M_101,0,5,0,1,2,0,NONE
TXN_004996,U_LEGIT_1074,86.98,384,D_LEGIT_0588,IP_LEGIT_1144,C_LEGIT_1836,M_067,0,5,0,1,1,0,NONE
TXN_007669,U_LEGIT_1722,11.94,998,D_LEGIT_1809,IP_LEGIT_0191,C_LEGIT_1701,M_096,0,4,0,2,1,0,NONE
TXN_006533,U_LEGIT_1504,58.14,1006,D_LEGIT_1769,IP_LEGIT_1559,C_LEGIT_0527,M_039,0,5,0,1,1,0,NONE
TXN_002710,U_LEGIT_0686,200.24,36,D_LEGIT_1678,IP_LEGIT_1077,C_LEGIT_2206,M_015,1,3,0,2,1,0,NONE
TXN_009482,U_INDIV_0050,1009.09,4,D_INDIV_0333,IP_INDIV_0017,C_INDIV_0195,M_001,14,29,9,6,8,1,INDIVIDUAL_FRAUD
TXN_007814,U_LEGIT_1238,20.4,289,D_LEGIT_1584,IP_LEGIT_1734,C_LEGIT_0998,M_060,0,2,0,1,1,0,NONE
TXN_004914,U_LEGIT_2132,220.8,604,D_SHARED_BENIGN_01,IP_LEGIT_1551,C_LEGIT_0776,M_104,0,2,0,1,1,0,NONE
TXN_006716,U_LEGIT_2106,137.8,1152,D_LEGIT_1086,IP_LEGIT_0346,C_LEGIT_1692,M_107,0,2,0,1,1,0,NONE
TXN_003843,U_LEGIT_1912,31.55,311,D_LEGIT_0122,IP_LEGIT_1773,C_LEGIT_0518,M_057,0,4,0,1,1,0,NONE
TXN_006009,U_LEGIT_1358,72.35,1169,D_LEGIT_1806,IP_LEGIT_0788,C_LEGIT_0329,M_060,0,2,1,1,1,0,NONE
TXN_004443,U_LEGIT_1421,50.78,360,D_LEGIT_1061,IP_LEGIT_1098,C_LEGIT_1235,M_014,0,4,1,1,1,0,NONE
TXN_008466,U_LEGIT_0363,181.29,981,D_LEGIT_1792,IP_LEGIT_0249,C_LEGIT_1266,M_050,0,3,0,1,1,0,NONE
TXN_005707,U_LEGIT_1124,190.37,849,D_LEGIT_1514,IP_LEGIT_0467,C_LEGIT_2514,M_120,0,1,0,1,2,0,NONE
TXN_001611,U_LEGIT_1564,244.79,888,D_LEGIT_1988,IP_LEGIT_1342,C_LEGIT_0728,M_037,2,3,0,1,1,0,NONE
TXN_005777,U_LEGIT_2484,241.52,473,D_LEGIT_1282,IP_LEGIT_0269,C_LEGIT_1959,M_091,0,3,0,2,1,0,NONE
TXN_008398,U_LEGIT_0822,79.61,205,D_LEGIT_0695,IP_LEGIT_0085,C_LEGIT_1908,M_087,0,5,0,1,1,0,NONE
TXN_000476,U_LEGIT_0225,100.68,983,D_LEGIT_1864,IP_LEGIT_1819,C_LEGIT_0212,M_029,0,3,0,1,1,0,NONE
TXN_003439,U_LEGIT_2188,81.34,1086,D_LEGIT_0022,IP_LEGIT_0292,C_LEGIT_1680,M_034,0,1,0,2,2,0,NONE
TXN_006696,U_LEGIT_1072,221.27,372,D_LEGIT_1574,IP_LEGIT_1509,C_LEGIT_2910,M_080,0,3,1,1,1,0,NONE
TXN_008276,U_LEGIT_0420,28.76,912,D_SHARED_BENIGN_10,IP_SHARED_BENIGN_06,C_LEGIT_2285,M_142,0,5,0,1,2,0,NONE
TXN_005256,U_LEGIT_0930,168.81,890,D_SHARED_BENIGN_03,IP_LEGIT_0992,C_LEGIT_1968,M_108,0,5,0,2,1,0,NONE
TXN_002987,U_LEGIT_1003,108.98,754,D_LEGIT_1483,IP_LEGIT_1526,C_LEGIT_1773,M_095,0,1,0,2,1,0,NONE
TXN_008662,U_LEGIT_2392,165.61,948,D_LEGIT_0453,IP_LEGIT_0495,C_LEGIT_1571,M_017,0,5,0,2,1,0,NONE
TXN_004997,U_LEGIT_1420,202.29,164,D_LEGIT_0985,IP_LEGIT_1067,C_LEGIT_1638,M_066,0,3,0,2,1,0,NONE
TXN_001228,U_LEGIT_0974,175.87,268,D_LEGIT_0810,IP_LEGIT_1979,C_LEGIT_0190,M_133,0,4,0,1,1,0,NONE
TXN_006620,U_LEGIT_0760,244.68,745,D_LEGIT_0293,IP_LEGIT_1963,C_LEGIT_0291,M_124,1,1,0,1,2,0,NONE
TXN_009204,U_INDIV_0178,2534.0,7,D_INDIV_0337,IP_INDIV_0033,C_INDIV_0203,M_099,12,44,7,3,6,1,INDIVIDUAL_FRAUD
TXN_000647,U_LEGIT_1567,64.29,284,D_LEGIT_1520,IP_LEGIT_1204,C_LEGIT_2887,M_004,0,4,0,1,1,0,NONE
TXN_006870,U_LEGIT_0454,65.28,405,D_LEGIT_0912,IP_LEGIT_0183,C_LEGIT_1669,M_039,0,5,1,1,1,0,NONE
TXN_009509,U_FARM_004,390.35,0,D_FARM_HUB_01,IP_FARM_PROXY_01,C_FARM_025,M_147,22,40,3,1,2,1,DEVICE_FARM
TXN_009607,U_FARM_024,99.65,4,D_FARM_HUB_01,IP_FARM_PROXY_01,C_FARM_041,M_091,19,48,5,1,3,1,DEVICE_FARM
TXN_009433,U_INDIV_0039,590.17,2,D_INDIV_0277,IP_INDIV_0007,C_INDIV_0226,M_071,16,26,5,6,5,1,INDIVIDUAL_FRAUD
TXN_005856,U_LEGIT_0649,249.67,539,D_LEGIT_1181,IP_LEGIT_0486,C_LEGIT_0434,M_093,0,5,0,2,1,0,NONE
TXN_007519,U_LEGIT_0388,97.03,331,D_LEGIT_0181,IP_LEGIT_1846,C_LEGIT_0967,M_120,0,2,0,1,1,0,NONE
TXN_000744,U_LEGIT_2402,27.06,221,D_LEGIT_0077,IP_LEGIT_0311,C_LEGIT_2796,M_119,1,2,0,1,1,0,NONE
TXN_006029,U_LEGIT_1595,148.13,964,D_LEGIT_0799,IP_LEGIT_1666,C_LEGIT_1059,M_122,0,2,0,1,2,0,NONE
TXN_009991,U_DIST_025,49.69,24,D_DIST_007,IP_DIST_PROXY_02,C_DIST_032,M_TARGET_HIGHVAL_99,5,11,1,2,1,1,DISTRIBUTED_ABUSE
TXN_003021,U_LEGIT_1944,50.56,488,D_LEGIT_1555,IP_SHARED_BENIGN_01,C_LEGIT_2709,M_128,0,3,0,2,1,0,NONE
TXN_008811,U_LEGIT_0242,193.61,187,D_LEGIT_0698,IP_LEGIT_1690,C_LEGIT_0405,M_115,0,1,0,1,1,0,NONE
TXN_003985,U_LEGIT_0782,209.54,327,D_LEGIT_1407,IP_LEGIT_1628,C_LEGIT_2463,M_059,0,3,0,2,2,0,NONE
TXN_002785,U_LEGIT_2476,104.52,58,D_SHARED_BENIGN_04,IP_SHARED_BENIGN_08,C_LEGIT_1991,M_082,0,1,0,1,2,0,NONE
TXN_000806,U_LEGIT_1025,145.13,974,D_LEGIT_1136,IP_LEGIT_0625,C_LEGIT_0351,M_077,0,4,0,2,1,0,NONE
TXN_003291,U_LEGIT_1973,95.39,708,D_LEGIT_0915,IP_LEGIT_1113,C_LEGIT_2024,M_026,0,2,1,1,2,0,NONE
TXN_001874,U_LEGIT_2366,76.72,128,D_LEGIT_0347,IP_LEGIT_0311,C_LEGIT_0488,M_090,0,2,0,1,1,0,NONE
TXN_002112,U_LEGIT_0898,104.86,1025,D_LEGIT_0496,IP_LEGIT_1805,C_LEGIT_2159,M_103,0,3,0,1,2,0,NONE
TXN_000847,U_LEGIT_2495,180.51,470,D_LEGIT_0642,IP_LEGIT_1600,C_LEGIT_2082,M_149,0,5,0,1,2,0,NONE
TXN_002873,U_LEGIT_2059,162.29,898,D_LEGIT_0956,IP_LEGIT_1235,C_LEGIT_0123,M_054,0,2,0,1,2,0,NONE
TXN_004447,U_LEGIT_0759,144.85,964,D_LEGIT_0943,IP_LEGIT_0692,C_LEGIT_0864,M_067,0,3,1,2,1,0,NONE
TXN_007567,U_LEGIT_1561,218.93,1121,D_LEGIT_0289,IP_LEGIT_0618,C_LEGIT_1198,M_149,1,4,0,1,1,0,NONE
TXN_002800,U_LEGIT_1241,215.12,1002,D_SHARED_BENIGN_06,IP_SHARED_BENIGN_08,C_LEGIT_2614,M_070,0,1,0,2,1,0,NONE
TXN_003701,U_LEGIT_0875,91.13,927,D_LEGIT_0568,IP_LEGIT_1791,C_LEGIT_2593,M_091,0,1,0,1,2,0,NONE
TXN_004476,U_LEGIT_1531,112.21,873,D_LEGIT_1032,IP_LEGIT_0092,C_LEGIT_0216,M_146,0,4,0,1,1,0,NONE
TXN_005476,U_LEGIT_2237,127.28,546,D_LEGIT_0354,IP_LEGIT_0614,C_LEGIT_0191,M_113,0,5,0,1,2,0,NONE
TXN_007527,U_LEGIT_0462,228.57,719,D_LEGIT_0835,IP_LEGIT_1248,C_LEGIT_2085,M_002,0,4,0,1,1,0,NONE
TXN_001986,U_LEGIT_0168,86.45,190,D_LEGIT_1688,IP_LEGIT_0166,C_LEGIT_2395,M_060,0,3,0,1,1,0,NONE
TXN_006040,U_LEGIT_1948,232.24,763,D_LEGIT_0498,IP_LEGIT_1489,C_LEGIT_2263,M_032,0,5,0,1,2,0,NONE
TXN_007913,U_LEGIT_1467,199.04,297,D_LEGIT_0881,IP_LEGIT_1103,C_LEGIT_2892,M_017,1,3,0,1,1,0,NONE
TXN_001241,U_LEGIT_1412,124.63,902,D_LEGIT_0150,IP_LEGIT_0444,C_LEGIT_0062,M_144,0,2,0,1,1,0,NONE
TXN_006246,U_LEGIT_0496,115.4,504,D_LEGIT_0262,IP_LEGIT_1915,C_LEGIT_1016,M_031,0,1,0,1,1,0,NONE
TXN_002719,U_LEGIT_0012,24.52,1072,D_LEGIT_0989,IP_LEGIT_0412,C_LEGIT_1594,M_089,0,3,0,1,2,0,NONE
TXN_009924,U_DIST_016,43.87,14,D_DIST_028,IP_DIST_PROXY_02,C_DIST_011,M_TARGET_HIGHVAL_99,4,14,0,2,2,1,DISTRIBUTED_ABUSE
TXN_009294,U_INDIV_0033,2290.25,4,D_INDIV_0046,IP_INDIV_0129,C_INDIV_0247,M_069,7,23,4,7,3,1,INDIVIDUAL_FRAUD
TXN_002907,U_LEGIT_1310,22.59,877,D_LEGIT_0588,IP_LEGIT_1013,C_LEGIT_0152,M_095,0,5,0,1,1,0,NONE
TXN_008976,U_LEGIT_0019,173.52,664,D_LEGIT_1916,IP_LEGIT_1603,C_LEGIT_2247,M_082,0,1,0,1,1,0,NONE
TXN_002869,U_LEGIT_1863,82.87,162,D_LEGIT_1271,IP_LEGIT_0341,C_LEGIT_2491,M_134,0,3,0,1,1,0,NONE
TXN_004440,U_LEGIT_0015,65.1,73,D_LEGIT_1183,IP_LEGIT_0396,C_LEGIT_1049,M_027,1,3,0,2,2,0,NONE
TXN_008723,U_LEGIT_1571,101.38,95,D_LEGIT_0084,IP_LEGIT_0483,C_LEGIT_0271,M_008,0,4,0,1,2,0,NONE
TXN_002981,U_LEGIT_0557,10.01,59,D_LEGIT_1056,IP_LEGIT_1545,C_LEGIT_2464,M_064,0,1,0,1,1,0,NONE
TXN_001251,U_LEGIT_1833,183.69,375,D_SHARED_BENIGN_09,IP_LEGIT_0542,C_LEGIT_2428,M_013,1,3,0,2,1,0,NONE
TXN_004120,U_LEGIT_1141,66.26,1131,D_LEGIT_0166,IP_LEGIT_0345,C_LEGIT_0090,M_026,1,2,0,1,1,0,NONE
TXN_009430,U_INDIV_0174,1089.73,2,D_INDIV_0166,IP_INDIV_0044,C_INDIV_0155,M_139,14,20,3,7,3,1,INDIVIDUAL_FRAUD
TXN_008979,U_LEGIT_1649,163.47,351,D_LEGIT_1645,IP_LEGIT_0303,C_LEGIT_1387,M_052,0,1,0,1,2,0,NONE
TXN_004053,U_LEGIT_1118,69.63,404,D_LEGIT_1988,IP_LEGIT_0823,C_LEGIT_0898,M_107,0,4,0,1,1,0,NONE
TXN_001184,U_LEGIT_0826,126.56,590,D_LEGIT_0299,IP_LEGIT_0724,C_LEGIT_0771,M_063,0,3,0,2,1,0,NONE
TXN_002766,U_LEGIT_1364,96.68,1053,D_LEGIT_0641,IP_LEGIT_0643,C_LEGIT_0279,M_132,0,4,0,1,2,0,NONE
TXN_007022,U_LEGIT_2376,84.43,1026,D_LEGIT_1450,IP_LEGIT_1297,C_LEGIT_0149,M_093,0,3,0,1,1,0,NONE
TXN_007300,U_LEGIT_2226,234.18,1198,D_LEGIT_0952,IP_LEGIT_1651,C_LEGIT_0940,M_011,0,3,0,1,2,0,NONE
TXN_006821,U_LEGIT_0120,73.65,172,D_LEGIT_1286,IP_LEGIT_1977,C_LEGIT_1222,M_036,0,2,1,1,1,0,NONE
TXN_002458,U_LEGIT_1719,59.29,854,D_LEGIT_0782,IP_LEGIT_1853,C_LEGIT_1228,M_016,0,3,0,1,1,0,NONE
TXN_000531,U_LEGIT_1233,160.79,862,D_SHARED_BENIGN_04,IP_LEGIT_1761,C_LEGIT_0657,M_113,0,3,0,2,2,0,NONE
TXN_007899,U_LEGIT_0262,154.61,992,D_LEGIT_0842,IP_LEGIT_0548,C_LEGIT_0969,M_034,0,5,0,1,2,0,NONE
TXN_002436,U_LEGIT_1826,161.01,1130,D_SHARED_BENIGN_04,IP_LEGIT_1817,C_LEGIT_0806,M_032,1,5,0,1,1,0,NONE
TXN_009485,U_INDIV_0048,2424.44,4,D_INDIV_0370,IP_INDIV_0096,C_INDIV_0313,M_037,18,46,7,7,7,1,INDIVIDUAL_FRAUD
TXN_003209,U_LEGIT_0614,82.93,564,D_LEGIT_0717,IP_SHARED_BENIGN_05,C_LEGIT_0693,M_046,0,4,0,1,2,0,NONE
TXN_000058,U_LEGIT_0134,174.35,571,D_LEGIT_1448,IP_LEGIT_1761,C_LEGIT_1860,M_019,0,5,0,1,2,0,NONE
TXN_004673,U_LEGIT_1818,137.57,528,D_SHARED_BENIGN_01,IP_LEGIT_1361,C_LEGIT_1856,M_071,0,5,0,2,1,0,NONE
TXN_003239,U_LEGIT_1691,208.72,282,D_LEGIT_1662,IP_SHARED_BENIGN_02,C_LEGIT_0610,M_078,0,2,0,1,1,0,NONE
TXN_008330,U_LEGIT_1542,244.54,196,D_LEGIT_1822,IP_LEGIT_1423,C_LEGIT_2512,M_112,0,4,0,2,1,0,NONE
TXN_006228,U_LEGIT_1129,35.26,51,D_LEGIT_0689,IP_LEGIT_1562,C_LEGIT_0271,M_066,0,5,0,2,1,0,NONE
TXN_006224,U_LEGIT_0877,130.39,1039,D_LEGIT_1635,IP_LEGIT_0452,C_LEGIT_0613,M_130,0,2,0,2,2,0,NONE
TXN_004767,U_LEGIT_1141,163.41,115,D_LEGIT_1874,IP_LEGIT_0619,C_LEGIT_2217,M_141,1,3,0,1,2,0,NONE
TXN_000991,U_LEGIT_1030,127.78,918,D_LEGIT_0171,IP_SHARED_BENIGN_08,C_LEGIT_0995,M_150,0,1,1,2,2,0,NONE
TXN_007694,U_LEGIT_0349,62.95,143,D_LEGIT_1436,IP_LEGIT_0577,C_LEGIT_1148,M_015,0,2,0,1,1,0,NONE
TXN_008528,U_LEGIT_2231,21.61,939,D_LEGIT_1249,IP_LEGIT_1369,C_LEGIT_2136,M_107,2,1,0,1,1,0,NONE
TXN_008812,U_LEGIT_2494,160.39,291,D_LEGIT_0125,IP_LEGIT_0097,C_LEGIT_1983,M_016,0,2,0,1,1,0,NONE
TXN_009920,U_DIST_015,41.66,5,D_DIST_014,IP_DIST_PROXY_01,C_DIST_033,M_TARGET_HIGHVAL_99,7,15,1,2,2,1,DISTRIBUTED_ABUSE
TXN_003529,U_LEGIT_1022,72.25,1071,D_LEGIT_0911,IP_LEGIT_0716,C_LEGIT_0559,M_150,0,4,0,1,1,0,NONE
TXN_002490,U_LEGIT_1362,108.92,645,D_LEGIT_0970,IP_LEGIT_0579,C_LEGIT_1421,M_033,0,5,0,2,1,0,NONE
TXN_008715,U_LEGIT_1892,154.78,782,D_LEGIT_0310,IP_LEGIT_0332,C_LEGIT_1741,M_136,0,4,0,1,1,0,NONE
TXN_005929,U_LEGIT_1854,200.04,494,D_LEGIT_1482,IP_LEGIT_0984,C_LEGIT_1347,M_062,0,5,0,1,1,0,NONE
TXN_007635,U_LEGIT_0022,173.65,670,D_LEGIT_1446,IP_LEGIT_0819,C_LEGIT_2716,M_126,0,5,0,1,1,0,NONE
TXN_005957,U_LEGIT_0442,18.96,697,D_LEGIT_1139,IP_LEGIT_1143,C_LEGIT_0455,M_101,1,2,0,1,1,0,NONE
TXN_008188,U_LEGIT_0203,100.45,1117,D_LEGIT_0260,IP_SHARED_BENIGN_01,C_LEGIT_0568,M_057,0,5,0,1,1,0,NONE
TXN_000092,U_LEGIT_0374,142.64,1180,D_LEGIT_0191,IP_LEGIT_1525,C_LEGIT_1527,M_034,0,1,0,2,1,0,NONE
TXN_004770,U_LEGIT_1892,139.85,641,D_SHARED_BENIGN_08,IP_LEGIT_0793,C_LEGIT_1483,M_140,1,4,0,1,1,0,NONE
TXN_001809,U_LEGIT_1684,104.46,339,D_LEGIT_0047,IP_LEGIT_1966,C_LEGIT_0070,M_123,0,4,0,1,1,0,NONE
TXN_006315,U_LEGIT_1992,71.36,433,D_LEGIT_0126,IP_LEGIT_0373,C_LEGIT_0687,M_125,0,1,0,1,1,0,NONE
TXN_004894,U_LEGIT_0721,10.78,748,D_LEGIT_0439,IP_LEGIT_0696,C_LEGIT_2414,M_107,0,3,0,1,1,0,NONE
TXN_004146,U_LEGIT_2460,224.0,1075,D_LEGIT_1544,IP_LEGIT_0284,C_LEGIT_2366,M_117,0,3,0,2,1,0,NONE
TXN_000076,U_LEGIT_1563,244.66,840,D_LEGIT_1178,IP_LEGIT_1433,C_LEGIT_1210,M_006,0,5,0,1,2,0,NONE
TXN_006266,U_LEGIT_0655,224.59,221,D_LEGIT_1100,IP_LEGIT_1995,C_LEGIT_1379,M_139,1,4,0,2,1,0,NONE
TXN_006856,U_LEGIT_1329,118.88,174,D_LEGIT_0917,IP_SHARED_BENIGN_07,C_LEGIT_2423,M_118,0,4,0,1,1,0,NONE
TXN_006309,U_LEGIT_0595,234.06,991,D_LEGIT_0489,IP_SHARED_BENIGN_06,C_LEGIT_0877,M_004,2,2,0,1,1,0,NONE
TXN_008906,U_LEGIT_1599,152.75,591,D_LEGIT_0756,IP_LEGIT_0853,C_LEGIT_1695,M_041,1,1,0,1,1,0,NONE
TXN_008113,U_LEGIT_0168,111.45,731,D_LEGIT_0040,IP_LEGIT_1545,C_LEGIT_1594,M_041,0,5,0,1,1,0,NONE
TXN_008912,U_LEGIT_1688,59.63,1062,D_LEGIT_0541,IP_LEGIT_1070,C_LEGIT_1578,M_133,0,1,0,2,1,0,NONE
TXN_007670,U_LEGIT_2202,242.03,763,D_LEGIT_0719,IP_LEGIT_0134,C_LEGIT_1830,M_023,0,3,0,1,1,0,NONE
TXN_002241,U_LEGIT_0224,70.5,1105,D_LEGIT_0549,IP_SHARED_BENIGN_04,C_LEGIT_1843,M_068,0,5,0,1,1,0,NONE
TXN_005253,U_LEGIT_2035,186.28,720,D_LEGIT_1831,IP_LEGIT_1442,C_LEGIT_2526,M_017,0,3,0,1,1,0,NONE
TXN_007657,U_LEGIT_0318,184.76,911,D_LEGIT_0825,IP_LEGIT_0464,C_LEGIT_2412,M_005,0,3,0,1,2,0,NONE
TXN_007985,U_LEGIT_0856,24.55,905,D_LEGIT_0916,IP_LEGIT_1065,C_LEGIT_0606,M_009,0,3,0,1,1,0,NONE
TXN_003286,U_LEGIT_0116,162.51,296,D_LEGIT_1274,IP_LEGIT_1322,C_LEGIT_2956,M_006,0,2,0,2,1,0,NONE
TXN_006248,U_LEGIT_1691,170.14,260,D_LEGIT_0754,IP_LEGIT_0920,C_LEGIT_0826,M_101,1,1,0,1,2,0,NONE
TXN_002352,U_LEGIT_0989,203.64,1037,D_LEGIT_0437,IP_LEGIT_1967,C_LEGIT_2766,M_046,0,4,0,1,1,0,NONE
TXN_004456,U_LEGIT_2092,171.92,560,D_LEGIT_1241,IP_LEGIT_0935,C_LEGIT_0024,M_092,0,1,0,1,1,0,NONE
TXN_008966,U_LEGIT_1512,208.08,145,D_SHARED_BENIGN_07,IP_LEGIT_1038,C_LEGIT_0549,M_004,0,2,0,1,2,0,NONE
TXN_000953,U_LEGIT_1709,243.95,591,D_SHARED_BENIGN_07,IP_SHARED_BENIGN_07,C_LEGIT_1449,M_036,0,2,0,1,1,0,NONE
TXN_004462,U_LEGIT_1173,162.68,356,D_LEGIT_0459,IP_LEGIT_1958,C_LEGIT_0874,M_087,0,5,0,1,1,0,NONE
TXN_006744,U_LEGIT_1182,220.4,922,D_LEGIT_0784,IP_LEGIT_1708,C_LEGIT_2507,M_126,0,4,1,1,1,0,NONE
TXN_001343,U_LEGIT_2076,90.35,564,D_LEGIT_0640,IP_LEGIT_1776,C_LEGIT_0370,M_084,2,1,0,1,1,0,NONE
TXN_008222,U_LEGIT_1927,151.99,1092,D_LEGIT_0474,IP_LEGIT_0223,C_LEGIT_1663,M_045,0,4,0,1,1,0,NONE
TXN_005713,U_LEGIT_0427,84.92,370,D_LEGIT_1563,IP_LEGIT_1171,C_LEGIT_0388,M_108,0,4,0,1,1,0,NONE
TXN_009274,U_INDIV_0125,891.81,3,D_INDIV_0130,IP_INDIV_0231,C_INDIV_0298,M_064,11,26,8,4,8,1,INDIVIDUAL_FRAUD
TXN_001535,U_LEGIT_1698,111.51,281,D_LEGIT_1646,IP_SHARED_BENIGN_02,C_LEGIT_2585,M_053,0,3,0,1,1,0,NONE
TXN_007556,U_LEGIT_2491,80.14,192,D_LEGIT_0735,IP_LEGIT_0033,C_LEGIT_1903,M_029,0,1,0,1,1,0,NONE
TXN_000431,U_LEGIT_1663,127.62,155,D_SHARED_BENIGN_02,IP_LEGIT_1222,C_LEGIT_1553,M_084,0,2,0,1,1,0,NONE
TXN_004367,U_LEGIT_1976,78.22,926,D_LEGIT_0909,IP_LEGIT_1013,C_LEGIT_2905,M_045,0,4,0,1,2,0,NONE
TXN_002954,U_LEGIT_1058,162.44,628,D_LEGIT_1380,IP_LEGIT_1280,C_LEGIT_1657,M_007,0,3,0,1,1,0,NONE
TXN_007650,U_LEGIT_1657,42.64,722,D_LEGIT_1560,IP_LEGIT_1015,C_LEGIT_0493,M_029,0,2,0,1,2,0,NONE
TXN_006703,U_LEGIT_0731,180.36,197,D_LEGIT_0476,IP_SHARED_BENIGN_01,C_LEGIT_2208,M_147,0,1,0,1,1,0,NONE
TXN_003836,U_LEGIT_1046,90.14,662,D_LEGIT_1348,IP_LEGIT_1527,C_LEGIT_2687,M_082,0,3,0,2,1,0,NONE
TXN_007345,U_LEGIT_2349,45.65,646,D_LEGIT_1750,IP_LEGIT_0799,C_LEGIT_0619,M_146,0,5,0,1,2,0,NONE
TXN_001855,U_LEGIT_1945,188.28,1150,D_SHARED_BENIGN_08,IP_LEGIT_1430,C_LEGIT_1714,M_051,1,3,0,1,2,0,NONE
TXN_007364,U_LEGIT_0449,43.28,391,D_LEGIT_0413,IP_SHARED_BENIGN_04,C_LEGIT_1422,M_099,0,3,0,2,1,0,NONE
TXN_008455,U_LEGIT_1303,195.16,763,D_LEGIT_1735,IP_LEGIT_1858,C_LEGIT_2840,M_110,0,1,0,1,1,0,NONE
TXN_000061,U_LEGIT_0375,249.9,581,D_LEGIT_1381,IP_LEGIT_1179,C_LEGIT_2405,M_006,0,2,0,2,1,0,NONE
TXN_005132,U_LEGIT_2109,177.31,926,D_LEGIT_0988,IP_LEGIT_0577,C_LEGIT_2762,M_040,0,4,0,2,2,0,NONE
TXN_005430,U_LEGIT_1571,184.05,899,D_LEGIT_1790,IP_LEGIT_0528,C_LEGIT_0624,M_149,2,4,0,1,2,0,NONE
TXN_001743,U_LEGIT_0657,229.51,1144,D_LEGIT_1513,IP_LEGIT_0489,C_LEGIT_2105,M_096,0,3,0,1,2,0,NONE
TXN_006420,U_LEGIT_1537,154.22,403,D_LEGIT_1324,IP_LEGIT_0409,C_LEGIT_2042,M_048,0,4,0,1,1,0,NONE
TXN_005371,U_LEGIT_1087,22.76,984,D_LEGIT_1030,IP_LEGIT_0245,C_LEGIT_1833,M_091,0,3,0,1,1,0,NONE
TXN_009173,U_INDIV_0063,2184.49,7,D_INDIV_0148,IP_INDIV_0157,C_INDIV_0076,M_100,18,31,8,5,4,1,INDIVIDUAL_FRAUD
TXN_007799,U_LEGIT_1202,33.61,679,D_LEGIT_1942,IP_LEGIT_1243,C_LEGIT_1911,M_103,0,3,0,2,2,0,NONE
TXN_007714,U_LEGIT_0431,21.5,569,D_SHARED_BENIGN_05,IP_LEGIT_0730,C_LEGIT_1432,M_089,1,2,0,2,1,0,NONE
TXN_005302,U_LEGIT_2189,25.42,506,D_LEGIT_1059,IP_SHARED_BENIGN_07,C_LEGIT_2759,M_089,0,1,0,1,1,0,NONE
TXN_002659,U_LEGIT_1276,39.39,118,D_LEGIT_0524,IP_LEGIT_0420,C_LEGIT_1257,M_079,0,1,0,1,1,0,NONE
TXN_006931,U_LEGIT_1583,35.32,555,D_LEGIT_0897,IP_LEGIT_1597,C_LEGIT_1718,M_093,0,2,0,1,1,0,NONE
TXN_007086,U_LEGIT_0100,14.34,777,D_LEGIT_1538,IP_LEGIT_1368,C_LEGIT_1955,M_035,0,2,0,1,1,0,NONE
TXN_002771,U_LEGIT_0780,181.34,655,D_LEGIT_0341,IP_LEGIT_0757,C_LEGIT_0135,M_023,0,2,0,1,2,0,NONE
TXN_009307,U_INDIV_0106,851.24,1,D_INDIV_0011,IP_INDIV_0308,C_INDIV_0019,M_101,18,29,4,5,6,1,INDIVIDUAL_FRAUD
TXN_004555,U_LEGIT_0701,43.03,397,D_LEGIT_0008,IP_LEGIT_1891,C_LEGIT_2298,M_007,0,3,0,2,1,0,NONE
TXN_004642,U_LEGIT_1534,157.69,337,D_LEGIT_1339,IP_LEGIT_0820,C_LEGIT_2188,M_086,0,2,0,1,1,0,NONE
TXN_003890,U_LEGIT_0828,222.65,310,D_LEGIT_0919,IP_LEGIT_0747,C_LEGIT_0093,M_095,0,3,0,1,1,0,NONE
TXN_000176,U_LEGIT_0248,11.81,1119,D_LEGIT_1366,IP_LEGIT_1870,C_LEGIT_1980,M_125,0,1,0,1,1,0,NONE
TXN_001961,U_LEGIT_0388,154.75,1001,D_LEGIT_0256,IP_LEGIT_0287,C_LEGIT_2734,M_109,2,3,0,1,2,0,NONE
TXN_002406,U_LEGIT_0037,163.73,311,D_LEGIT_0015,IP_LEGIT_0190,C_LEGIT_2462,M_106,0,2,0,2,2,0,NONE
TXN_008819,U_LEGIT_1405,202.36,701,D_LEGIT_0175,IP_LEGIT_1233,C_LEGIT_2595,M_046,0,5,0,1,2,0,NONE
TXN_006269,U_LEGIT_1339,149.61,1006,D_LEGIT_1278,IP_LEGIT_1135,C_LEGIT_1535,M_132,0,1,0,2,2,0,NONE
TXN_005312,U_LEGIT_0119,172.3,791,D_LEGIT_0106,IP_LEGIT_1254,C_LEGIT_2461,M_048,0,1,1,1,1,0,NONE
TXN_005901,U_LEGIT_0364,73.07,438,D_LEGIT_0881,IP_LEGIT_1990,C_LEGIT_0012,M_089,2,1,0,2,1,0,NONE
TXN_000635,U_LEGIT_0718,101.09,405,D_LEGIT_0368,IP_LEGIT_1502,C_LEGIT_1770,M_118,0,1,0,1,1,0,NONE
TXN_009631,U_CYCLE_004,205.47,12,D_CYCLE_021,IP_CYCLE_019,C_STOLEN_POOL_04,M_050,8,25,5,2,7,1,CARD_CYCLING
TXN_007333,U_LEGIT_1406,182.04,1036,D_LEGIT_1403,IP_LEGIT_1837,C_LEGIT_2063,M_071,0,5,0,1,1,0,NONE
TXN_006899,U_LEGIT_2354,62.23,561,D_LEGIT_0918,IP_SHARED_BENIGN_08,C_LEGIT_1222,M_070,2,5,0,1,1,0,NONE
TXN_002355,U_LEGIT_0949,233.08,368,D_LEGIT_0668,IP_LEGIT_0608,C_LEGIT_0328,M_134,0,5,0,1,1,0,NONE
TXN_006049,U_LEGIT_1088,11.35,1174,D_LEGIT_1118,IP_LEGIT_0237,C_LEGIT_0310,M_137,0,4,0,1,1,0,NONE
TXN_003324,U_LEGIT_0042,233.61,304,D_LEGIT_1764,IP_LEGIT_0476,C_LEGIT_0870,M_068,2,4,0,2,2,0,NONE
TXN_002365,U_LEGIT_0172,227.79,1097,D_LEGIT_1989,IP_LEGIT_0701,C_LEGIT_1384,M_075,0,2,1,2,2,0,NONE
TXN_006646,U_LEGIT_0426,130.02,974,D_LEGIT_1578,IP_LEGIT_0753,C_LEGIT_2176,M_118,0,4,0,1,1,0,NONE
TXN_007549,U_LEGIT_1579,19.34,265,D_LEGIT_1312,IP_LEGIT_1682,C_LEGIT_0880,M_145,0,5,0,2,2,0,NONE
TXN_002677,U_LEGIT_1070,214.93,278,D_LEGIT_1175,IP_LEGIT_0957,C_LEGIT_0092,M_073,0,2,0,2,1,0,NONE
TXN_008618,U_LEGIT_2152,84.23,958,D_LEGIT_1834,IP_LEGIT_0015,C_LEGIT_0892,M_127,0,2,0,1,1,0,NONE
TXN_006718,U_LEGIT_1554,139.59,787,D_SHARED_BENIGN_05,IP_LEGIT_0784,C_LEGIT_2508,M_126,0,1,0,2,2,0,NONE
TXN_003020,U_LEGIT_1585,221.83,697,D_LEGIT_1736,IP_LEGIT_0762,C_LEGIT_2930,M_037,0,4,0,1,1,0,NONE
TXN_007131,U_LEGIT_0300,30.4,218,D_LEGIT_1271,IP_LEGIT_1472,C_LEGIT_1156,M_040,1,1,0,1,1,0,NONE
TXN_003940,U_LEGIT_2131,81.0,66,D_LEGIT_1111,IP_LEGIT_1242,C_LEGIT_2341,M_135,0,2,0,1,1,0,NONE
TXN_007079,U_LEGIT_1995,70.57,1114,D_LEGIT_1640,IP_LEGIT_1063,C_LEGIT_1959,M_137,1,3,0,2,1,0,NONE
TXN_006044,U_LEGIT_2249,247.6,966,D_SHARED_BENIGN_06,IP_LEGIT_1340,C_LEGIT_0221,M_147,0,2,0,1,2,0,NONE
TXN_000424,U_LEGIT_0702,39.48,994,D_SHARED_BENIGN_10,IP_LEGIT_1108,C_LEGIT_1818,M_013,1,1,0,1,1,0,NONE
TXN_005072,U_LEGIT_1835,192.22,95,D_LEGIT_0391,IP_LEGIT_1168,C_LEGIT_2594,M_113,0,1,0,1,1,0,NONE
TXN_006335,U_LEGIT_0771,139.35,715,D_LEGIT_0420,IP_LEGIT_0635,C_LEGIT_0613,M_044,0,1,0,1,1,0,NONE
TXN_002945,U_LEGIT_0902,40.83,843,D_SHARED_BENIGN_10,IP_LEGIT_0733,C_LEGIT_0985,M_094,0,5,1,1,1,0,NONE
TXN_001340,U_LEGIT_0116,224.97,163,D_LEGIT_0853,IP_LEGIT_0130,C_LEGIT_1926,M_124,0,2,0,1,1,0,NONE
TXN_001903,U_LEGIT_0758,147.5,528,D_LEGIT_0857,IP_SHARED_BENIGN_10,C_LEGIT_0200,M_028,0,5,0,2,1,0,NONE
TXN_008274,U_LEGIT_2362,77.49,781,D_LEGIT_0138,IP_LEGIT_0228,C_LEGIT_0650,M_058,1,2,0,1,1,0,NONE
TXN_006579,U_LEGIT_0666,39.98,1053,D_LEGIT_0703,IP_LEGIT_1004,C_LEGIT_1703,M_040,0,3,0,1,1,0,NONE
TXN_004906,U_LEGIT_1300,88.56,257,D_LEGIT_0968,IP_LEGIT_1716,C_LEGIT_1912,M_074,0,4,0,1,2,0,NONE
TXN_003862,U_LEGIT_1438,181.84,800,D_LEGIT_0751,IP_LEGIT_0371,C_LEGIT_0171,M_145,0,1,0,1,2,0,NONE
TXN_002627,U_LEGIT_0208,114.84,762,D_LEGIT_0512,IP_LEGIT_1077,C_LEGIT_0316,M_014,0,2,0,1,1,0,NONE
TXN_002816,U_LEGIT_1031,49.99,933,D_LEGIT_0591,IP_LEGIT_1222,C_LEGIT_2053,M_114,0,3,0,2,1,0,NONE
TXN_002426,U_LEGIT_2376,146.09,1084,D_LEGIT_0075,IP_LEGIT_1722,C_LEGIT_2894,M_009,0,5,0,1,2,0,NONE
TXN_006087,U_LEGIT_0421,230.48,883,D_LEGIT_1251,IP_LEGIT_1398,C_LEGIT_0061,M_084,1,4,0,1,1,0,NONE
TXN_004202,U_LEGIT_1946,194.9,221,D_LEGIT_1846,IP_LEGIT_0490,C_LEGIT_1143,M_120,1,2,0,2,1,0,NONE
TXN_006454,U_LEGIT_1040,169.43,875,D_LEGIT_0696,IP_LEGIT_1681,C_LEGIT_2606,M_110,1,2,0,1,1,0,NONE
TXN_008245,U_LEGIT_0506,17.1,511,D_LEGIT_0254,IP_SHARED_BENIGN_03,C_LEGIT_0845,M_017,0,5,0,2,1,0,NONE
TXN_008577,U_LEGIT_0066,79.86,74,D_LEGIT_1018,IP_LEGIT_1687,C_LEGIT_1539,M_055,0,1,0,1,1,0,NONE
TXN_006768,U_LEGIT_0661,148.29,850,D_LEGIT_1172,IP_LEGIT_0983,C_LEGIT_0394,M_010,0,1,0,1,2,0,NONE
TXN_007562,U_LEGIT_1107,151.89,683,D_LEGIT_1128,IP_LEGIT_0701,C_LEGIT_2190,M_031,0,2,0,2,1,0,NONE
TXN_001569,U_LEGIT_2295,42.54,889,D_LEGIT_0278,IP_LEGIT_0439,C_LEGIT_0034,M_068,0,2,0,1,1,0,NONE
TXN_001032,U_LEGIT_1864,42.95,387,D_LEGIT_1841,IP_LEGIT_1099,C_LEGIT_1476,M_058,1,4,1,1,1,0,NONE
TXN_007195,U_LEGIT_2460,100.95,487,D_LEGIT_0019,IP_LEGIT_0190,C_LEGIT_1381,M_133,0,3,0,1,1,0,NONE
TXN_000552,U_LEGIT_0919,28.32,988,D_LEGIT_1462,IP_LEGIT_1015,C_LEGIT_2160,M_135,0,4,0,1,1,0,NONE
TXN_001891,U_LEGIT_1360,82.07,72,D_LEGIT_1962,IP_LEGIT_1010,C_LEGIT_1525,M_147,0,3,0,1,2,0,NONE
TXN_001640,U_LEGIT_1399,192.51,975,D_LEGIT_0317,IP_LEGIT_1923,C_LEGIT_2620,M_012,0,4,0,1,1,0,NONE
TXN_004691,U_LEGIT_0914,160.61,304,D_LEGIT_1785,IP_LEGIT_1614,C_LEGIT_0380,M_128,2,1,0,1,1,0,NONE
TXN_003254,U_LEGIT_1730,231.1,1005,D_LEGIT_1532,IP_LEGIT_0610,C_LEGIT_0230,M_082,0,3,0,1,2,0,NONE
TXN_004275,U_LEGIT_0236,74.65,847,D_SHARED_BENIGN_06,IP_LEGIT_1401,C_LEGIT_0913,M_012,0,3,0,2,1,0,NONE
TXN_000054,U_LEGIT_2267,219.2,612,D_LEGIT_1934,IP_LEGIT_1779,C_LEGIT_2011,M_027,0,4,0,1,1,0,NONE
TXN_007644,U_LEGIT_2348,13.64,773,D_LEGIT_0324,IP_SHARED_BENIGN_01,C_LEGIT_1912,M_096,0,4,0,2,2,0,NONE
TXN_001341,U_LEGIT_1642,73.55,1088,D_LEGIT_1129,IP_LEGIT_0557,C_LEGIT_0327,M_114,0,1,0,1,1,0,NONE
TXN_008307,U_LEGIT_1182,10.92,278,D_LEGIT_0307,IP_LEGIT_0068,C_LEGIT_2040,M_021,1,2,0,1,2,0,NONE
TXN_006471,U_LEGIT_1717,187.21,678,D_LEGIT_1429,IP_LEGIT_1640,C_LEGIT_2983,M_055,0,1,0,2,1,0,NONE
TXN_007952,U_LEGIT_1597,195.31,901,D_LEGIT_1027,IP_LEGIT_0414,C_LEGIT_0142,M_121,0,2,0,2,1,0,NONE
TXN_001878,U_LEGIT_1850,196.35,636,D_LEGIT_1359,IP_LEGIT_0427,C_LEGIT_1498,M_094,1,2,0,1,2,0,NONE
TXN_007532,U_LEGIT_2399,202.4,1014,D_SHARED_BENIGN_07,IP_LEGIT_1840,C_LEGIT_1130,M_002,0,5,0,1,2,0,NONE
TXN_001753,U_LEGIT_0969,18.65,1117,D_SHARED_BENIGN_07,IP_LEGIT_1699,C_LEGIT_0035,M_095,1,1,0,2,1,0,NONE
TXN_008902,U_LEGIT_0056,142.27,173,D_LEGIT_0328,IP_LEGIT_0305,C_LEGIT_0978,M_078,0,1,0,1,2,0,NONE
TXN_007533,U_LEGIT_1851,139.62,1131,D_LEGIT_0502,IP_LEGIT_1088,C_LEGIT_1975,M_145,0,1,0,1,1,0,NONE
TXN_005655,U_LEGIT_2459,208.7,138,D_LEGIT_1438,IP_LEGIT_0330,C_LEGIT_2694,M_013,0,1,0,1,1,0,NONE
TXN_008539,U_LEGIT_1102,148.11,822,D_LEGIT_0617,IP_LEGIT_0687,C_LEGIT_0607,M_083,0,5,0,1,1,0,NONE
TXN_002207,U_LEGIT_0292,39.85,506,D_SHARED_BENIGN_10,IP_LEGIT_1666,C_LEGIT_1525,M_023,0,1,0,1,1,0,NONE
TXN_008780,U_LEGIT_0334,124.99,571,D_LEGIT_0947,IP_LEGIT_0179,C_LEGIT_2717,M_048,0,3,0,1,2,0,NONE
TXN_001415,U_LEGIT_0373,51.79,913,D_LEGIT_1725,IP_LEGIT_1462,C_LEGIT_2256,M_002,0,2,0,1,1,0,NONE
TXN_007749,U_LEGIT_2164,65.47,786,D_LEGIT_1593,IP_LEGIT_0044,C_LEGIT_0408,M_001,0,1,0,1,2,0,NONE
TXN_003225,U_LEGIT_1795,106.22,741,D_LEGIT_1543,IP_SHARED_BENIGN_07,C_LEGIT_0622,M_147,0,4,0,1,2,0,NONE
TXN_001485,U_LEGIT_1837,56.65,1095,D_LEGIT_1495,IP_LEGIT_1889,C_LEGIT_0654,M_051,2,5,0,1,1,0,NONE
TXN_009251,U_INDIV_0131,885.28,2,D_INDIV_0391,IP_INDIV_0186,C_INDIV_0157,M_037,10,26,5,3,3,1,INDIVIDUAL_FRAUD
TXN_004927,U_LEGIT_0891,84.16,1068,D_LEGIT_1306,IP_LEGIT_1898,C_LEGIT_2936,M_139,1,3,1,2,1,0,NONE
TXN_002246,U_LEGIT_2084,106.08,248,D_LEGIT_0143,IP_LEGIT_1840,C_LEGIT_2661,M_064,0,1,0,2,2,0,NONE
TXN_007299,U_LEGIT_2489,189.79,552,D_SHARED_BENIGN_01,IP_SHARED_BENIGN_05,C_LEGIT_2020,M_108,1,5,0,2,1,0,NONE
TXN_002443,U_LEGIT_1711,111.71,321,D_LEGIT_1784,IP_LEGIT_1164,C_LEGIT_2364,M_137,0,3,0,1,1,0,NONE
TXN_008086,U_LEGIT_1732,89.48,1059,D_SHARED_BENIGN_02,IP_LEGIT_0332,C_LEGIT_1112,M_008,0,1,0,2,1,0,NONE
TXN_003112,U_LEGIT_1807,96.28,785,D_LEGIT_0477,IP_LEGIT_0323,C_LEGIT_1709,M_058,0,4,0,1,1,0,NONE
TXN_000436,U_LEGIT_1789,158.83,960,D_LEGIT_0279,IP_SHARED_BENIGN_07,C_LEGIT_1868,M_109,0,5,0,2,1,0,NONE
TXN_006271,U_LEGIT_2450,58.18,1104,D_LEGIT_0575,IP_LEGIT_0567,C_LEGIT_1419,M_044,0,2,0,2,1,0,NONE
TXN_000050,U_LEGIT_1146,237.43,205,D_LEGIT_1437,IP_LEGIT_1139,C_LEGIT_0042,M_133,0,4,0,1,2,0,NONE
TXN_005273,U_LEGIT_1778,186.6,1171,D_LEGIT_0118,IP_LEGIT_1427,C_LEGIT_0049,M_008,0,2,0,2,1,0,NONE
TXN_007207,U_LEGIT_2463,47.93,556,D_LEGIT_1791,IP_LEGIT_0258,C_LEGIT_0987,M_086,0,1,0,1,2,0,NONE
TXN_002170,U_LEGIT_0929,54.16,926,D_LEGIT_0005,IP_LEGIT_0705,C_LEGIT_2681,M_034,0,4,0,1,1,0,NONE
TXN_007388,U_LEGIT_2196,80.17,1064,D_LEGIT_1663,IP_LEGIT_0264,C_LEGIT_2595,M_014,0,3,0,1,1,0,NONE
TXN_009321,U_INDIV_0019,1588.49,6,D_INDIV_0035,IP_INDIV_0218,C_INDIV_0346,M_011,10,45,3,6,4,1,INDIVIDUAL_FRAUD
TXN_005598,U_LEGIT_1752,70.47,44,D_SHARED_BENIGN_03,IP_LEGIT_1911,C_LEGIT_2383,M_006,0,2,0,1,1,0,NONE
TXN_005322,U_LEGIT_0006,105.83,1168,D_LEGIT_1035,IP_LEGIT_0418,C_LEGIT_0054,M_027,0,1,0,1,1,0,NONE
TXN_002366,U_LEGIT_0159,214.62,171,D_LEGIT_0213,IP_LEGIT_1989,C_LEGIT_2286,M_138,0,5,0,1,2,0,NONE
TXN_009499,U_INDIV_0021,2278.51,5,D_INDIV_0367,IP_INDIV_0160,C_INDIV_0089,M_087,7,37,4,7,6,1,INDIVIDUAL_FRAUD
TXN_001182,U_LEGIT_1024,74.92,260,D_LEGIT_1498,IP_SHARED_BENIGN_07,C_LEGIT_0545,M_056,0,2,0,1,2,0,NONE
TXN_009112,U_INDIV_0152,1075.64,6,D_INDIV_0244,IP_INDIV_0337,C_INDIV_0273,M_025,16,19,7,5,6,1,INDIVIDUAL_FRAUD
TXN_003857,U_LEGIT_1065,164.81,148,D_LEGIT_1503,IP_LEGIT_0332,C_LEGIT_2589,M_149,0,3,0,1,2,0,NONE
TXN_009692,U_CYCLE_015,300.67,1,D_CYCLE_020,IP_CYCLE_024,C_STOLEN_POOL_04,M_046,7,34,7,2,6,1,CARD_CYCLING
TXN_007025,U_LEGIT_0782,19.72,1039,D_LEGIT_1843,IP_LEGIT_1451,C_LEGIT_0215,M_073,0,1,1,1,1,0,NONE
TXN_001515,U_LEGIT_0736,234.35,1162,D_LEGIT_1816,IP_LEGIT_0482,C_LEGIT_2253,M_001,0,4,0,1,1,0,NONE
TXN_000096,U_LEGIT_1397,221.77,348,D_LEGIT_0639,IP_LEGIT_1591,C_LEGIT_2325,M_022,0,5,0,1,1,0,NONE
TXN_000470,U_LEGIT_2473,242.77,500,D_LEGIT_1628,IP_LEGIT_1253,C_LEGIT_0697,M_148,0,5,0,1,2,0,NONE
TXN_000229,U_LEGIT_1260,243.36,321,D_LEGIT_1086,IP_LEGIT_0860,C_LEGIT_2016,M_016,0,1,0,1,2,0,NONE
TXN_003066,U_LEGIT_1515,67.22,861,D_SHARED_BENIGN_08,IP_LEGIT_1918,C_LEGIT_1241,M_149,0,5,0,2,1,0,NONE
TXN_001523,U_LEGIT_0730,177.76,801,D_LEGIT_0035,IP_LEGIT_1684,C_LEGIT_2998,M_039,0,4,0,1,1,0,NONE
TXN_001970,U_LEGIT_1897,12.36,238,D_LEGIT_1283,IP_LEGIT_0035,C_LEGIT_0579,M_051,0,2,0,1,1,0,NONE
TXN_002877,U_LEGIT_1023,199.1,287,D_SHARED_BENIGN_07,IP_LEGIT_1138,C_LEGIT_0253,M_117,0,4,0,1,1,0,NONE
TXN_009524,U_FARM_026,404.58,4,D_FARM_HUB_02,IP_FARM_PROXY_01,C_FARM_041,M_139,21,37,4,1,5,1,DEVICE_FARM
TXN_001558,U_LEGIT_2197,27.31,719,D_LEGIT_0168,IP_LEGIT_1249,C_LEGIT_2014,M_138,0,1,0,1,1,0,NONE
TXN_004503,U_LEGIT_0516,208.56,1174,D_LEGIT_1556,IP_LEGIT_0432,C_LEGIT_0090,M_135,0,4,0,1,2,0,NONE
TXN_006845,U_LEGIT_0041,12.29,323,D_LEGIT_0605,IP_LEGIT_1563,C_LEGIT_1816,M_028,0,4,0,2,2,0,NONE
TXN_004753,U_LEGIT_1559,56.33,1077,D_LEGIT_1575,IP_LEGIT_1729,C_LEGIT_2192,M_126,2,5,0,1,1,0,NONE
TXN_007693,U_LEGIT_0368,222.7,870,D_LEGIT_0399,IP_LEGIT_1772,C_LEGIT_0013,M_078,0,4,0,1,1,0,NONE
TXN_006371,U_LEGIT_0332,64.47,643,D_LEGIT_0760,IP_SHARED_BENIGN_07,C_LEGIT_1269,M_081,0,5,0,1,2,0,NONE
TXN_008353,U_LEGIT_0242,169.23,603,D_LEGIT_1028,IP_LEGIT_0664,C_LEGIT_1273,M_065,0,3,0,1,1,0,NONE
TXN_000271,U_LEGIT_0525,166.37,485,D_LEGIT_1486,IP_LEGIT_1563,C_LEGIT_0750,M_086,0,3,0,1,1,0,NONE
TXN_004500,U_LEGIT_1265,230.85,396,D_SHARED_BENIGN_01,IP_LEGIT_1942,C_LEGIT_0615,M_089,0,4,0,1,2,0,NONE
TXN_004395,U_LEGIT_1044,17.46,852,D_LEGIT_1673,IP_LEGIT_1473,C_LEGIT_1137,M_105,0,5,0,1,1,0,NONE
TXN_001148,U_LEGIT_0653,27.92,47,D_LEGIT_1216,IP_LEGIT_0170,C_LEGIT_0413,M_022,0,4,0,1,1,0,NONE
TXN_006998,U_LEGIT_1452,219.72,290,D_LEGIT_0574,IP_LEGIT_0628,C_LEGIT_0176,M_099,0,2,0,2,1,0,NONE
TXN_005785,U_LEGIT_0072,63.19,733,D_LEGIT_0522,IP_LEGIT_0418,C_LEGIT_1490,M_138,0,1,0,2,2,0,NONE
TXN_004853,U_LEGIT_1548,230.78,681,D_LEGIT_1564,IP_LEGIT_0664,C_LEGIT_2729,M_148,0,4,1,1,1,0,NONE
TXN_007341,U_LEGIT_1870,58.7,746,D_LEGIT_1822,IP_LEGIT_1684,C_LEGIT_2331,M_036,0,4,0,1,1,0,NONE
TXN_008002,U_LEGIT_1445,142.61,369,D_SHARED_BENIGN_02,IP_LEGIT_1305,C_LEGIT_2482,M_086,0,5,0,1,1,0,NONE
TXN_007185,U_LEGIT_1884,155.49,561,D_LEGIT_0557,IP_LEGIT_1840,C_LEGIT_0688,M_115,0,1,0,2,1,0,NONE
TXN_007821,U_LEGIT_1706,161.11,500,D_SHARED_BENIGN_05,IP_SHARED_BENIGN_09,C_LEGIT_2132,M_022,0,4,0,1,1,0,NONE
TXN_001260,U_LEGIT_0649,168.28,1140,D_LEGIT_1882,IP_SHARED_BENIGN_06,C_LEGIT_0139,M_059,0,5,0,1,1,0,NONE
TXN_007912,U_LEGIT_0462,57.14,861,D_SHARED_BENIGN_03,IP_LEGIT_0935,C_LEGIT_1784,M_028,0,2,0,1,1,0,NONE
TXN_004357,U_LEGIT_1051,27.81,246,D_LEGIT_0562,IP_LEGIT_0246,C_LEGIT_2236,M_090,0,2,0,1,1,0,NONE
TXN_008210,U_LEGIT_0828,33.83,920,D_SHARED_BENIGN_07,IP_LEGIT_0073,C_LEGIT_1233,M_009,0,5,0,2,2,0,NONE
TXN_002587,U_LEGIT_0355,192.61,543,D_LEGIT_1983,IP_LEGIT_1045,C_LEGIT_0091,M_108,0,3,0,2,2,0,NONE
TXN_002729,U_LEGIT_0446,58.15,558,D_LEGIT_1238,IP_LEGIT_0963,C_LEGIT_0710,M_108,0,2,0,1,1,0,NONE
TXN_007954,U_LEGIT_1934,240.06,68,D_SHARED_BENIGN_04,IP_LEGIT_1463,C_LEGIT_2616,M_028,0,3,0,1,1,0,NONE
TXN_002653,U_LEGIT_2114,189.53,753,D_SHARED_BENIGN_02,IP_LEGIT_1789,C_LEGIT_2156,M_146,1,3,0,1,1,0,NONE
TXN_004538,U_LEGIT_1197,136.37,72,D_LEGIT_0109,IP_LEGIT_1329,C_LEGIT_0238,M_085,0,5,0,2,1,0,NONE
TXN_000980,U_LEGIT_1403,241.47,288,D_LEGIT_0539,IP_SHARED_BENIGN_06,C_LEGIT_1748,M_007,0,4,0,1,1,0,NONE
TXN_004566,U_LEGIT_2456,97.72,1035,D_LEGIT_0362,IP_LEGIT_1048,C_LEGIT_2523,M_124,0,2,0,1,1,0,NONE
TXN_000218,U_LEGIT_1480,96.43,383,D_LEGIT_0271,IP_LEGIT_1719,C_LEGIT_2329,M_108,0,1,0,1,1,0,NONE
TXN_008659,U_LEGIT_0815,219.82,806,D_LEGIT_1000,IP_LEGIT_1671,C_LEGIT_1048,M_035,0,5,0,1,1,0,NONE
TXN_000903,U_LEGIT_0429,89.0,235,D_LEGIT_1781,IP_LEGIT_0326,C_LEGIT_1727,M_122,0,3,0,2,1,0,NONE
TXN_000624,U_LEGIT_2237,54.14,312,D_LEGIT_0403,IP_LEGIT_0513,C_LEGIT_1240,M_071,2,5,0,1,1,0,NONE
TXN_001599,U_LEGIT_0095,206.54,314,D_LEGIT_1753,IP_LEGIT_0788,C_LEGIT_2326,M_039,0,2,0,2,1,0,NONE
TXN_003607,U_LEGIT_1060,8.25,244,D_LEGIT_1012,IP_LEGIT_1226,C_LEGIT_0560,M_128,0,4,0,1,1,0,NONE
TXN_004394,U_LEGIT_1597,21.75,782,D_LEGIT_1550,IP_LEGIT_1102,C_LEGIT_0333,M_139,0,5,0,1,1,0,NONE
TXN_007681,U_LEGIT_2341,94.44,1087,D_SHARED_BENIGN_08,IP_LEGIT_1869,C_LEGIT_2149,M_149,1,3,0,1,1,0,NONE
TXN_000412,U_LEGIT_2494,156.66,1046,D_LEGIT_0532,IP_LEGIT_1277,C_LEGIT_1450,M_034,0,4,0,1,1,0,NONE
TXN_003119,U_LEGIT_1042,105.6,212,D_SHARED_BENIGN_02,IP_LEGIT_1629,C_LEGIT_0372,M_127,0,4,0,1,1,0,NONE
TXN_009452,U_INDIV_0191,1466.7,3,D_INDIV_0366,IP_INDIV_0284,C_INDIV_0322,M_010,9,40,9,5,8,1,INDIVIDUAL_FRAUD
TXN_001977,U_LEGIT_1706,83.79,345,D_LEGIT_0443,IP_LEGIT_0803,C_LEGIT_1228,M_133,0,4,0,2,1,0,NONE
TXN_002413,U_LEGIT_2397,141.29,362,D_LEGIT_0642,IP_LEGIT_1672,C_LEGIT_1677,M_055,0,5,0,1,1,0,NONE
TXN_006483,U_LEGIT_1785,241.66,291,D_LEGIT_0629,IP_LEGIT_0462,C_LEGIT_0138,M_040,2,4,0,1,2,0,NONE
TXN_000452,U_LEGIT_0436,146.27,543,D_LEGIT_1466,IP_LEGIT_0072,C_LEGIT_0299,M_019,0,1,0,1,1,0,NONE
TXN_009167,U_INDIV_0152,1410.53,2,D_INDIV_0182,IP_INDIV_0398,C_INDIV_0206,M_003,13,36,4,7,4,1,INDIVIDUAL_FRAUD
TXN_008623,U_LEGIT_1423,28.59,866,D_LEGIT_0705,IP_LEGIT_0476,C_LEGIT_1703,M_066,0,3,0,1,1,0,NONE
TXN_006134,U_LEGIT_1783,53.9,299,D_LEGIT_1869,IP_LEGIT_1970,C_LEGIT_1170,M_078,2,5,0,1,1,0,NONE
TXN_004457,U_LEGIT_1756,244.49,898,D_LEGIT_0554,IP_LEGIT_0813,C_LEGIT_1448,M_025,0,3,1,1,2,0,NONE
TXN_006504,U_LEGIT_1853,24.2,315,D_LEGIT_1014,IP_LEGIT_0104,C_LEGIT_2277,M_101,2,4,0,1,1,0,NONE
TXN_009931,U_DIST_003,50.04,12,D_DIST_003,IP_DIST_PROXY_01,C_DIST_003,M_TARGET_HIGHVAL_99,8,13,0,1,1,1,DISTRIBUTED_ABUSE
TXN_006058,U_LEGIT_2365,10.43,1052,D_LEGIT_1357,IP_LEGIT_0063,C_LEGIT_0447,M_043,0,5,0,1,1,0,NONE
TXN_003996,U_LEGIT_0548,197.43,540,D_LEGIT_0922,IP_LEGIT_1296,C_LEGIT_2262,M_028,0,5,0,1,1,0,NONE
TXN_009922,U_DIST_003,70.41,21,D_DIST_010,IP_DIST_PROXY_01,C_DIST_017,M_TARGET_HIGHVAL_99,4,12,2,1,1,1,DISTRIBUTED_ABUSE
TXN_003085,U_LEGIT_1972,131.55,590,D_LEGIT_0754,IP_LEGIT_1109,C_LEGIT_2062,M_016,0,5,0,1,2,0,NONE
TXN_002447,U_LEGIT_0600,61.59,373,D_LEGIT_1936,IP_LEGIT_0418,C_LEGIT_1558,M_097,0,4,0,2,1,0,NONE
TXN_008187,U_LEGIT_1395,214.21,424,D_LEGIT_0886,IP_SHARED_BENIGN_07,C_LEGIT_0240,M_023,0,4,0,1,1,0,NONE
TXN_003562,U_LEGIT_1864,237.02,349,D_LEGIT_1488,IP_LEGIT_1416,C_LEGIT_1232,M_050,0,4,0,1,1,0,NONE
TXN_000270,U_LEGIT_0911,130.77,378,D_LEGIT_1308,IP_LEGIT_1857,C_LEGIT_2752,M_092,0,5,0,1,2,0,NONE
TXN_005824,U_LEGIT_0656,135.06,374,D_SHARED_BENIGN_09,IP_LEGIT_1499,C_LEGIT_0750,M_138,0,3,0,2,1,0,NONE
TXN_001842,U_LEGIT_1753,98.09,569,D_LEGIT_1345,IP_LEGIT_1894,C_LEGIT_2956,M_019,0,2,0,1,1,0,NONE
TXN_006250,U_LEGIT_2156,54.78,991,D_LEGIT_1637,IP_LEGIT_1028,C_LEGIT_2209,M_075,1,1,0,1,1,0,NONE
TXN_000339,U_LEGIT_2252,241.12,596,D_LEGIT_1700,IP_LEGIT_1194,C_LEGIT_1426,M_089,0,2,0,2,1,0,NONE
TXN_000842,U_LEGIT_1133,70.44,595,D_LEGIT_1130,IP_LEGIT_0132,C_LEGIT_1805,M_047,0,4,0,1,1,0,NONE
TXN_007015,U_LEGIT_1807,190.12,215,D_LEGIT_0836,IP_LEGIT_1352,C_LEGIT_0026,M_005,0,5,0,1,1,0,NONE
TXN_005562,U_LEGIT_0626,209.9,1092,D_LEGIT_1572,IP_LEGIT_1478,C_LEGIT_0868,M_043,0,4,0,1,2,0,NONE
TXN_004186,U_LEGIT_2055,37.06,1002,D_LEGIT_0836,IP_LEGIT_0194,C_LEGIT_2114,M_104,0,4,0,1,1,0,NONE
TXN_008251,U_LEGIT_0889,87.08,103,D_LEGIT_0344,IP_LEGIT_1762,C_LEGIT_0931,M_031,0,1,0,1,1,0,NONE
TXN_003844,U_LEGIT_0080,216.35,519,D_LEGIT_1762,IP_LEGIT_1101,C_LEGIT_1429,M_121,0,4,1,1,1,0,NONE
TXN_000722,U_LEGIT_2476,148.76,839,D_LEGIT_1673,IP_LEGIT_0665,C_LEGIT_1101,M_053,0,2,0,2,1,0,NONE
TXN_006251,U_LEGIT_2273,166.22,98,D_LEGIT_0704,IP_LEGIT_1440,C_LEGIT_1973,M_081,2,5,0,1,1,0,NONE
TXN_003105,U_LEGIT_1684,244.69,778,D_LEGIT_1712,IP_LEGIT_0980,C_LEGIT_1436,M_093,0,3,0,1,1,0,NONE
TXN_008144,U_LEGIT_2482,28.63,723,D_LEGIT_0296,IP_LEGIT_1826,C_LEGIT_0052,M_142,0,5,0,1,1,0,NONE
TXN_009962,U_DIST_004,29.84,18,D_DIST_013,IP_DIST_PROXY_01,C_DIST_020,M_TARGET_HIGHVAL_99,3,12,0,1,2,1,DISTRIBUTED_ABUSE
TXN_002065,U_LEGIT_0852,146.18,598,D_SHARED_BENIGN_10,IP_SHARED_BENIGN_01,C_LEGIT_2636,M_012,0,4,0,1,1,0,NONE
TXN_000142,U_LEGIT_0562,41.83,682,D_LEGIT_1647,IP_LEGIT_0936,C_LEGIT_0611,M_132,0,5,0,1,1,0,NONE
TXN_003381,U_LEGIT_1346,153.65,1023,D_SHARED_BENIGN_08,IP_LEGIT_1186,C_LEGIT_1877,M_009,0,3,0,1,1,0,NONE
TXN_009487,U_INDIV_0045,2324.11,5,D_INDIV_0337,IP_INDIV_0107,C_INDIV_0205,M_100,10,17,3,6,6,1,INDIVIDUAL_FRAUD
TXN_005566,U_LEGIT_0898,135.58,812,D_LEGIT_1110,IP_LEGIT_0708,C_LEGIT_0250,M_015,1,5,0,1,1,0,NONE
TXN_009287,U_INDIV_0134,2095.24,0,D_INDIV_0180,IP_INDIV_0245,C_INDIV_0151,M_022,17,25,9,3,7,1,INDIVIDUAL_FRAUD
TXN_003199,U_LEGIT_0903,71.86,46,D_SHARED_BENIGN_09,IP_SHARED_BENIGN_01,C_LEGIT_1171,M_006,0,1,0,1,1,0,NONE
TXN_002134,U_LEGIT_1107,190.29,44,D_LEGIT_1981,IP_LEGIT_1641,C_LEGIT_1415,M_028,0,2,0,2,1,0,NONE
TXN_002904,U_LEGIT_0263,237.42,774,D_LEGIT_0830,IP_LEGIT_1724,C_LEGIT_1697,M_123,0,3,0,2,1,0,NONE
TXN_008173,U_LEGIT_1513,140.66,527,D_LEGIT_0378,IP_LEGIT_0290,C_LEGIT_1641,M_029,0,3,0,1,1,0,NONE
TXN_008219,U_LEGIT_2290,10.13,119,D_LEGIT_1353,IP_SHARED_BENIGN_03,C_LEGIT_2035,M_015,0,4,0,1,1,0,NONE
TXN_009882,U_DIST_007,49.99,12,D_DIST_004,IP_DIST_PROXY_04,C_DIST_034,M_TARGET_HIGHVAL_99,6,7,2,2,2,1,DISTRIBUTED_ABUSE
TXN_009929,U_DIST_020,58.74,14,D_DIST_008,IP_DIST_PROXY_04,C_DIST_040,M_TARGET_HIGHVAL_99,8,15,2,2,1,1,DISTRIBUTED_ABUSE
TXN_003637,U_LEGIT_2128,64.47,575,D_LEGIT_1744,IP_LEGIT_1576,C_LEGIT_2825,M_133,0,2,0,2,1,0,NONE
TXN_005406,U_LEGIT_0334,193.3,79,D_LEGIT_0146,IP_LEGIT_1726,C_LEGIT_0274,M_019,0,4,0,2,1,0,NONE
TXN_007715,U_LEGIT_0212,170.52,932,D_SHARED_BENIGN_03,IP_LEGIT_1213,C_LEGIT_0015,M_014,0,4,0,1,1,0,NONE
TXN_004851,U_LEGIT_0469,74.33,70,D_LEGIT_0711,IP_LEGIT_1282,C_LEGIT_1211,M_148,0,4,0,2,1,0,NONE
TXN_009063,U_INDIV_0085,1278.89,5,D_INDIV_0287,IP_INDIV_0037,C_INDIV_0224,M_003,16,32,5,6,5,1,INDIVIDUAL_FRAUD
TXN_006448,U_LEGIT_0519,249.29,235,D_LEGIT_1487,IP_LEGIT_1640,C_LEGIT_1702,M_062,0,5,0,2,1,0,NONE
TXN_007824,U_LEGIT_2176,66.51,268,D_LEGIT_0979,IP_LEGIT_0479,C_LEGIT_1033,M_077,0,5,0,2,2,0,NONE
TXN_001104,U_LEGIT_0475,10.71,152,D_LEGIT_0476,IP_LEGIT_0616,C_LEGIT_0546,M_101,0,1,0,1,1,0,NONE
TXN_006337,U_LEGIT_1478,214.01,602,D_LEGIT_1211,IP_LEGIT_0439,C_LEGIT_0799,M_103,0,1,0,2,1,0,NONE
TXN_008327,U_LEGIT_1931,101.36,783,D_LEGIT_1924,IP_LEGIT_0203,C_LEGIT_0745,M_095,0,3,0,1,1,0,NONE
TXN_000030,U_LEGIT_2379,184.31,672,D_LEGIT_0544,IP_SHARED_BENIGN_10,C_LEGIT_1780,M_089,0,5,0,1,1,0,NONE
TXN_006986,U_LEGIT_1414,89.36,641,D_LEGIT_0200,IP_LEGIT_0433,C_LEGIT_2865,M_067,0,1,0,1,1,0,NONE
TXN_001518,U_LEGIT_1629,243.5,418,D_LEGIT_0508,IP_LEGIT_0625,C_LEGIT_0446,M_001,0,5,0,1,1,0,NONE
TXN_002532,U_LEGIT_2121,56.93,432,D_LEGIT_1805,IP_LEGIT_1159,C_LEGIT_2597,M_121,2,1,0,1,1,0,NONE
TXN_007385,U_LEGIT_0046,100.46,588,D_LEGIT_1516,IP_SHARED_BENIGN_10,C_LEGIT_0849,M_147,0,4,0,1,1,0,NONE
TXN_003060,U_LEGIT_2133,35.02,379,D_LEGIT_0460,IP_LEGIT_1797,C_LEGIT_2281,M_040,0,2,0,2,1,0,NONE
TXN_001396,U_LEGIT_1444,151.76,1137,D_SHARED_BENIGN_07,IP_LEGIT_1157,C_LEGIT_0749,M_003,1,3,0,2,1,0,NONE
TXN_004865,U_LEGIT_0366,86.07,585,D_LEGIT_1464,IP_SHARED_BENIGN_09,C_LEGIT_1523,M_143,0,3,0,1,1,0,NONE
TXN_007052,U_LEGIT_0074,61.94,1079,D_LEGIT_0452,IP_LEGIT_1059,C_LEGIT_0833,M_044,0,3,0,1,1,0,NONE
TXN_002951,U_LEGIT_0280,101.7,1066,D_LEGIT_0870,IP_LEGIT_1181,C_LEGIT_2410,M_026,0,2,0,1,1,0,NONE
TXN_009015,U_INDIV_0078,1035.81,2,D_INDIV_0118,IP_INDIV_0379,C_INDIV_0182,M_124,16,36,4,6,8,1,INDIVIDUAL_FRAUD
TXN_004239,U_LEGIT_0725,193.69,430,D_LEGIT_0009,IP_LEGIT_1642,C_LEGIT_2431,M_071,0,3,0,1,1,0,NONE
TXN_007439,U_LEGIT_0704,155.19,63,D_LEGIT_1476,IP_LEGIT_1224,C_LEGIT_0956,M_142,0,1,0,1,1,0,NONE
TXN_001656,U_LEGIT_0752,46.7,600,D_LEGIT_0573,IP_LEGIT_0459,C_LEGIT_0464,M_113,0,4,1,1,1,0,NONE
TXN_001846,U_LEGIT_0755,31.14,124,D_LEGIT_0097,IP_LEGIT_0287,C_LEGIT_2683,M_008,1,1,0,1,1,0,NONE
TXN_009917,U_DIST_004,69.94,21,D_DIST_008,IP_DIST_PROXY_03,C_DIST_037,M_TARGET_HIGHVAL_99,3,6,1,2,2,1,DISTRIBUTED_ABUSE
TXN_009586,U_FARM_029,303.09,0,D_FARM_HUB_01,IP_FARM_PROXY_01,C_FARM_050,M_096,22,25,3,1,3,1,DEVICE_FARM
TXN_006555,U_LEGIT_1633,66.63,593,D_LEGIT_0286,IP_LEGIT_0991,C_LEGIT_0335,M_082,0,3,0,1,1,0,NONE
TXN_008640,U_LEGIT_0078,176.08,94,D_LEGIT_0800,IP_LEGIT_1163,C_LEGIT_0824,M_081,0,4,0,1,1,0,NONE
TXN_000804,U_LEGIT_1109,60.96,999,D_LEGIT_1502,IP_LEGIT_1199,C_LEGIT_0331,M_075,1,2,0,2,2,0,NONE
TXN_008514,U_LEGIT_0757,23.35,675,D_LEGIT_1188,IP_LEGIT_0645,C_LEGIT_1624,M_075,0,4,0,1,1,0,NONE
TXN_008487,U_LEGIT_0162,229.96,1199,D_LEGIT_1771,IP_LEGIT_1395,C_LEGIT_0233,M_018,0,1,0,1,1,0,NONE
TXN_009732,U_CYCLE_010,300.61,1,D_CYCLE_030,IP_CYCLE_005,C_STOLEN_POOL_03,M_111,12,17,5,4,8,1,CARD_CYCLING
TXN_008067,U_LEGIT_0760,24.48,838,D_LEGIT_1374,IP_LEGIT_0266,C_LEGIT_1843,M_112,0,1,0,2,1,0,NONE
TXN_001644,U_LEGIT_0742,173.83,854,D_LEGIT_0332,IP_LEGIT_0681,C_LEGIT_1064,M_101,2,4,0,1,1,0,NONE
TXN_005154,U_LEGIT_0489,201.03,85,D_LEGIT_0483,IP_LEGIT_0899,C_LEGIT_2166,M_127,0,5,0,1,1,0,NONE
TXN_000439,U_LEGIT_1005,201.14,669,D_LEGIT_1519,IP_LEGIT_1370,C_LEGIT_0320,M_139,0,3,0,1,2,0,NONE
TXN_007255,U_LEGIT_0556,140.02,341,D_LEGIT_1286,IP_LEGIT_1195,C_LEGIT_2940,M_056,0,4,0,2,1,0,NONE
TXN_002452,U_LEGIT_0060,109.27,644,D_LEGIT_1539,IP_LEGIT_0506,C_LEGIT_2932,M_070,0,4,0,1,2,0,NONE
TXN_001355,U_LEGIT_0604,63.37,1010,D_LEGIT_1884,IP_LEGIT_0418,C_LEGIT_2166,M_065,0,4,0,2,1,0,NONE
TXN_009303,U_INDIV_0163,1861.14,3,D_INDIV_0154,IP_INDIV_0022,C_INDIV_0078,M_021,13,42,4,5,3,1,INDIVIDUAL_FRAUD
TXN_001388,U_LEGIT_0353,237.18,932,D_LEGIT_0876,IP_SHARED_BENIGN_01,C_LEGIT_1486,M_059,0,5,0,1,1,0,NONE
TXN_006000,U_LEGIT_0906,171.18,379,D_SHARED_BENIGN_01,IP_LEGIT_0014,C_LEGIT_0122,M_079,1,1,0,1,1,0,NONE
TXN_005390,U_LEGIT_1445,132.88,76,D_LEGIT_0768,IP_LEGIT_1544,C_LEGIT_1063,M_074,1,5,0,2,1,0,NONE
TXN_009857,U_BURST_010,871.84,0,D_BURST_003,IP_BURST_SUBNET_01,C_BURST_008,M_050,12,23,1,1,2,1,ACCOUNT_BURST
TXN_005466,U_LEGIT_1092,93.8,1026,D_LEGIT_1947,IP_LEGIT_1022,C_LEGIT_0554,M_080,0,5,0,2,1,0,NONE
TXN_007003,U_LEGIT_0186,146.58,44,D_LEGIT_1969,IP_LEGIT_1842,C_LEGIT_2437,M_129,0,4,0,1,2,0,NONE
TXN_007828,U_LEGIT_0005,149.91,268,D_LEGIT_1724,IP_SHARED_BENIGN_07,C_LEGIT_2409,M_038,0,3,0,1,1,0,NONE
TXN_006211,U_LEGIT_1861,234.55,502,D_LEGIT_0246,IP_LEGIT_1548,C_LEGIT_0622,M_144,0,5,0,2,2,0,NONE
TXN_000518,U_LEGIT_2346,128.21,725,D_SHARED_BENIGN_08,IP_LEGIT_1383,C_LEGIT_0844,M_087,0,3,0,2,1,0,NONE
TXN_001454,U_LEGIT_0537,238.45,1071,D_LEGIT_1987,IP_LEGIT_1415,C_LEGIT_0626,M_037,0,1,0,1,1,0,NONE
TXN_004324,U_LEGIT_0503,57.15,270,D_LEGIT_0056,IP_LEGIT_1893,C_LEGIT_2281,M_134,0,5,0,1,1,0,NONE
TXN_006830,U_LEGIT_1411,137.29,134,D_LEGIT_0483,IP_LEGIT_0464,C_LEGIT_2316,M_116,0,4,0,1,1,0,NONE
TXN_005467,U_LEGIT_0276,181.65,844,D_LEGIT_0585,IP_LEGIT_1760,C_LEGIT_1023,M_052,0,2,0,2,1,0,NONE
TXN_004663,U_LEGIT_1073,191.03,177,D_LEGIT_1528,IP_LEGIT_1526,C_LEGIT_2521,M_138,1,1,0,1,1,0,NONE
TXN_004490,U_LEGIT_1723,10.83,620,D_SHARED_BENIGN_06,IP_LEGIT_1035,C_LEGIT_0456,M_020,0,2,0,1,1,0,NONE
TXN_000717,U_LEGIT_1629,113.93,1073,D_LEGIT_1091,IP_LEGIT_1990,C_LEGIT_0308,M_043,0,4,0,1,1,0,NONE
TXN_005955,U_LEGIT_1252,208.24,875,D_LEGIT_0858,IP_LEGIT_1529,C_LEGIT_0461,M_068,0,5,0,1,2,0,NONE
TXN_000948,U_LEGIT_0724,71.94,1119,D_LEGIT_0990,IP_LEGIT_1949,C_LEGIT_2644,M_077,0,3,0,1,2,0,NONE
TXN_005605,U_LEGIT_1298,106.55,279,D_LEGIT_1171,IP_LEGIT_1940,C_LEGIT_2439,M_082,0,2,0,2,1,0,NONE
TXN_003540,U_LEGIT_2388,21.5,400,D_LEGIT_0414,IP_LEGIT_0758,C_LEGIT_2839,M_133,0,3,0,1,1,0,NONE
TXN_009934,U_DIST_002,16.73,25,D_DIST_028,IP_DIST_PROXY_01,C_DIST_038,M_TARGET_HIGHVAL_99,6,13,1,1,1,1,DISTRIBUTED_ABUSE
TXN_006106,U_LEGIT_0289,189.29,719,D_LEGIT_1837,IP_LEGIT_1294,C_LEGIT_0635,M_024,0,4,0,1,1,0,NONE
TXN_009234,U_INDIV_0194,1962.29,5,D_INDIV_0277,IP_INDIV_0270,C_INDIV_0098,M_093,15,41,4,3,7,1,INDIVIDUAL_FRAUD
TXN_001493,U_LEGIT_0638,101.24,1123,D_LEGIT_0083,IP_LEGIT_1198,C_LEGIT_2819,M_088,0,3,0,1,1,0,NONE
TXN_001740,U_LEGIT_2231,71.06,833,D_LEGIT_1493,IP_LEGIT_0196,C_LEGIT_1315,M_116,0,2,0,1,2,0,NONE
TXN_008419,U_LEGIT_0011,239.36,212,D_LEGIT_1174,IP_SHARED_BENIGN_01,C_LEGIT_0375,M_072,0,1,0,1,1,0,NONE
TXN_001919,U_LEGIT_0586,219.95,1038,D_LEGIT_0112,IP_LEGIT_1569,C_LEGIT_0518,M_115,0,2,0,1,2,0,NONE
TXN_006165,U_LEGIT_0755,139.38,931,D_LEGIT_0458,IP_LEGIT_1508,C_LEGIT_0330,M_132,0,4,0,1,1,0,NONE
TXN_009914,U_DIST_001,69.33,2,D_DIST_029,IP_DIST_PROXY_03,C_DIST_018,M_TARGET_HIGHVAL_99,5,10,1,1,2,1,DISTRIBUTED_ABUSE
TXN_004238,U_LEGIT_0088,132.49,403,D_LEGIT_1314,IP_LEGIT_0009,C_LEGIT_2433,M_129,0,1,0,1,1,0,NONE
TXN_006013,U_LEGIT_0585,153.36,1080,D_LEGIT_1369,IP_LEGIT_0728,C_LEGIT_1481,M_092,0,5,0,1,1,0,NONE
TXN_007831,U_LEGIT_0424,169.74,83,D_LEGIT_1039,IP_LEGIT_0394,C_LEGIT_0702,M_094,0,2,0,1,1,0,NONE
TXN_003525,U_LEGIT_0330,172.07,351,D_LEGIT_1680,IP_LEGIT_1587,C_LEGIT_0552,M_012,0,3,0,2,1,0,NONE
TXN_001694,U_LEGIT_2186,186.36,631,D_SHARED_BENIGN_07,IP_SHARED_BENIGN_08,C_LEGIT_2653,M_106,0,5,0,1,1,0,NONE
TXN_006511,U_LEGIT_1922,78.43,211,D_LEGIT_1049,IP_LEGIT_1919,C_LEGIT_2806,M_040,0,3,0,1,1,0,NONE
TXN_007664,U_LEGIT_1578,108.78,386,D_LEGIT_0847,IP_LEGIT_1277,C_LEGIT_0156,M_027,1,1,0,1,1,0,NONE
TXN_001881,U_LEGIT_2097,107.02,150,D_LEGIT_1655,IP_LEGIT_0011,C_LEGIT_0015,M_106,0,1,0,1,1,0,NONE
TXN_006695,U_LEGIT_2242,191.14,805,D_LEGIT_1490,IP_LEGIT_0403,C_LEGIT_2509,M_119,0,1,0,1,2,0,NONE
TXN_006913,U_LEGIT_2106,192.66,1018,D_LEGIT_0548,IP_LEGIT_1576,C_LEGIT_0360,M_021,0,1,0,1,1,0,NONE
TXN_009143,U_INDIV_0016,830.3,0,D_INDIV_0031,IP_INDIV_0097,C_INDIV_0100,M_079,10,42,5,7,6,1,INDIVIDUAL_FRAUD
TXN_001189,U_LEGIT_2036,109.57,728,D_LEGIT_0007,IP_LEGIT_0041,C_LEGIT_1341,M_142,0,2,0,1,2,0,NONE
TXN_004218,U_LEGIT_0614,194.55,162,D_LEGIT_1754,IP_LEGIT_1918,C_LEGIT_1775,M_071,0,3,0,1,1,0,NONE
TXN_004966,U_LEGIT_2128,189.19,748,D_LEGIT_0035,IP_LEGIT_0026,C_LEGIT_0906,M_062,0,4,1,1,1,0,NONE
TXN_008579,U_LEGIT_0858,116.41,182,D_LEGIT_0706,IP_LEGIT_1071,C_LEGIT_0756,M_059,0,4,0,2,2,0,NONE
TXN_003274,U_LEGIT_2251,127.44,678,D_LEGIT_1021,IP_LEGIT_1228,C_LEGIT_2619,M_144,0,2,0,1,1,0,NONE
TXN_007593,U_LEGIT_0183,103.75,319,D_LEGIT_0269,IP_LEGIT_1970,C_LEGIT_0629,M_110,0,2,0,1,1,0,NONE
TXN_001367,U_LEGIT_0717,151.36,363,D_LEGIT_1853,IP_LEGIT_1141,C_LEGIT_2658,M_058,0,2,0,1,1,0,NONE
TXN_005633,U_LEGIT_1780,31.58,678,D_LEGIT_0628,IP_LEGIT_1834,C_LEGIT_2098,M_148,0,5,0,2,2,0,NONE
TXN_000233,U_LEGIT_0646,60.04,701,D_LEGIT_0624,IP_LEGIT_1428,C_LEGIT_2472,M_011,0,2,1,2,1,0,NONE
TXN_007059,U_LEGIT_1741,232.42,520,D_LEGIT_0425,IP_LEGIT_1767,C_LEGIT_1943,M_031,0,5,0,1,1,0,NONE
TXN_000380,U_LEGIT_1131,30.82,972,D_LEGIT_1048,IP_LEGIT_1897,C_LEGIT_2342,M_040,0,2,0,1,1,0,NONE
TXN_002922,U_LEGIT_1153,215.74,100,D_LEGIT_1294,IP_SHARED_BENIGN_04,C_LEGIT_1041,M_057,0,1,0,1,2,0,NONE
TXN_005222,U_LEGIT_1996,200.91,465,D_LEGIT_1349,IP_LEGIT_0392,C_LEGIT_2486,M_146,2,4,0,2,1,0,NONE
TXN_008525,U_LEGIT_1222,31.13,123,D_LEGIT_0704,IP_LEGIT_1443,C_LEGIT_0428,M_057,0,5,0,2,1,0,NONE
TXN_008889,U_LEGIT_1368,95.34,956,D_LEGIT_0518,IP_LEGIT_1433,C_LEGIT_1058,M_092,0,2,0,1,1,0,NONE
TXN_009603,U_FARM_004,177.41,3,D_FARM_HUB_01,IP_FARM_PROXY_01,C_FARM_005,M_051,8,38,2,1,5,1,DEVICE_FARM
TXN_003662,U_LEGIT_0103,11.29,198,D_LEGIT_0056,IP_LEGIT_0153,C_LEGIT_1723,M_134,0,2,1,2,1,0,NONE
TXN_008147,U_LEGIT_0498,187.67,72,D_LEGIT_1498,IP_LEGIT_0576,C_LEGIT_1577,M_031,0,3,0,1,1,0,NONE
TXN_001231,U_LEGIT_2344,158.33,1104,D_LEGIT_1283,IP_LEGIT_0870,C_LEGIT_2300,M_037,0,3,0,1,1,0,NONE
TXN_003749,U_LEGIT_2258,119.53,1170,D_LEGIT_0356,IP_LEGIT_1908,C_LEGIT_1244,M_089,0,1,0,1,2,0,NONE
TXN_008392,U_LEGIT_0820,161.9,240,D_LEGIT_0467,IP_LEGIT_1212,C_LEGIT_0324,M_106,0,3,0,1,1,0,NONE
TXN_002060,U_LEGIT_1728,80.95,761,D_SHARED_BENIGN_01,IP_LEGIT_0451,C_LEGIT_0509,M_115,0,4,0,2,1,0,NONE
TXN_006387,U_LEGIT_1921,216.3,1177,D_SHARED_BENIGN_08,IP_LEGIT_0087,C_LEGIT_0050,M_064,0,1,0,1,1,0,NONE
TXN_000017,U_LEGIT_0575,203.54,1157,D_LEGIT_0571,IP_LEGIT_1791,C_LEGIT_0309,M_114,0,5,0,1,1,0,NONE
TXN_007811,U_LEGIT_2321,36.03,1034,D_LEGIT_0443,IP_LEGIT_1157,C_LEGIT_2457,M_140,0,2,0,1,1,0,NONE
TXN_004113,U_LEGIT_1390,126.2,125,D_LEGIT_1507,IP_SHARED_BENIGN_06,C_LEGIT_1844,M_141,0,5,0,2,1,0,NONE
TXN_004946,U_LEGIT_0539,89.08,1055,D_LEGIT_1052,IP_LEGIT_1279,C_LEGIT_2604,M_147,1,3,0,2,1,0,NONE
TXN_000868,U_LEGIT_2462,223.33,867,D_LEGIT_0481,IP_SHARED_BENIGN_05,C_LEGIT_2079,M_056,0,3,0,1,2,0,NONE
TXN_001266,U_LEGIT_2332,196.37,731,D_SHARED_BENIGN_02,IP_LEGIT_1843,C_LEGIT_2220,M_046,1,3,0,2,2,0,NONE
TXN_002660,U_LEGIT_1619,64.73,780,D_SHARED_BENIGN_01,IP_LEGIT_0227,C_LEGIT_0817,M_032,0,4,0,1,1,0,NONE
TXN_002079,U_LEGIT_0312,203.45,256,D_LEGIT_1989,IP_LEGIT_0769,C_LEGIT_1353,M_093,0,3,0,1,1,0,NONE
TXN_007051,U_LEGIT_1422,73.24,614,D_LEGIT_1884,IP_LEGIT_1305,C_LEGIT_1873,M_124,0,1,0,1,1,0,NONE
TXN_007818,U_LEGIT_2398,219.94,287,D_LEGIT_1493,IP_LEGIT_0029,C_LEGIT_0456,M_013,0,5,0,1,2,0,NONE
TXN_003097,U_LEGIT_0136,231.42,66,D_SHARED_BENIGN_08,IP_LEGIT_1823,C_LEGIT_2384,M_128,0,5,0,1,1,0,NONE
TXN_008871,U_LEGIT_1582,211.29,179,D_LEGIT_0812,IP_SHARED_BENIGN_03,C_LEGIT_2414,M_098,0,5,0,1,1,0,NONE
TXN_002706,U_LEGIT_0534,133.16,135,D_LEGIT_0395,IP_LEGIT_0564,C_LEGIT_0351,M_080,1,2,0,2,1,0,NONE
TXN_008098,U_LEGIT_0105,80.43,240,D_LEGIT_0826,IP_LEGIT_1649,C_LEGIT_2259,M_056,0,4,0,1,1,0,NONE
TXN_006587,U_LEGIT_2298,237.42,305,D_LEGIT_1535,IP_LEGIT_0668,C_LEGIT_0491,M_149,0,5,0,1,1,0,NONE
TXN_002725,U_LEGIT_0179,209.24,520,D_LEGIT_0051,IP_LEGIT_1923,C_LEGIT_1546,M_026,0,4,0,1,1,0,NONE
TXN_001858,U_LEGIT_1892,99.85,995,D_SHARED_BENIGN_04,IP_SHARED_BENIGN_04,C_LEGIT_1942,M_034,0,1,0,1,2,0,NONE
TXN_007337,U_LEGIT_0901,28.59,119,D_LEGIT_0887,IP_SHARED_BENIGN_04,C_LEGIT_2806,M_132,0,2,0,1,2,0,NONE
TXN_000398,U_LEGIT_2058,126.93,311,D_LEGIT_0961,IP_LEGIT_0766,C_LEGIT_0754,M_100,0,2,0,1,1,0,NONE
TXN_007472,U_LEGIT_1350,207.48,1066,D_LEGIT_1231,IP_SHARED_BENIGN_07,C_LEGIT_2234,M_076,1,5,0,1,1,0,NONE
TXN_003755,U_LEGIT_1059,91.37,277,D_SHARED_BENIGN_02,IP_LEGIT_0295,C_LEGIT_2615,M_094,0,3,0,1,1,0,NONE
TXN_004226,U_LEGIT_1020,93.24,373,D_LEGIT_0741,IP_LEGIT_1855,C_LEGIT_1530,M_064,0,5,0,1,1,0,NONE
TXN_002985,U_LEGIT_1836,178.77,740,D_LEGIT_1589,IP_LEGIT_1036,C_LEGIT_0471,M_039,0,2,0,1,1,0,NONE
TXN_005216,U_LEGIT_2486,122.91,547,D_LEGIT_1546,IP_LEGIT_0449,C_LEGIT_0448,M_110,1,5,0,1,1,0,NONE
TXN_000407,U_LEGIT_1879,65.57,1004,D_LEGIT_1022,IP_LEGIT_0012,C_LEGIT_2491,M_127,0,4,0,1,1,0,NONE
TXN_006038,U_LEGIT_1843,15.54,367,D_LEGIT_1038,IP_LEGIT_0754,C_LEGIT_1679,M_010,1,2,0,2,1,0,NONE
TXN_008313,U_LEGIT_1748,180.43,841,D_LEGIT_0200,IP_LEGIT_0561,C_LEGIT_0315,M_107,0,2,0,1,1,0,NONE
TXN_002305,U_LEGIT_2392,76.37,513,D_LEGIT_0391,IP_LEGIT_1458,C_LEGIT_2053,M_083,1,4,0,1,1,0,NONE
TXN_009830,U_BURST_006,1311.96,0,D_BURST_013,IP_BURST_SUBNET_01,C_BURST_027,M_137,15,16,1,1,2,1,ACCOUNT_BURST
TXN_002468,U_LEGIT_0743,165.22,151,D_LEGIT_1616,IP_LEGIT_0269,C_LEGIT_2953,M_009,2,5,1,1,1,0,NONE
TXN_005867,U_LEGIT_1262,62.06,604,D_LEGIT_0307,IP_LEGIT_1507,C_LEGIT_2613,M_106,0,3,0,1,1,0,NONE
TXN_006354,U_LEGIT_0373,40.77,638,D_LEGIT_1769,IP_LEGIT_0065,C_LEGIT_0319,M_111,0,3,0,1,1,0,NONE
TXN_009765,U_BURST_001,1496.38,1,D_BURST_009,IP_BURST_SUBNET_02,C_BURST_013,M_112,16,22,1,1,3,1,ACCOUNT_BURST
TXN_000529,U_LEGIT_1010,181.19,661,D_LEGIT_1802,IP_LEGIT_0297,C_LEGIT_1487,M_122,0,5,0,1,1,0,NONE
TXN_003456,U_LEGIT_1935,148.8,107,D_LEGIT_0498,IP_SHARED_BENIGN_06,C_LEGIT_2804,M_049,0,3,0,1,1,0,NONE
TXN_000426,U_LEGIT_2326,118.25,983,D_LEGIT_1665,IP_LEGIT_1431,C_LEGIT_1919,M_025,0,2,0,1,1,0,NONE
TXN_007057,U_LEGIT_0899,109.15,30,D_LEGIT_0947,IP_LEGIT_0056,C_LEGIT_0109,M_135,0,5,0,1,1,0,NONE
TXN_006177,U_LEGIT_0807,224.84,587,D_LEGIT_0303,IP_LEGIT_0186,C_LEGIT_0999,M_096,2,1,0,1,2,0,NONE
TXN_008831,U_LEGIT_0071,195.77,554,D_LEGIT_1994,IP_LEGIT_0745,C_LEGIT_1717,M_088,0,3,0,1,1,0,NONE
TXN_001027,U_LEGIT_0862,216.0,543,D_LEGIT_0090,IP_LEGIT_1943,C_LEGIT_0626,M_088,1,3,0,1,2,0,NONE
TXN_008146,U_LEGIT_1878,109.88,1155,D_LEGIT_1297,IP_LEGIT_0426,C_LEGIT_1877,M_115,0,2,0,2,1,0,NONE
TXN_003537,U_LEGIT_0794,176.65,1033,D_LEGIT_0275,IP_LEGIT_0041,C_LEGIT_1518,M_082,0,2,0,1,1,0,NONE
TXN_005449,U_LEGIT_0757,240.1,1020,D_LEGIT_1356,IP_LEGIT_1207,C_LEGIT_1058,M_137,0,5,0,2,1,0,NONE
TXN_008135,U_LEGIT_0756,124.43,515,D_LEGIT_0355,IP_LEGIT_0935,C_LEGIT_1179,M_125,2,2,0,2,1,0,NONE
TXN_008445,U_LEGIT_2439,21.95,636,D_LEGIT_1883,IP_SHARED_BENIGN_03,C_LEGIT_0564,M_021,0,5,0,2,1,0,NONE
TXN_007764,U_LEGIT_1259,161.7,632,D_LEGIT_1267,IP_LEGIT_1393,C_LEGIT_2065,M_136,0,4,0,2,1,0,NONE
TXN_009170,U_INDIV_0086,1689.74,7,D_INDIV_0005,IP_INDIV_0194,C_INDIV_0194,M_002,11,46,5,5,8,1,INDIVIDUAL_FRAUD
TXN_007787,U_LEGIT_0281,182.72,444,D_SHARED_BENIGN_03,IP_LEGIT_0487,C_LEGIT_1494,M_106,0,2,0,2,1,0,NONE
TXN_004349,U_LEGIT_1244,144.4,116,D_LEGIT_0534,IP_LEGIT_1617,C_LEGIT_2481,M_131,0,4,0,2,2,0,NONE
TXN_003777,U_LEGIT_0112,142.82,847,D_LEGIT_1942,IP_LEGIT_0316,C_LEGIT_0965,M_139,2,4,0,1,1,0,NONE
TXN_007745,U_LEGIT_1609,248.31,972,D_LEGIT_0404,IP_LEGIT_1226,C_LEGIT_1617,M_047,0,4,0,2,1,0,NONE
TXN_005645,U_LEGIT_1201,130.39,58,D_LEGIT_0153,IP_LEGIT_1896,C_LEGIT_2207,M_030,0,2,0,1,1,0,NONE
TXN_009100,U_INDIV_0045,1203.1,1,D_INDIV_0156,IP_INDIV_0075,C_INDIV_0235,M_135,15,25,7,5,8,1,INDIVIDUAL_FRAUD
TXN_004913,U_LEGIT_2323,204.78,1053,D_LEGIT_1393,IP_LEGIT_1940,C_LEGIT_2455,M_047,0,5,0,1,1,0,NONE
TXN_007743,U_LEGIT_2190,200.77,677,D_LEGIT_0782,IP_LEGIT_0676,C_LEGIT_1518,M_095,1,2,0,1,1,0,NONE
TXN_008977,U_LEGIT_2046,55.01,478,D_LEGIT_0148,IP_LEGIT_1444,C_LEGIT_2796,M_076,0,3,0,1,1,0,NONE
TXN_008515,U_LEGIT_1946,74.36,728,D_LEGIT_1539,IP_LEGIT_0319,C_LEGIT_2587,M_085,0,1,0,1,2,0,NONE
TXN_006666,U_LEGIT_1744,190.08,683,D_LEGIT_1857,IP_LEGIT_1986,C_LEGIT_0191,M_145,1,3,0,1,1,0,NONE
TXN_003252,U_LEGIT_2237,246.63,1158,D_LEGIT_0709,IP_LEGIT_0530,C_LEGIT_1055,M_136,0,3,0,1,1,0,NONE
TXN_008671,U_LEGIT_1314,167.1,147,D_SHARED_BENIGN_03,IP_LEGIT_0287,C_LEGIT_0412,M_046,0,3,0,1,2,0,NONE
TXN_004154,U_LEGIT_0983,110.18,478,D_LEGIT_0958,IP_LEGIT_1804,C_LEGIT_2179,M_080,0,1,0,1,1,0,NONE
TXN_006972,U_LEGIT_1931,161.05,132,D_LEGIT_1586,IP_LEGIT_0485,C_LEGIT_2055,M_085,0,4,0,1,2,0,NONE
TXN_001940,U_LEGIT_1229,206.0,45,D_LEGIT_1984,IP_LEGIT_1647,C_LEGIT_2230,M_120,0,5,0,1,1,0,NONE
TXN_009927,U_DIST_014,29.48,23,D_DIST_006,IP_DIST_PROXY_03,C_DIST_034,M_TARGET_HIGHVAL_99,7,16,0,1,1,1,DISTRIBUTED_ABUSE
TXN_009805,U_BURST_019,344.13,1,D_BURST_010,IP_BURST_SUBNET_02,C_BURST_023,M_096,12,19,3,2,3,1,ACCOUNT_BURST
TXN_009026,U_INDIV_0187,2110.03,0,D_INDIV_0375,IP_INDIV_0212,C_INDIV_0024,M_106,10,22,9,5,4,1,INDIVIDUAL_FRAUD
TXN_004190,U_LEGIT_2491,212.65,936,D_LEGIT_1850,IP_LEGIT_1485,C_LEGIT_0671,M_116,0,2,0,2,1,0,NONE
TXN_004909,U_LEGIT_1378,103.54,428,D_LEGIT_1107,IP_LEGIT_0848,C_LEGIT_0344,M_056,0,3,0,1,2,0,NONE
TXN_002857,U_LEGIT_0235,208.53,1044,D_LEGIT_0635,IP_LEGIT_0946,C_LEGIT_1981,M_009,0,4,0,1,1,0,NONE
TXN_003032,U_LEGIT_2279,9.39,339,D_LEGIT_0053,IP_LEGIT_1840,C_LEGIT_1791,M_050,0,5,0,1,1,0,NONE
TXN_007347,U_LEGIT_2404,55.92,88,D_LEGIT_1559,IP_LEGIT_1740,C_LEGIT_1481,M_092,1,3,0,2,1,0,NONE
TXN_004359,U_LEGIT_0538,175.29,792,D_LEGIT_1499,IP_LEGIT_1894,C_LEGIT_0737,M_125,0,3,0,1,2,0,NONE
TXN_001117,U_LEGIT_0393,22.49,258,D_LEGIT_1407,IP_LEGIT_0082,C_LEGIT_2705,M_146,0,5,0,1,2,0,NONE
TXN_009897,U_DIST_025,67.9,4,D_DIST_029,IP_DIST_PROXY_01,C_DIST_033,M_TARGET_HIGHVAL_99,3,16,2,1,2,1,DISTRIBUTED_ABUSE
TXN_002858,U_LEGIT_1695,202.06,209,D_SHARED_BENIGN_05,IP_SHARED_BENIGN_08,C_LEGIT_2407,M_033,0,3,0,1,1,0,NONE
TXN_007230,U_LEGIT_1721,68.75,299,D_LEGIT_0606,IP_LEGIT_1725,C_LEGIT_1619,M_086,0,1,0,1,1,0,NONE
TXN_008594,U_LEGIT_1987,84.42,714,D_SHARED_BENIGN_02,IP_SHARED_BENIGN_05,C_LEGIT_0946,M_146,0,2,0,1,1,0,NONE
TXN_005321,U_LEGIT_0246,172.16,277,D_LEGIT_1660,IP_LEGIT_1026,C_LEGIT_2186,M_024,0,3,1,1,1,0,NONE
TXN_004993,U_LEGIT_0743,78.59,1106,D_LEGIT_1209,IP_LEGIT_1234,C_LEGIT_1685,M_086,1,5,0,1,1,0,NONE
TXN_001118,U_LEGIT_0986,93.56,514,D_LEGIT_1267,IP_LEGIT_1540,C_LEGIT_1093,M_142,0,5,0,1,1,0,NONE
TXN_005740,U_LEGIT_1454,85.11,910,D_LEGIT_0459,IP_LEGIT_1012,C_LEGIT_2953,M_067,0,3,0,1,2,0,NONE
TXN_002891,U_LEGIT_0524,144.38,1086,D_LEGIT_1015,IP_LEGIT_1833,C_LEGIT_0200,M_009,0,1,0,1,2,0,NONE
TXN_003797,U_LEGIT_0647,11.03,606,D_LEGIT_0358,IP_LEGIT_1569,C_LEGIT_0919,M_144,0,4,1,1,2,0,NONE
TXN_003649,U_LEGIT_0999,86.02,46,D_LEGIT_0396,IP_LEGIT_0607,C_LEGIT_0661,M_090,1,3,0,1,1,0,NONE
TXN_005413,U_LEGIT_1468,10.54,1002,D_LEGIT_1912,IP_LEGIT_1022,C_LEGIT_2942,M_015,0,5,0,1,1,0,NONE
TXN_004580,U_LEGIT_2066,220.59,92,D_LEGIT_1210,IP_LEGIT_0155,C_LEGIT_0920,M_053,0,3,0,1,1,0,NONE
TXN_005295,U_LEGIT_1803,37.38,1128,D_LEGIT_0601,IP_LEGIT_1500,C_LEGIT_2320,M_071,0,5,0,1,1,0,NONE
TXN_009184,U_INDIV_0119,2403.67,0,D_INDIV_0122,IP_INDIV_0287,C_INDIV_0360,M_116,15,43,9,3,4,1,INDIVIDUAL_FRAUD
TXN_005565,U_LEGIT_0344,213.74,552,D_LEGIT_0168,IP_LEGIT_1067,C_LEGIT_0607,M_088,1,3,0,1,1,0,NONE
TXN_003123,U_LEGIT_0286,167.45,923,D_LEGIT_0520,IP_LEGIT_0969,C_LEGIT_1299,M_075,0,5,0,1,1,0,NONE
TXN_005997,U_LEGIT_0860,23.78,749,D_LEGIT_1440,IP_LEGIT_1269,C_LEGIT_2146,M_143,0,3,0,1,2,0,NONE
TXN_000910,U_LEGIT_2188,61.65,394,D_SHARED_BENIGN_08,IP_LEGIT_1988,C_LEGIT_2403,M_007,0,3,0,1,2,0,NONE
TXN_002115,U_LEGIT_1821,186.56,379,D_LEGIT_1896,IP_LEGIT_1645,C_LEGIT_2054,M_094,2,3,1,1,1,0,NONE
TXN_006855,U_LEGIT_0371,143.86,805,D_LEGIT_1545,IP_LEGIT_0932,C_LEGIT_0567,M_041,2,3,0,2,1,0,NONE
TXN_003068,U_LEGIT_0173,150.09,296,D_SHARED_BENIGN_05,IP_LEGIT_0617,C_LEGIT_0139,M_142,0,1,0,1,2,0,NONE
TXN_007048,U_LEGIT_0134,113.1,1109,D_LEGIT_0452,IP_LEGIT_1078,C_LEGIT_1678,M_008,0,5,0,1,1,0,NONE
TXN_000882,U_LEGIT_0038,134.44,791,D_LEGIT_0892,IP_LEGIT_1475,C_LEGIT_2772,M_070,0,2,0,1,1,0,NONE
TXN_000520,U_LEGIT_2369,111.36,741,D_SHARED_BENIGN_06,IP_LEGIT_1161,C_LEGIT_2176,M_122,0,3,0,1,2,0,NONE
TXN_003089,U_LEGIT_1100,91.87,1043,D_LEGIT_0398,IP_LEGIT_0413,C_LEGIT_1709,M_126,0,4,0,1,1,0,NONE
TXN_003817,U_LEGIT_1047,243.32,727,D_LEGIT_0975,IP_LEGIT_1555,C_LEGIT_0141,M_075,2,5,0,1,1,0,NONE
TXN_005584,U_LEGIT_0856,34.05,675,D_LEGIT_0178,IP_LEGIT_0022,C_LEGIT_1625,M_056,1,3,0,2,1,0,NONE
TXN_009959,U_DIST_014,15.43,10,D_DIST_024,IP_DIST_PROXY_02,C_DIST_009,M_TARGET_HIGHVAL_99,5,8,1,2,1,1,DISTRIBUTED_ABUSE
TXN_007242,U_LEGIT_1701,88.13,244,D_LEGIT_1902,IP_LEGIT_0655,C_LEGIT_1960,M_001,0,4,0,2,2,0,NONE
TXN_001991,U_LEGIT_1375,42.57,286,D_SHARED_BENIGN_06,IP_LEGIT_1683,C_LEGIT_2418,M_139,1,4,0,1,1,0,NONE
TXN_001974,U_LEGIT_1338,81.83,782,D_LEGIT_1602,IP_LEGIT_1653,C_LEGIT_2630,M_071,1,4,0,2,2,0,NONE
TXN_000415,U_LEGIT_1366,54.95,722,D_LEGIT_1484,IP_LEGIT_1967,C_LEGIT_0120,M_045,1,4,0,1,1,0,NONE
TXN_003714,U_LEGIT_0337,169.58,1115,D_LEGIT_0803,IP_LEGIT_1416,C_LEGIT_2627,M_121,0,2,0,1,1,0,NONE
TXN_004747,U_LEGIT_1099,186.04,57,D_LEGIT_0058,IP_LEGIT_1488,C_LEGIT_0921,M_133,0,5,0,1,1,0,NONE
TXN_003356,U_LEGIT_0147,67.11,773,D_LEGIT_1708,IP_LEGIT_0774,C_LEGIT_0490,M_125,0,3,0,1,1,0,NONE
TXN_006064,U_LEGIT_2373,81.84,520,D_LEGIT_1286,IP_LEGIT_0302,C_LEGIT_0178,M_089,0,2,1,1,1,0,NONE
TXN_009203,U_INDIV_0179,2887.26,4,D_INDIV_0008,IP_INDIV_0309,C_INDIV_0364,M_013,18,43,6,7,5,1,INDIVIDUAL_FRAUD
TXN_009576,U_FARM_009,377.59,0,D_FARM_HUB_01,IP_FARM_PROXY_01,C_FARM_046,M_084,20,69,3,1,2,1,DEVICE_FARM
TXN_007691,U_LEGIT_0920,171.26,84,D_LEGIT_0177,IP_LEGIT_0387,C_LEGIT_2208,M_077,1,3,0,2,1,0,NONE
TXN_004251,U_LEGIT_1538,212.27,1098,D_LEGIT_0703,IP_LEGIT_1758,C_LEGIT_0475,M_029,0,5,0,1,1,0,NONE
TXN_008962,U_LEGIT_1877,46.96,626,D_LEGIT_0659,IP_LEGIT_0937,C_LEGIT_0834,M_091,0,4,0,1,1,0,NONE
TXN_004942,U_LEGIT_0858,90.48,342,D_LEGIT_1459,IP_LEGIT_1575,C_LEGIT_0205,M_129,0,3,0,1,1,0,NONE
TXN_005094,U_LEGIT_2478,79.72,414,D_LEGIT_1148,IP_LEGIT_0975,C_LEGIT_1972,M_072,0,3,0,1,1,0,NONE
TXN_009892,U_DIST_012,55.6,24,D_DIST_023,IP_DIST_PROXY_01,C_DIST_018,M_TARGET_HIGHVAL_99,6,17,1,1,1,1,DISTRIBUTED_ABUSE
TXN_006150,U_LEGIT_0573,16.35,453,D_LEGIT_0647,IP_LEGIT_1488,C_LEGIT_2826,M_035,0,4,0,1,2,0,NONE
TXN_008064,U_LEGIT_0620,21.51,183,D_LEGIT_1598,IP_LEGIT_0634,C_LEGIT_2673,M_075,0,1,0,1,2,0,NONE
TXN_009460,U_INDIV_0048,1001.09,3,D_INDIV_0002,IP_INDIV_0030,C_INDIV_0001,M_050,16,24,3,6,3,1,INDIVIDUAL_FRAUD
TXN_002293,U_LEGIT_1252,86.68,243,D_LEGIT_0958,IP_LEGIT_0293,C_LEGIT_1812,M_065,0,4,0,1,2,0,NONE
TXN_006475,U_LEGIT_0679,134.35,81,D_LEGIT_1375,IP_LEGIT_0286,C_LEGIT_1419,M_140,0,4,0,1,1,0,NONE
TXN_002449,U_LEGIT_0394,112.25,76,D_LEGIT_0069,IP_LEGIT_0620,C_LEGIT_2248,M_133,0,2,1,1,2,0,NONE
TXN_008344,U_LEGIT_1315,224.27,755,D_LEGIT_0357,IP_SHARED_BENIGN_04,C_LEGIT_1859,M_076,0,1,0,1,1,0,NONE
TXN_003137,U_LEGIT_1740,53.85,387,D_LEGIT_0944,IP_LEGIT_1962,C_LEGIT_1070,M_024,0,4,0,1,1,0,NONE
TXN_007018,U_LEGIT_1359,213.21,159,D_LEGIT_1487,IP_LEGIT_0947,C_LEGIT_2860,M_147,0,4,0,1,2,0,NONE
TXN_005054,U_LEGIT_0311,247.23,402,D_LEGIT_0342,IP_LEGIT_0934,C_LEGIT_1358,M_016,0,1,0,1,2,0,NONE
TXN_003580,U_LEGIT_1050,177.07,176,D_LEGIT_1693,IP_SHARED_BENIGN_01,C_LEGIT_1800,M_044,0,3,0,1,1,0,NONE
TXN_003878,U_LEGIT_1259,10.63,429,D_LEGIT_0343,IP_LEGIT_1527,C_LEGIT_2004,M_142,0,1,0,1,2,0,NONE
TXN_008667,U_LEGIT_0320,18.69,123,D_LEGIT_0914,IP_LEGIT_0192,C_LEGIT_1595,M_017,0,3,0,1,1,0,NONE
TXN_000198,U_LEGIT_2426,147.72,1129,D_LEGIT_0010,IP_LEGIT_0422,C_LEGIT_1141,M_017,0,3,0,1,1,0,NONE
TXN_005652,U_LEGIT_1194,30.62,1125,D_LEGIT_0059,IP_LEGIT_1750,C_LEGIT_0481,M_138,0,2,0,1,2,0,NONE
TXN_004563,U_LEGIT_0741,166.42,852,D_LEGIT_1234,IP_LEGIT_0339,C_LEGIT_1065,M_087,0,1,0,1,1,0,NONE
TXN_007467,U_LEGIT_1162,218.14,600,D_LEGIT_1860,IP_LEGIT_1362,C_LEGIT_2687,M_149,0,3,0,1,1,0,NONE
TXN_007253,U_LEGIT_1812,81.61,690,D_LEGIT_0372,IP_LEGIT_0555,C_LEGIT_1095,M_060,1,2,0,2,1,0,NONE
TXN_008996,U_LEGIT_2076,61.39,654,D_LEGIT_1979,IP_LEGIT_0696,C_LEGIT_0923,M_134,0,3,0,1,1,0,NONE
TXN_005974,U_LEGIT_2228,223.56,245,D_LEGIT_1086,IP_LEGIT_0216,C_LEGIT_1370,M_030,0,5,0,2,1,0,NONE
TXN_007777,U_LEGIT_0755,147.48,524,D_LEGIT_0363,IP_LEGIT_1152,C_LEGIT_1291,M_056,1,1,0,1,1,0,NONE
TXN_005732,U_LEGIT_2284,64.56,129,D_LEGIT_1429,IP_LEGIT_0551,C_LEGIT_1614,M_121,0,1,0,2,1,0,NONE
TXN_000913,U_LEGIT_1657,100.93,961,D_LEGIT_0026,IP_LEGIT_0264,C_LEGIT_2354,M_130,0,4,0,1,1,0,NONE
TXN_007479,U_LEGIT_1324,161.01,60,D_LEGIT_1782,IP_LEGIT_0431,C_LEGIT_1431,M_037,0,2,0,1,2,0,NONE
TXN_007181,U_LEGIT_1260,186.63,361,D_LEGIT_0640,IP_LEGIT_1208,C_LEGIT_0162,M_008,0,1,0,1,1,0,NONE
TXN_007559,U_LEGIT_1315,114.98,776,D_LEGIT_0762,IP_LEGIT_0030,C_LEGIT_1068,M_099,0,1,0,2,1,0,NONE
TXN_002950,U_LEGIT_0449,223.48,94,D_LEGIT_1018,IP_LEGIT_0643,C_LEGIT_1759,M_072,0,2,0,2,2,0,NONE
TXN_000496,U_LEGIT_1188,193.05,372,D_LEGIT_1309,IP_LEGIT_1053,C_LEGIT_0794,M_047,0,3,0,1,1,0,NONE
TXN_000421,U_LEGIT_0150,233.63,208,D_LEGIT_1462,IP_LEGIT_0238,C_LEGIT_0017,M_080,0,1,0,1,1,0,NONE
TXN_009514,U_FARM_009,448.5,2,D_FARM_HUB_02,IP_FARM_PROXY_01,C_FARM_044,M_078,9,36,6,1,3,1,DEVICE_FARM
TXN_004828,U_LEGIT_2413,89.96,71,D_LEGIT_1376,IP_LEGIT_1159,C_LEGIT_1823,M_067,0,1,0,1,1,0,NONE
TXN_002823,U_LEGIT_0334,228.31,1014,D_LEGIT_0004,IP_LEGIT_1560,C_LEGIT_0216,M_048,0,5,0,1,1,0,NONE
TXN_007078,U_LEGIT_1392,210.55,766,D_LEGIT_0016,IP_LEGIT_1365,C_LEGIT_2081,M_068,0,1,0,1,2,0,NONE
TXN_002143,U_LEGIT_2035,236.96,564,D_LEGIT_0533,IP_LEGIT_0276,C_LEGIT_0680,M_008,0,2,0,1,1,0,NONE
TXN_002894,U_LEGIT_0429,128.47,1102,D_LEGIT_1177,IP_LEGIT_1939,C_LEGIT_2357,M_097,0,1,0,1,1,0,NONE
TXN_004732,U_LEGIT_0716,26.82,554,D_SHARED_BENIGN_03,IP_LEGIT_0996,C_LEGIT_1039,M_039,0,3,1,2,1,0,NONE
TXN_005818,U_LEGIT_0194,156.15,301,D_LEGIT_0787,IP_LEGIT_1892,C_LEGIT_0747,M_113,2,1,0,1,1,0,NONE
TXN_006035,U_LEGIT_0114,12.23,1015,D_LEGIT_1571,IP_LEGIT_0290,C_LEGIT_2910,M_102,0,2,0,1,1,0,NONE
TXN_001595,U_LEGIT_2491,75.42,580,D_LEGIT_1281,IP_LEGIT_0405,C_LEGIT_1336,M_059,0,3,0,1,1,0,NONE
TXN_008041,U_LEGIT_1126,130.6,953,D_LEGIT_1550,IP_LEGIT_0873,C_LEGIT_2476,M_147,0,3,0,1,2,0,NONE
TXN_000307,U_LEGIT_1418,240.05,687,D_LEGIT_1853,IP_LEGIT_1882,C_LEGIT_2545,M_063,0,1,0,1,1,0,NONE
TXN_002244,U_LEGIT_0359,163.85,634,D_LEGIT_0075,IP_SHARED_BENIGN_09,C_LEGIT_2469,M_104,0,1,0,1,2,0,NONE
TXN_005780,U_LEGIT_0201,104.14,574,D_LEGIT_0818,IP_LEGIT_0319,C_LEGIT_2950,M_002,0,1,0,1,1,0,NONE
TXN_007175,U_LEGIT_1868,115.33,1019,D_LEGIT_1350,IP_LEGIT_1518,C_LEGIT_1185,M_132,0,1,0,2,1,0,NONE
TXN_008192,U_LEGIT_2328,89.2,78,D_LEGIT_1912,IP_LEGIT_0825,C_LEGIT_1762,M_148,0,1,0,1,2,0,NONE
TXN_000902,U_LEGIT_0129,121.07,691,D_LEGIT_1059,IP_LEGIT_0382,C_LEGIT_1947,M_036,0,4,0,1,1,0,NONE
TXN_000926,U_LEGIT_2314,247.5,798,D_LEGIT_1567,IP_SHARED_BENIGN_05,C_LEGIT_2280,M_126,1,2,0,1,1,0,NONE
TXN_008853,U_LEGIT_1971,223.73,772,D_LEGIT_0086,IP_LEGIT_1851,C_LEGIT_1784,M_060,0,1,0,2,1,0,NONE
TXN_002233,U_LEGIT_1241,44.1,1129,D_LEGIT_0297,IP_LEGIT_0532,C_LEGIT_2843,M_143,0,4,0,1,1,0,NONE
TXN_007029,U_LEGIT_0117,55.42,835,D_LEGIT_1800,IP_LEGIT_0750,C_LEGIT_1098,M_055,0,5,1,1,1,0,NONE
TXN_003501,U_LEGIT_1446,166.7,96,D_LEGIT_0219,IP_LEGIT_0203,C_LEGIT_0423,M_149,0,3,0,2,1,0,NONE
TXN_001680,U_LEGIT_1007,198.71,885,D_LEGIT_0179,IP_LEGIT_1175,C_LEGIT_0717,M_003,0,4,0,2,2,0,NONE
TXN_007353,U_LEGIT_1149,42.75,713,D_SHARED_BENIGN_07,IP_LEGIT_1952,C_LEGIT_0164,M_117,0,1,0,1,1,0,NONE
TXN_002209,U_LEGIT_1927,128.07,278,D_LEGIT_1418,IP_LEGIT_1550,C_LEGIT_1287,M_092,1,4,0,1,1,0,NONE
TXN_006526,U_LEGIT_0180,237.03,938,D_LEGIT_1457,IP_LEGIT_1050,C_LEGIT_1181,M_110,0,2,0,1,1,0,NONE
TXN_004033,U_LEGIT_0882,49.84,161,D_SHARED_BENIGN_04,IP_LEGIT_1412,C_LEGIT_1020,M_087,0,4,0,1,2,0,NONE
TXN_007120,U_LEGIT_0171,190.53,309,D_LEGIT_1561,IP_SHARED_BENIGN_09,C_LEGIT_0444,M_146,0,2,0,1,1,0,NONE
TXN_009281,U_INDIV_0124,618.56,0,D_INDIV_0149,IP_INDIV_0360,C_INDIV_0033,M_098,10,38,3,4,7,1,INDIVIDUAL_FRAUD
TXN_009196,U_INDIV_0033,1467.35,0,D_INDIV_0002,IP_INDIV_0273,C_INDIV_0007,M_090,8,48,5,4,5,1,INDIVIDUAL_FRAUD
TXN_003880,U_LEGIT_1278,37.77,879,D_LEGIT_1226,IP_SHARED_BENIGN_01,C_LEGIT_1053,M_127,0,5,0,1,1,0,NONE
TXN_005961,U_LEGIT_0385,105.04,1078,D_LEGIT_0622,IP_LEGIT_0830,C_LEGIT_0180,M_006,0,2,0,2,1,0,NONE
TXN_003263,U_LEGIT_2202,169.27,1104,D_LEGIT_0485,IP_LEGIT_1646,C_LEGIT_0832,M_138,0,2,0,1,2,0,NONE
TXN_009790,U_BURST_002,784.69,1,D_BURST_009,IP_BURST_SUBNET_01,C_BURST_021,M_073,11,18,1,3,1,1,ACCOUNT_BURST
TXN_002063,U_LEGIT_1828,123.24,983,D_LEGIT_1613,IP_LEGIT_1692,C_LEGIT_0113,M_062,0,4,0,1,1,0,NONE
TXN_000438,U_LEGIT_2328,42.39,1108,D_LEGIT_0755,IP_LEGIT_0987,C_LEGIT_2829,M_021,2,3,0,1,1,0,NONE
TXN_005681,U_LEGIT_0888,21.45,669,D_LEGIT_0881,IP_LEGIT_0781,C_LEGIT_2921,M_147,0,2,0,1,1,0,NONE
TXN_000581,U_LEGIT_0483,42.4,893,D_LEGIT_0767,IP_LEGIT_0996,C_LEGIT_0115,M_037,0,3,0,1,1,0,NONE
TXN_006108,U_LEGIT_1573,233.7,380,D_LEGIT_0643,IP_LEGIT_0444,C_LEGIT_2111,M_039,0,2,0,1,2,0,NONE
TXN_001548,U_LEGIT_1445,208.18,920,D_LEGIT_0983,IP_LEGIT_0403,C_LEGIT_0040,M_074,0,1,0,1,2,0,NONE
TXN_008137,U_LEGIT_2126,137.08,1081,D_LEGIT_1152,IP_LEGIT_0094,C_LEGIT_0497,M_114,1,4,0,2,1,0,NONE
TXN_004629,U_LEGIT_0052,81.76,793,D_LEGIT_1204,IP_LEGIT_0876,C_LEGIT_2560,M_150,0,2,0,1,1,0,NONE
TXN_001313,U_LEGIT_0440,120.16,430,D_LEGIT_0063,IP_LEGIT_0222,C_LEGIT_1404,M_016,0,4,0,1,1,0,NONE
TXN_005495,U_LEGIT_0930,138.53,587,D_LEGIT_0580,IP_LEGIT_0845,C_LEGIT_1969,M_028,0,4,0,2,1,0,NONE
TXN_003517,U_LEGIT_0663,73.45,557,D_LEGIT_0691,IP_LEGIT_0617,C_LEGIT_2196,M_124,0,1,0,1,2,0,NONE
TXN_005419,U_LEGIT_0339,165.38,397,D_LEGIT_1567,IP_LEGIT_0481,C_LEGIT_0407,M_140,0,4,0,1,2,0,NONE
TXN_005391,U_LEGIT_1982,156.22,529,D_LEGIT_0991,IP_LEGIT_1808,C_LEGIT_0092,M_122,0,3,0,2,1,0,NONE
TXN_005205,U_LEGIT_2473,237.81,835,D_LEGIT_1463,IP_LEGIT_0829,C_LEGIT_2102,M_065,0,5,0,1,1,0,NONE
TXN_000523,U_LEGIT_0606,85.11,161,D_LEGIT_1529,IP_LEGIT_0615,C_LEGIT_1784,M_106,0,4,0,1,1,0,NONE
TXN_004925,U_LEGIT_1670,98.66,253,D_LEGIT_1659,IP_LEGIT_0783,C_LEGIT_1123,M_026,1,1,0,1,1,0,NONE
TXN_009178,U_INDIV_0079,1242.48,2,D_INDIV_0333,IP_INDIV_0271,C_INDIV_0312,M_088,16,40,5,5,8,1,INDIVIDUAL_FRAUD
TXN_006741,U_LEGIT_0762,25.05,41,D_LEGIT_0912,IP_LEGIT_0771,C_LEGIT_1634,M_071,0,1,0,1,1,0,NONE
TXN_006077,U_LEGIT_0325,73.09,887,D_LEGIT_0281,IP_LEGIT_0671,C_LEGIT_2556,M_007,0,5,0,1,1,0,NONE
TXN_009802,U_BURST_018,988.17,1,D_BURST_011,IP_BURST_SUBNET_02,C_BURST_025,M_043,19,25,3,3,3,1,ACCOUNT_BURST
TXN_002770,U_LEGIT_0190,42.54,63,D_LEGIT_0452,IP_LEGIT_0318,C_LEGIT_0733,M_144,0,2,0,1,1,0,NONE
TXN_008486,U_LEGIT_2496,210.44,186,D_LEGIT_0377,IP_SHARED_BENIGN_08,C_LEGIT_0420,M_065,0,5,0,1,2,0,NONE
TXN_005007,U_LEGIT_0383,174.08,604,D_LEGIT_1176,IP_SHARED_BENIGN_03,C_LEGIT_2288,M_060,0,3,0,1,2,0,NONE
TXN_006538,U_LEGIT_0071,76.54,1018,D_LEGIT_1332,IP_LEGIT_1905,C_LEGIT_1742,M_082,0,2,0,2,1,0,NONE
TXN_004138,U_LEGIT_1660,215.53,262,D_LEGIT_1581,IP_LEGIT_0190,C_LEGIT_2177,M_104,0,1,0,1,1,0,NONE
TXN_001928,U_LEGIT_0770,233.19,796,D_LEGIT_1274,IP_LEGIT_1776,C_LEGIT_0384,M_145,0,1,0,1,1,0,NONE
TXN_001530,U_LEGIT_2230,194.38,31,D_LEGIT_1095,IP_LEGIT_0735,C_LEGIT_2131,M_027,0,5,0,1,1,0,NONE
TXN_005735,U_LEGIT_2096,28.8,650,D_LEGIT_0534,IP_LEGIT_1246,C_LEGIT_2295,M_036,0,1,0,1,2,0,NONE
TXN_004463,U_LEGIT_1601,196.43,947,D_LEGIT_1055,IP_LEGIT_1413,C_LEGIT_1082,M_068,0,4,0,2,1,0,NONE
TXN_008981,U_LEGIT_2068,189.82,1188,D_LEGIT_0632,IP_LEGIT_0497,C_LEGIT_0462,M_036,0,2,0,2,1,0,NONE
TXN_002899,U_LEGIT_0088,168.81,946,D_LEGIT_1046,IP_LEGIT_0490,C_LEGIT_0660,M_146,0,2,0,2,1,0,NONE
TXN_006466,U_LEGIT_0340,102.98,32,D_SHARED_BENIGN_10,IP_LEGIT_1874,C_LEGIT_0999,M_097,2,1,0,1,1,0,NONE
TXN_006062,U_LEGIT_1577,201.45,322,D_LEGIT_1180,IP_SHARED_BENIGN_02,C_LEGIT_1024,M_087,0,3,0,1,1,0,NONE
TXN_005083,U_LEGIT_1120,174.45,670,D_LEGIT_0563,IP_SHARED_BENIGN_09,C_LEGIT_2138,M_086,0,1,0,2,2,0,NONE
TXN_003877,U_LEGIT_1641,64.9,1103,D_SHARED_BENIGN_04,IP_LEGIT_1306,C_LEGIT_0534,M_004,0,4,0,2,1,0,NONE
TXN_002515,U_LEGIT_0011,207.78,67,D_LEGIT_1075,IP_LEGIT_0200,C_LEGIT_1575,M_065,0,5,0,1,1,0,NONE
TXN_008866,U_LEGIT_0055,156.77,344,D_LEGIT_0915,IP_LEGIT_1284,C_LEGIT_2866,M_019,0,5,0,2,1,0,NONE
TXN_007648,U_LEGIT_1292,208.6,562,D_LEGIT_0397,IP_LEGIT_1775,C_LEGIT_2884,M_038,0,1,0,1,1,0,NONE
TXN_003184,U_LEGIT_0247,205.69,76,D_LEGIT_1138,IP_LEGIT_0559,C_LEGIT_0646,M_110,0,4,0,1,1,0,NONE
TXN_008848,U_LEGIT_1171,100.82,839,D_LEGIT_0797,IP_LEGIT_0712,C_LEGIT_0005,M_004,0,2,0,2,1,0,NONE
TXN_000159,U_LEGIT_2164,226.5,444,D_LEGIT_0160,IP_LEGIT_0230,C_LEGIT_0253,M_141,0,2,0,2,1,0,NONE
TXN_001366,U_LEGIT_2371,69.42,506,D_LEGIT_1716,IP_LEGIT_0562,C_LEGIT_1841,M_036,0,1,0,2,1,0,NONE
TXN_006996,U_LEGIT_1774,154.04,73,D_LEGIT_0128,IP_LEGIT_0033,C_LEGIT_0680,M_021,0,1,0,1,1,0,NONE
TXN_001671,U_LEGIT_0109,84.33,311,D_SHARED_BENIGN_10,IP_LEGIT_1520,C_LEGIT_2184,M_069,0,2,0,1,1,0,NONE
TXN_006065,U_LEGIT_0725,158.17,1153,D_LEGIT_0819,IP_LEGIT_0475,C_LEGIT_0453,M_103,1,1,0,1,1,0,NONE
TXN_000827,U_LEGIT_1727,140.4,705,D_LEGIT_0686,IP_LEGIT_0122,C_LEGIT_0571,M_053,1,1,0,1,1,0,NONE
TXN_001129,U_LEGIT_0276,196.53,1163,D_LEGIT_0552,IP_LEGIT_0367,C_LEGIT_2188,M_032,0,2,0,1,1,0,NONE
TXN_005339,U_LEGIT_1820,37.68,363,D_LEGIT_1910,IP_LEGIT_1824,C_LEGIT_2723,M_132,0,1,0,1,2,0,NONE
TXN_004117,U_LEGIT_2212,70.39,365,D_LEGIT_0181,IP_LEGIT_0543,C_LEGIT_0395,M_036,0,4,0,1,2,0,NONE
TXN_000465,U_LEGIT_0218,50.67,118,D_LEGIT_1632,IP_LEGIT_1729,C_LEGIT_1944,M_128,0,3,0,2,1,0,NONE
TXN_000149,U_LEGIT_0173,188.86,468,D_LEGIT_1463,IP_SHARED_BENIGN_08,C_LEGIT_2687,M_066,0,5,0,1,1,0,NONE
TXN_008410,U_LEGIT_2282,60.62,377,D_LEGIT_1623,IP_LEGIT_0493,C_LEGIT_2384,M_084,1,1,0,2,1,0,NONE
TXN_001827,U_LEGIT_1843,137.72,621,D_LEGIT_1508,IP_LEGIT_1212,C_LEGIT_2945,M_033,0,2,1,1,1,0,NONE
TXN_001679,U_LEGIT_0689,150.53,545,D_LEGIT_0615,IP_LEGIT_1132,C_LEGIT_1685,M_049,1,1,0,1,1,0,NONE
TXN_006264,U_LEGIT_1079,222.32,1038,D_LEGIT_0381,IP_LEGIT_0568,C_LEGIT_1477,M_003,0,4,0,1,1,0,NONE
TXN_008997,U_LEGIT_0279,183.66,646,D_LEGIT_1041,IP_LEGIT_0184,C_LEGIT_0047,M_093,0,3,0,1,2,0,NONE
TXN_008785,U_LEGIT_0430,166.24,553,D_LEGIT_1528,IP_LEGIT_0418,C_LEGIT_2905,M_063,0,2,0,1,1,0,NONE
TXN_004143,U_LEGIT_0339,188.71,1092,D_LEGIT_0166,IP_LEGIT_0123,C_LEGIT_0587,M_022,0,5,0,1,1,0,NONE
TXN_004363,U_LEGIT_1750,144.71,1048,D_LEGIT_1550,IP_LEGIT_1616,C_LEGIT_0649,M_033,0,2,0,1,1,0,NONE
TXN_004507,U_LEGIT_0393,203.69,653,D_LEGIT_0639,IP_LEGIT_1719,C_LEGIT_1146,M_057,0,1,0,1,1,0,NONE
TXN_006438,U_LEGIT_1908,116.91,539,D_LEGIT_0696,IP_LEGIT_1181,C_LEGIT_2352,M_103,0,4,0,1,2,0,NONE
TXN_004829,U_LEGIT_1937,201.56,886,D_LEGIT_0148,IP_LEGIT_1394,C_LEGIT_1313,M_059,0,3,0,1,1,0,NONE
TXN_008994,U_LEGIT_0347,48.41,897,D_LEGIT_1714,IP_LEGIT_1518,C_LEGIT_1186,M_119,0,3,0,1,1,0,NONE
TXN_006199,U_LEGIT_0081,43.07,271,D_LEGIT_0861,IP_LEGIT_1688,C_LEGIT_0520,M_053,1,1,0,2,2,0,NONE
TXN_002952,U_LEGIT_0487,116.72,256,D_SHARED_BENIGN_09,IP_LEGIT_0901,C_LEGIT_2278,M_108,1,4,0,2,1,0,NONE
TXN_001673,U_LEGIT_1988,98.6,544,D_LEGIT_0945,IP_LEGIT_0535,C_LEGIT_1910,M_033,1,2,1,1,1,0,NONE
TXN_005993,U_LEGIT_0422,80.08,719,D_LEGIT_0002,IP_LEGIT_1670,C_LEGIT_0076,M_125,1,3,0,2,1,0,NONE
TXN_008747,U_LEGIT_1976,70.16,886,D_LEGIT_1025,IP_SHARED_BENIGN_04,C_LEGIT_1657,M_134,0,5,0,1,1,0,NONE
TXN_002508,U_LEGIT_0743,173.09,1000,D_LEGIT_1788,IP_LEGIT_0482,C_LEGIT_1916,M_143,0,1,0,1,2,0,NONE
TXN_008810,U_LEGIT_1464,124.73,769,D_LEGIT_0614,IP_LEGIT_1438,C_LEGIT_1884,M_087,0,3,0,1,2,0,NONE
TXN_004126,U_LEGIT_1977,135.45,739,D_LEGIT_0273,IP_SHARED_BENIGN_10,C_LEGIT_0138,M_037,0,5,1,1,1,0,NONE
TXN_009446,U_INDIV_0181,1464.78,1,D_INDIV_0069,IP_INDIV_0001,C_INDIV_0095,M_150,13,25,8,6,4,1,INDIVIDUAL_FRAUD
TXN_006233,U_LEGIT_2392,136.65,317,D_LEGIT_1072,IP_LEGIT_1711,C_LEGIT_1105,M_122,1,3,0,2,1,0,NONE
TXN_008658,U_LEGIT_1270,134.61,1052,D_SHARED_BENIGN_08,IP_LEGIT_0586,C_LEGIT_2608,M_087,0,1,0,1,1,0,NONE
TXN_002875,U_LEGIT_0709,95.42,736,D_LEGIT_1232,IP_LEGIT_0064,C_LEGIT_0922,M_126,0,2,0,1,1,0,NONE
TXN_008288,U_LEGIT_1154,229.08,946,D_LEGIT_1194,IP_LEGIT_1514,C_LEGIT_0986,M_057,0,3,0,1,1,0,NONE
TXN_002813,U_LEGIT_1491,57.22,624,D_LEGIT_1468,IP_LEGIT_1860,C_LEGIT_2673,M_079,1,1,0,2,1,0,NONE
TXN_004248,U_LEGIT_2437,114.31,1047,D_LEGIT_0664,IP_LEGIT_0168,C_LEGIT_2382,M_078,0,4,1,1,1,0,NONE
TXN_004065,U_LEGIT_0766,180.31,862,D_LEGIT_1220,IP_LEGIT_1255,C_LEGIT_2328,M_055,0,4,0,1,1,0,NONE
TXN_008826,U_LEGIT_0502,30.52,876,D_LEGIT_0664,IP_LEGIT_1983,C_LEGIT_0733,M_004,0,1,0,1,1,0,NONE
TXN_001592,U_LEGIT_1170,142.55,1082,D_LEGIT_1644,IP_LEGIT_0848,C_LEGIT_1046,M_123,0,2,0,2,1,0,NONE
TXN_006139,U_LEGIT_2365,68.57,247,D_LEGIT_0755,IP_LEGIT_1009,C_LEGIT_1777,M_148,1,1,0,2,1,0,NONE
TXN_004512,U_LEGIT_0641,139.64,638,D_LEGIT_0020,IP_LEGIT_0037,C_LEGIT_1533,M_049,0,5,0,1,2,0,NONE
TXN_004712,U_LEGIT_1423,242.49,826,D_SHARED_BENIGN_06,IP_LEGIT_1353,C_LEGIT_2644,M_047,0,4,0,1,2,0,NONE
TXN_000411,U_LEGIT_2159,146.27,1113,D_LEGIT_0430,IP_LEGIT_1254,C_LEGIT_0239,M_028,2,4,0,1,2,0,NONE
TXN_000079,U_LEGIT_1053,202.62,989,D_LEGIT_1934,IP_LEGIT_1652,C_LEGIT_1209,M_087,1,2,0,1,2,0,NONE
TXN_000586,U_LEGIT_1127,28.48,1122,D_LEGIT_0503,IP_LEGIT_1719,C_LEGIT_2374,M_114,0,4,0,2,1,0,NONE
TXN_005444,U_LEGIT_0995,10.18,63,D_LEGIT_1902,IP_SHARED_BENIGN_04,C_LEGIT_1628,M_031,1,4,0,1,1,0,NONE
TXN_003433,U_LEGIT_1153,117.56,771,D_LEGIT_0534,IP_LEGIT_0382,C_LEGIT_1877,M_014,0,3,0,2,2,0,NONE
TXN_006713,U_LEGIT_0539,55.19,369,D_LEGIT_0132,IP_LEGIT_1166,C_LEGIT_1480,M_071,0,1,0,1,1,0,NONE
TXN_005077,U_LEGIT_2346,184.66,1065,D_LEGIT_1661,IP_LEGIT_1392,C_LEGIT_1895,M_027,0,5,0,2,1,0,NONE
TXN_000598,U_LEGIT_0785,64.69,1041,D_SHARED_BENIGN_10,IP_LEGIT_1656,C_LEGIT_2941,M_057,1,1,0,1,1,0,NONE
TXN_005409,U_LEGIT_1690,102.11,810,D_LEGIT_0775,IP_LEGIT_0208,C_LEGIT_2515,M_137,0,2,0,1,2,0,NONE
TXN_001322,U_LEGIT_1987,64.46,386,D_LEGIT_0101,IP_LEGIT_1170,C_LEGIT_1091,M_064,0,4,0,1,1,0,NONE
TXN_006903,U_LEGIT_0955,217.13,106,D_LEGIT_1229,IP_LEGIT_0385,C_LEGIT_2955,M_123,0,2,0,1,1,0,NONE
TXN_007017,U_LEGIT_1280,116.28,395,D_LEGIT_0694,IP_LEGIT_1771,C_LEGIT_2510,M_074,0,4,0,1,2,0,NONE
TXN_004800,U_LEGIT_1837,71.14,518,D_LEGIT_0792,IP_LEGIT_0291,C_LEGIT_1377,M_084,0,5,0,2,1,0,NONE
TXN_001646,U_LEGIT_0853,94.67,286,D_LEGIT_1981,IP_LEGIT_0975,C_LEGIT_1711,M_036,0,5,0,2,1,0,NONE
TXN_001969,U_LEGIT_0162,71.38,400,D_SHARED_BENIGN_06,IP_LEGIT_0009,C_LEGIT_2943,M_048,0,4,0,2,1,0,NONE
TXN_004149,U_LEGIT_1661,128.93,578,D_LEGIT_0680,IP_LEGIT_1090,C_LEGIT_2320,M_142,0,3,0,1,1,0,NONE
TXN_000959,U_LEGIT_0816,36.84,871,D_LEGIT_1442,IP_LEGIT_1237,C_LEGIT_0095,M_036,0,4,0,1,1,0,NONE
TXN_003411,U_LEGIT_1195,17.08,297,D_LEGIT_1795,IP_LEGIT_0341,C_LEGIT_0779,M_097,0,3,0,1,2,0,NONE
TXN_003379,U_LEGIT_2172,55.13,916,D_LEGIT_1658,IP_LEGIT_1806,C_LEGIT_0175,M_087,0,1,0,1,1,0,NONE
TXN_009783,U_BURST_005,924.68,1,D_BURST_003,IP_BURST_SUBNET_02,C_BURST_024,M_080,21,34,3,3,3,1,ACCOUNT_BURST
TXN_004695,U_LEGIT_1018,31.98,859,D_LEGIT_0021,IP_SHARED_BENIGN_01,C_LEGIT_1116,M_117,0,2,0,1,1,0,NONE
TXN_005928,U_LEGIT_1299,46.19,1139,D_LEGIT_1692,IP_LEGIT_1948,C_LEGIT_1640,M_128,0,4,0,1,1,0,NONE
TXN_006654,U_LEGIT_0030,241.29,1173,D_LEGIT_0370,IP_LEGIT_1351,C_LEGIT_1138,M_032,0,2,0,1,1,0,NONE
TXN_008685,U_LEGIT_1234,136.22,1079,D_LEGIT_0860,IP_LEGIT_0952,C_LEGIT_1146,M_098,0,1,0,1,2,0,NONE
TXN_005124,U_LEGIT_0780,54.25,287,D_LEGIT_1473,IP_LEGIT_0594,C_LEGIT_2051,M_102,0,1,0,1,2,0,NONE
TXN_002279,U_LEGIT_1360,132.21,651,D_SHARED_BENIGN_01,IP_SHARED_BENIGN_06,C_LEGIT_0331,M_009,0,3,0,1,2,0,NONE
TXN_001422,U_LEGIT_0523,61.0,298,D_SHARED_BENIGN_04,IP_LEGIT_0568,C_LEGIT_2927,M_039,0,4,0,1,1,0,NONE
TXN_003892,U_LEGIT_2318,10.06,1107,D_LEGIT_0915,IP_LEGIT_1288,C_LEGIT_0773,M_142,0,2,0,2,2,0,NONE
TXN_005338,U_LEGIT_1928,150.99,760,D_LEGIT_0028,IP_LEGIT_0885,C_LEGIT_0595,M_060,0,3,0,1,1,0,NONE
TXN_002125,U_LEGIT_0391,157.94,673,D_LEGIT_0674,IP_LEGIT_0767,C_LEGIT_1916,M_055,0,2,0,1,1,0,NONE
TXN_006312,U_LEGIT_0942,200.48,433,D_SHARED_BENIGN_10,IP_LEGIT_1063,C_LEGIT_2879,M_042,0,2,0,1,1,0,NONE
TXN_006348,U_LEGIT_1256,52.6,36,D_LEGIT_0283,IP_LEGIT_0727,C_LEGIT_1651,M_113,0,3,0,1,1,0,NONE
TXN_006910,U_LEGIT_0772,37.04,461,D_LEGIT_0890,IP_LEGIT_1795,C_LEGIT_1853,M_016,0,1,0,2,2,0,NONE
TXN_007194,U_LEGIT_1676,87.29,1138,D_LEGIT_0671,IP_LEGIT_0208,C_LEGIT_2333,M_126,1,3,1,2,2,0,NONE
TXN_006627,U_LEGIT_0917,108.8,143,D_LEGIT_0897,IP_LEGIT_0237,C_LEGIT_0303,M_089,0,4,0,1,1,0,NONE
TXN_005237,U_LEGIT_0623,213.14,485,D_LEGIT_1981,IP_LEGIT_0239,C_LEGIT_2835,M_020,0,4,0,1,2,0,NONE
TXN_002200,U_LEGIT_1065,38.24,1039,D_LEGIT_0108,IP_LEGIT_0582,C_LEGIT_0722,M_064,0,1,0,2,1,0,NONE
TXN_004494,U_LEGIT_1104,152.75,644,D_LEGIT_0695,IP_LEGIT_0598,C_LEGIT_0568,M_069,0,4,0,1,2,0,NONE
TXN_006791,U_LEGIT_0475,144.39,532,D_SHARED_BENIGN_04,IP_LEGIT_1272,C_LEGIT_0826,M_027,1,2,0,2,1,0,NONE
TXN_000850,U_LEGIT_0988,143.63,186,D_LEGIT_1962,IP_LEGIT_0742,C_LEGIT_0327,M_091,1,4,0,2,2,0,NONE
TXN_005853,U_LEGIT_1341,175.84,279,D_LEGIT_1076,IP_LEGIT_0902,C_LEGIT_2831,M_040,1,3,0,1,1,0,NONE
TXN_004709,U_LEGIT_0983,132.06,1173,D_LEGIT_0261,IP_LEGIT_0482,C_LEGIT_0010,M_139,0,1,0,1,1,0,NONE
TXN_003186,U_LEGIT_1771,69.96,599,D_LEGIT_0980,IP_LEGIT_1600,C_LEGIT_1913,M_135,0,4,1,1,1,0,NONE
TXN_007285,U_LEGIT_0437,111.27,87,D_LEGIT_0976,IP_LEGIT_0789,C_LEGIT_1391,M_008,0,4,0,1,2,0,NONE
TXN_001948,U_LEGIT_2019,188.34,226,D_LEGIT_1202,IP_LEGIT_1860,C_LEGIT_1347,M_010,0,4,0,1,2,0,NONE
TXN_002507,U_LEGIT_1393,35.22,1096,D_LEGIT_1489,IP_LEGIT_1799,C_LEGIT_2304,M_024,0,4,0,1,1,0,NONE
TXN_008347,U_LEGIT_0146,91.15,847,D_SHARED_BENIGN_04,IP_LEGIT_1517,C_LEGIT_0073,M_093,0,1,0,1,1,0,NONE
TXN_002669,U_LEGIT_2290,182.0,478,D_LEGIT_0381,IP_SHARED_BENIGN_06,C_LEGIT_1471,M_090,0,3,0,1,2,0,NONE
TXN_006089,U_LEGIT_1465,178.06,234,D_LEGIT_1363,IP_LEGIT_1047,C_LEGIT_0431,M_056,0,1,0,1,1,0,NONE
TXN_006981,U_LEGIT_1718,78.54,410,D_LEGIT_0991,IP_LEGIT_0565,C_LEGIT_2872,M_127,0,5,0,1,1,0,NONE
TXN_007040,U_LEGIT_0362,151.37,162,D_LEGIT_0936,IP_LEGIT_1663,C_LEGIT_0871,M_057,0,4,0,2,1,0,NONE
TXN_005505,U_LEGIT_0286,25.58,283,D_LEGIT_0947,IP_LEGIT_0180,C_LEGIT_1668,M_072,0,4,0,1,1,0,NONE
TXN_008500,U_LEGIT_0490,180.46,653,D_LEGIT_0170,IP_LEGIT_0153,C_LEGIT_1207,M_010,0,4,0,1,1,0,NONE
TXN_009770,U_BURST_001,1049.64,0,D_BURST_012,IP_BURST_SUBNET_02,C_BURST_007,M_126,15,22,1,1,3,1,ACCOUNT_BURST
TXN_004703,U_LEGIT_1510,12.18,197,D_LEGIT_1798,IP_LEGIT_0329,C_LEGIT_1008,M_075,0,3,0,1,1,0,NONE
TXN_007334,U_LEGIT_0527,160.44,1018,D_LEGIT_1388,IP_SHARED_BENIGN_07,C_LEGIT_1845,M_063,0,2,0,2,1,0,NONE
TXN_010000,U_DIST_020,48.74,4,D_DIST_001,IP_DIST_PROXY_01,C_DIST_023,M_TARGET_HIGHVAL_99,6,6,1,1,2,1,DISTRIBUTED_ABUSE
TXN_004181,U_LEGIT_0925,23.91,949,D_LEGIT_0826,IP_LEGIT_0662,C_LEGIT_1858,M_012,0,4,0,1,1,0,NONE
TXN_009457,U_INDIV_0018,1225.43,0,D_INDIV_0036,IP_INDIV_0119,C_INDIV_0033,M_067,10,25,6,4,5,1,INDIVIDUAL_FRAUD
TXN_002316,U_LEGIT_1894,17.36,454,D_SHARED_BENIGN_02,IP_LEGIT_1389,C_LEGIT_0442,M_045,0,2,0,1,2,0,NONE
TXN_008822,U_LEGIT_0465,15.39,628,D_LEGIT_0887,IP_LEGIT_0286,C_LEGIT_0722,M_041,0,2,0,2,2,0,NONE
TXN_006063,U_LEGIT_1379,135.14,112,D_LEGIT_1053,IP_LEGIT_1924,C_LEGIT_2833,M_014,0,2,0,2,1,0,NONE
TXN_003359,U_LEGIT_1139,178.02,86,D_LEGIT_1240,IP_LEGIT_0656,C_LEGIT_2066,M_005,0,3,0,1,2,0,NONE
TXN_009140,U_INDIV_0081,2573.31,5,D_INDIV_0193,IP_INDIV_0052,C_INDIV_0044,M_122,10,42,4,3,5,1,INDIVIDUAL_FRAUD
TXN_003338,U_LEGIT_1671,174.31,821,D_LEGIT_1386,IP_LEGIT_0270,C_LEGIT_2409,M_145,0,5,0,1,2,0,NONE
TXN_008322,U_LEGIT_1504,178.54,633,D_LEGIT_1145,IP_LEGIT_1856,C_LEGIT_2735,M_036,0,4,0,1,1,0,NONE
TXN_008112,U_LEGIT_1971,38.14,891,D_LEGIT_0809,IP_LEGIT_0010,C_LEGIT_2963,M_074,0,3,0,1,2,0,NONE
TXN_007177,U_LEGIT_1510,89.6,394,D_SHARED_BENIGN_02,IP_LEGIT_0796,C_LEGIT_1162,M_071,0,3,0,2,1,0,NONE
TXN_000535,U_LEGIT_0814,62.33,77,D_SHARED_BENIGN_06,IP_LEGIT_1795,C_LEGIT_1546,M_147,1,5,0,1,2,0,NONE
TXN_009990,U_DIST_021,53.03,24,D_DIST_028,IP_DIST_PROXY_04,C_DIST_009,M_TARGET_HIGHVAL_99,5,15,2,1,2,1,DISTRIBUTED_ABUSE
TXN_000966,U_LEGIT_1801,19.91,928,D_LEGIT_1942,IP_LEGIT_0910,C_LEGIT_0855,M_098,0,2,0,1,1,0,NONE
TXN_005059,U_LEGIT_1459,246.5,785,D_LEGIT_0393,IP_LEGIT_0773,C_LEGIT_1107,M_009,0,3,0,1,1,0,NONE
TXN_006292,U_LEGIT_1983,86.31,738,D_LEGIT_1705,IP_LEGIT_0710,C_LEGIT_2433,M_139,0,2,0,1,1,0,NONE
TXN_001475,U_LEGIT_0409,39.24,384,D_LEGIT_0213,IP_LEGIT_1832,C_LEGIT_2339,M_115,0,4,0,2,1,0,NONE
TXN_006834,U_LEGIT_0414,242.09,867,D_LEGIT_1701,IP_LEGIT_0455,C_LEGIT_2168,M_066,0,1,0,1,1,0,NONE
TXN_004400,U_LEGIT_2378,196.31,737,D_LEGIT_0802,IP_LEGIT_0295,C_LEGIT_2025,M_125,0,5,0,1,1,0,NONE
TXN_009933,U_DIST_009,17.21,18,D_DIST_021,IP_DIST_PROXY_02,C_DIST_022,M_TARGET_HIGHVAL_99,8,6,1,1,1,1,DISTRIBUTED_ABUSE
TXN_003167,U_LEGIT_0725,87.84,76,D_LEGIT_0764,IP_SHARED_BENIGN_02,C_LEGIT_1508,M_145,0,1,0,1,2,0,NONE
TXN_002581,U_LEGIT_0528,156.98,188,D_LEGIT_1123,IP_SHARED_BENIGN_07,C_LEGIT_0167,M_130,0,4,0,1,1,0,NONE
TXN_006256,U_LEGIT_2207,127.19,74,D_LEGIT_1229,IP_LEGIT_1023,C_LEGIT_0220,M_119,0,2,0,1,1,0,NONE
TXN_006210,U_LEGIT_1742,13.63,251,D_LEGIT_0513,IP_LEGIT_1497,C_LEGIT_1387,M_097,0,3,0,1,1,0,NONE
TXN_009443,U_INDIV_0192,2667.05,3,D_INDIV_0362,IP_INDIV_0278,C_INDIV_0141,M_064,8,22,9,5,6,1,INDIVIDUAL_FRAUD
TXN_009043,U_INDIV_0115,1633.67,5,D_INDIV_0126,IP_INDIV_0179,C_INDIV_0313,M_045,13,28,9,3,3,1,INDIVIDUAL_FRAUD
TXN_008690,U_LEGIT_1290,226.2,99,D_LEGIT_1043,IP_LEGIT_1579,C_LEGIT_0643,M_127,0,5,0,2,1,0,NONE
TXN_007919,U_LEGIT_1111,60.91,381,D_SHARED_BENIGN_10,IP_SHARED_BENIGN_01,C_LEGIT_2038,M_134,0,2,0,1,2,0,NONE
TXN_002965,U_LEGIT_2097,104.23,373,D_LEGIT_0207,IP_LEGIT_1474,C_LEGIT_1668,M_119,0,4,0,1,1,0,NONE
TXN_002281,U_LEGIT_0780,55.79,965,D_LEGIT_1399,IP_LEGIT_1678,C_LEGIT_2621,M_071,0,2,0,2,1,0,NONE
TXN_001495,U_LEGIT_0966,170.05,181,D_LEGIT_1410,IP_LEGIT_1654,C_LEGIT_2516,M_013,0,1,0,2,1,0,NONE
TXN_004961,U_LEGIT_0404,107.24,719,D_LEGIT_1983,IP_LEGIT_0179,C_LEGIT_1871,M_058,2,4,0,1,2,0,NONE
TXN_008450,U_LEGIT_2322,138.12,223,D_SHARED_BENIGN_07,IP_LEGIT_0538,C_LEGIT_1651,M_075,0,3,0,2,1,0,NONE
TXN_007849,U_LEGIT_2266,216.53,757,D_SHARED_BENIGN_03,IP_LEGIT_0746,C_LEGIT_2680,M_120,0,1,0,1,2,0,NONE
TXN_001600,U_LEGIT_1591,110.91,558,D_SHARED_BENIGN_06,IP_LEGIT_1726,C_LEGIT_0337,M_141,0,1,0,1,1,0,NONE
TXN_004225,U_LEGIT_0502,30.96,318,D_LEGIT_1174,IP_LEGIT_1007,C_LEGIT_2541,M_022,0,2,0,1,1,0,NONE
TXN_000907,U_LEGIT_1418,221.68,647,D_LEGIT_0339,IP_LEGIT_1349,C_LEGIT_0605,M_052,0,2,0,1,2,0,NONE
TXN_004680,U_LEGIT_1445,183.66,456,D_LEGIT_1093,IP_LEGIT_1147,C_LEGIT_0835,M_042,0,5,0,1,1,0,NONE
TXN_009194,U_INDIV_0055,2931.27,2,D_INDIV_0384,IP_INDIV_0229,C_INDIV_0105,M_083,13,29,8,5,4,1,INDIVIDUAL_FRAUD
TXN_001301,U_LEGIT_0131,233.64,435,D_LEGIT_1481,IP_LEGIT_1521,C_LEGIT_2168,M_113,1,2,0,1,2,0,NONE
TXN_002715,U_LEGIT_0793,33.8,803,D_LEGIT_1239,IP_LEGIT_1758,C_LEGIT_2352,M_074,0,1,0,2,1,0,NONE
TXN_005686,U_LEGIT_1385,38.9,472,D_LEGIT_0273,IP_LEGIT_1291,C_LEGIT_1940,M_068,0,1,0,1,1,0,NONE
TXN_005239,U_LEGIT_2207,69.46,1135,D_LEGIT_0608,IP_LEGIT_0466,C_LEGIT_2469,M_014,0,4,0,1,1,0,NONE
TXN_007911,U_LEGIT_0042,107.98,998,D_LEGIT_0989,IP_LEGIT_1728,C_LEGIT_0168,M_113,0,1,0,1,1,0,NONE
TXN_000195,U_LEGIT_0101,209.18,320,D_LEGIT_0606,IP_LEGIT_1970,C_LEGIT_0352,M_030,0,3,0,1,2,0,NONE
TXN_009855,U_BURST_013,340.34,1,D_BURST_006,IP_BURST_SUBNET_01,C_BURST_026,M_018,22,21,4,3,3,1,ACCOUNT_BURST
TXN_005991,U_LEGIT_1096,39.19,946,D_LEGIT_1661,IP_LEGIT_1243,C_LEGIT_0760,M_106,0,2,0,1,2,0,NONE
TXN_003251,U_LEGIT_1170,10.03,282,D_LEGIT_1252,IP_LEGIT_0935,C_LEGIT_2477,M_114,0,1,0,1,1,0,NONE
TXN_007853,U_LEGIT_0308,169.21,233,D_SHARED_BENIGN_03,IP_SHARED_BENIGN_09,C_LEGIT_1377,M_003,0,4,0,1,1,0,NONE
TXN_008893,U_LEGIT_1177,220.96,191,D_LEGIT_0364,IP_LEGIT_0223,C_LEGIT_2712,M_019,0,5,0,2,1,0,NONE
TXN_008718,U_LEGIT_1047,98.37,430,D_LEGIT_1763,IP_LEGIT_0858,C_LEGIT_2014,M_124,0,1,0,1,1,0,NONE
TXN_000615,U_LEGIT_1392,228.38,72,D_LEGIT_0504,IP_LEGIT_0045,C_LEGIT_0722,M_068,0,2,0,1,1,0,NONE
TXN_005904,U_LEGIT_0325,216.33,47,D_LEGIT_1625,IP_LEGIT_0544,C_LEGIT_1845,M_096,0,4,0,1,1,0,NONE
TXN_002147,U_LEGIT_1228,222.42,361,D_LEGIT_0799,IP_LEGIT_0456,C_LEGIT_0184,M_058,0,3,0,2,1,0,NONE
TXN_004710,U_LEGIT_1223,145.4,811,D_LEGIT_0316,IP_LEGIT_1656,C_LEGIT_2828,M_013,0,2,0,1,2,0,NONE
TXN_002350,U_LEGIT_1432,202.4,308,D_LEGIT_1887,IP_LEGIT_0738,C_LEGIT_1678,M_142,0,2,0,1,2,0,NONE
TXN_007878,U_LEGIT_1016,18.64,1177,D_LEGIT_1301,IP_LEGIT_0934,C_LEGIT_1565,M_091,0,2,0,1,1,0,NONE
TXN_001102,U_LEGIT_1715,23.77,568,D_LEGIT_0572,IP_LEGIT_1438,C_LEGIT_1730,M_018,1,3,0,1,1,0,NONE
TXN_005076,U_LEGIT_2204,228.3,323,D_LEGIT_0114,IP_SHARED_BENIGN_01,C_LEGIT_0592,M_028,0,2,0,2,2,0,NONE
TXN_004411,U_LEGIT_1012,24.14,233,D_LEGIT_1301,IP_LEGIT_1737,C_LEGIT_1180,M_034,0,1,0,2,2,0,NONE
TXN_000265,U_LEGIT_1168,164.67,453,D_SHARED_BENIGN_01,IP_LEGIT_1172,C_LEGIT_0878,M_057,0,4,0,1,2,0,NONE
TXN_009994,U_DIST_025,34.85,11,D_DIST_020,IP_DIST_PROXY_04,C_DIST_040,M_TARGET_HIGHVAL_99,3,9,2,1,2,1,DISTRIBUTED_ABUSE
TXN_009359,U_INDIV_0111,1091.15,4,D_INDIV_0270,IP_INDIV_0365,C_INDIV_0108,M_012,16,37,9,5,7,1,INDIVIDUAL_FRAUD
TXN_005329,U_LEGIT_2211,65.7,451,D_LEGIT_0139,IP_LEGIT_1680,C_LEGIT_2518,M_114,0,2,0,2,1,0,NONE
TXN_008142,U_LEGIT_1318,127.51,383,D_LEGIT_1283,IP_LEGIT_0167,C_LEGIT_2464,M_003,1,4,0,1,1,0,NONE
TXN_003120,U_LEGIT_0425,160.81,209,D_LEGIT_0926,IP_LEGIT_0454,C_LEGIT_0371,M_134,0,1,0,1,2,0,NONE
TXN_007937,U_LEGIT_1356,70.01,579,D_LEGIT_0696,IP_LEGIT_1778,C_LEGIT_0028,M_029,0,4,0,1,1,0,NONE
TXN_006294,U_LEGIT_0538,109.38,484,D_SHARED_BENIGN_08,IP_SHARED_BENIGN_01,C_LEGIT_0360,M_089,0,5,0,2,1,0,NONE
TXN_006369,U_LEGIT_1103,103.46,164,D_LEGIT_0968,IP_LEGIT_0179,C_LEGIT_1629,M_014,1,3,0,1,1,0,NONE
TXN_005248,U_LEGIT_0755,207.23,739,D_LEGIT_0710,IP_LEGIT_1563,C_LEGIT_2004,M_010,0,5,0,1,1,0,NONE
TXN_004863,U_LEGIT_0214,44.39,157,D_LEGIT_1039,IP_LEGIT_0899,C_LEGIT_0577,M_071,0,2,0,2,2,0,NONE
TXN_009560,U_FARM_008,420.1,0,D_FARM_HUB_01,IP_FARM_PROXY_01,C_FARM_017,M_114,22,29,5,1,2,1,DEVICE_FARM
TXN_002735,U_LEGIT_1314,158.82,1093,D_LEGIT_0145,IP_LEGIT_0128,C_LEGIT_1178,M_147,0,2,0,2,1,0,NONE
TXN_003214,U_LEGIT_1796,131.38,939,D_LEGIT_1348,IP_LEGIT_1579,C_LEGIT_0725,M_106,0,2,0,2,1,0,NONE
TXN_003010,U_LEGIT_2336,12.92,1156,D_SHARED_BENIGN_08,IP_LEGIT_1294,C_LEGIT_0630,M_035,0,1,0,1,1,0,NONE
TXN_001124,U_LEGIT_2460,117.44,74,D_LEGIT_1968,IP_SHARED_BENIGN_10,C_LEGIT_1000,M_017,0,3,0,1,2,0,NONE
TXN_006668,U_LEGIT_2177,217.0,677,D_LEGIT_1117,IP_LEGIT_0859,C_LEGIT_0305,M_002,0,5,0,2,1,0,NONE
TXN_004260,U_LEGIT_1809,208.78,82,D_LEGIT_0757,IP_SHARED_BENIGN_06,C_LEGIT_2480,M_042,0,3,0,2,1,0,NONE
TXN_002333,U_LEGIT_0720,96.2,999,D_SHARED_BENIGN_01,IP_LEGIT_0353,C_LEGIT_2540,M_121,0,4,0,1,1,0,NONE
TXN_001302,U_LEGIT_1558,195.95,242,D_LEGIT_1099,IP_SHARED_BENIGN_03,C_LEGIT_1866,M_078,0,3,0,1,1,0,NONE
TXN_003053,U_LEGIT_2062,75.14,775,D_LEGIT_1905,IP_LEGIT_0023,C_LEGIT_0227,M_075,0,4,0,2,1,0,NONE
TXN_004415,U_LEGIT_0581,237.17,713,D_LEGIT_0685,IP_LEGIT_1973,C_LEGIT_2985,M_049,0,3,0,1,1,0,NONE
TXN_007075,U_LEGIT_0625,202.11,1136,D_LEGIT_0647,IP_LEGIT_0794,C_LEGIT_1826,M_092,0,4,0,1,2,0,NONE
TXN_008563,U_LEGIT_1842,177.33,1054,D_LEGIT_0322,IP_LEGIT_0034,C_LEGIT_1761,M_120,0,5,0,1,1,0,NONE
TXN_006704,U_LEGIT_2372,49.3,712,D_LEGIT_1673,IP_LEGIT_1550,C_LEGIT_2878,M_060,0,5,0,2,1,0,NONE
TXN_002604,U_LEGIT_2047,119.76,1035,D_LEGIT_1366,IP_LEGIT_0050,C_LEGIT_1412,M_135,1,1,0,2,1,0,NONE
TXN_008247,U_LEGIT_1985,109.55,511,D_LEGIT_1256,IP_SHARED_BENIGN_01,C_LEGIT_2640,M_042,0,1,1,2,2,0,NONE
TXN_008408,U_LEGIT_1905,51.93,241,D_LEGIT_0689,IP_LEGIT_0190,C_LEGIT_0062,M_136,0,3,0,1,1,0,NONE
TXN_000590,U_LEGIT_0249,161.32,68,D_LEGIT_1133,IP_LEGIT_0992,C_LEGIT_0119,M_105,0,5,0,1,1,0,NONE
TXN_003913,U_LEGIT_1921,218.01,1056,D_LEGIT_0249,IP_LEGIT_0602,C_LEGIT_1721,M_089,0,4,0,1,1,0,NONE
TXN_005004,U_LEGIT_2011,231.37,1136,D_LEGIT_0376,IP_LEGIT_0390,C_LEGIT_2863,M_126,0,1,0,1,1,0,NONE
TXN_004091,U_LEGIT_1387,211.05,1158,D_LEGIT_1760,IP_LEGIT_1381,C_LEGIT_1397,M_031,0,1,0,1,1,0,NONE
TXN_000106,U_LEGIT_2479,245.74,202,D_LEGIT_0309,IP_LEGIT_0923,C_LEGIT_0424,M_088,0,2,0,2,2,0,NONE
TXN_007802,U_LEGIT_0365,106.17,511,D_LEGIT_1723,IP_LEGIT_1664,C_LEGIT_2874,M_121,1,3,0,1,2,0,NONE
TXN_007971,U_LEGIT_0081,123.83,795,D_LEGIT_1856,IP_LEGIT_1423,C_LEGIT_0615,M_115,0,4,0,1,1,0,NONE
TXN_001952,U_LEGIT_0569,83.11,1133,D_LEGIT_0835,IP_LEGIT_0300,C_LEGIT_2124,M_037,0,5,0,2,1,0,NONE
TXN_009328,U_INDIV_0015,1387.17,1,D_INDIV_0146,IP_INDIV_0101,C_INDIV_0323,M_099,16,25,4,7,6,1,INDIVIDUAL_FRAUD
TXN_002977,U_LEGIT_0275,203.35,714,D_LEGIT_0354,IP_LEGIT_0406,C_LEGIT_1095,M_065,0,1,0,2,2,0,NONE
TXN_003211,U_LEGIT_2301,13.1,184,D_LEGIT_1616,IP_SHARED_BENIGN_01,C_LEGIT_1512,M_143,0,3,0,2,1,0,NONE
TXN_008943,U_LEGIT_1227,184.92,492,D_SHARED_BENIGN_09,IP_LEGIT_1415,C_LEGIT_2341,M_003,0,2,0,1,1,0,NONE
TXN_003179,U_LEGIT_0191,229.84,257,D_LEGIT_1753,IP_LEGIT_0913,C_LEGIT_1956,M_124,0,3,0,2,1,0,NONE
TXN_005721,U_LEGIT_0170,42.27,1145,D_LEGIT_1723,IP_LEGIT_0352,C_LEGIT_2532,M_132,0,4,1,1,1,0,NONE
TXN_006897,U_LEGIT_1653,65.45,398,D_LEGIT_1048,IP_SHARED_BENIGN_06,C_LEGIT_1078,M_039,0,5,0,1,1,0,NONE
TXN_007765,U_LEGIT_2274,28.78,347,D_SHARED_BENIGN_07,IP_LEGIT_0342,C_LEGIT_2000,M_127,0,2,0,2,1,0,NONE
TXN_005125,U_LEGIT_1323,229.08,174,D_LEGIT_0413,IP_LEGIT_1230,C_LEGIT_2831,M_101,0,5,0,1,1,0,NONE
TXN_001528,U_LEGIT_0845,78.9,1123,D_LEGIT_1191,IP_LEGIT_1093,C_LEGIT_0438,M_098,0,3,0,1,2,0,NONE
TXN_006069,U_LEGIT_0435,154.28,301,D_LEGIT_0161,IP_LEGIT_0964,C_LEGIT_0094,M_146,1,1,0,2,1,0,NONE
TXN_004344,U_LEGIT_1489,183.98,679,D_LEGIT_0729,IP_LEGIT_0905,C_LEGIT_1993,M_024,0,2,0,1,1,0,NONE
TXN_001474,U_LEGIT_1081,129.12,292,D_SHARED_BENIGN_09,IP_LEGIT_0460,C_LEGIT_0196,M_085,0,4,0,1,1,0,NONE
TXN_001316,U_LEGIT_0838,45.89,930,D_LEGIT_0012,IP_LEGIT_1375,C_LEGIT_0821,M_104,1,4,0,2,1,0,NONE
TXN_005973,U_LEGIT_2407,145.3,385,D_SHARED_BENIGN_02,IP_LEGIT_1146,C_LEGIT_0201,M_013,0,2,0,1,1,0,NONE
TXN_005487,U_LEGIT_2372,162.0,464,D_LEGIT_0642,IP_LEGIT_0923,C_LEGIT_1794,M_010,0,1,0,1,2,0,NONE
TXN_003334,U_LEGIT_1841,234.81,938,D_LEGIT_1589,IP_LEGIT_0616,C_LEGIT_0391,M_074,0,3,0,2,1,0,NONE
TXN_009675,U_CYCLE_003,587.6,2,D_CYCLE_026,IP_CYCLE_001,C_STOLEN_POOL_02,M_098,8,17,3,4,6,1,CARD_CYCLING
TXN_005514,U_LEGIT_0214,93.91,674,D_SHARED_BENIGN_10,IP_LEGIT_1338,C_LEGIT_1538,M_119,0,5,0,1,1,0,NONE
TXN_009863,U_BURST_003,1370.41,1,D_BURST_015,IP_BURST_SUBNET_01,C_BURST_014,M_126,16,31,2,2,3,1,ACCOUNT_BURST
TXN_007080,U_LEGIT_0714,93.61,1034,D_LEGIT_0794,IP_LEGIT_1199,C_LEGIT_0559,M_108,0,3,0,1,1,0,NONE
TXN_009461,U_INDIV_0136,1028.28,4,D_INDIV_0244,IP_INDIV_0171,C_INDIV_0090,M_057,6,47,4,7,3,1,INDIVIDUAL_FRAUD
TXN_005614,U_LEGIT_1976,212.94,642,D_LEGIT_1045,IP_LEGIT_1156,C_LEGIT_1285,M_006,0,1,0,2,1,0,NONE
TXN_006939,U_LEGIT_1052,26.9,660,D_LEGIT_0469,IP_SHARED_BENIGN_08,C_LEGIT_2100,M_025,0,4,0,1,1,0,NONE
TXN_003707,U_LEGIT_2104,49.2,98,D_LEGIT_0097,IP_LEGIT_0925,C_LEGIT_0950,M_113,0,2,1,1,1,0,NONE
TXN_004652,U_LEGIT_0420,119.21,805,D_LEGIT_1744,IP_LEGIT_1447,C_LEGIT_0019,M_143,0,1,0,1,1,0,NONE
TXN_002654,U_LEGIT_0492,67.09,1049,D_SHARED_BENIGN_03,IP_LEGIT_0650,C_LEGIT_2382,M_109,1,2,0,1,1,0,NONE
TXN_003930,U_LEGIT_0221,230.58,478,D_LEGIT_1358,IP_LEGIT_1420,C_LEGIT_1713,M_145,0,3,0,2,1,0,NONE
TXN_009312,U_INDIV_0120,2394.96,4,D_INDIV_0034,IP_INDIV_0220,C_INDIV_0255,M_023,10,35,9,5,3,1,INDIVIDUAL_FRAUD
TXN_007430,U_LEGIT_0228,97.26,296,D_LEGIT_0283,IP_LEGIT_1762,C_LEGIT_2679,M_043,0,4,0,2,2,0,NONE
TXN_007806,U_LEGIT_1972,179.08,164,D_LEGIT_1432,IP_LEGIT_1804,C_LEGIT_2730,M_011,0,2,0,1,1,0,NONE
TXN_002139,U_LEGIT_1081,231.43,1031,D_LEGIT_0341,IP_LEGIT_0326,C_LEGIT_1547,M_022,0,5,0,1,1,0,NONE
TXN_007683,U_LEGIT_0188,84.08,669,D_LEGIT_1381,IP_LEGIT_1443,C_LEGIT_1022,M_058,0,5,0,1,1,0,NONE
TXN_005902,U_LEGIT_1448,103.69,1042,D_LEGIT_0555,IP_LEGIT_1987,C_LEGIT_2442,M_072,0,3,0,1,2,0,NONE
TXN_002405,U_LEGIT_0112,75.96,722,D_LEGIT_1797,IP_LEGIT_0559,C_LEGIT_2589,M_081,0,3,0,2,1,0,NONE
TXN_009792,U_BURST_018,634.72,0,D_BURST_016,IP_BURST_SUBNET_02,C_BURST_030,M_016,19,32,5,3,2,1,ACCOUNT_BURST
TXN_004548,U_LEGIT_0582,61.21,269,D_LEGIT_1982,IP_LEGIT_1078,C_LEGIT_1956,M_113,1,3,0,2,1,0,NONE
TXN_008435,U_LEGIT_2222,121.17,422,D_LEGIT_0310,IP_LEGIT_1081,C_LEGIT_2337,M_130,0,4,1,2,1,0,NONE
TXN_008635,U_LEGIT_0374,43.23,584,D_LEGIT_1041,IP_SHARED_BENIGN_09,C_LEGIT_0883,M_008,1,5,1,2,2,0,NONE
TXN_000243,U_LEGIT_2157,181.5,692,D_LEGIT_0680,IP_LEGIT_0413,C_LEGIT_0535,M_088,0,2,0,1,1,0,NONE
TXN_003807,U_LEGIT_0380,205.54,381,D_LEGIT_0868,IP_LEGIT_0231,C_LEGIT_0866,M_094,0,3,0,1,2,0,NONE
TXN_005831,U_LEGIT_2406,192.86,823,D_LEGIT_0337,IP_LEGIT_0305,C_LEGIT_2801,M_059,0,1,0,2,2,0,NONE
TXN_006823,U_LEGIT_1314,69.08,416,D_LEGIT_0179,IP_LEGIT_0695,C_LEGIT_1550,M_029,0,3,0,1,2,0,NONE
TXN_008084,U_LEGIT_0008,219.18,677,D_LEGIT_1318,IP_LEGIT_1971,C_LEGIT_1189,M_042,0,5,0,1,2,0,NONE
TXN_005660,U_LEGIT_1089,131.7,626,D_LEGIT_0588,IP_LEGIT_1847,C_LEGIT_1117,M_130,1,2,0,1,1,0,NONE
TXN_001579,U_LEGIT_0405,238.41,87,D_LEGIT_1892,IP_LEGIT_1538,C_LEGIT_1135,M_140,0,5,0,2,1,0,NONE
TXN_008343,U_LEGIT_1058,217.74,1171,D_LEGIT_1348,IP_LEGIT_1922,C_LEGIT_1026,M_108,1,3,0,1,2,0,NONE
TXN_004390,U_LEGIT_1352,115.78,650,D_SHARED_BENIGN_10,IP_LEGIT_1538,C_LEGIT_2079,M_142,0,2,0,1,2,0,NONE
TXN_008791,U_LEGIT_1498,190.12,762,D_LEGIT_1069,IP_LEGIT_0453,C_LEGIT_1583,M_111,1,4,0,1,1,0,NONE
TXN_007500,U_LEGIT_0511,228.18,1137,D_LEGIT_1932,IP_LEGIT_1434,C_LEGIT_1201,M_129,0,3,0,2,1,0,NONE
TXN_006938,U_LEGIT_0508,87.84,1067,D_LEGIT_0362,IP_LEGIT_0634,C_LEGIT_0907,M_101,0,5,0,2,2,0,NONE
TXN_009865,U_BURST_020,1157.75,0,D_BURST_016,IP_BURST_SUBNET_01,C_BURST_015,M_117,12,34,2,3,3,1,ACCOUNT_BURST
TXN_005540,U_LEGIT_0778,89.83,1061,D_SHARED_BENIGN_03,IP_LEGIT_1398,C_LEGIT_0008,M_149,0,2,0,1,2,0,NONE
TXN_001187,U_LEGIT_0658,101.07,1159,D_LEGIT_0898,IP_LEGIT_0036,C_LEGIT_0961,M_125,0,2,0,1,1,0,NONE
TXN_009351,U_INDIV_0033,2762.34,4,D_INDIV_0021,IP_INDIV_0192,C_INDIV_0237,M_050,13,45,9,3,5,1,INDIVIDUAL_FRAUD
TXN_002414,U_LEGIT_0218,173.31,611,D_SHARED_BENIGN_01,IP_LEGIT_1979,C_LEGIT_0424,M_033,0,3,0,1,1,0,NONE
TXN_006697,U_LEGIT_2345,76.06,941,D_LEGIT_1340,IP_LEGIT_0684,C_LEGIT_0445,M_004,0,4,0,1,1,0,NONE
TXN_009508,U_FARM_001,293.49,1,D_FARM_HUB_02,IP_FARM_PROXY_01,C_FARM_003,M_039,20,47,4,1,6,1,DEVICE_FARM
TXN_002984,U_LEGIT_0967,109.16,310,D_LEGIT_0200,IP_LEGIT_0850,C_LEGIT_2329,M_078,1,1,0,1,2,0,NONE
TXN_002417,U_LEGIT_2015,108.32,697,D_LEGIT_1137,IP_LEGIT_0427,C_LEGIT_0198,M_036,0,4,0,2,1,0,NONE
TXN_006218,U_LEGIT_1983,86.72,605,D_LEGIT_0591,IP_LEGIT_0679,C_LEGIT_1561,M_101,0,2,0,2,1,0,NONE
TXN_007874,U_LEGIT_2257,87.46,1142,D_LEGIT_1761,IP_LEGIT_0076,C_LEGIT_0162,M_092,0,4,0,2,1,0,NONE
TXN_008154,U_LEGIT_0657,173.91,135,D_LEGIT_1159,IP_SHARED_BENIGN_02,C_LEGIT_2735,M_137,1,2,0,1,1,0,NONE
TXN_001777,U_LEGIT_1503,232.09,910,D_LEGIT_0877,IP_LEGIT_0283,C_LEGIT_1521,M_146,0,1,0,1,2,0,NONE
TXN_002122,U_LEGIT_0221,91.68,767,D_LEGIT_1939,IP_LEGIT_0494,C_LEGIT_1223,M_029,0,4,0,1,1,0,NONE
TXN_001412,U_LEGIT_0901,239.76,964,D_LEGIT_1263,IP_LEGIT_0577,C_LEGIT_2779,M_086,0,5,0,2,1,0,NONE
TXN_000971,U_LEGIT_1523,241.6,401,D_LEGIT_1687,IP_LEGIT_0354,C_LEGIT_0716,M_133,0,1,0,1,2,0,NONE
TXN_005284,U_LEGIT_0040,220.76,147,D_LEGIT_1071,IP_LEGIT_0562,C_LEGIT_1008,M_143,0,4,0,1,1,0,NONE
TXN_001431,U_LEGIT_1408,32.54,1084,D_LEGIT_1137,IP_LEGIT_0546,C_LEGIT_2759,M_039,1,1,0,2,1,0,NONE
TXN_009397,U_INDIV_0194,952.59,1,D_INDIV_0098,IP_INDIV_0313,C_INDIV_0379,M_114,7,44,8,5,5,1,INDIVIDUAL_FRAUD
TXN_002399,U_LEGIT_0986,114.23,1092,D_LEGIT_0067,IP_LEGIT_0483,C_LEGIT_1685,M_066,0,4,0,1,2,0,NONE
TXN_009088,U_INDIV_0020,2881.45,1,D_INDIV_0235,IP_INDIV_0065,C_INDIV_0070,M_043,11,39,7,6,5,1,INDIVIDUAL_FRAUD
TXN_001386,U_LEGIT_2131,181.53,522,D_LEGIT_1869,IP_LEGIT_0375,C_LEGIT_0660,M_068,0,4,0,1,1,0,NONE
TXN_005749,U_LEGIT_1312,157.58,658,D_LEGIT_0825,IP_LEGIT_1852,C_LEGIT_0692,M_074,0,5,0,1,1,0,NONE
TXN_008195,U_LEGIT_0550,176.69,694,D_LEGIT_1077,IP_LEGIT_0517,C_LEGIT_1087,M_077,0,5,0,1,1,0,NONE
TXN_004160,U_LEGIT_2157,46.07,635,D_LEGIT_0432,IP_LEGIT_0085,C_LEGIT_0535,M_077,0,4,0,1,2,0,NONE
TXN_004883,U_LEGIT_0847,160.53,1181,D_SHARED_BENIGN_02,IP_LEGIT_1650,C_LEGIT_2659,M_022,1,4,0,1,1,0,NONE
TXN_006122,U_LEGIT_2258,117.58,584,D_LEGIT_1487,IP_LEGIT_0702,C_LEGIT_2831,M_018,0,5,0,1,1,0,NONE
TXN_009764,U_BURST_001,607.21,1,D_BURST_015,IP_BURST_SUBNET_01,C_BURST_016,M_088,10,22,5,1,3,1,ACCOUNT_BURST
TXN_007218,U_LEGIT_1062,180.14,991,D_LEGIT_1244,IP_LEGIT_1358,C_LEGIT_0052,M_117,0,4,0,1,1,0,NONE
TXN_009916,U_DIST_017,20.81,7,D_DIST_019,IP_DIST_PROXY_04,C_DIST_009,M_TARGET_HIGHVAL_99,7,11,2,1,1,1,DISTRIBUTED_ABUSE
TXN_003832,U_LEGIT_0213,168.7,1167,D_LEGIT_0484,IP_LEGIT_1221,C_LEGIT_2475,M_143,1,4,0,1,1,0,NONE
TXN_000849,U_LEGIT_2149,228.48,703,D_LEGIT_0650,IP_LEGIT_1713,C_LEGIT_2357,M_076,0,3,0,1,1,0,NONE
TXN_003561,U_LEGIT_1925,53.26,328,D_LEGIT_0336,IP_LEGIT_1004,C_LEGIT_0811,M_110,0,5,0,2,2,0,NONE
TXN_009403,U_INDIV_0136,1269.77,3,D_INDIV_0330,IP_INDIV_0268,C_INDIV_0356,M_037,12,28,4,7,3,1,INDIVIDUAL_FRAUD
TXN_005631,U_LEGIT_1703,98.4,914,D_SHARED_BENIGN_01,IP_LEGIT_0067,C_LEGIT_0777,M_030,1,4,0,1,1,0,NONE
TXN_003396,U_LEGIT_2326,148.51,1007,D_LEGIT_0166,IP_LEGIT_1004,C_LEGIT_1690,M_066,0,4,0,1,1,0,NONE
TXN_004442,U_LEGIT_1211,141.78,47,D_LEGIT_1853,IP_LEGIT_0480,C_LEGIT_2522,M_073,0,2,0,2,1,0,NONE
TXN_001565,U_LEGIT_1009,149.52,1193,D_SHARED_BENIGN_06,IP_LEGIT_1681,C_LEGIT_1539,M_062,0,3,0,1,1,0,NONE
TXN_007869,U_LEGIT_2437,54.23,325,D_LEGIT_0525,IP_LEGIT_0827,C_LEGIT_2585,M_099,0,4,0,1,1,0,NONE
TXN_006507,U_LEGIT_1121,56.04,532,D_LEGIT_1966,IP_LEGIT_1312,C_LEGIT_1290,M_072,0,5,0,1,1,0,NONE
TXN_008557,U_LEGIT_0559,128.88,219,D_LEGIT_0139,IP_LEGIT_1085,C_LEGIT_2763,M_086,0,2,0,1,1,0,NONE
TXN_001639,U_LEGIT_0561,203.34,304,D_LEGIT_0157,IP_LEGIT_1859,C_LEGIT_2019,M_085,0,3,0,2,1,0,NONE
TXN_000117,U_LEGIT_0884,34.91,620,D_LEGIT_1124,IP_LEGIT_1247,C_LEGIT_2162,M_109,0,1,0,2,2,0,NONE
TXN_008990,U_LEGIT_1365,100.96,1180,D_LEGIT_1017,IP_SHARED_BENIGN_10,C_LEGIT_1547,M_119,0,5,0,1,1,0,NONE
TXN_003608,U_LEGIT_2018,202.13,41,D_LEGIT_1754,IP_SHARED_BENIGN_01,C_LEGIT_1021,M_037,0,2,0,1,2,0,NONE
TXN_006237,U_LEGIT_1467,170.14,827,D_SHARED_BENIGN_01,IP_LEGIT_1217,C_LEGIT_2726,M_069,0,4,0,2,1,0,NONE
TXN_002850,U_LEGIT_1253,144.12,531,D_LEGIT_0978,IP_LEGIT_0220,C_LEGIT_1721,M_074,0,3,0,2,2,0,NONE
TXN_005324,U_LEGIT_1932,131.72,426,D_LEGIT_0857,IP_LEGIT_1217,C_LEGIT_1924,M_113,0,2,0,1,1,0,NONE
TXN_004633,U_LEGIT_0929,151.95,214,D_LEGIT_1604,IP_LEGIT_1975,C_LEGIT_1650,M_056,0,5,0,2,1,0,NONE
TXN_002277,U_LEGIT_1191,23.5,949,D_LEGIT_0306,IP_LEGIT_0967,C_LEGIT_0548,M_002,0,5,0,2,1,0,NONE
TXN_007411,U_LEGIT_1773,184.61,1072,D_LEGIT_1395,IP_LEGIT_0620,C_LEGIT_0563,M_150,0,4,0,1,1,0,NONE
TXN_008213,U_LEGIT_0229,34.19,342,D_LEGIT_1423,IP_LEGIT_0085,C_LEGIT_1711,M_059,0,3,0,1,1,0,NONE
TXN_004868,U_LEGIT_1895,177.63,865,D_SHARED_BENIGN_04,IP_LEGIT_0668,C_LEGIT_2269,M_024,0,5,0,1,1,0,NONE
TXN_003657,U_LEGIT_1512,158.45,640,D_LEGIT_1600,IP_LEGIT_1599,C_LEGIT_2776,M_095,0,4,0,1,2,0,NONE
TXN_006356,U_LEGIT_1306,15.03,983,D_LEGIT_0127,IP_LEGIT_1659,C_LEGIT_0827,M_015,0,2,0,1,2,0,NONE
TXN_002052,U_LEGIT_0077,197.13,866,D_LEGIT_1898,IP_LEGIT_1556,C_LEGIT_0069,M_086,1,5,0,1,2,0,NONE
TXN_001702,U_LEGIT_1638,212.21,649,D_SHARED_BENIGN_06,IP_LEGIT_1306,C_LEGIT_1322,M_006,0,2,0,2,1,0,NONE
TXN_002633,U_LEGIT_2365,85.79,41,D_LEGIT_1189,IP_LEGIT_1751,C_LEGIT_0690,M_106,1,2,0,1,1,0,NONE
TXN_000582,U_LEGIT_2003,124.44,664,D_SHARED_BENIGN_09,IP_LEGIT_1783,C_LEGIT_0184,M_107,0,3,0,2,1,0,NONE
TXN_009859,U_BURST_016,980.27,1,D_BURST_017,IP_BURST_SUBNET_01,C_BURST_004,M_031,20,31,5,2,3,1,ACCOUNT_BURST
TXN_000577,U_LEGIT_2129,117.94,330,D_LEGIT_0216,IP_LEGIT_1193,C_LEGIT_0789,M_093,0,4,0,1,2,0,NONE
TXN_008719,U_LEGIT_1134,160.63,345,D_LEGIT_1009,IP_LEGIT_1263,C_LEGIT_0468,M_026,0,4,0,1,1,0,NONE
TXN_001467,U_LEGIT_1164,120.35,657,D_LEGIT_1457,IP_SHARED_BENIGN_03,C_LEGIT_1724,M_144,0,4,0,1,2,0,NONE
TXN_001719,U_LEGIT_0541,18.17,756,D_LEGIT_0602,IP_LEGIT_0652,C_LEGIT_0545,M_079,0,4,0,1,2,0,NONE
TXN_001483,U_LEGIT_2387,114.03,615,D_LEGIT_0314,IP_LEGIT_1340,C_LEGIT_0368,M_125,0,3,0,1,1,0,NONE
TXN_001130,U_LEGIT_0036,130.09,146,D_LEGIT_0352,IP_LEGIT_1052,C_LEGIT_0085,M_129,0,2,0,1,1,0,NONE
TXN_001670,U_LEGIT_1940,100.71,320,D_LEGIT_1368,IP_LEGIT_1290,C_LEGIT_1633,M_065,0,5,0,2,1,0,NONE
TXN_009239,U_INDIV_0195,641.45,4,D_INDIV_0178,IP_INDIV_0352,C_INDIV_0041,M_076,14,20,9,4,5,1,INDIVIDUAL_FRAUD
TXN_009345,U_INDIV_0014,2664.73,1,D_INDIV_0158,IP_INDIV_0063,C_INDIV_0259,M_129,7,43,8,3,4,1,INDIVIDUAL_FRAUD
TXN_009849,U_BURST_015,1411.75,1,D_BURST_008,IP_BURST_SUBNET_02,C_BURST_018,M_128,13,25,1,1,3,1,ACCOUNT_BURST
TXN_009155,U_INDIV_0092,517.06,6,D_INDIV_0065,IP_INDIV_0320,C_INDIV_0196,M_035,15,23,9,6,5,1,INDIVIDUAL_FRAUD
TXN_009778,U_BURST_018,902.98,1,D_BURST_012,IP_BURST_SUBNET_01,C_BURST_001,M_056,13,30,2,2,2,1,ACCOUNT_BURST
TXN_000020,U_LEGIT_0281,67.58,111,D_LEGIT_1383,IP_LEGIT_0827,C_LEGIT_0492,M_146,0,4,0,1,1,0,NONE
TXN_008914,U_LEGIT_0005,114.4,611,D_LEGIT_1334,IP_SHARED_BENIGN_09,C_LEGIT_1841,M_133,0,5,0,1,2,0,NONE
TXN_008209,U_LEGIT_1545,122.32,1186,D_SHARED_BENIGN_09,IP_LEGIT_1865,C_LEGIT_0352,M_032,0,3,0,2,2,0,NONE
TXN_001073,U_LEGIT_1838,21.68,1172,D_LEGIT_1563,IP_LEGIT_0535,C_LEGIT_0932,M_062,0,2,0,1,1,0,NONE
TXN_009195,U_INDIV_0057,1392.75,6,D_INDIV_0142,IP_INDIV_0249,C_INDIV_0321,M_037,16,17,9,4,3,1,INDIVIDUAL_FRAUD
TXN_009904,U_DIST_025,16.35,17,D_DIST_003,IP_DIST_PROXY_03,C_DIST_013,M_TARGET_HIGHVAL_99,8,18,2,1,1,1,DISTRIBUTED_ABUSE
TXN_008250,U_LEGIT_1938,75.59,285,D_LEGIT_0420,IP_LEGIT_1245,C_LEGIT_0516,M_024,0,1,0,1,1,0,NONE
TXN_007046,U_LEGIT_1561,183.82,285,D_LEGIT_0967,IP_LEGIT_0208,C_LEGIT_1515,M_140,0,3,0,2,1,0,NONE
TXN_008232,U_LEGIT_0537,143.72,903,D_SHARED_BENIGN_09,IP_LEGIT_1803,C_LEGIT_0400,M_098,0,4,0,2,2,0,NONE
TXN_006571,U_LEGIT_1257,210.28,702,D_LEGIT_1282,IP_LEGIT_1661,C_LEGIT_2468,M_091,0,4,0,2,1,0,NONE
TXN_003752,U_LEGIT_0971,8.98,797,D_LEGIT_0161,IP_LEGIT_1436,C_LEGIT_1064,M_124,1,1,0,2,1,0,NONE
TXN_005524,U_LEGIT_1571,112.55,217,D_LEGIT_0014,IP_LEGIT_1557,C_LEGIT_2514,M_029,0,1,0,2,1,0,NONE
TXN_000274,U_LEGIT_0725,147.46,354,D_LEGIT_0119,IP_SHARED_BENIGN_05,C_LEGIT_0858,M_044,0,1,0,2,2,0,NONE
TXN_007730,U_LEGIT_1570,228.58,771,D_LEGIT_1221,IP_LEGIT_1553,C_LEGIT_1096,M_061,0,4,0,1,1,0,NONE
TXN_006418,U_LEGIT_2306,85.27,573,D_LEGIT_0101,IP_LEGIT_0891,C_LEGIT_1677,M_092,0,3,1,1,1,0,NONE
TXN_004470,U_LEGIT_2333,195.47,496,D_LEGIT_1633,IP_LEGIT_0938,C_LEGIT_0732,M_103,0,3,0,1,1,0,NONE
TXN_007191,U_LEGIT_1034,187.38,34,D_LEGIT_0892,IP_LEGIT_1852,C_LEGIT_2579,M_010,1,5,0,1,1,0,NONE
TXN_009662,U_CYCLE_015,166.94,9,D_CYCLE_011,IP_CYCLE_027,C_STOLEN_POOL_01,M_011,12,13,5,3,5,1,CARD_CYCLING
TXN_005646,U_LEGIT_2057,48.18,569,D_LEGIT_0563,IP_LEGIT_1902,C_LEGIT_0776,M_084,0,4,0,1,1,0,NONE
TXN_005969,U_LEGIT_0597,56.82,1075,D_LEGIT_0122,IP_LEGIT_0847,C_LEGIT_2797,M_126,0,1,0,2,1,0,NONE
TXN_002936,U_LEGIT_0921,142.7,533,D_LEGIT_1071,IP_LEGIT_0522,C_LEGIT_0394,M_074,0,5,0,1,1,0,NONE
TXN_005460,U_LEGIT_0551,199.97,1126,D_LEGIT_0351,IP_LEGIT_1601,C_LEGIT_0574,M_067,0,1,0,2,2,0,NONE
TXN_003072,U_LEGIT_0143,12.4,1156,D_LEGIT_0434,IP_LEGIT_1942,C_LEGIT_2909,M_141,1,5,0,2,2,0,NONE
TXN_002996,U_LEGIT_0331,217.95,66,D_LEGIT_0055,IP_LEGIT_1156,C_LEGIT_1214,M_093,0,4,0,1,1,0,NONE
TXN_003806,U_LEGIT_2351,245.72,936,D_LEGIT_0758,IP_LEGIT_1555,C_LEGIT_1909,M_001,0,5,1,1,2,0,NONE
TXN_002291,U_LEGIT_0730,240.23,634,D_LEGIT_1829,IP_LEGIT_1961,C_LEGIT_2878,M_085,0,3,0,1,1,0,NONE
TXN_008473,U_LEGIT_1152,24.85,329,D_LEGIT_1678,IP_LEGIT_1546,C_LEGIT_0939,M_116,0,4,0,1,2,0,NONE
TXN_008181,U_LEGIT_1884,29.61,1087,D_LEGIT_1053,IP_LEGIT_1076,C_LEGIT_0892,M_109,2,2,0,1,1,0,NONE
TXN_004085,U_LEGIT_1146,212.95,379,D_LEGIT_0696,IP_SHARED_BENIGN_05,C_LEGIT_1159,M_062,0,5,0,1,1,0,NONE
TXN_004569,U_LEGIT_0246,62.1,894,D_LEGIT_1185,IP_SHARED_BENIGN_02,C_LEGIT_2691,M_027,0,5,0,1,2,0,NONE
TXN_004535,U_LEGIT_1862,40.67,416,D_LEGIT_1144,IP_SHARED_BENIGN_08,C_LEGIT_1032,M_145,0,4,0,1,1,0,NONE
TXN_003837,U_LEGIT_2441,52.83,333,D_LEGIT_1281,IP_SHARED_BENIGN_01,C_LEGIT_2315,M_056,0,2,0,1,1,0,NONE
TXN_006784,U_LEGIT_0249,80.42,965,D_LEGIT_1382,IP_SHARED_BENIGN_06,C_LEGIT_2067,M_025,0,1,0,1,1,0,NONE
TXN_007708,U_LEGIT_0197,203.68,1003,D_LEGIT_0258,IP_SHARED_BENIGN_07,C_LEGIT_0942,M_020,0,4,0,1,1,0,NONE
TXN_008138,U_LEGIT_1233,48.83,533,D_LEGIT_0769,IP_SHARED_BENIGN_10,C_LEGIT_0196,M_041,0,4,0,1,1,0,NONE
TXN_003073,U_LEGIT_0679,34.5,926,D_LEGIT_0214,IP_LEGIT_1408,C_LEGIT_2357,M_097,0,5,0,2,1,0,NONE
TXN_005787,U_LEGIT_0776,187.18,319,D_LEGIT_0737,IP_LEGIT_0566,C_LEGIT_2720,M_040,0,2,0,1,1,0,NONE
TXN_004109,U_LEGIT_1414,53.38,1081,D_LEGIT_0161,IP_LEGIT_1457,C_LEGIT_2918,M_061,0,5,0,2,1,0,NONE
TXN_009012,U_INDIV_0155,2662.84,3,D_INDIV_0183,IP_INDIV_0135,C_INDIV_0091,M_143,13,46,7,5,5,1,INDIVIDUAL_FRAUD
TXN_008531,U_LEGIT_1453,141.54,569,D_LEGIT_0120,IP_LEGIT_1741,C_LEGIT_1316,M_117,0,1,0,2,2,0,NONE
TXN_005244,U_LEGIT_1119,137.74,862,D_SHARED_BENIGN_01,IP_LEGIT_0733,C_LEGIT_0559,M_134,0,4,0,1,1,0,NONE
TXN_001907,U_LEGIT_1358,11.11,272,D_LEGIT_0904,IP_LEGIT_1716,C_LEGIT_1004,M_114,0,3,0,1,1,0,NONE
TXN_008106,U_LEGIT_2350,117.97,1020,D_LEGIT_1290,IP_LEGIT_1991,C_LEGIT_2172,M_004,0,5,0,2,2,0,NONE
TXN_006088,U_LEGIT_1826,171.72,509,D_LEGIT_1546,IP_LEGIT_1164,C_LEGIT_0226,M_052,1,2,0,1,2,0,NONE
TXN_004546,U_LEGIT_1643,58.29,472,D_LEGIT_0080,IP_LEGIT_1208,C_LEGIT_2174,M_045,0,5,0,1,2,0,NONE
TXN_001926,U_LEGIT_1849,154.47,1051,D_LEGIT_0781,IP_SHARED_BENIGN_09,C_LEGIT_0682,M_139,0,1,0,2,1,0,NONE
TXN_008236,U_LEGIT_0745,88.9,260,D_LEGIT_0382,IP_LEGIT_0144,C_LEGIT_2904,M_121,0,5,0,2,2,0,NONE
TXN_007445,U_LEGIT_1617,238.9,69,D_LEGIT_1487,IP_LEGIT_0291,C_LEGIT_1139,M_022,1,1,1,1,2,0,NONE
TXN_008985,U_LEGIT_0180,226.17,570,D_LEGIT_0535,IP_LEGIT_1797,C_LEGIT_1871,M_104,0,4,0,1,1,0,NONE
TXN_005233,U_LEGIT_1060,31.2,1166,D_LEGIT_0771,IP_LEGIT_1773,C_LEGIT_2345,M_047,0,5,0,1,1,0,NONE
TXN_005648,U_LEGIT_1147,135.81,391,D_LEGIT_0138,IP_LEGIT_1178,C_LEGIT_0231,M_061,0,1,0,1,2,0,NONE
TXN_009612,U_FARM_012,77.02,0,D_FARM_HUB_02,IP_FARM_PROXY_01,C_FARM_013,M_150,7,53,7,1,5,1,DEVICE_FARM
TXN_001801,U_LEGIT_0435,243.0,909,D_LEGIT_0326,IP_LEGIT_1570,C_LEGIT_0901,M_044,0,3,0,2,1,0,NONE
TXN_002611,U_LEGIT_1557,203.99,259,D_LEGIT_0873,IP_LEGIT_0253,C_LEGIT_0610,M_098,0,5,0,1,1,0,NONE
TXN_008346,U_LEGIT_0333,167.89,528,D_LEGIT_0624,IP_LEGIT_0278,C_LEGIT_0975,M_033,0,5,0,1,2,0,NONE
TXN_000875,U_LEGIT_2099,242.56,995,D_LEGIT_0619,IP_LEGIT_0416,C_LEGIT_0409,M_068,0,4,0,2,1,0,NONE
TXN_007033,U_LEGIT_1232,111.78,883,D_LEGIT_0246,IP_LEGIT_0724,C_LEGIT_0337,M_001,1,5,0,2,1,0,NONE
TXN_006386,U_LEGIT_0582,9.63,425,D_LEGIT_1112,IP_LEGIT_1948,C_LEGIT_0544,M_091,0,1,0,1,1,0,NONE
TXN_008512,U_LEGIT_0490,113.33,110,D_LEGIT_0406,IP_LEGIT_0786,C_LEGIT_1516,M_124,0,1,0,1,2,0,NONE
TXN_005426,U_LEGIT_1791,183.39,531,D_LEGIT_1613,IP_LEGIT_1174,C_LEGIT_2497,M_061,0,2,0,1,2,0,NONE
TXN_000855,U_LEGIT_1454,191.35,305,D_LEGIT_1866,IP_LEGIT_0922,C_LEGIT_1785,M_075,0,5,0,1,1,0,NONE
TXN_008958,U_LEGIT_1951,63.08,551,D_LEGIT_1417,IP_LEGIT_1094,C_LEGIT_0607,M_119,0,1,0,1,1,0,NONE
TXN_007766,U_LEGIT_1003,156.46,94,D_LEGIT_1602,IP_LEGIT_0114,C_LEGIT_1401,M_111,1,1,0,1,2,0,NONE
TXN_005917,U_LEGIT_0729,118.07,998,D_LEGIT_0701,IP_LEGIT_0524,C_LEGIT_1473,M_069,0,1,0,1,2,0,NONE
TXN_007975,U_LEGIT_0842,157.91,188,D_LEGIT_0403,IP_LEGIT_1578,C_LEGIT_2247,M_040,0,1,0,1,1,0,NONE
TXN_001390,U_LEGIT_1201,108.0,1167,D_LEGIT_1323,IP_LEGIT_1163,C_LEGIT_2138,M_120,0,4,0,1,1,0,NONE
TXN_003924,U_LEGIT_0747,167.54,158,D_LEGIT_0706,IP_LEGIT_0506,C_LEGIT_2015,M_109,0,5,0,1,2,0,NONE
TXN_007740,U_LEGIT_1722,25.61,1030,D_SHARED_BENIGN_03,IP_SHARED_BENIGN_01,C_LEGIT_1854,M_053,0,3,0,2,1,0,NONE
TXN_008988,U_LEGIT_0391,176.93,349,D_LEGIT_0970,IP_LEGIT_0664,C_LEGIT_2878,M_013,0,1,0,1,1,0,NONE
TXN_006327,U_LEGIT_2216,79.44,665,D_LEGIT_1435,IP_LEGIT_0380,C_LEGIT_1497,M_122,0,5,0,1,1,0,NONE
TXN_004735,U_LEGIT_2419,123.34,484,D_LEGIT_1789,IP_LEGIT_0401,C_LEGIT_0189,M_134,1,5,0,1,1,0,NONE
TXN_001205,U_LEGIT_0675,195.62,79,D_LEGIT_1736,IP_LEGIT_0068,C_LEGIT_0048,M_007,1,1,0,1,1,0,NONE
TXN_004499,U_LEGIT_2307,193.95,1038,D_LEGIT_0257,IP_LEGIT_0041,C_LEGIT_1235,M_044,0,5,0,1,1,0,NONE
TXN_006393,U_LEGIT_2324,160.45,741,D_LEGIT_1626,IP_SHARED_BENIGN_04,C_LEGIT_0255,M_112,1,2,0,2,1,0,NONE
TXN_002544,U_LEGIT_1897,60.03,1173,D_LEGIT_0335,IP_SHARED_BENIGN_03,C_LEGIT_2573,M_092,2,3,0,1,1,0,NONE
TXN_007382,U_LEGIT_1216,95.42,1040,D_LEGIT_1977,IP_SHARED_BENIGN_06,C_LEGIT_2859,M_129,0,4,0,1,1,0,NONE
TXN_009075,U_INDIV_0010,2566.36,5,D_INDIV_0116,IP_INDIV_0086,C_INDIV_0049,M_072,16,36,9,5,3,1,INDIVIDUAL_FRAUD
TXN_006893,U_LEGIT_0956,34.44,305,D_SHARED_BENIGN_06,IP_LEGIT_1352,C_LEGIT_0949,M_064,0,3,0,1,1,0,NONE
TXN_000845,U_LEGIT_0836,163.34,609,D_LEGIT_0761,IP_LEGIT_1395,C_LEGIT_1704,M_019,0,3,0,1,1,0,NONE
TXN_003204,U_LEGIT_2440,167.85,622,D_LEGIT_1298,IP_LEGIT_0171,C_LEGIT_0024,M_026,0,4,0,1,1,0,NONE
TXN_004885,U_LEGIT_1302,51.38,1140,D_LEGIT_1320,IP_LEGIT_1857,C_LEGIT_2128,M_108,0,3,0,1,1,0,NONE
TXN_007756,U_LEGIT_0432,192.5,623,D_LEGIT_1701,IP_LEGIT_1003,C_LEGIT_0064,M_083,0,2,0,1,1,0,NONE
TXN_002377,U_LEGIT_1284,80.45,796,D_SHARED_BENIGN_02,IP_LEGIT_1454,C_LEGIT_0758,M_024,0,3,0,1,1,0,NONE
TXN_007634,U_LEGIT_2403,247.63,692,D_SHARED_BENIGN_08,IP_LEGIT_0734,C_LEGIT_1661,M_017,1,4,0,2,1,0,NONE
TXN_007381,U_LEGIT_1521,16.18,46,D_LEGIT_1558,IP_LEGIT_0019,C_LEGIT_1618,M_046,1,5,0,1,1,0,NONE
TXN_003720,U_LEGIT_2005,231.76,97,D_LEGIT_0068,IP_LEGIT_1353,C_LEGIT_1698,M_118,0,2,0,1,1,0,NONE
TXN_000612,U_LEGIT_1228,61.1,37,D_LEGIT_0333,IP_LEGIT_1795,C_LEGIT_0173,M_127,0,2,0,1,1,0,NONE
TXN_002223,U_LEGIT_1551,34.07,609,D_LEGIT_1142,IP_LEGIT_1213,C_LEGIT_0659,M_107,0,2,0,1,1,0,NONE
TXN_006971,U_LEGIT_0106,202.32,722,D_LEGIT_0021,IP_LEGIT_0089,C_LEGIT_2270,M_129,0,2,0,1,1,0,NONE
TXN_003770,U_LEGIT_1808,21.27,741,D_LEGIT_1382,IP_LEGIT_0913,C_LEGIT_0723,M_147,2,3,0,2,1,0,NONE
TXN_001074,U_LEGIT_0953,101.78,840,D_LEGIT_1955,IP_LEGIT_1026,C_LEGIT_1309,M_083,0,3,0,2,1,0,NONE
TXN_001264,U_LEGIT_0631,248.59,108,D_LEGIT_0266,IP_LEGIT_1182,C_LEGIT_0804,M_127,0,5,0,1,2,0,NONE
TXN_001857,U_LEGIT_2493,31.28,489,D_LEGIT_1555,IP_LEGIT_1347,C_LEGIT_0317,M_107,0,5,0,2,1,0,NONE
TXN_008300,U_LEGIT_2064,196.82,748,D_LEGIT_0565,IP_LEGIT_1593,C_LEGIT_0761,M_050,0,2,0,2,2,0,NONE
TXN_009233,U_INDIV_0131,465.01,1,D_INDIV_0392,IP_INDIV_0289,C_INDIV_0002,M_043,9,41,9,5,5,1,INDIVIDUAL_FRAUD
TXN_008040,U_LEGIT_0961,82.81,82,D_LEGIT_0221,IP_LEGIT_0947,C_LEGIT_1409,M_138,1,5,0,1,1,0,NONE
TXN_002599,U_LEGIT_0302,14.76,557,D_LEGIT_0434,IP_LEGIT_0770,C_LEGIT_1178,M_128,0,1,0,1,1,0,NONE
TXN_003511,U_LEGIT_2435,60.43,1131,D_LEGIT_1683,IP_LEGIT_1357,C_LEGIT_2289,M_105,0,2,0,1,2,0,NONE
TXN_004785,U_LEGIT_1447,175.27,302,D_LEGIT_0279,IP_LEGIT_0582,C_LEGIT_2956,M_074,0,4,0,1,1,0,NONE
TXN_006598,U_LEGIT_2233,128.46,954,D_LEGIT_1434,IP_LEGIT_0875,C_LEGIT_2967,M_149,0,1,0,1,1,0,NONE
TXN_000408,U_LEGIT_2242,52.73,142,D_LEGIT_1288,IP_LEGIT_1691,C_LEGIT_0851,M_013,0,1,0,1,1,0,NONE
TXN_008952,U_LEGIT_1738,75.46,867,D_LEGIT_1578,IP_LEGIT_1996,C_LEGIT_2319,M_097,0,2,0,2,1,0,NONE
TXN_007962,U_LEGIT_0624,68.91,223,D_LEGIT_1272,IP_LEGIT_0815,C_LEGIT_2301,M_144,0,1,0,1,2,0,NONE
TXN_003366,U_LEGIT_2277,197.48,725,D_LEGIT_0165,IP_LEGIT_1697,C_LEGIT_0932,M_099,0,4,0,1,1,0,NONE
TXN_007456,U_LEGIT_1097,195.89,880,D_LEGIT_0396,IP_LEGIT_1934,C_LEGIT_2897,M_058,0,2,0,1,1,0,NONE
TXN_000987,U_LEGIT_1817,133.99,1103,D_LEGIT_0565,IP_LEGIT_0023,C_LEGIT_2609,M_031,0,5,0,2,1,0,NONE
TXN_009967,U_DIST_011,55.27,14,D_DIST_011,IP_DIST_PROXY_01,C_DIST_004,M_TARGET_HIGHVAL_99,8,11,1,2,1,1,DISTRIBUTED_ABUSE
TXN_006121,U_LEGIT_0631,167.42,965,D_LEGIT_1885,IP_LEGIT_1271,C_LEGIT_1779,M_026,1,1,0,1,1,0,NONE
TXN_004858,U_LEGIT_2075,158.89,499,D_LEGIT_1247,IP_LEGIT_0490,C_LEGIT_0597,M_019,0,1,0,1,1,0,NONE
TXN_008297,U_LEGIT_1950,108.42,204,D_SHARED_BENIGN_07,IP_SHARED_BENIGN_06,C_LEGIT_1750,M_150,1,3,0,1,1,0,NONE
TXN_004330,U_LEGIT_2144,58.36,649,D_LEGIT_0053,IP_LEGIT_0841,C_LEGIT_2836,M_062,0,3,0,2,1,0,NONE
TXN_002774,U_LEGIT_1768,58.91,866,D_LEGIT_1679,IP_SHARED_BENIGN_10,C_LEGIT_2596,M_080,0,3,0,1,1,0,NONE
TXN_008916,U_LEGIT_1511,217.93,563,D_LEGIT_1581,IP_LEGIT_0697,C_LEGIT_1688,M_017,0,5,0,1,1,0,NONE
TXN_001813,U_LEGIT_2489,126.78,972,D_LEGIT_1887,IP_SHARED_BENIGN_06,C_LEGIT_0182,M_108,0,4,0,1,1,0,NONE
TXN_005030,U_LEGIT_1526,125.68,750,D_LEGIT_0585,IP_LEGIT_0056,C_LEGIT_1375,M_077,0,3,1,1,2,0,NONE
TXN_004145,U_LEGIT_2252,158.93,539,D_LEGIT_1300,IP_LEGIT_0800,C_LEGIT_2377,M_068,0,5,0,1,2,0,NONE
TXN_002810,U_LEGIT_1660,208.97,668,D_LEGIT_1990,IP_LEGIT_0510,C_LEGIT_1366,M_058,1,4,0,1,1,0,NONE
TXN_006043,U_LEGIT_2053,92.0,673,D_SHARED_BENIGN_06,IP_LEGIT_0938,C_LEGIT_0680,M_015,0,4,0,1,2,0,NONE
TXN_001841,U_LEGIT_0399,39.19,960,D_SHARED_BENIGN_07,IP_LEGIT_0656,C_LEGIT_1734,M_078,0,4,0,1,1,0,NONE
TXN_000369,U_LEGIT_0791,125.44,926,D_SHARED_BENIGN_07,IP_LEGIT_0276,C_LEGIT_1027,M_011,0,5,0,1,1,0,NONE
TXN_006663,U_LEGIT_2489,62.3,636,D_SHARED_BENIGN_07,IP_SHARED_BENIGN_07,C_LEGIT_1372,M_069,0,2,0,1,2,0,NONE
TXN_005127,U_LEGIT_2437,11.58,607,D_LEGIT_0310,IP_LEGIT_0039,C_LEGIT_0213,M_135,0,2,0,2,1,0,NONE
TXN_004720,U_LEGIT_2341,216.65,910,D_LEGIT_1131,IP_LEGIT_0928,C_LEGIT_0045,M_107,0,5,0,1,1,0,NONE
TXN_003566,U_LEGIT_1428,55.58,970,D_SHARED_BENIGN_07,IP_LEGIT_1422,C_LEGIT_2514,M_049,0,3,0,1,1,0,NONE
TXN_006942,U_LEGIT_0833,185.7,560,D_LEGIT_1415,IP_LEGIT_1747,C_LEGIT_1510,M_113,0,3,0,1,2,0,NONE
TXN_008898,U_LEGIT_1433,133.82,716,D_SHARED_BENIGN_03,IP_LEGIT_1392,C_LEGIT_2342,M_067,0,3,0,1,1,0,NONE
TXN_005796,U_LEGIT_2445,41.5,892,D_LEGIT_1629,IP_LEGIT_1694,C_LEGIT_1064,M_052,0,1,0,1,1,0,NONE
TXN_008460,U_LEGIT_0786,55.51,190,D_SHARED_BENIGN_05,IP_LEGIT_0080,C_LEGIT_2755,M_024,0,2,0,1,1,0,NONE
TXN_008857,U_LEGIT_1080,89.33,1044,D_LEGIT_1482,IP_LEGIT_0479,C_LEGIT_2877,M_011,0,5,0,1,1,0,NONE
TXN_004931,U_LEGIT_1666,34.14,595,D_LEGIT_1362,IP_LEGIT_1670,C_LEGIT_2685,M_027,0,2,0,2,2,0,NONE
TXN_005898,U_LEGIT_0635,245.22,623,D_LEGIT_1202,IP_LEGIT_1463,C_LEGIT_1820,M_072,0,2,0,2,1,0,NONE
TXN_009032,U_INDIV_0154,2163.97,6,D_INDIV_0112,IP_INDIV_0137,C_INDIV_0213,M_081,10,20,4,4,3,1,INDIVIDUAL_FRAUD
TXN_007769,U_LEGIT_2471,148.52,491,D_LEGIT_0398,IP_LEGIT_1344,C_LEGIT_0698,M_015,0,3,0,1,2,0,NONE
TXN_004660,U_LEGIT_2097,203.49,955,D_LEGIT_1080,IP_LEGIT_1132,C_LEGIT_1696,M_030,1,1,0,1,1,0,NONE
TXN_003946,U_LEGIT_0272,231.27,668,D_LEGIT_1869,IP_SHARED_BENIGN_09,C_LEGIT_1359,M_148,0,1,0,1,1,0,NONE
TXN_004903,U_LEGIT_0930,76.44,927,D_LEGIT_0095,IP_SHARED_BENIGN_09,C_LEGIT_2236,M_024,0,4,0,1,1,0,NONE
TXN_001937,U_LEGIT_0653,89.11,118,D_LEGIT_1351,IP_LEGIT_0959,C_LEGIT_2869,M_124,0,3,0,1,2,0,NONE
TXN_000710,U_LEGIT_0818,61.67,902,D_SHARED_BENIGN_01,IP_LEGIT_1076,C_LEGIT_1256,M_060,0,5,0,1,1,0,NONE
TXN_003234,U_LEGIT_0011,175.82,1128,D_LEGIT_0706,IP_LEGIT_0377,C_LEGIT_0054,M_095,0,3,0,1,1,0,NONE
TXN_008012,U_LEGIT_1790,180.13,1133,D_LEGIT_1297,IP_LEGIT_1450,C_LEGIT_0417,M_114,2,2,1,2,1,0,NONE
TXN_007983,U_LEGIT_0007,107.02,521,D_LEGIT_0277,IP_LEGIT_1269,C_LEGIT_2311,M_143,0,4,0,1,1,0,NONE
TXN_002615,U_LEGIT_0563,89.23,46,D_LEGIT_0170,IP_LEGIT_0943,C_LEGIT_2092,M_111,0,5,0,2,1,0,NONE
TXN_000542,U_LEGIT_1918,36.28,120,D_LEGIT_0650,IP_LEGIT_0887,C_LEGIT_0581,M_067,2,4,0,1,1,0,NONE
TXN_004155,U_LEGIT_0895,66.73,920,D_LEGIT_1116,IP_LEGIT_1655,C_LEGIT_1450,M_066,1,4,0,1,1,0,NONE
TXN_001899,U_LEGIT_2457,162.89,315,D_LEGIT_0372,IP_LEGIT_1738,C_LEGIT_0339,M_083,0,2,0,1,1,0,NONE
TXN_008075,U_LEGIT_0941,183.82,1025,D_LEGIT_1148,IP_LEGIT_0045,C_LEGIT_0543,M_135,0,5,0,2,2,0,NONE
TXN_000277,U_LEGIT_2132,249.07,1033,D_LEGIT_0692,IP_LEGIT_1407,C_LEGIT_0549,M_088,0,2,0,2,1,0,NONE
TXN_000156,U_LEGIT_1830,10.77,766,D_LEGIT_1954,IP_LEGIT_1193,C_LEGIT_2961,M_147,0,1,0,2,1,0,NONE
TXN_001800,U_LEGIT_1095,129.21,294,D_LEGIT_1407,IP_LEGIT_0326,C_LEGIT_0826,M_001,0,3,0,2,1,0,NONE
TXN_007611,U_LEGIT_2327,58.17,1010,D_LEGIT_1063,IP_LEGIT_1878,C_LEGIT_0666,M_042,0,3,0,1,1,0,NONE
TXN_007699,U_LEGIT_2193,119.87,1154,D_LEGIT_0514,IP_SHARED_BENIGN_04,C_LEGIT_0679,M_112,0,5,0,2,1,0,NONE
TXN_000954,U_LEGIT_1530,186.84,470,D_SHARED_BENIGN_07,IP_LEGIT_0668,C_LEGIT_2286,M_144,0,4,0,1,1,0,NONE
TXN_009364,U_INDIV_0160,2556.16,2,D_INDIV_0363,IP_INDIV_0240,C_INDIV_0138,M_111,15,32,4,7,4,1,INDIVIDUAL_FRAUD
TXN_009480,U_INDIV_0045,2159.44,0,D_INDIV_0400,IP_INDIV_0218,C_INDIV_0053,M_017,14,42,7,3,8,1,INDIVIDUAL_FRAUD
TXN_000461,U_LEGIT_0259,141.92,928,D_LEGIT_0290,IP_LEGIT_0345,C_LEGIT_2853,M_095,0,5,0,1,2,0,NONE
TXN_005691,U_LEGIT_2148,8.56,541,D_SHARED_BENIGN_06,IP_LEGIT_0353,C_LEGIT_0144,M_101,0,4,0,2,1,0,NONE
TXN_007297,U_LEGIT_1561,40.41,121,D_LEGIT_0197,IP_LEGIT_1913,C_LEGIT_1300,M_110,0,5,0,2,1,0,NONE
TXN_005618,U_LEGIT_2428,178.93,1127,D_LEGIT_0326,IP_LEGIT_1672,C_LEGIT_0351,M_132,0,1,0,1,1,0,NONE
TXN_006561,U_LEGIT_0712,202.22,695,D_LEGIT_0384,IP_LEGIT_0662,C_LEGIT_0822,M_071,0,4,0,2,1,0,NONE
TXN_000705,U_LEGIT_0813,226.04,358,D_LEGIT_0584,IP_SHARED_BENIGN_07,C_LEGIT_1725,M_085,0,4,0,1,1,0,NONE
TXN_006605,U_LEGIT_0808,29.19,1127,D_LEGIT_0127,IP_LEGIT_0665,C_LEGIT_2877,M_096,0,1,0,1,1,0,NONE
TXN_001424,U_LEGIT_2437,226.55,226,D_LEGIT_1697,IP_LEGIT_0942,C_LEGIT_1458,M_102,0,2,0,1,1,0,NONE
TXN_009464,U_INDIV_0045,2827.27,1,D_INDIV_0264,IP_INDIV_0195,C_INDIV_0059,M_085,7,24,8,4,5,1,INDIVIDUAL_FRAUD
TXN_000774,U_LEGIT_0422,112.9,943,D_LEGIT_1570,IP_LEGIT_0340,C_LEGIT_0844,M_125,0,3,0,1,2,0,NONE
TXN_003093,U_LEGIT_0795,144.34,1144,D_SHARED_BENIGN_06,IP_LEGIT_1814,C_LEGIT_2737,M_062,1,3,0,1,1,0,NONE
TXN_000372,U_LEGIT_2147,107.17,689,D_LEGIT_1569,IP_LEGIT_1256,C_LEGIT_1160,M_083,0,5,0,1,1,0,NONE
TXN_002898,U_LEGIT_0828,156.08,993,D_LEGIT_1703,IP_LEGIT_1327,C_LEGIT_0871,M_145,0,5,0,1,1,0,NONE
TXN_008079,U_LEGIT_2337,238.65,359,D_LEGIT_0421,IP_LEGIT_0916,C_LEGIT_2348,M_003,0,2,0,1,1,0,NONE
TXN_002252,U_LEGIT_2327,130.59,341,D_LEGIT_1564,IP_LEGIT_1870,C_LEGIT_0634,M_070,1,2,0,1,2,0,NONE
TXN_009205,U_INDIV_0111,2794.17,7,D_INDIV_0234,IP_INDIV_0130,C_INDIV_0311,M_116,16,45,6,7,3,1,INDIVIDUAL_FRAUD
TXN_008956,U_LEGIT_1591,217.82,1116,D_LEGIT_0241,IP_LEGIT_1380,C_LEGIT_1078,M_035,0,3,0,2,1,0,NONE
TXN_004274,U_LEGIT_1781,230.74,41,D_SHARED_BENIGN_06,IP_LEGIT_0533,C_LEGIT_0560,M_116,0,5,0,1,1,0,NONE
TXN_007916,U_LEGIT_0945,238.08,770,D_LEGIT_1115,IP_LEGIT_1810,C_LEGIT_0229,M_129,0,3,0,1,1,0,NONE
TXN_000295,U_LEGIT_1846,136.35,129,D_LEGIT_1207,IP_LEGIT_0276,C_LEGIT_2044,M_002,0,4,0,2,1,0,NONE
TXN_001739,U_LEGIT_2205,16.96,180,D_LEGIT_0161,IP_LEGIT_0786,C_LEGIT_0789,M_066,0,3,0,1,1,0,NONE
TXN_004693,U_LEGIT_0211,150.96,969,D_LEGIT_0773,IP_LEGIT_1849,C_LEGIT_0889,M_010,0,4,0,1,1,0,NONE
TXN_005730,U_LEGIT_0590,48.44,193,D_LEGIT_1964,IP_LEGIT_1088,C_LEGIT_2133,M_053,0,2,0,1,1,0,NONE
TXN_003412,U_LEGIT_2034,157.52,1167,D_LEGIT_0319,IP_LEGIT_0982,C_LEGIT_2118,M_045,0,1,0,1,1,0,NONE
TXN_003676,U_LEGIT_1405,37.87,875,D_LEGIT_0278,IP_LEGIT_0843,C_LEGIT_0313,M_034,2,5,0,1,1,0,NONE
TXN_003989,U_LEGIT_0285,69.34,966,D_LEGIT_0383,IP_LEGIT_1314,C_LEGIT_0211,M_096,0,4,0,2,2,0,NONE
TXN_006575,U_LEGIT_1076,26.97,1106,D_LEGIT_0318,IP_LEGIT_0547,C_LEGIT_0876,M_071,1,2,0,1,1,0,NONE
TXN_006116,U_LEGIT_0610,18.61,568,D_LEGIT_1648,IP_LEGIT_0726,C_LEGIT_0976,M_024,0,1,0,1,1,0,NONE
TXN_002042,U_LEGIT_0010,107.25,442,D_LEGIT_1380,IP_LEGIT_1526,C_LEGIT_0770,M_070,0,5,0,1,1,0,NONE
TXN_008653,U_LEGIT_0016,193.64,40,D_LEGIT_1675,IP_LEGIT_1210,C_LEGIT_1452,M_140,0,1,0,1,1,0,NONE
TXN_003888,U_LEGIT_1872,231.94,759,D_LEGIT_0017,IP_SHARED_BENIGN_05,C_LEGIT_0366,M_030,0,5,0,2,1,0,NONE
TXN_008559,U_LEGIT_1653,157.24,255,D_LEGIT_0309,IP_LEGIT_1495,C_LEGIT_0853,M_125,0,3,0,2,1,0,NONE
TXN_006045,U_LEGIT_2306,39.13,1068,D_LEGIT_1902,IP_LEGIT_1706,C_LEGIT_0813,M_136,0,5,0,1,2,0,NONE
TXN_009650,U_CYCLE_006,410.92,11,D_CYCLE_024,IP_CYCLE_008,C_STOLEN_POOL_04,M_112,7,40,6,4,7,1,CARD_CYCLING
TXN_005581,U_LEGIT_1165,205.66,1061,D_LEGIT_0849,IP_LEGIT_1001,C_LEGIT_1151,M_010,1,3,0,1,1,0,NONE
TXN_005382,U_LEGIT_0125,190.65,1103,D_SHARED_BENIGN_06,IP_LEGIT_0868,C_LEGIT_0470,M_008,0,1,0,2,2,0,NONE
TXN_001996,U_LEGIT_1982,173.36,264,D_LEGIT_1316,IP_LEGIT_0033,C_LEGIT_1672,M_038,1,4,0,2,1,0,NONE
TXN_005642,U_LEGIT_0668,121.34,88,D_LEGIT_1287,IP_SHARED_BENIGN_02,C_LEGIT_2309,M_022,0,5,0,2,2,0,NONE
TXN_003406,U_LEGIT_0762,178.04,1012,D_LEGIT_0919,IP_LEGIT_1998,C_LEGIT_2279,M_109,1,2,0,2,2,0,NONE
TXN_002572,U_LEGIT_1714,52.06,314,D_LEGIT_1655,IP_LEGIT_1964,C_LEGIT_0499,M_138,0,2,0,1,1,0,NONE
TXN_003027,U_LEGIT_1805,151.44,105,D_LEGIT_1428,IP_SHARED_BENIGN_06,C_LEGIT_1222,M_133,0,2,0,2,1,0,NONE
TXN_008529,U_LEGIT_1065,233.85,1113,D_LEGIT_0814,IP_LEGIT_1634,C_LEGIT_2364,M_111,1,4,1,1,1,0,NONE
TXN_008341,U_LEGIT_0717,136.92,443,D_LEGIT_0437,IP_LEGIT_0341,C_LEGIT_0605,M_056,0,4,0,1,1,0,NONE
TXN_003037,U_LEGIT_2436,150.36,944,D_LEGIT_1979,IP_LEGIT_1024,C_LEGIT_1783,M_021,0,5,0,2,1,0,NONE
TXN_001870,U_LEGIT_1969,197.41,230,D_SHARED_BENIGN_02,IP_LEGIT_0238,C_LEGIT_0833,M_035,0,3,0,1,1,0,NONE
TXN_009542,U_FARM_030,208.6,3,D_FARM_HUB_01,IP_FARM_PROXY_01,C_FARM_041,M_115,22,36,7,1,6,1,DEVICE_FARM
TXN_006405,U_LEGIT_1609,245.17,741,D_LEGIT_1217,IP_LEGIT_0078,C_LEGIT_2381,M_010,2,2,0,1,1,0,NONE
TXN_001632,U_LEGIT_1601,141.46,963,D_LEGIT_1617,IP_LEGIT_1234,C_LEGIT_2740,M_098,0,4,0,2,1,0,NONE
TXN_000145,U_LEGIT_0993,44.65,447,D_SHARED_BENIGN_02,IP_LEGIT_0904,C_LEGIT_1285,M_108,0,5,0,1,1,0,NONE
TXN_000719,U_LEGIT_0701,235.98,598,D_LEGIT_1093,IP_LEGIT_0081,C_LEGIT_2620,M_038,1,3,0,1,1,0,NONE
TXN_004012,U_LEGIT_1068,78.03,785,D_LEGIT_0160,IP_LEGIT_1944,C_LEGIT_2714,M_033,1,5,0,1,1,0,NONE
TXN_006260,U_LEGIT_2369,247.89,1114,D_LEGIT_1071,IP_LEGIT_1706,C_LEGIT_0834,M_116,0,3,0,2,2,0,NONE
TXN_003956,U_LEGIT_2445,125.75,586,D_SHARED_BENIGN_09,IP_LEGIT_1323,C_LEGIT_1246,M_131,0,2,0,1,1,0,NONE
TXN_001779,U_LEGIT_0428,189.15,1139,D_LEGIT_0446,IP_LEGIT_1432,C_LEGIT_2338,M_125,0,5,0,1,2,0,NONE
TXN_004948,U_LEGIT_0276,170.22,160,D_LEGIT_0404,IP_LEGIT_1704,C_LEGIT_0691,M_130,0,3,0,1,1,0,NONE
TXN_000477,U_LEGIT_0567,218.81,459,D_LEGIT_0489,IP_LEGIT_1330,C_LEGIT_1960,M_149,0,2,0,1,2,0,NONE
TXN_007673,U_LEGIT_1601,59.03,491,D_LEGIT_0868,IP_LEGIT_1393,C_LEGIT_2641,M_047,2,4,0,1,2,0,NONE
TXN_000197,U_LEGIT_2114,201.06,407,D_LEGIT_0328,IP_LEGIT_0874,C_LEGIT_1893,M_060,0,4,0,1,2,0,NONE
TXN_003024,U_LEGIT_0068,199.8,140,D_SHARED_BENIGN_07,IP_LEGIT_0298,C_LEGIT_2913,M_031,0,1,0,1,2,0,NONE
TXN_007228,U_LEGIT_0725,21.64,1021,D_LEGIT_1912,IP_LEGIT_0249,C_LEGIT_0274,M_072,2,1,0,1,2,0,NONE
TXN_000958,U_LEGIT_0090,188.84,469,D_LEGIT_1577,IP_SHARED_BENIGN_06,C_LEGIT_1480,M_115,0,4,0,1,1,0,NONE
TXN_006837,U_LEGIT_0415,245.99,1041,D_SHARED_BENIGN_10,IP_SHARED_BENIGN_01,C_LEGIT_2073,M_123,0,5,0,2,1,0,NONE
TXN_006592,U_LEGIT_0925,56.63,460,D_LEGIT_0604,IP_LEGIT_0385,C_LEGIT_0338,M_026,0,3,0,2,1,0,NONE
TXN_006226,U_LEGIT_1886,135.23,711,D_SHARED_BENIGN_10,IP_LEGIT_1803,C_LEGIT_0488,M_107,0,2,0,2,1,0,NONE
TXN_002641,U_LEGIT_0550,12.95,477,D_SHARED_BENIGN_08,IP_LEGIT_0366,C_LEGIT_1197,M_014,0,3,0,1,2,0,NONE
TXN_008054,U_LEGIT_2342,227.06,734,D_LEGIT_1453,IP_LEGIT_0386,C_LEGIT_1783,M_083,0,2,0,2,1,0,NONE
TXN_007209,U_LEGIT_1449,169.18,414,D_LEGIT_0958,IP_LEGIT_0310,C_LEGIT_1099,M_144,0,5,0,1,1,0,NONE
TXN_002265,U_LEGIT_1780,180.55,497,D_LEGIT_1714,IP_LEGIT_0462,C_LEGIT_2366,M_018,0,3,0,1,2,0,NONE
TXN_002031,U_LEGIT_2405,120.48,598,D_LEGIT_1355,IP_LEGIT_1807,C_LEGIT_2373,M_138,1,1,0,1,1,0,NONE
TXN_007798,U_LEGIT_1288,118.73,808,D_LEGIT_1374,IP_LEGIT_1079,C_LEGIT_1337,M_101,0,1,0,1,2,0,NONE
TXN_005907,U_LEGIT_1617,243.44,109,D_LEGIT_0175,IP_SHARED_BENIGN_10,C_LEGIT_1831,M_111,0,5,0,2,2,0,NONE
TXN_006114,U_LEGIT_0748,139.57,392,D_LEGIT_1659,IP_LEGIT_1122,C_LEGIT_1459,M_098,0,2,0,1,1,0,NONE
TXN_007314,U_LEGIT_0649,190.92,704,D_SHARED_BENIGN_09,IP_LEGIT_0433,C_LEGIT_0253,M_099,0,2,0,1,1,0,NONE
TXN_000532,U_LEGIT_1692,177.03,1066,D_LEGIT_0682,IP_LEGIT_1796,C_LEGIT_0412,M_042,0,4,0,1,2,0,NONE
TXN_003076,U_LEGIT_0629,110.05,290,D_LEGIT_0475,IP_LEGIT_1774,C_LEGIT_1431,M_057,0,5,0,2,1,0,NONE
TXN_009565,U_FARM_003,95.38,1,D_FARM_HUB_01,IP_FARM_PROXY_01,C_FARM_033,M_093,22,57,6,1,2,1,DEVICE_FARM
TXN_001897,U_LEGIT_1356,137.37,675,D_LEGIT_1930,IP_LEGIT_1230,C_LEGIT_0443,M_084,0,5,0,2,1,0,NONE
TXN_008522,U_LEGIT_0839,99.98,1185,D_LEGIT_1271,IP_LEGIT_0379,C_LEGIT_2055,M_150,0,3,0,1,1,0,NONE
TXN_006164,U_LEGIT_0635,28.16,192,D_LEGIT_1540,IP_LEGIT_1188,C_LEGIT_2592,M_019,0,3,0,2,1,0,NONE
TXN_003232,U_LEGIT_1866,85.6,132,D_LEGIT_0755,IP_LEGIT_0386,C_LEGIT_0018,M_013,1,1,0,1,2,0,NONE
TXN_007329,U_LEGIT_0886,113.53,806,D_LEGIT_0052,IP_LEGIT_1685,C_LEGIT_0583,M_042,0,5,0,1,1,0,NONE
TXN_009915,U_DIST_028,18.61,19,D_DIST_006,IP_DIST_PROXY_03,C_DIST_034,M_TARGET_HIGHVAL_99,5,13,1,1,2,1,DISTRIBUTED_ABUSE
TXN_009706,U_CYCLE_024,322.17,6,D_CYCLE_003,IP_CYCLE_016,C_STOLEN_POOL_02,M_022,8,28,10,5,5,1,CARD_CYCLING
TXN_000833,U_LEGIT_0315,115.34,649,D_SHARED_BENIGN_09,IP_LEGIT_1445,C_LEGIT_1463,M_057,1,5,0,1,1,0,NONE
TXN_009347,U_INDIV_0003,2469.65,2,D_INDIV_0250,IP_INDIV_0153,C_INDIV_0081,M_120,14,47,3,7,8,1,INDIVIDUAL_FRAUD
TXN_003992,U_LEGIT_1475,163.83,967,D_SHARED_BENIGN_06,IP_LEGIT_1709,C_LEGIT_2095,M_093,0,4,0,1,2,0,NONE
TXN_001677,U_LEGIT_1958,104.29,286,D_LEGIT_1615,IP_LEGIT_1515,C_LEGIT_2081,M_069,0,2,0,1,1,0,NONE
TXN_001784,U_LEGIT_2103,116.96,1148,D_LEGIT_1078,IP_LEGIT_1977,C_LEGIT_0528,M_053,0,1,0,1,1,0,NONE
TXN_000585,U_LEGIT_2292,134.26,1004,D_SHARED_BENIGN_10,IP_LEGIT_1552,C_LEGIT_0217,M_146,0,1,0,1,1,0,NONE
TXN_006006,U_LEGIT_0030,152.39,954,D_LEGIT_0654,IP_LEGIT_0482,C_LEGIT_0735,M_044,0,2,0,1,1,0,NONE
TXN_004553,U_LEGIT_2051,164.25,39,D_LEGIT_0201,IP_SHARED_BENIGN_06,C_LEGIT_0612,M_140,0,4,0,2,2,0,NONE
TXN_001536,U_LEGIT_0539,239.04,1174,D_LEGIT_1922,IP_SHARED_BENIGN_08,C_LEGIT_1124,M_088,1,4,0,1,1,0,NONE
TXN_003735,U_LEGIT_0736,43.33,132,D_LEGIT_0303,IP_LEGIT_0646,C_LEGIT_1427,M_061,0,4,0,1,1,0,NONE
TXN_001018,U_LEGIT_2161,139.35,672,D_LEGIT_0386,IP_LEGIT_0629,C_LEGIT_2407,M_147,0,5,0,1,2,0,NONE
TXN_005051,U_LEGIT_0581,92.74,291,D_LEGIT_0279,IP_LEGIT_0408,C_LEGIT_2795,M_107,1,1,0,1,2,0,NONE
TXN_006921,U_LEGIT_1386,232.17,985,D_LEGIT_0185,IP_LEGIT_0256,C_LEGIT_1844,M_114,0,4,0,1,1,0,NONE
TXN_004212,U_LEGIT_0614,15.83,101,D_LEGIT_0497,IP_LEGIT_1138,C_LEGIT_2387,M_102,0,3,0,1,2,0,NONE
TXN_006633,U_LEGIT_1299,8.26,288,D_LEGIT_1096,IP_LEGIT_1743,C_LEGIT_0220,M_028,0,1,0,1,1,0,NONE
TXN_000789,U_LEGIT_0282,43.64,249,D_LEGIT_0337,IP_LEGIT_1949,C_LEGIT_2365,M_027,0,2,0,2,1,0,NONE
TXN_000056,U_LEGIT_2484,227.86,638,D_LEGIT_1267,IP_LEGIT_1071,C_LEGIT_1559,M_116,1,4,0,1,1,0,NONE
TXN_000478,U_LEGIT_1136,208.75,992,D_SHARED_BENIGN_06,IP_LEGIT_0996,C_LEGIT_2054,M_135,0,5,0,2,1,0,NONE
TXN_004246,U_LEGIT_1931,190.67,328,D_LEGIT_0705,IP_LEGIT_1642,C_LEGIT_2716,M_006,0,5,0,1,1,0,NONE
TXN_006156,U_LEGIT_1578,143.43,661,D_LEGIT_0923,IP_LEGIT_1461,C_LEGIT_2831,M_106,0,1,0,1,1,0,NONE
TXN_005591,U_LEGIT_1664,122.12,418,D_LEGIT_1491,IP_LEGIT_0953,C_LEGIT_2240,M_130,1,5,0,1,2,0,NONE
TXN_009944,U_DIST_009,27.17,25,D_DIST_024,IP_DIST_PROXY_04,C_DIST_018,M_TARGET_HIGHVAL_99,7,7,2,1,2,1,DISTRIBUTED_ABUSE
TXN_009202,U_INDIV_0146,1325.73,6,D_INDIV_0344,IP_INDIV_0326,C_INDIV_0361,M_037,12,43,4,5,7,1,INDIVIDUAL_FRAUD
TXN_001245,U_LEGIT_2485,55.41,937,D_SHARED_BENIGN_06,IP_SHARED_BENIGN_07,C_LEGIT_0726,M_134,0,2,0,1,1,0,NONE
TXN_006847,U_LEGIT_1362,20.02,366,D_LEGIT_0809,IP_LEGIT_0968,C_LEGIT_1639,M_056,0,4,0,1,2,0,NONE
TXN_006664,U_LEGIT_0745,73.19,1183,D_LEGIT_1283,IP_LEGIT_1526,C_LEGIT_1708,M_053,0,2,0,2,1,0,NONE
TXN_001096,U_LEGIT_2405,99.95,1028,D_LEGIT_0719,IP_LEGIT_1403,C_LEGIT_2009,M_007,0,1,0,1,1,0,NONE
TXN_001136,U_LEGIT_1704,79.49,138,D_LEGIT_0503,IP_LEGIT_1838,C_LEGIT_2622,M_026,0,4,0,2,1,0,NONE
TXN_002613,U_LEGIT_0951,20.89,596,D_LEGIT_1727,IP_LEGIT_0868,C_LEGIT_2825,M_044,0,4,0,1,1,0,NONE
TXN_001786,U_LEGIT_0101,145.3,822,D_LEGIT_0665,IP_LEGIT_1407,C_LEGIT_1818,M_069,0,5,0,1,2,0,NONE
TXN_004771,U_LEGIT_1106,201.71,583,D_LEGIT_0171,IP_SHARED_BENIGN_01,C_LEGIT_0412,M_041,0,1,0,1,1,0,NONE
TXN_008025,U_LEGIT_0986,71.17,68,D_LEGIT_1032,IP_SHARED_BENIGN_03,C_LEGIT_1462,M_078,0,5,0,2,2,0,NONE
TXN_004817,U_LEGIT_0563,196.89,940,D_SHARED_BENIGN_04,IP_LEGIT_0754,C_LEGIT_2107,M_031,2,5,0,1,2,0,NONE
TXN_001273,U_LEGIT_1260,33.95,385,D_SHARED_BENIGN_05,IP_LEGIT_0670,C_LEGIT_1343,M_052,0,2,0,2,1,0,NONE
TXN_000686,U_LEGIT_2273,165.94,209,D_LEGIT_0644,IP_LEGIT_0264,C_LEGIT_2356,M_053,0,1,0,1,1,0,NONE
TXN_002357,U_LEGIT_2414,129.36,350,D_LEGIT_1241,IP_LEGIT_0636,C_LEGIT_0720,M_138,2,5,1,2,1,0,NONE
TXN_000688,U_LEGIT_0573,131.56,232,D_LEGIT_1424,IP_LEGIT_1866,C_LEGIT_1443,M_138,0,1,0,1,1,0,NONE
TXN_002075,U_LEGIT_0011,229.75,492,D_LEGIT_1241,IP_LEGIT_0212,C_LEGIT_0069,M_043,0,4,0,1,1,0,NONE
TXN_007476,U_LEGIT_2007,190.04,386,D_LEGIT_0111,IP_LEGIT_1502,C_LEGIT_1964,M_056,0,3,0,1,1,0,NONE
TXN_005099,U_LEGIT_2459,38.77,1192,D_LEGIT_0897,IP_LEGIT_0987,C_LEGIT_1311,M_051,0,2,0,2,1,0,NONE
TXN_008287,U_LEGIT_0656,210.4,762,D_LEGIT_1319,IP_LEGIT_0559,C_LEGIT_0034,M_133,0,3,1,1,2,0,NONE
TXN_006962,U_LEGIT_0361,201.57,686,D_LEGIT_1067,IP_LEGIT_1807,C_LEGIT_0752,M_105,0,5,0,2,2,0,NONE
TXN_005500,U_LEGIT_0246,84.32,971,D_LEGIT_1525,IP_SHARED_BENIGN_01,C_LEGIT_2981,M_117,0,5,0,1,1,0,NONE
TXN_004118,U_LEGIT_1384,211.91,1124,D_LEGIT_0084,IP_LEGIT_0334,C_LEGIT_1088,M_076,0,5,0,2,2,0,NONE
TXN_006490,U_LEGIT_0741,97.97,1160,D_LEGIT_1392,IP_LEGIT_0316,C_LEGIT_1390,M_083,0,5,0,2,1,0,NONE
TXN_005990,U_LEGIT_0266,81.24,1066,D_LEGIT_0399,IP_SHARED_BENIGN_06,C_LEGIT_0532,M_018,0,4,1,1,2,0,NONE
TXN_003473,U_LEGIT_1869,187.13,1134,D_SHARED_BENIGN_06,IP_LEGIT_0556,C_LEGIT_1905,M_110,0,4,0,2,1,0,NONE
TXN_006303,U_LEGIT_0590,93.46,340,D_LEGIT_1965,IP_LEGIT_1404,C_LEGIT_0460,M_127,0,4,0,1,2,0,NONE
TXN_008687,U_LEGIT_1374,51.28,197,D_LEGIT_0145,IP_LEGIT_1546,C_LEGIT_0201,M_071,0,1,0,2,1,0,NONE
TXN_003469,U_LEGIT_0372,24.81,814,D_LEGIT_1165,IP_LEGIT_0122,C_LEGIT_2017,M_076,1,3,0,1,2,0,NONE
TXN_002643,U_LEGIT_1989,148.59,683,D_LEGIT_0890,IP_LEGIT_1953,C_LEGIT_2907,M_060,0,2,0,1,1,0,NONE
TXN_007835,U_LEGIT_1489,210.08,252,D_LEGIT_0570,IP_LEGIT_0322,C_LEGIT_2183,M_114,0,5,0,1,1,0,NONE
TXN_008622,U_LEGIT_2425,228.77,99,D_LEGIT_0580,IP_LEGIT_1472,C_LEGIT_2940,M_122,0,5,0,1,1,0,NONE
TXN_001427,U_LEGIT_1720,242.46,885,D_LEGIT_1027,IP_SHARED_BENIGN_07,C_LEGIT_2283,M_095,0,4,0,1,2,0,NONE
TXN_000578,U_LEGIT_0533,133.58,838,D_LEGIT_0914,IP_SHARED_BENIGN_09,C_LEGIT_1650,M_144,1,5,0,2,2,0,NONE
TXN_006685,U_LEGIT_1556,45.07,403,D_LEGIT_0508,IP_LEGIT_1929,C_LEGIT_0103,M_138,0,1,0,1,1,0,NONE
TXN_009753,U_BURST_015,1283.2,1,D_BURST_004,IP_BURST_SUBNET_01,C_BURST_010,M_140,19,26,2,1,1,1,ACCOUNT_BURST
TXN_002037,U_LEGIT_2109,156.27,613,D_LEGIT_0134,IP_LEGIT_0854,C_LEGIT_1123,M_003,0,4,0,1,1,0,NONE
TXN_003653,U_LEGIT_1718,225.26,1069,D_LEGIT_1705,IP_LEGIT_1371,C_LEGIT_1278,M_080,1,1,0,1,1,0,NONE
TXN_005756,U_LEGIT_0053,206.1,330,D_LEGIT_1327,IP_LEGIT_0083,C_LEGIT_2544,M_141,0,4,0,1,1,0,NONE
TXN_001429,U_LEGIT_0149,154.33,416,D_LEGIT_0884,IP_LEGIT_0403,C_LEGIT_2806,M_079,0,5,0,1,1,0,NONE
TXN_008982,U_LEGIT_1688,101.87,462,D_LEGIT_1235,IP_LEGIT_0912,C_LEGIT_0823,M_028,0,1,0,1,1,0,NONE
TXN_004044,U_LEGIT_2328,102.08,384,D_LEGIT_1987,IP_LEGIT_1397,C_LEGIT_1885,M_070,0,1,0,1,1,0,NONE
TXN_007070,U_LEGIT_2164,23.94,655,D_LEGIT_1194,IP_LEGIT_1994,C_LEGIT_2705,M_143,0,4,0,1,1,0,NONE
TXN_000247,U_LEGIT_1421,116.08,573,D_LEGIT_0344,IP_LEGIT_1973,C_LEGIT_0364,M_086,0,1,0,1,1,0,NONE
TXN_004807,U_LEGIT_0536,83.57,537,D_LEGIT_0666,IP_LEGIT_0832,C_LEGIT_2238,M_133,0,2,0,2,1,0,NONE
TXN_000213,U_LEGIT_0005,10.25,733,D_LEGIT_0160,IP_LEGIT_0464,C_LEGIT_2128,M_114,0,4,0,2,1,0,NONE
TXN_009775,U_BURST_019,480.19,0,D_BURST_020,IP_BURST_SUBNET_02,C_BURST_027,M_073,21,21,1,2,3,1,ACCOUNT_BURST
TXN_005871,U_LEGIT_2310,124.12,192,D_LEGIT_1392,IP_LEGIT_1681,C_LEGIT_2864,M_069,0,5,0,2,1,0,NONE
TXN_009465,U_INDIV_0027,1846.74,5,D_INDIV_0019,IP_INDIV_0386,C_INDIV_0169,M_096,14,46,7,4,4,1,INDIVIDUAL_FRAUD
TXN_002018,U_LEGIT_0698,12.94,1128,D_LEGIT_0322,IP_LEGIT_0255,C_LEGIT_2125,M_050,0,5,0,2,1,0,NONE
TXN_005641,U_LEGIT_1452,158.49,490,D_LEGIT_1010,IP_LEGIT_0149,C_LEGIT_1363,M_103,2,2,0,1,1,0,NONE
TXN_000043,U_LEGIT_1727,249.98,746,D_LEGIT_0168,IP_LEGIT_1535,C_LEGIT_2210,M_014,0,1,0,1,1,0,NONE
TXN_002809,U_LEGIT_2399,39.67,521,D_LEGIT_0654,IP_LEGIT_0805,C_LEGIT_2774,M_089,0,5,0,2,2,0,NONE
TXN_006589,U_LEGIT_0302,72.12,272,D_LEGIT_1083,IP_LEGIT_1440,C_LEGIT_2033,M_089,0,3,0,2,2,0,NONE
TXN_005801,U_LEGIT_1025,156.43,994,D_LEGIT_0819,IP_LEGIT_1208,C_LEGIT_1165,M_054,0,2,0,2,1,0,NONE
TXN_004781,U_LEGIT_1080,111.8,866,D_LEGIT_0455,IP_LEGIT_1612,C_LEGIT_2881,M_094,1,2,0,1,1,0,NONE
TXN_007613,U_LEGIT_1977,200.95,151,D_SHARED_BENIGN_10,IP_LEGIT_0481,C_LEGIT_0499,M_102,0,1,0,1,1,0,NONE
TXN_004304,U_LEGIT_1466,13.76,1188,D_LEGIT_0502,IP_SHARED_BENIGN_10,C_LEGIT_2132,M_060,0,2,0,1,1,0,NONE
TXN_005640,U_LEGIT_1543,134.74,592,D_LEGIT_1032,IP_SHARED_BENIGN_01,C_LEGIT_2751,M_056,0,2,0,1,1,0,NONE
TXN_005626,U_LEGIT_0993,206.66,638,D_SHARED_BENIGN_10,IP_LEGIT_1202,C_LEGIT_2544,M_101,0,4,0,2,2,0,NONE
TXN_006659,U_LEGIT_2167,56.84,132,D_LEGIT_1684,IP_LEGIT_0480,C_LEGIT_0846,M_122,0,1,0,1,1,0,NONE
TXN_007097,U_LEGIT_2316,205.39,893,D_LEGIT_1318,IP_LEGIT_1421,C_LEGIT_1151,M_025,0,5,0,1,1,0,NONE
TXN_000567,U_LEGIT_2498,33.51,271,D_LEGIT_1941,IP_LEGIT_1152,C_LEGIT_0172,M_130,1,3,0,1,2,0,NONE
TXN_004871,U_LEGIT_0144,92.11,1069,D_LEGIT_1406,IP_LEGIT_1440,C_LEGIT_0267,M_147,1,4,0,1,1,0,NONE
TXN_001770,U_LEGIT_0192,174.68,30,D_LEGIT_1405,IP_LEGIT_1179,C_LEGIT_0385,M_065,0,5,0,1,1,0,NONE
TXN_005523,U_LEGIT_2170,11.25,1052,D_LEGIT_1939,IP_LEGIT_0865,C_LEGIT_2397,M_030,0,4,0,1,1,0,NONE
TXN_009450,U_INDIV_0113,2785.29,1,D_INDIV_0237,IP_INDIV_0034,C_INDIV_0273,M_051,12,32,3,6,8,1,INDIVIDUAL_FRAUD
TXN_004086,U_LEGIT_2131,28.93,803,D_LEGIT_1949,IP_LEGIT_1561,C_LEGIT_0457,M_105,0,4,0,1,1,0,NONE
TXN_008972,U_LEGIT_0685,248.97,627,D_LEGIT_1658,IP_LEGIT_0416,C_LEGIT_2879,M_124,0,5,0,2,1,0,NONE
TXN_005649,U_LEGIT_0760,15.88,98,D_LEGIT_0270,IP_LEGIT_0459,C_LEGIT_0800,M_116,0,1,0,1,1,0,NONE
TXN_003535,U_LEGIT_2072,169.0,970,D_LEGIT_0801,IP_LEGIT_0186,C_LEGIT_2870,M_135,0,3,0,1,1,0,NONE
TXN_004517,U_LEGIT_0410,15.96,670,D_LEGIT_1916,IP_LEGIT_0524,C_LEGIT_0095,M_013,0,4,0,1,1,0,NONE
TXN_006223,U_LEGIT_2463,55.15,864,D_LEGIT_1847,IP_LEGIT_1719,C_LEGIT_1197,M_133,1,2,0,2,1,0,NONE
TXN_007417,U_LEGIT_2379,103.46,650,D_LEGIT_1859,IP_SHARED_BENIGN_01,C_LEGIT_2995,M_132,0,1,0,1,1,0,NONE
TXN_006952,U_LEGIT_0988,130.71,739,D_LEGIT_0680,IP_LEGIT_0859,C_LEGIT_0721,M_103,0,5,0,1,1,0,NONE
TXN_009048,U_INDIV_0073,1045.1,1,D_INDIV_0111,IP_INDIV_0183,C_INDIV_0040,M_022,15,16,8,6,4,1,INDIVIDUAL_FRAUD
TXN_003804,U_LEGIT_1192,47.42,1072,D_LEGIT_1507,IP_LEGIT_0183,C_LEGIT_0068,M_077,1,1,0,1,2,0,NONE
TXN_006018,U_LEGIT_0805,127.88,295,D_LEGIT_1639,IP_SHARED_BENIGN_05,C_LEGIT_2308,M_076,0,2,0,1,2,0,NONE
TXN_006720,U_LEGIT_2230,167.24,345,D_SHARED_BENIGN_09,IP_LEGIT_0220,C_LEGIT_1999,M_102,1,3,0,1,2,0,NONE
TXN_002892,U_LEGIT_0501,14.19,143,D_LEGIT_1246,IP_LEGIT_1575,C_LEGIT_0054,M_011,1,1,0,1,1,0,NONE
TXN_000846,U_LEGIT_1672,46.8,121,D_LEGIT_0768,IP_LEGIT_1994,C_LEGIT_1205,M_008,0,2,0,1,1,0,NONE
TXN_006474,U_LEGIT_0551,127.3,339,D_LEGIT_1463,IP_LEGIT_0616,C_LEGIT_2015,M_106,0,2,0,2,1,0,NONE
TXN_008860,U_LEGIT_0325,71.52,739,D_LEGIT_0157,IP_LEGIT_1768,C_LEGIT_2102,M_147,0,5,0,1,2,0,NONE
TXN_002129,U_LEGIT_1192,133.4,473,D_LEGIT_0716,IP_LEGIT_1172,C_LEGIT_1393,M_011,0,3,0,2,1,0,NONE
TXN_007117,U_LEGIT_1903,198.81,525,D_LEGIT_1298,IP_LEGIT_1004,C_LEGIT_1831,M_034,0,5,0,2,2,0,NONE
TXN_009546,U_FARM_021,410.07,0,D_FARM_HUB_01,IP_FARM_PROXY_01,C_FARM_001,M_056,8,65,7,1,4,1,DEVICE_FARM
TXN_008549,U_LEGIT_0475,235.69,1131,D_LEGIT_0811,IP_LEGIT_0147,C_LEGIT_1183,M_092,1,4,0,1,1,0,NONE
TXN_006546,U_LEGIT_0080,174.97,413,D_LEGIT_0291,IP_LEGIT_1071,C_LEGIT_0291,M_131,0,3,0,1,1,0,NONE
TXN_004793,U_LEGIT_0497,25.73,1147,D_LEGIT_0320,IP_LEGIT_1341,C_LEGIT_1714,M_087,0,1,0,1,2,0,NONE
TXN_005613,U_LEGIT_0684,49.28,678,D_LEGIT_0046,IP_LEGIT_0802,C_LEGIT_0275,M_091,1,1,0,1,2,0,NONE
TXN_004342,U_LEGIT_1854,134.97,926,D_LEGIT_0448,IP_LEGIT_1055,C_LEGIT_1494,M_014,0,2,0,1,1,0,NONE
TXN_006430,U_LEGIT_2433,17.34,240,D_LEGIT_1612,IP_LEGIT_1823,C_LEGIT_0180,M_090,0,2,0,1,2,0,NONE
TXN_001524,U_LEGIT_2355,151.55,362,D_LEGIT_0284,IP_LEGIT_0419,C_LEGIT_1262,M_130,0,2,0,2,1,0,NONE
TXN_001331,U_LEGIT_0483,93.82,120,D_LEGIT_1619,IP_SHARED_BENIGN_10,C_LEGIT_1735,M_029,0,5,0,1,2,0,NONE
TXN_009214,U_INDIV_0034,1360.42,1,D_INDIV_0006,IP_INDIV_0070,C_INDIV_0273,M_040,11,15,5,5,7,1,INDIVIDUAL_FRAUD
TXN_005895,U_LEGIT_2291,21.76,955,D_LEGIT_1456,IP_LEGIT_1435,C_LEGIT_1168,M_090,0,3,0,1,2,0,NONE
TXN_001693,U_LEGIT_1974,64.74,62,D_LEGIT_0549,IP_LEGIT_0801,C_LEGIT_2975,M_072,0,1,0,1,2,0,NONE
TXN_003935,U_LEGIT_0893,186.37,1076,D_LEGIT_1874,IP_LEGIT_1275,C_LEGIT_1006,M_086,0,1,0,2,1,0,NONE
TXN_006794,U_LEGIT_2102,51.0,345,D_LEGIT_0582,IP_LEGIT_0598,C_LEGIT_1380,M_150,1,1,0,1,1,0,NONE
TXN_009851,U_BURST_004,855.81,1,D_BURST_013,IP_BURST_SUBNET_01,C_BURST_021,M_105,13,34,4,2,2,1,ACCOUNT_BURST
TXN_000682,U_LEGIT_1625,195.76,213,D_LEGIT_1409,IP_LEGIT_0354,C_LEGIT_2674,M_097,0,4,0,2,1,0,NONE
TXN_003823,U_LEGIT_1005,73.55,802,D_LEGIT_0682,IP_SHARED_BENIGN_02,C_LEGIT_0430,M_062,0,5,0,1,1,0,NONE
TXN_001024,U_LEGIT_0469,87.23,555,D_LEGIT_1848,IP_LEGIT_0137,C_LEGIT_0752,M_138,1,4,0,1,1,0,NONE
TXN_002242,U_LEGIT_0937,205.43,858,D_LEGIT_1986,IP_LEGIT_0592,C_LEGIT_0365,M_048,1,1,0,2,1,0,NONE
TXN_002523,U_LEGIT_1081,157.8,572,D_LEGIT_1062,IP_LEGIT_1519,C_LEGIT_1587,M_099,2,1,0,1,1,0,NONE
TXN_007560,U_LEGIT_1407,81.99,526,D_LEGIT_0274,IP_LEGIT_1309,C_LEGIT_1161,M_123,0,2,0,2,2,0,NONE
TXN_009555,U_FARM_029,329.1,4,D_FARM_HUB_01,IP_FARM_PROXY_01,C_FARM_032,M_099,20,33,7,1,2,1,DEVICE_FARM
TXN_003568,U_LEGIT_2373,91.63,1071,D_LEGIT_0549,IP_LEGIT_0988,C_LEGIT_1481,M_147,0,2,0,2,1,0,NONE
TXN_009378,U_INDIV_0006,2663.25,6,D_INDIV_0224,IP_INDIV_0282,C_INDIV_0079,M_101,9,37,7,4,4,1,INDIVIDUAL_FRAUD
TXN_000275,U_LEGIT_1653,184.82,58,D_LEGIT_0978,IP_LEGIT_0078,C_LEGIT_2187,M_052,1,5,0,1,1,0,NONE
TXN_002938,U_LEGIT_0866,69.26,556,D_LEGIT_0349,IP_LEGIT_1259,C_LEGIT_0213,M_124,0,2,0,1,2,0,NONE
TXN_006707,U_LEGIT_1064,72.25,556,D_LEGIT_0266,IP_LEGIT_1045,C_LEGIT_2387,M_121,0,2,0,1,1,0,NONE
TXN_007979,U_LEGIT_1562,149.63,931,D_LEGIT_0918,IP_LEGIT_0671,C_LEGIT_1157,M_080,0,2,0,1,1,0,NONE
TXN_001009,U_LEGIT_1670,83.31,393,D_LEGIT_0972,IP_LEGIT_0704,C_LEGIT_0750,M_025,0,3,0,1,1,0,NONE
TXN_007433,U_LEGIT_1225,112.8,839,D_SHARED_BENIGN_09,IP_LEGIT_0385,C_LEGIT_2328,M_050,0,4,0,1,2,0,NONE
TXN_004852,U_LEGIT_0932,243.42,243,D_LEGIT_1583,IP_LEGIT_1707,C_LEGIT_2138,M_138,0,5,0,1,2,0,NONE
TXN_000389,U_LEGIT_0579,18.52,378,D_LEGIT_1369,IP_SHARED_BENIGN_10,C_LEGIT_2718,M_135,0,2,0,1,1,0,NONE
TXN_001249,U_LEGIT_0702,232.37,980,D_LEGIT_1876,IP_LEGIT_0223,C_LEGIT_1914,M_140,0,2,0,1,1,0,NONE
TXN_009311,U_INDIV_0023,2490.39,3,D_INDIV_0397,IP_INDIV_0391,C_INDIV_0222,M_139,11,18,4,7,7,1,INDIVIDUAL_FRAUD
TXN_009906,U_DIST_017,25.53,9,D_DIST_014,IP_DIST_PROXY_01,C_DIST_036,M_TARGET_HIGHVAL_99,6,12,0,2,1,1,DISTRIBUTED_ABUSE
TXN_000671,U_LEGIT_1149,169.05,1124,D_LEGIT_0528,IP_LEGIT_1949,C_LEGIT_2747,M_032,0,4,0,1,1,0,NONE
TXN_001473,U_LEGIT_0497,209.78,559,D_LEGIT_1901,IP_LEGIT_0501,C_LEGIT_2489,M_063,0,4,0,1,2,0,NONE
TXN_006617,U_LEGIT_0473,174.93,1072,D_LEGIT_0049,IP_LEGIT_1917,C_LEGIT_2292,M_124,1,2,0,1,2,0,NONE
TXN_004582,U_LEGIT_0567,137.95,717,D_LEGIT_1693,IP_LEGIT_0905,C_LEGIT_2761,M_038,0,4,0,1,1,0,NONE
TXN_006485,U_LEGIT_0512,130.41,480,D_LEGIT_0864,IP_LEGIT_0692,C_LEGIT_2417,M_106,0,2,0,1,1,0,NONE
TXN_008308,U_LEGIT_1421,244.13,703,D_LEGIT_1278,IP_SHARED_BENIGN_10,C_LEGIT_0319,M_084,0,1,0,1,1,0,NONE
TXN_002582,U_LEGIT_0520,148.45,862,D_LEGIT_1083,IP_LEGIT_0941,C_LEGIT_2681,M_076,0,5,0,1,2,0,NONE
TXN_003169,U_LEGIT_0937,105.28,148,D_LEGIT_0321,IP_LEGIT_0250,C_LEGIT_2392,M_118,0,3,1,1,2,0,NONE
TXN_009089,U_INDIV_0033,786.5,3,D_INDIV_0104,IP_INDIV_0071,C_INDIV_0279,M_030,18,21,9,7,5,1,INDIVIDUAL_FRAUD
TXN_003094,U_LEGIT_1301,129.03,405,D_LEGIT_0173,IP_SHARED_BENIGN_07,C_LEGIT_1747,M_004,0,4,0,1,2,0,NONE
TXN_005260,U_LEGIT_2428,22.25,456,D_LEGIT_0501,IP_LEGIT_0583,C_LEGIT_2010,M_096,0,5,0,1,1,0,NONE
TXN_001829,U_LEGIT_1545,113.39,189,D_LEGIT_0253,IP_LEGIT_0774,C_LEGIT_1702,M_106,0,3,0,1,1,0,NONE
TXN_008077,U_LEGIT_1581,143.51,685,D_LEGIT_0700,IP_LEGIT_0374,C_LEGIT_1214,M_052,0,1,0,2,1,0,NONE
TXN_007930,U_LEGIT_0992,87.47,1047,D_LEGIT_0988,IP_LEGIT_0376,C_LEGIT_0878,M_017,0,4,0,1,1,0,NONE
TXN_003189,U_LEGIT_0884,42.22,1013,D_LEGIT_1536,IP_LEGIT_1510,C_LEGIT_2374,M_005,0,2,0,2,1,0,NONE
TXN_002709,U_LEGIT_0155,182.62,748,D_LEGIT_0430,IP_SHARED_BENIGN_06,C_LEGIT_2543,M_133,0,3,0,1,1,0,NONE
TXN_003549,U_LEGIT_1646,142.68,459,D_LEGIT_0760,IP_LEGIT_0130,C_LEGIT_2154,M_040,0,4,0,2,1,0,NONE
TXN_008807,U_LEGIT_0885,217.11,1034,D_LEGIT_1773,IP_LEGIT_1796,C_LEGIT_1100,M_023,0,3,0,2,2,0,NONE
TXN_005418,U_LEGIT_1970,154.67,418,D_LEGIT_1105,IP_LEGIT_0706,C_LEGIT_0805,M_136,0,2,0,1,1,0,NONE
TXN_000082,U_LEGIT_0186,222.72,307,D_LEGIT_0624,IP_LEGIT_0238,C_LEGIT_0399,M_061,0,3,0,2,1,0,NONE
TXN_002196,U_LEGIT_0516,246.38,588,D_LEGIT_1633,IP_LEGIT_0676,C_LEGIT_2502,M_136,0,3,0,1,1,0,NONE
TXN_004060,U_LEGIT_0567,9.79,411,D_SHARED_BENIGN_02,IP_LEGIT_0492,C_LEGIT_0931,M_007,0,4,0,2,1,0,NONE
TXN_001789,U_LEGIT_1469,112.29,41,D_LEGIT_0722,IP_SHARED_BENIGN_03,C_LEGIT_1044,M_121,0,4,0,1,2,0,NONE
TXN_000337,U_LEGIT_2025,55.13,1075,D_LEGIT_0414,IP_LEGIT_1907,C_LEGIT_2123,M_074,0,2,0,1,1,0,NONE
TXN_005799,U_LEGIT_2298,110.47,31,D_LEGIT_0507,IP_LEGIT_1766,C_LEGIT_0871,M_010,0,4,0,1,2,0,NONE
TXN_005198,U_LEGIT_1850,164.48,884,D_LEGIT_0135,IP_LEGIT_1476,C_LEGIT_1368,M_142,0,3,0,1,2,0,NONE
TXN_008479,U_LEGIT_1263,148.85,445,D_LEGIT_0571,IP_LEGIT_0928,C_LEGIT_0458,M_127,0,5,0,1,1,0,NONE
TXN_002217,U_LEGIT_0633,120.8,487,D_LEGIT_0939,IP_LEGIT_0861,C_LEGIT_1159,M_005,0,1,0,1,1,0,NONE
TXN_002380,U_LEGIT_1788,68.62,390,D_LEGIT_1319,IP_LEGIT_1610,C_LEGIT_0091,M_148,0,1,0,1,1,0,NONE
TXN_006739,U_LEGIT_1864,56.38,430,D_LEGIT_0418,IP_LEGIT_1794,C_LEGIT_1068,M_104,0,2,0,1,1,0,NONE
TXN_003605,U_LEGIT_1826,20.69,1132,D_LEGIT_1925,IP_LEGIT_0271,C_LEGIT_0727,M_083,0,5,0,1,1,0,NONE
TXN_008402,U_LEGIT_1191,236.51,279,D_LEGIT_0447,IP_LEGIT_1657,C_LEGIT_0465,M_026,0,2,0,2,1,0,NONE
TXN_008599,U_LEGIT_1469,91.79,549,D_LEGIT_0071,IP_LEGIT_0469,C_LEGIT_0321,M_127,1,1,0,1,1,0,NONE
TXN_005635,U_LEGIT_0006,10.68,648,D_LEGIT_1599,IP_LEGIT_0438,C_LEGIT_1694,M_004,0,2,0,1,1,0,NONE
TXN_006243,U_LEGIT_1785,88.52,998,D_LEGIT_0861,IP_LEGIT_1010,C_LEGIT_2755,M_010,0,5,0,1,1,0,NONE
TXN_008108,U_LEGIT_1667,92.39,479,D_LEGIT_0765,IP_SHARED_BENIGN_06,C_LEGIT_2082,M_064,0,1,0,1,2,0,NONE
TXN_004150,U_LEGIT_0583,148.17,383,D_LEGIT_1402,IP_LEGIT_0287,C_LEGIT_2816,M_011,0,5,0,1,1,0,NONE
TXN_006128,U_LEGIT_0765,207.86,210,D_LEGIT_1573,IP_SHARED_BENIGN_04,C_LEGIT_2741,M_042,0,5,0,1,1,0,NONE
TXN_007386,U_LEGIT_1149,84.79,269,D_SHARED_BENIGN_04,IP_LEGIT_0841,C_LEGIT_0168,M_118,0,1,0,1,1,0,NONE
TXN_001049,U_LEGIT_0996,217.01,49,D_SHARED_BENIGN_06,IP_SHARED_BENIGN_10,C_LEGIT_0971,M_023,0,3,0,1,1,0,NONE
TXN_006824,U_LEGIT_0113,210.76,1128,D_SHARED_BENIGN_04,IP_LEGIT_1142,C_LEGIT_2423,M_121,0,5,0,1,1,0,NONE
TXN_003285,U_LEGIT_2093,149.24,981,D_SHARED_BENIGN_05,IP_LEGIT_1016,C_LEGIT_2268,M_130,0,4,0,1,1,0,NONE
TXN_009344,U_INDIV_0166,2159.69,5,D_INDIV_0218,IP_INDIV_0326,C_INDIV_0323,M_036,10,30,7,5,4,1,INDIVIDUAL_FRAUD
TXN_002419,U_LEGIT_0009,80.77,851,D_LEGIT_1182,IP_LEGIT_0854,C_LEGIT_0489,M_020,0,4,0,1,1,0,NONE
TXN_008088,U_LEGIT_1482,247.99,780,D_LEGIT_0374,IP_SHARED_BENIGN_03,C_LEGIT_1869,M_131,0,2,0,1,1,0,NONE
TXN_005617,U_LEGIT_2020,212.86,1171,D_LEGIT_1835,IP_LEGIT_0968,C_LEGIT_0843,M_148,0,1,0,1,1,0,NONE
TXN_009256,U_INDIV_0133,545.43,1,D_INDIV_0351,IP_INDIV_0088,C_INDIV_0126,M_044,10,36,7,3,3,1,INDIVIDUAL_FRAUD
TXN_007095,U_LEGIT_2458,171.83,725,D_LEGIT_0290,IP_SHARED_BENIGN_07,C_LEGIT_2747,M_020,1,5,0,1,1,0,NONE
TXN_001369,U_LEGIT_0688,50.53,34,D_LEGIT_0092,IP_LEGIT_0031,C_LEGIT_0759,M_059,0,5,0,2,2,0,NONE
TXN_004064,U_LEGIT_0802,132.64,307,D_LEGIT_1530,IP_LEGIT_0666,C_LEGIT_0692,M_048,0,3,0,1,1,0,NONE
TXN_007044,U_LEGIT_2270,120.65,818,D_LEGIT_0266,IP_LEGIT_1079,C_LEGIT_2241,M_143,1,5,0,1,2,0,NONE
TXN_002918,U_LEGIT_0606,213.81,865,D_LEGIT_1626,IP_LEGIT_1075,C_LEGIT_1712,M_045,1,3,0,1,1,0,NONE
TXN_009773,U_BURST_008,815.71,0,D_BURST_016,IP_BURST_SUBNET_01,C_BURST_018,M_082,22,30,1,2,1,1,ACCOUNT_BURST
TXN_003270,U_LEGIT_2333,172.26,857,D_LEGIT_0094,IP_LEGIT_0122,C_LEGIT_2570,M_137,0,1,0,2,1,0,NONE
TXN_008965,U_LEGIT_2405,98.97,537,D_LEGIT_1599,IP_LEGIT_1130,C_LEGIT_0394,M_076,0,1,0,1,1,0,NONE
TXN_007197,U_LEGIT_0762,85.8,272,D_LEGIT_1519,IP_LEGIT_0262,C_LEGIT_2014,M_107,0,1,0,1,1,0,NONE
TXN_001150,U_LEGIT_0162,207.45,1034,D_LEGIT_1683,IP_LEGIT_1617,C_LEGIT_0697,M_101,0,5,0,1,1,0,NONE
TXN_000814,U_LEGIT_0757,56.48,1013,D_LEGIT_1525,IP_LEGIT_0350,C_LEGIT_2096,M_140,0,1,0,2,1,0,NONE
TXN_005538,U_LEGIT_1810,197.9,627,D_SHARED_BENIGN_01,IP_LEGIT_1829,C_LEGIT_2430,M_038,0,2,0,1,1,0,NONE
TXN_001085,U_LEGIT_0717,179.8,1011,D_LEGIT_1182,IP_LEGIT_1345,C_LEGIT_0259,M_072,0,3,0,1,1,0,NONE
TXN_002933,U_LEGIT_0934,64.07,634,D_LEGIT_0279,IP_LEGIT_1881,C_LEGIT_2459,M_017,0,2,0,1,1,0,NONE
TXN_001360,U_LEGIT_0299,201.89,167,D_LEGIT_0725,IP_LEGIT_1342,C_LEGIT_2224,M_016,0,4,1,1,1,0,NONE
TXN_009004,U_INDIV_0130,2348.75,2,D_INDIV_0342,IP_INDIV_0106,C_INDIV_0173,M_142,8,26,6,7,7,1,INDIVIDUAL_FRAUD
TXN_001550,U_LEGIT_1741,29.2,1011,D_LEGIT_0386,IP_LEGIT_1781,C_LEGIT_1563,M_128,0,4,0,2,1,0,NONE
TXN_002760,U_LEGIT_1029,189.2,1183,D_LEGIT_0804,IP_LEGIT_0515,C_LEGIT_0862,M_042,0,4,0,1,1,0,NONE
TXN_004017,U_LEGIT_2388,87.11,417,D_LEGIT_0573,IP_LEGIT_1415,C_LEGIT_2669,M_092,0,2,0,1,2,0,NONE
TXN_000359,U_LEGIT_1175,10.21,911,D_LEGIT_0018,IP_LEGIT_1008,C_LEGIT_1955,M_077,0,5,0,1,1,0,NONE
TXN_003197,U_LEGIT_2436,48.11,1028,D_SHARED_BENIGN_03,IP_LEGIT_1982,C_LEGIT_1787,M_114,0,4,0,2,1,0,NONE
TXN_008784,U_LEGIT_1212,70.55,422,D_LEGIT_1371,IP_LEGIT_0564,C_LEGIT_0423,M_126,0,1,0,2,1,0,NONE
TXN_006329,U_LEGIT_0463,129.14,955,D_SHARED_BENIGN_04,IP_LEGIT_1237,C_LEGIT_1756,M_073,0,1,0,2,1,0,NONE
TXN_006556,U_LEGIT_1208,18.82,1079,D_LEGIT_1184,IP_LEGIT_0985,C_LEGIT_0341,M_018,0,4,0,2,1,0,NONE
TXN_008585,U_LEGIT_1251,228.84,1194,D_LEGIT_1128,IP_LEGIT_0224,C_LEGIT_1184,M_117,0,2,0,1,1,0,NONE
TXN_009479,U_INDIV_0128,1865.6,3,D_INDIV_0247,IP_INDIV_0322,C_INDIV_0346,M_070,11,15,9,7,3,1,INDIVIDUAL_FRAUD
TXN_002459,U_LEGIT_1746,183.94,859,D_SHARED_BENIGN_03,IP_LEGIT_0693,C_LEGIT_0182,M_061,0,3,0,2,1,0,NONE
TXN_008499,U_LEGIT_0179,245.29,896,D_LEGIT_0686,IP_LEGIT_0171,C_LEGIT_2532,M_114,0,3,0,2,2,0,NONE
TXN_001736,U_LEGIT_2113,204.11,665,D_LEGIT_0431,IP_LEGIT_0389,C_LEGIT_1222,M_048,0,4,0,1,1,0,NONE
TXN_002930,U_LEGIT_1865,144.22,1161,D_LEGIT_0649,IP_LEGIT_1507,C_LEGIT_0271,M_044,0,3,0,1,1,0,NONE
TXN_007054,U_LEGIT_0273,76.06,1165,D_LEGIT_1149,IP_LEGIT_1640,C_LEGIT_1612,M_134,0,4,0,1,1,0,NONE
TXN_005619,U_LEGIT_1044,60.07,59,D_LEGIT_0145,IP_LEGIT_1931,C_LEGIT_1686,M_022,0,1,0,1,2,0,NONE
TXN_001532,U_LEGIT_0612,8.15,124,D_LEGIT_0916,IP_LEGIT_1875,C_LEGIT_0053,M_013,0,4,0,2,1,0,NONE
TXN_003717,U_LEGIT_1679,33.37,780,D_SHARED_BENIGN_02,IP_LEGIT_1461,C_LEGIT_0694,M_108,0,3,0,1,1,0,NONE
TXN_005949,U_LEGIT_0155,220.17,1056,D_LEGIT_0805,IP_SHARED_BENIGN_01,C_LEGIT_1862,M_093,0,5,0,1,2,0,NONE
TXN_007626,U_LEGIT_1023,200.32,387,D_LEGIT_1220,IP_LEGIT_0511,C_LEGIT_0825,M_062,0,3,0,1,1,0,NONE
TXN_004613,U_LEGIT_2388,212.95,740,D_LEGIT_1750,IP_SHARED_BENIGN_09,C_LEGIT_0499,M_046,0,1,0,1,1,0,NONE
TXN_007722,U_LEGIT_2314,81.75,802,D_LEGIT_0405,IP_SHARED_BENIGN_09,C_LEGIT_2349,M_110,0,3,0,1,1,0,NONE
TXN_000608,U_LEGIT_0051,38.49,1072,D_LEGIT_0139,IP_LEGIT_1722,C_LEGIT_0794,M_147,0,4,0,2,1,0,NONE
TXN_009744,U_CYCLE_024,797.25,8,D_CYCLE_017,IP_CYCLE_014,C_STOLEN_POOL_04,M_089,4,13,7,3,5,1,CARD_CYCLING
TXN_003195,U_LEGIT_0325,94.58,705,D_LEGIT_1179,IP_LEGIT_0153,C_LEGIT_1643,M_041,0,2,0,1,1,0,NONE
TXN_007172,U_LEGIT_2175,104.97,458,D_LEGIT_1368,IP_LEGIT_0656,C_LEGIT_2412,M_071,1,3,0,1,1,0,NONE
TXN_003305,U_LEGIT_1746,217.04,230,D_LEGIT_0381,IP_LEGIT_1440,C_LEGIT_1988,M_006,0,3,0,2,1,0,NONE
TXN_005439,U_LEGIT_0113,211.66,996,D_LEGIT_0811,IP_SHARED_BENIGN_02,C_LEGIT_2756,M_127,0,4,0,1,1,0,NONE
TXN_000001,U_LEGIT_0457,29.04,894,D_SHARED_BENIGN_05,IP_LEGIT_0286,C_LEGIT_0420,M_140,0,1,0,1,1,0,NONE
TXN_006944,U_LEGIT_0730,184.05,332,D_LEGIT_1014,IP_LEGIT_1322,C_LEGIT_2302,M_070,0,4,0,1,1,0,NONE
TXN_006588,U_LEGIT_2166,141.47,1006,D_LEGIT_0711,IP_LEGIT_1080,C_LEGIT_2311,M_128,0,4,0,2,2,0,NONE
TXN_005998,U_LEGIT_2344,204.32,706,D_LEGIT_0695,IP_LEGIT_1331,C_LEGIT_2939,M_146,0,3,0,1,1,0,NONE
TXN_000940,U_LEGIT_0608,123.43,378,D_LEGIT_0532,IP_LEGIT_1042,C_LEGIT_2117,M_104,2,2,0,1,1,0,NONE
TXN_003490,U_LEGIT_0820,135.64,1099,D_LEGIT_1163,IP_LEGIT_0512,C_LEGIT_1318,M_112,0,5,0,1,1,0,NONE
TXN_007536,U_LEGIT_2229,150.56,1061,D_LEGIT_1917,IP_LEGIT_1882,C_LEGIT_0575,M_079,0,5,0,1,1,0,NONE
TXN_002595,U_LEGIT_0217,64.46,949,D_SHARED_BENIGN_09,IP_LEGIT_0245,C_LEGIT_1662,M_068,0,2,0,2,1,0,NONE
TXN_007152,U_LEGIT_0071,217.46,952,D_LEGIT_0696,IP_LEGIT_0104,C_LEGIT_2507,M_062,0,3,0,1,1,0,NONE
TXN_003299,U_LEGIT_2354,235.78,182,D_LEGIT_1468,IP_LEGIT_1571,C_LEGIT_2020,M_115,0,4,0,1,2,0,NONE
TXN_002972,U_LEGIT_0919,191.24,1177,D_LEGIT_0458,IP_LEGIT_1652,C_LEGIT_1817,M_143,0,3,0,1,1,0,NONE
TXN_007066,U_LEGIT_0553,208.85,1102,D_LEGIT_0880,IP_SHARED_BENIGN_09,C_LEGIT_2189,M_003,1,1,0,1,2,0,NONE
TXN_003571,U_LEGIT_0170,118.85,31,D_LEGIT_1580,IP_LEGIT_0280,C_LEGIT_2723,M_036,0,3,0,1,1,0,NONE
TXN_009492,U_INDIV_0178,2819.46,3,D_INDIV_0377,IP_INDIV_0067,C_INDIV_0005,M_024,18,28,8,7,4,1,INDIVIDUAL_FRAUD
TXN_006690,U_LEGIT_0256,209.0,1050,D_LEGIT_1461,IP_LEGIT_0667,C_LEGIT_0820,M_120,0,4,0,1,1,0,NONE
TXN_004468,U_LEGIT_1885,173.4,488,D_SHARED_BENIGN_02,IP_SHARED_BENIGN_04,C_LEGIT_1416,M_116,1,5,0,1,1,0,NONE
TXN_007226,U_LEGIT_1754,219.85,736,D_SHARED_BENIGN_02,IP_LEGIT_0077,C_LEGIT_2105,M_116,2,4,0,1,1,0,NONE
TXN_001344,U_LEGIT_0240,223.18,121,D_LEGIT_1600,IP_LEGIT_0740,C_LEGIT_1010,M_098,0,1,0,2,1,0,NONE
TXN_003156,U_LEGIT_0060,42.82,227,D_LEGIT_1884,IP_LEGIT_0266,C_LEGIT_0185,M_123,0,3,0,1,1,0,NONE
TXN_005235,U_LEGIT_0622,220.1,351,D_LEGIT_1993,IP_LEGIT_1458,C_LEGIT_1729,M_127,0,2,0,1,1,0,NONE
TXN_000996,U_LEGIT_1428,93.14,1132,D_LEGIT_0353,IP_LEGIT_1755,C_LEGIT_0365,M_086,0,2,0,1,1,0,NONE
TXN_001636,U_LEGIT_1296,123.26,776,D_LEGIT_0096,IP_LEGIT_0755,C_LEGIT_0292,M_097,0,5,1,1,2,0,NONE
TXN_009022,U_INDIV_0178,1735.68,2,D_INDIV_0011,IP_INDIV_0256,C_INDIV_0097,M_067,9,27,8,7,7,1,INDIVIDUAL_FRAUD
TXN_008207,U_LEGIT_1697,242.73,47,D_LEGIT_1732,IP_LEGIT_0535,C_LEGIT_2462,M_115,0,2,0,2,2,0,NONE
TXN_009426,U_INDIV_0164,2714.65,7,D_INDIV_0080,IP_INDIV_0057,C_INDIV_0387,M_095,14,30,7,5,5,1,INDIVIDUAL_FRAUD
TXN_000085,U_LEGIT_1367,58.13,472,D_LEGIT_0258,IP_LEGIT_0421,C_LEGIT_0282,M_142,0,2,0,1,1,0,NONE
TXN_003724,U_LEGIT_0598,140.2,174,D_LEGIT_1737,IP_LEGIT_1893,C_LEGIT_1427,M_064,0,3,0,2,2,0,NONE
TXN_004073,U_LEGIT_0490,186.84,457,D_LEGIT_0942,IP_LEGIT_1948,C_LEGIT_0505,M_107,0,5,0,1,2,0,NONE
TXN_004976,U_LEGIT_0937,209.96,840,D_LEGIT_1994,IP_LEGIT_0404,C_LEGIT_0814,M_144,0,2,0,1,2,0,NONE
TXN_000016,U_LEGIT_1735,22.67,724,D_LEGIT_1770,IP_LEGIT_1380,C_LEGIT_2677,M_026,0,1,0,1,2,0,NONE
TXN_003008,U_LEGIT_0471,240.62,135,D_LEGIT_0687,IP_LEGIT_0355,C_LEGIT_0941,M_086,0,3,0,2,2,0,NONE
TXN_000683,U_LEGIT_0048,62.43,1012,D_LEGIT_0170,IP_LEGIT_1314,C_LEGIT_2740,M_131,0,1,0,1,2,0,NONE
TXN_002747,U_LEGIT_0651,146.46,591,D_LEGIT_0264,IP_LEGIT_1763,C_LEGIT_1497,M_020,1,4,0,1,1,0,NONE
TXN_009355,U_INDIV_0191,1873.94,3,D_INDIV_0303,IP_INDIV_0297,C_INDIV_0125,M_098,18,44,6,4,6,1,INDIVIDUAL_FRAUD
TXN_005034,U_LEGIT_1848,47.55,355,D_LEGIT_0640,IP_LEGIT_1945,C_LEGIT_1951,M_031,0,5,0,1,1,0,NONE
TXN_001438,U_LEGIT_1324,51.98,520,D_LEGIT_0761,IP_LEGIT_0814,C_LEGIT_1238,M_115,0,3,0,1,1,0,NONE
TXN_003852,U_LEGIT_0700,96.63,951,D_LEGIT_0738,IP_LEGIT_0875,C_LEGIT_1068,M_038,0,4,0,2,1,0,NONE
TXN_004992,U_LEGIT_1506,218.72,799,D_LEGIT_1925,IP_LEGIT_1175,C_LEGIT_0940,M_142,0,4,0,1,1,0,NONE
TXN_002454,U_LEGIT_1813,151.61,1135,D_LEGIT_1831,IP_LEGIT_0921,C_LEGIT_1813,M_024,0,4,0,1,1,0,NONE
TXN_007926,U_LEGIT_2036,26.69,828,D_LEGIT_1956,IP_SHARED_BENIGN_09,C_LEGIT_1725,M_015,0,2,0,2,1,0,NONE
TXN_005697,U_LEGIT_0828,57.86,956,D_SHARED_BENIGN_06,IP_LEGIT_0478,C_LEGIT_2316,M_096,2,1,0,1,1,0,NONE
TXN_003155,U_LEGIT_0944,125.53,462,D_LEGIT_1276,IP_SHARED_BENIGN_08,C_LEGIT_0035,M_056,0,1,0,1,1,0,NONE
TXN_000731,U_LEGIT_1312,35.39,905,D_LEGIT_0915,IP_LEGIT_1609,C_LEGIT_1960,M_018,1,3,0,1,1,0,NONE
TXN_009547,U_FARM_013,115.35,2,D_FARM_HUB_02,IP_FARM_PROXY_01,C_FARM_049,M_060,11,35,7,1,3,1,DEVICE_FARM
TXN_008960,U_LEGIT_1138,120.35,925,D_LEGIT_0693,IP_LEGIT_0369,C_LEGIT_1760,M_090,0,3,0,1,2,0,NONE
TXN_001140,U_LEGIT_1548,42.84,432,D_LEGIT_1463,IP_LEGIT_1480,C_LEGIT_2602,M_069,0,4,0,1,1,0,NONE
TXN_005113,U_LEGIT_2242,106.62,928,D_SHARED_BENIGN_01,IP_LEGIT_1242,C_LEGIT_0722,M_060,0,1,0,1,1,0,NONE
TXN_000700,U_LEGIT_0308,127.91,379,D_LEGIT_0274,IP_LEGIT_1951,C_LEGIT_0209,M_109,0,1,0,1,1,0,NONE
TXN_001139,U_LEGIT_1508,112.88,1082,D_SHARED_BENIGN_09,IP_LEGIT_1810,C_LEGIT_1796,M_125,0,5,0,1,1,0,NONE
TXN_006656,U_LEGIT_2287,29.51,868,D_LEGIT_0727,IP_LEGIT_0902,C_LEGIT_2977,M_024,0,5,0,1,1,0,NONE
TXN_000521,U_LEGIT_2212,170.52,1151,D_LEGIT_0849,IP_LEGIT_1280,C_LEGIT_2111,M_117,0,1,0,1,2,0,NONE
TXN_003362,U_LEGIT_2057,48.94,224,D_LEGIT_1323,IP_LEGIT_0044,C_LEGIT_0576,M_055,0,3,0,1,2,0,NONE
TXN_002230,U_LEGIT_1473,32.75,1087,D_SHARED_BENIGN_06,IP_LEGIT_1509,C_LEGIT_0179,M_068,1,2,0,1,1,0,NONE
TXN_003765,U_LEGIT_0603,71.33,663,D_LEGIT_0293,IP_LEGIT_1950,C_LEGIT_1478,M_127,0,3,0,2,2,0,NONE
TXN_001047,U_LEGIT_0148,214.58,899,D_LEGIT_0554,IP_LEGIT_0688,C_LEGIT_1503,M_132,0,3,0,1,1,0,NONE
TXN_005367,U_LEGIT_0199,12.84,515,D_LEGIT_0412,IP_LEGIT_0283,C_LEGIT_1212,M_087,0,1,0,1,2,0,NONE
TXN_005703,U_LEGIT_2442,204.04,409,D_LEGIT_0617,IP_LEGIT_1808,C_LEGIT_2437,M_085,0,1,0,1,1,0,NONE
TXN_001955,U_LEGIT_0812,100.3,441,D_LEGIT_0656,IP_LEGIT_1731,C_LEGIT_2685,M_056,0,1,0,1,1,0,NONE
TXN_008740,U_LEGIT_1545,188.71,524,D_LEGIT_1258,IP_LEGIT_1233,C_LEGIT_1413,M_007,0,5,0,1,1,0,NONE
TXN_008252,U_LEGIT_1002,20.43,647,D_LEGIT_1353,IP_LEGIT_1724,C_LEGIT_2738,M_041,1,4,0,1,1,0,NONE
TXN_005185,U_LEGIT_0212,45.94,575,D_LEGIT_1801,IP_LEGIT_1936,C_LEGIT_1125,M_038,0,5,0,2,1,0,NONE
TXN_008904,U_LEGIT_0198,27.32,86,D_LEGIT_0039,IP_LEGIT_0205,C_LEGIT_1572,M_031,0,3,0,2,1,0,NONE
TXN_003289,U_LEGIT_0800,75.06,250,D_LEGIT_1650,IP_LEGIT_1064,C_LEGIT_1232,M_093,1,5,0,1,1,0,NONE
TXN_009055,U_INDIV_0105,1954.67,2,D_INDIV_0107,IP_INDIV_0253,C_INDIV_0378,M_139,11,23,9,6,6,1,INDIVIDUAL_FRAUD
TXN_003275,U_LEGIT_1324,20.04,232,D_LEGIT_1617,IP_LEGIT_1511,C_LEGIT_0675,M_059,0,3,0,1,1,0,NONE
TXN_008670,U_LEGIT_2104,91.4,77,D_LEGIT_1773,IP_LEGIT_0633,C_LEGIT_0310,M_113,0,4,0,1,2,0,NONE
TXN_000172,U_LEGIT_1910,120.77,991,D_LEGIT_0736,IP_LEGIT_0737,C_LEGIT_2101,M_128,0,3,0,1,1,0,NONE
TXN_004782,U_LEGIT_0369,234.03,1041,D_LEGIT_1885,IP_SHARED_BENIGN_04,C_LEGIT_0988,M_091,0,5,0,2,1,0,NONE
TXN_003307,U_LEGIT_2371,93.09,145,D_LEGIT_1914,IP_LEGIT_1330,C_LEGIT_1548,M_029,0,1,0,1,2,0,NONE
TXN_000679,U_LEGIT_0537,118.72,365,D_LEGIT_1621,IP_LEGIT_1649,C_LEGIT_0222,M_078,0,4,0,1,1,0,NONE
TXN_009512,U_FARM_003,272.24,4,D_FARM_HUB_02,IP_FARM_PROXY_01,C_FARM_017,M_035,12,51,6,1,3,1,DEVICE_FARM
TXN_008011,U_LEGIT_0405,174.6,499,D_LEGIT_0656,IP_LEGIT_0351,C_LEGIT_2319,M_042,0,1,0,1,2,0,NONE
TXN_009772,U_BURST_003,1105.1,0,D_BURST_013,IP_BURST_SUBNET_02,C_BURST_016,M_085,23,22,2,3,1,1,ACCOUNT_BURST
TXN_007771,U_LEGIT_0005,90.76,548,D_LEGIT_1207,IP_LEGIT_1698,C_LEGIT_1228,M_084,0,2,0,1,1,0,NONE
TXN_009070,U_INDIV_0168,1783.61,3,D_INDIV_0380,IP_INDIV_0303,C_INDIV_0169,M_120,7,40,7,6,7,1,INDIVIDUAL_FRAUD
TXN_009386,U_INDIV_0034,2926.33,1,D_INDIV_0101,IP_INDIV_0009,C_INDIV_0396,M_036,11,22,6,5,3,1,INDIVIDUAL_FRAUD
TXN_002608,U_LEGIT_2032,108.69,998,D_LEGIT_0870,IP_LEGIT_0545,C_LEGIT_2960,M_135,0,5,0,1,1,0,NONE
TXN_000379,U_LEGIT_1854,133.26,648,D_LEGIT_0814,IP_SHARED_BENIGN_01,C_LEGIT_1166,M_005,0,2,0,1,1,0,NONE
TXN_001269,U_LEGIT_0729,105.68,483,D_LEGIT_0704,IP_LEGIT_1984,C_LEGIT_2358,M_044,1,2,0,1,1,0,NONE
TXN_004353,U_LEGIT_0619,141.3,1084,D_LEGIT_1170,IP_LEGIT_1423,C_LEGIT_0119,M_070,0,5,0,2,1,0,NONE
TXN_001728,U_LEGIT_0930,60.69,272,D_LEGIT_1784,IP_LEGIT_1917,C_LEGIT_2311,M_019,0,5,0,2,1,0,NONE
TXN_004254,U_LEGIT_2275,92.05,573,D_LEGIT_0561,IP_LEGIT_0482,C_LEGIT_0651,M_099,1,5,0,1,1,0,NONE
TXN_009449,U_INDIV_0078,1574.65,5,D_INDIV_0219,IP_INDIV_0325,C_INDIV_0276,M_064,18,22,5,4,6,1,INDIVIDUAL_FRAUD
TXN_009995,U_DIST_024,27.78,14,D_DIST_008,IP_DIST_PROXY_01,C_DIST_039,M_TARGET_HIGHVAL_99,3,18,0,2,2,1,DISTRIBUTED_ABUSE
TXN_003613,U_LEGIT_1025,116.85,592,D_LEGIT_1280,IP_LEGIT_0445,C_LEGIT_0787,M_150,0,5,1,1,1,0,NONE
TXN_002713,U_LEGIT_1017,51.07,909,D_LEGIT_1274,IP_LEGIT_0806,C_LEGIT_0525,M_115,1,1,0,1,1,0,NONE
TXN_001188,U_LEGIT_0405,23.24,249,D_LEGIT_1349,IP_LEGIT_0636,C_LEGIT_1654,M_006,0,3,0,1,1,0,NONE
TXN_005288,U_LEGIT_0764,109.13,955,D_LEGIT_0265,IP_SHARED_BENIGN_10,C_LEGIT_2666,M_104,2,2,0,1,2,0,NONE
TXN_007287,U_LEGIT_0618,194.53,891,D_LEGIT_1004,IP_LEGIT_0131,C_LEGIT_1635,M_010,0,4,0,2,1,0,NONE
TXN_009575,U_FARM_019,295.76,0,D_FARM_HUB_02,IP_FARM_PROXY_01,C_FARM_030,M_003,22,27,3,1,5,1,DEVICE_FARM
TXN_001653,U_LEGIT_0133,58.17,396,D_LEGIT_1926,IP_LEGIT_0871,C_LEGIT_2370,M_003,0,2,0,1,1,0,NONE
TXN_003322,U_LEGIT_2130,51.09,341,D_LEGIT_0190,IP_LEGIT_1208,C_LEGIT_2288,M_112,0,5,0,2,2,0,NONE
TXN_002003,U_LEGIT_0310,25.34,672,D_LEGIT_1701,IP_LEGIT_0271,C_LEGIT_1829,M_045,0,2,0,1,1,0,NONE
TXN_002404,U_LEGIT_1437,130.59,553,D_LEGIT_0360,IP_LEGIT_1026,C_LEGIT_1011,M_098,1,2,0,1,1,0,NONE
TXN_002472,U_LEGIT_2387,19.71,620,D_LEGIT_1297,IP_LEGIT_1563,C_LEGIT_1658,M_141,0,3,0,1,1,0,NONE
TXN_000540,U_LEGIT_2447,121.97,755,D_LEGIT_0196,IP_LEGIT_0107,C_LEGIT_1364,M_061,2,5,0,1,1,0,NONE
TXN_004029,U_LEGIT_1878,170.91,712,D_LEGIT_0751,IP_LEGIT_0333,C_LEGIT_2110,M_132,2,2,0,2,2,0,NONE
TXN_002283,U_LEGIT_0038,23.56,68,D_LEGIT_1758,IP_SHARED_BENIGN_06,C_LEGIT_1141,M_065,0,4,0,2,1,0,NONE
TXN_005131,U_LEGIT_2178,17.49,771,D_LEGIT_0259,IP_LEGIT_1675,C_LEGIT_2622,M_025,0,1,0,1,2,0,NONE
TXN_006010,U_LEGIT_0086,183.83,53,D_LEGIT_0973,IP_SHARED_BENIGN_03,C_LEGIT_1988,M_035,0,2,0,1,1,0,NONE
TXN_006597,U_LEGIT_1642,24.22,1015,D_LEGIT_0558,IP_LEGIT_1842,C_LEGIT_0168,M_048,0,4,0,1,1,0,NONE
TXN_003831,U_LEGIT_0740,115.58,170,D_LEGIT_1772,IP_LEGIT_1872,C_LEGIT_0599,M_012,0,3,0,2,1,0,NONE
TXN_000073,U_LEGIT_0230,144.95,398,D_LEGIT_0768,IP_LEGIT_0501,C_LEGIT_2176,M_106,0,1,0,2,1,0,NONE
TXN_002286,U_LEGIT_0405,98.14,530,D_LEGIT_1583,IP_LEGIT_0676,C_LEGIT_0666,M_085,0,2,0,1,1,0,NONE
TXN_007487,U_LEGIT_0713,132.46,889,D_LEGIT_0307,IP_LEGIT_0496,C_LEGIT_0080,M_078,1,5,0,1,1,0,NONE
TXN_009901,U_DIST_026,19.65,16,D_DIST_001,IP_DIST_PROXY_01,C_DIST_017,M_TARGET_HIGHVAL_99,5,17,1,2,1,1,DISTRIBUTED_ABUSE
TXN_000564,U_LEGIT_0529,81.48,458,D_LEGIT_0321,IP_LEGIT_0207,C_LEGIT_1704,M_127,0,1,0,1,1,0,NONE
TXN_003784,U_LEGIT_1271,8.95,585,D_LEGIT_0632,IP_LEGIT_0635,C_LEGIT_2013,M_037,0,1,0,2,1,0,NONE
TXN_007223,U_LEGIT_2199,238.05,1019,D_LEGIT_0113,IP_LEGIT_0980,C_LEGIT_1473,M_062,1,3,0,2,2,0,NONE
TXN_007368,U_LEGIT_1942,17.07,672,D_LEGIT_0265,IP_LEGIT_0441,C_LEGIT_0914,M_070,0,5,0,1,1,0,NONE
TXN_009722,U_CYCLE_015,171.44,4,D_CYCLE_009,IP_CYCLE_009,C_STOLEN_POOL_03,M_059,12,13,3,4,4,1,CARD_CYCLING
TXN_002149,U_LEGIT_2313,39.63,264,D_LEGIT_1538,IP_LEGIT_0032,C_LEGIT_0940,M_077,0,5,0,1,1,0,NONE
TXN_003034,U_LEGIT_0642,107.79,767,D_LEGIT_1361,IP_LEGIT_1511,C_LEGIT_2044,M_069,0,4,0,1,1,0,NONE
TXN_009471,U_INDIV_0078,1783.76,3,D_INDIV_0199,IP_INDIV_0213,C_INDIV_0110,M_064,12,30,4,4,5,1,INDIVIDUAL_FRAUD
TXN_005331,U_LEGIT_0723,163.94,1123,D_LEGIT_0210,IP_LEGIT_1586,C_LEGIT_2090,M_095,0,4,0,1,1,0,NONE
TXN_009288,U_INDIV_0099,983.12,5,D_INDIV_0044,IP_INDIV_0105,C_INDIV_0270,M_061,13,48,9,4,5,1,INDIVIDUAL_FRAUD
TXN_006505,U_LEGIT_1570,40.48,612,D_LEGIT_1577,IP_LEGIT_0953,C_LEGIT_0887,M_121,0,2,1,1,1,0,NONE
TXN_004024,U_LEGIT_1251,79.63,891,D_LEGIT_0198,IP_LEGIT_1349,C_LEGIT_1421,M_112,0,4,0,1,2,0,NONE
TXN_007595,U_LEGIT_1154,222.46,1018,D_LEGIT_0175,IP_LEGIT_0268,C_LEGIT_0713,M_015,0,5,0,1,1,0,NONE
TXN_006363,U_LEGIT_2242,162.1,663,D_LEGIT_1608,IP_LEGIT_0942,C_LEGIT_0103,M_128,0,1,0,1,1,0,NONE
TXN_007631,U_LEGIT_1878,240.75,1085,D_LEGIT_0008,IP_LEGIT_0045,C_LEGIT_1531,M_005,0,3,0,1,1,0,NONE
TXN_003426,U_LEGIT_1948,39.73,541,D_LEGIT_0822,IP_LEGIT_1745,C_LEGIT_2282,M_125,0,2,0,1,2,0,NONE
TXN_008885,U_LEGIT_1277,29.7,1011,D_LEGIT_0502,IP_LEGIT_1150,C_LEGIT_2583,M_065,0,1,0,1,1,0,NONE
TXN_004522,U_LEGIT_0023,10.69,478,D_LEGIT_1665,IP_LEGIT_1467,C_LEGIT_0774,M_060,0,3,0,1,1,0,NONE
TXN_006661,U_LEGIT_0425,83.84,758,D_LEGIT_1920,IP_LEGIT_1765,C_LEGIT_2527,M_020,0,1,0,2,2,0,NONE
TXN_004912,U_LEGIT_1812,231.5,428,D_LEGIT_1685,IP_LEGIT_1517,C_LEGIT_0768,M_127,0,1,0,2,1,0,NONE
TXN_005560,U_LEGIT_2280,92.6,940,D_LEGIT_0922,IP_LEGIT_1687,C_LEGIT_2628,M_136,1,1,0,2,1,0,NONE
TXN_000190,U_LEGIT_2012,96.33,1184,D_LEGIT_1602,IP_LEGIT_0771,C_LEGIT_1149,M_101,0,5,0,1,2,0,NONE
TXN_007510,U_LEGIT_0981,69.79,989,D_LEGIT_1414,IP_LEGIT_0020,C_LEGIT_0672,M_085,0,4,0,2,1,0,NONE
TXN_003775,U_LEGIT_1167,239.62,959,D_LEGIT_1335,IP_LEGIT_1538,C_LEGIT_2903,M_011,0,2,0,1,1,0,NONE
TXN_004645,U_LEGIT_2151,37.25,1031,D_LEGIT_1315,IP_LEGIT_1965,C_LEGIT_2712,M_143,0,2,0,2,2,0,NONE
TXN_003732,U_LEGIT_1268,197.24,737,D_SHARED_BENIGN_08,IP_LEGIT_1878,C_LEGIT_2110,M_022,0,1,0,2,1,0,NONE
TXN_002250,U_LEGIT_1533,206.09,509,D_LEGIT_0469,IP_LEGIT_0224,C_LEGIT_1967,M_007,0,1,0,1,1,0,NONE
TXN_008754,U_LEGIT_1707,127.52,331,D_LEGIT_1223,IP_LEGIT_0201,C_LEGIT_1927,M_142,1,5,0,1,1,0,NONE
TXN_003084,U_LEGIT_2185,211.88,750,D_LEGIT_0252,IP_LEGIT_0738,C_LEGIT_1412,M_019,0,2,0,1,1,0,NONE
TXN_001936,U_LEGIT_1729,238.35,536,D_LEGIT_1446,IP_LEGIT_0757,C_LEGIT_1012,M_094,0,5,0,1,1,0,NONE
TXN_008589,U_LEGIT_0621,191.41,322,D_LEGIT_1248,IP_SHARED_BENIGN_04,C_LEGIT_0065,M_095,0,4,0,1,2,0,NONE
TXN_002698,U_LEGIT_1588,193.48,596,D_LEGIT_0837,IP_LEGIT_0555,C_LEGIT_2911,M_008,2,3,0,2,1,0,NONE
TXN_001312,U_LEGIT_0412,110.56,117,D_LEGIT_0566,IP_LEGIT_0185,C_LEGIT_2003,M_042,0,5,0,1,2,0,NONE
TXN_001607,U_LEGIT_0035,141.5,709,D_LEGIT_0327,IP_LEGIT_1581,C_LEGIT_2294,M_036,0,1,0,1,1,0,NONE
TXN_008376,U_LEGIT_1807,140.7,579,D_LEGIT_1485,IP_LEGIT_1029,C_LEGIT_2627,M_094,0,1,0,1,2,0,NONE
TXN_008318,U_LEGIT_1686,148.49,77,D_LEGIT_1839,IP_LEGIT_1531,C_LEGIT_2076,M_121,0,1,0,1,1,0,NONE
TXN_007968,U_LEGIT_1806,67.23,1173,D_LEGIT_1364,IP_LEGIT_1290,C_LEGIT_0226,M_062,0,4,0,1,1,0,NONE
TXN_007566,U_LEGIT_1028,110.02,974,D_LEGIT_0044,IP_LEGIT_1042,C_LEGIT_1694,M_062,0,2,0,1,1,0,NONE
TXN_000365,U_LEGIT_1888,172.91,669,D_LEGIT_0193,IP_LEGIT_0427,C_LEGIT_1937,M_100,1,2,0,1,1,0,NONE
TXN_001747,U_LEGIT_0324,89.14,594,D_SHARED_BENIGN_03,IP_LEGIT_0776,C_LEGIT_0411,M_025,0,5,0,1,2,0,NONE
TXN_009594,U_FARM_001,398.14,3,D_FARM_HUB_01,IP_FARM_PROXY_01,C_FARM_038,M_099,17,39,7,1,4,1,DEVICE_FARM
TXN_004808,U_LEGIT_1606,63.69,254,D_LEGIT_1787,IP_LEGIT_1112,C_LEGIT_2882,M_038,0,5,0,2,1,0,NONE
TXN_000755,U_LEGIT_0221,56.06,888,D_SHARED_BENIGN_07,IP_LEGIT_1543,C_LEGIT_1217,M_043,0,5,0,1,2,0,NONE
TXN_001724,U_LEGIT_1859,99.22,346,D_LEGIT_1166,IP_LEGIT_0363,C_LEGIT_0775,M_089,0,5,0,1,1,0,NONE
TXN_007259,U_LEGIT_1896,99.45,49,D_LEGIT_0085,IP_LEGIT_1642,C_LEGIT_2697,M_126,0,4,0,1,1,0,NONE
TXN_007188,U_LEGIT_1263,106.05,494,D_LEGIT_1766,IP_LEGIT_1632,C_LEGIT_1886,M_045,0,2,0,1,1,0,NONE
TXN_001091,U_LEGIT_1372,234.74,1101,D_LEGIT_0667,IP_LEGIT_1633,C_LEGIT_1530,M_141,0,4,0,1,2,0,NONE
TXN_002205,U_LEGIT_0298,206.16,1028,D_LEGIT_0258,IP_LEGIT_0271,C_LEGIT_1338,M_025,0,3,0,1,2,0,NONE
TXN_005630,U_LEGIT_1652,212.42,927,D_SHARED_BENIGN_02,IP_LEGIT_1779,C_LEGIT_1819,M_015,0,5,0,1,1,0,NONE
TXN_007463,U_LEGIT_1424,174.11,353,D_LEGIT_0004,IP_LEGIT_1317,C_LEGIT_1770,M_092,2,5,0,1,1,0,NONE
TXN_005909,U_LEGIT_0649,142.69,761,D_SHARED_BENIGN_09,IP_LEGIT_1098,C_LEGIT_0675,M_061,0,3,0,1,1,0,NONE
TXN_004013,U_LEGIT_2242,19.61,809,D_LEGIT_0137,IP_LEGIT_1731,C_LEGIT_0357,M_116,0,1,0,1,1,0,NONE
TXN_008165,U_LEGIT_0955,202.78,887,D_LEGIT_0948,IP_LEGIT_0845,C_LEGIT_1350,M_054,1,3,0,1,1,0,NONE
TXN_003635,U_LEGIT_0743,70.2,562,D_LEGIT_1754,IP_LEGIT_0898,C_LEGIT_0138,M_085,0,4,0,1,1,0,NONE
TXN_004421,U_LEGIT_2380,210.99,70,D_LEGIT_1644,IP_LEGIT_0521,C_LEGIT_0169,M_149,0,5,0,2,1,0,NONE
TXN_000694,U_LEGIT_2260,51.72,1118,D_LEGIT_0203,IP_LEGIT_0350,C_LEGIT_1303,M_100,0,4,0,1,1,0,NONE
TXN_007879,U_LEGIT_1947,242.75,446,D_LEGIT_1328,IP_LEGIT_1507,C_LEGIT_0266,M_067,0,2,0,1,1,0,NONE
TXN_000068,U_LEGIT_1223,138.34,736,D_LEGIT_1188,IP_LEGIT_1003,C_LEGIT_0609,M_115,0,5,0,1,1,0,NONE
TXN_006254,U_LEGIT_0883,74.79,190,D_SHARED_BENIGN_07,IP_LEGIT_1744,C_LEGIT_1999,M_002,0,3,0,2,1,0,NONE
TXN_000892,U_LEGIT_2060,104.39,548,D_LEGIT_1243,IP_LEGIT_1326,C_LEGIT_1127,M_123,0,1,1,1,2,0,NONE
TXN_005748,U_LEGIT_2164,52.71,892,D_LEGIT_1153,IP_LEGIT_1043,C_LEGIT_0045,M_027,0,5,0,1,1,0,NONE
TXN_008843,U_LEGIT_1213,27.32,303,D_LEGIT_1992,IP_LEGIT_1322,C_LEGIT_2784,M_020,1,3,0,1,1,0,NONE
TXN_006145,U_LEGIT_1354,49.89,351,D_LEGIT_0630,IP_LEGIT_0251,C_LEGIT_1397,M_004,0,3,0,1,2,0,NONE
TXN_005305,U_LEGIT_1930,131.14,481,D_LEGIT_1744,IP_LEGIT_1956,C_LEGIT_2099,M_142,1,1,0,1,2,0,NONE
TXN_000917,U_LEGIT_0733,152.18,761,D_LEGIT_0855,IP_SHARED_BENIGN_06,C_LEGIT_1220,M_010,0,5,0,1,1,0,NONE
TXN_001988,U_LEGIT_0392,98.64,896,D_LEGIT_0288,IP_LEGIT_1368,C_LEGIT_1301,M_122,0,2,0,1,1,0,NONE
TXN_006492,U_LEGIT_1647,52.47,564,D_LEGIT_1889,IP_LEGIT_1881,C_LEGIT_0167,M_065,0,4,0,1,1,0,NONE
TXN_008351,U_LEGIT_2348,227.73,223,D_LEGIT_0952,IP_SHARED_BENIGN_09,C_LEGIT_2729,M_062,0,4,0,1,2,0,NONE
TXN_004618,U_LEGIT_0854,234.81,701,D_LEGIT_1107,IP_LEGIT_1936,C_LEGIT_1586,M_036,0,2,0,1,1,0,NONE
TXN_001718,U_LEGIT_0913,117.23,150,D_LEGIT_0510,IP_SHARED_BENIGN_09,C_LEGIT_1091,M_146,0,4,0,2,1,0,NONE
TXN_006966,U_LEGIT_1763,181.98,820,D_LEGIT_0131,IP_LEGIT_1416,C_LEGIT_0826,M_027,0,1,0,2,1,0,NONE
TXN_007342,U_LEGIT_1773,111.3,155,D_LEGIT_0887,IP_LEGIT_1231,C_LEGIT_0758,M_040,0,1,0,1,1,0,NONE
TXN_002337,U_LEGIT_0020,80.89,125,D_LEGIT_0656,IP_LEGIT_1571,C_LEGIT_0363,M_118,0,5,0,2,1,0,NONE
TXN_006350,U_LEGIT_2216,211.29,231,D_LEGIT_0417,IP_LEGIT_1969,C_LEGIT_2750,M_070,0,4,0,1,2,0,NONE
TXN_003514,U_LEGIT_1781,96.49,67,D_SHARED_BENIGN_10,IP_SHARED_BENIGN_06,C_LEGIT_2274,M_125,0,2,0,1,1,0,NONE
TXN_009376,U_INDIV_0160,2689.41,4,D_INDIV_0110,IP_INDIV_0354,C_INDIV_0317,M_070,6,45,4,6,7,1,INDIVIDUAL_FRAUD
TXN_005845,U_LEGIT_1612,30.67,1067,D_SHARED_BENIGN_10,IP_LEGIT_1464,C_LEGIT_1693,M_138,0,1,0,1,2,0,NONE
TXN_008378,U_LEGIT_0536,50.65,212,D_LEGIT_1146,IP_LEGIT_0317,C_LEGIT_0108,M_037,0,1,0,2,1,0,NONE
TXN_000524,U_LEGIT_1051,14.7,665,D_LEGIT_0484,IP_LEGIT_0233,C_LEGIT_0615,M_050,0,5,1,2,1,0,NONE
TXN_001235,U_LEGIT_2346,29.7,1099,D_LEGIT_1781,IP_LEGIT_0608,C_LEGIT_2264,M_117,0,5,0,2,1,0,NONE
TXN_007108,U_LEGIT_0827,43.68,673,D_LEGIT_0242,IP_LEGIT_0072,C_LEGIT_2425,M_136,1,2,0,2,2,0,NONE
TXN_007550,U_LEGIT_1356,191.1,1061,D_LEGIT_0075,IP_SHARED_BENIGN_02,C_LEGIT_2587,M_041,1,2,0,1,1,0,NONE
TXN_008595,U_LEGIT_1992,86.37,727,D_LEGIT_0516,IP_SHARED_BENIGN_07,C_LEGIT_2338,M_079,0,1,0,1,2,0,NONE
TXN_001920,U_LEGIT_2394,39.7,255,D_LEGIT_0528,IP_LEGIT_0552,C_LEGIT_0568,M_019,0,3,0,1,1,0,NONE
TXN_006414,U_LEGIT_0655,120.08,749,D_LEGIT_1922,IP_LEGIT_0966,C_LEGIT_1128,M_129,0,1,0,2,1,0,NONE
TXN_000222,U_LEGIT_1421,38.72,580,D_LEGIT_1604,IP_LEGIT_0531,C_LEGIT_0684,M_096,0,1,0,1,1,0,NONE
TXN_002975,U_LEGIT_1303,112.27,101,D_LEGIT_1223,IP_LEGIT_0818,C_LEGIT_1010,M_081,0,2,0,1,1,0,NONE
TXN_000294,U_LEGIT_1042,118.61,420,D_LEGIT_0385,IP_LEGIT_1746,C_LEGIT_1610,M_056,0,1,0,1,1,0,NONE
TXN_002033,U_LEGIT_1757,179.0,52,D_LEGIT_0980,IP_LEGIT_0248,C_LEGIT_1962,M_058,0,2,0,1,1,0,NONE
TXN_007751,U_LEGIT_1168,48.08,275,D_LEGIT_1455,IP_LEGIT_1796,C_LEGIT_1480,M_010,0,5,0,1,1,0,NONE
TXN_001280,U_LEGIT_0969,218.17,171,D_LEGIT_1797,IP_LEGIT_1694,C_LEGIT_0475,M_084,0,3,0,1,1,0,NONE
TXN_006482,U_LEGIT_0173,91.67,974,D_LEGIT_0890,IP_LEGIT_1008,C_LEGIT_2072,M_096,0,2,0,1,1,0,NONE
TXN_009843,U_BURST_013,778.92,0,D_BURST_008,IP_BURST_SUBNET_02,C_BURST_009,M_108,18,24,2,1,1,1,ACCOUNT_BURST
TXN_009572,U_FARM_005,191.96,0,D_FARM_HUB_02,IP_FARM_PROXY_01,C_FARM_019,M_061,20,45,3,1,3,1,DEVICE_FARM
TXN_008334,U_LEGIT_0772,40.31,548,D_LEGIT_1107,IP_LEGIT_0810,C_LEGIT_1903,M_147,0,1,0,2,1,0,NONE
TXN_006977,U_LEGIT_0916,54.06,784,D_LEGIT_0649,IP_LEGIT_1508,C_LEGIT_2887,M_024,0,2,0,2,1,0,NONE
TXN_002566,U_LEGIT_1161,112.61,538,D_LEGIT_0922,IP_LEGIT_1542,C_LEGIT_1689,M_116,0,3,0,1,1,0,NONE
TXN_005742,U_LEGIT_0687,75.36,1130,D_LEGIT_0465,IP_LEGIT_1304,C_LEGIT_1998,M_037,0,2,0,1,2,0,NONE
TXN_004950,U_LEGIT_1511,19.7,634,D_LEGIT_1825,IP_LEGIT_1778,C_LEGIT_0912,M_001,0,2,0,1,1,0,NONE
TXN_004585,U_LEGIT_0324,181.54,721,D_LEGIT_0226,IP_LEGIT_1658,C_LEGIT_1601,M_121,0,1,0,1,1,0,NONE
TXN_005920,U_LEGIT_1631,53.87,1051,D_SHARED_BENIGN_01,IP_LEGIT_0287,C_LEGIT_2043,M_045,0,3,0,1,1,0,NONE
TXN_004250,U_LEGIT_1528,109.75,255,D_LEGIT_1971,IP_LEGIT_1113,C_LEGIT_2645,M_112,2,3,0,2,1,0,NONE
TXN_002661,U_LEGIT_1935,152.42,761,D_LEGIT_0301,IP_LEGIT_0262,C_LEGIT_2782,M_060,0,4,0,1,2,0,NONE
TXN_004492,U_LEGIT_0264,174.6,44,D_LEGIT_0080,IP_LEGIT_1146,C_LEGIT_2455,M_133,0,2,0,1,2,0,NONE
TXN_002565,U_LEGIT_2338,139.49,946,D_LEGIT_1024,IP_LEGIT_0379,C_LEGIT_0010,M_061,0,1,0,1,1,0,NONE
TXN_005982,U_LEGIT_0344,10.26,487,D_LEGIT_0905,IP_LEGIT_0494,C_LEGIT_2324,M_148,0,5,0,1,1,0,NONE
TXN_000435,U_LEGIT_0570,77.81,287,D_LEGIT_0788,IP_LEGIT_0738,C_LEGIT_1709,M_040,0,1,0,1,2,0,NONE
TXN_005043,U_LEGIT_1581,69.02,245,D_LEGIT_1711,IP_LEGIT_0004,C_LEGIT_0167,M_117,1,5,0,1,2,0,NONE
TXN_005412,U_LEGIT_2330,156.65,433,D_LEGIT_0029,IP_LEGIT_1544,C_LEGIT_0573,M_015,0,3,0,1,2,0,NONE
TXN_003496,U_LEGIT_1643,151.44,166,D_LEGIT_0822,IP_LEGIT_0679,C_LEGIT_0471,M_106,0,1,0,1,1,0,NONE
TXN_005651,U_LEGIT_0743,236.83,474,D_LEGIT_0246,IP_LEGIT_1039,C_LEGIT_0885,M_023,0,4,0,1,1,0,NONE
TXN_002153,U_LEGIT_0816,54.49,199,D_LEGIT_0754,IP_LEGIT_1549,C_LEGIT_2063,M_077,0,3,0,1,1,0,NONE
TXN_001826,U_LEGIT_0934,177.17,149,D_LEGIT_0615,IP_LEGIT_1368,C_LEGIT_1965,M_099,0,3,0,1,2,0,NONE
TXN_009068,U_INDIV_0113,1838.1,3,D_INDIV_0294,IP_INDIV_0102,C_INDIV_0180,M_075,6,46,3,7,3,1,INDIVIDUAL_FRAUD
TXN_008183,U_LEGIT_2043,98.09,449,D_LEGIT_0842,IP_SHARED_BENIGN_05,C_LEGIT_0225,M_023,0,5,0,1,1,0,NONE
TXN_009582,U_FARM_003,385.6,2,D_FARM_HUB_02,IP_FARM_PROXY_01,C_FARM_044,M_083,22,52,4,1,3,1,DEVICE_FARM
TXN_000791,U_LEGIT_1808,54.93,417,D_LEGIT_0201,IP_SHARED_BENIGN_07,C_LEGIT_2999,M_109,0,5,0,2,2,0,NONE
TXN_007121,U_LEGIT_2274,101.2,372,D_LEGIT_1367,IP_SHARED_BENIGN_07,C_LEGIT_1291,M_090,0,5,0,2,1,0,NONE
TXN_009445,U_INDIV_0067,1714.78,0,D_INDIV_0355,IP_INDIV_0368,C_INDIV_0115,M_027,9,34,6,6,5,1,INDIVIDUAL_FRAUD
TXN_001164,U_LEGIT_1760,233.32,558,D_SHARED_BENIGN_04,IP_LEGIT_0043,C_LEGIT_0408,M_034,0,3,0,2,1,0,NONE
TXN_000828,U_LEGIT_1417,222.78,1010,D_LEGIT_1946,IP_LEGIT_1515,C_LEGIT_2509,M_021,1,3,0,1,1,0,NONE
TXN_008761,U_LEGIT_1030,78.88,1160,D_LEGIT_0574,IP_LEGIT_1243,C_LEGIT_0495,M_035,0,1,0,1,1,0,NONE
TXN_001010,U_LEGIT_1645,117.32,222,D_LEGIT_0720,IP_LEGIT_1297,C_LEGIT_0335,M_087,0,1,0,1,1,0,NONE
TXN_008234,U_LEGIT_1977,152.52,1178,D_LEGIT_0924,IP_LEGIT_1555,C_LEGIT_1669,M_117,0,4,0,1,1,0,NONE
TXN_006400,U_LEGIT_1018,159.96,588,D_LEGIT_0350,IP_LEGIT_1230,C_LEGIT_0928,M_139,0,3,0,1,2,0,NONE
TXN_004870,U_LEGIT_1408,48.0,607,D_LEGIT_1952,IP_SHARED_BENIGN_09,C_LEGIT_2047,M_098,0,4,0,1,1,0,NONE
TXN_008655,U_LEGIT_1073,25.25,845,D_LEGIT_1374,IP_LEGIT_1894,C_LEGIT_1515,M_123,0,2,0,2,1,0,NONE
TXN_007216,U_LEGIT_0145,162.34,1095,D_LEGIT_1637,IP_LEGIT_0959,C_LEGIT_0201,M_078,0,2,0,1,1,0,NONE
TXN_006667,U_LEGIT_1093,79.87,639,D_LEGIT_0692,IP_LEGIT_0142,C_LEGIT_1856,M_111,0,2,0,1,1,0,NONE
TXN_002359,U_LEGIT_0653,113.63,630,D_LEGIT_0426,IP_LEGIT_1935,C_LEGIT_1564,M_134,0,4,0,2,2,0,NONE
TXN_008020,U_LEGIT_1800,179.48,181,D_LEGIT_1904,IP_LEGIT_1215,C_LEGIT_0017,M_020,0,3,0,1,1,0,NONE
TXN_000063,U_LEGIT_2030,118.07,674,D_LEGIT_1936,IP_LEGIT_1558,C_LEGIT_2254,M_010,0,1,1,2,1,0,NONE
TXN_005268,U_LEGIT_1236,69.37,348,D_LEGIT_0954,IP_LEGIT_1003,C_LEGIT_0148,M_102,0,4,0,1,1,0,NONE
TXN_004934,U_LEGIT_0536,99.65,873,D_LEGIT_1307,IP_LEGIT_0259,C_LEGIT_0211,M_081,0,4,0,1,2,0,NONE
TXN_004464,U_LEGIT_0538,157.35,544,D_SHARED_BENIGN_02,IP_LEGIT_1999,C_LEGIT_0398,M_104,0,5,1,2,2,0,NONE
TXN_001048,U_LEGIT_2263,202.92,682,D_LEGIT_0577,IP_LEGIT_1871,C_LEGIT_1843,M_022,1,1,0,1,1,0,NONE
TXN_002445,U_LEGIT_1209,156.85,621,D_LEGIT_1386,IP_LEGIT_0467,C_LEGIT_2444,M_066,0,5,0,1,1,0,NONE
TXN_005833,U_LEGIT_1533,175.53,670,D_LEGIT_0404,IP_LEGIT_0020,C_LEGIT_0997,M_054,0,1,0,1,1,0,NONE
TXN_001403,U_LEGIT_0886,36.68,598,D_LEGIT_1583,IP_LEGIT_0417,C_LEGIT_2827,M_149,0,1,0,2,1,0,NONE
TXN_006178,U_LEGIT_0585,200.9,982,D_LEGIT_0357,IP_LEGIT_1241,C_LEGIT_0794,M_060,0,1,0,1,1,0,NONE
TXN_002829,U_LEGIT_1922,154.47,1126,D_LEGIT_1282,IP_SHARED_BENIGN_06,C_LEGIT_2403,M_056,0,1,0,1,1,0,NONE
TXN_000638,U_LEGIT_1408,35.75,309,D_LEGIT_1753,IP_LEGIT_0078,C_LEGIT_0044,M_065,0,4,0,1,1,0,NONE
TXN_009682,U_CYCLE_024,260.12,10,D_CYCLE_003,IP_CYCLE_003,C_STOLEN_POOL_03,M_010,13,28,8,2,8,1,CARD_CYCLING
TXN_000346,U_LEGIT_2154,103.28,387,D_LEGIT_0980,IP_LEGIT_0067,C_LEGIT_2059,M_089,0,1,0,2,1,0,NONE
TXN_003399,U_LEGIT_0298,45.4,1039,D_LEGIT_0970,IP_LEGIT_0932,C_LEGIT_1654,M_004,0,1,0,2,1,0,NONE
TXN_003741,U_LEGIT_1663,146.45,741,D_SHARED_BENIGN_03,IP_LEGIT_0775,C_LEGIT_1126,M_079,0,3,0,1,1,0,NONE
TXN_003058,U_LEGIT_1955,194.2,79,D_LEGIT_1069,IP_LEGIT_1269,C_LEGIT_1520,M_009,0,2,0,2,2,0,NONE
TXN_005698,U_LEGIT_0506,108.47,1157,D_LEGIT_0244,IP_LEGIT_0281,C_LEGIT_2449,M_149,0,4,0,1,1,0,NONE
TXN_000764,U_LEGIT_0064,89.09,910,D_SHARED_BENIGN_06,IP_LEGIT_1063,C_LEGIT_2458,M_082,0,4,0,2,1,0,NONE
TXN_003905,U_LEGIT_2206,182.62,1021,D_LEGIT_1590,IP_LEGIT_0678,C_LEGIT_1775,M_041,0,4,0,1,1,0,NONE
TXN_004057,U_LEGIT_2200,150.03,61,D_SHARED_BENIGN_08,IP_SHARED_BENIGN_01,C_LEGIT_2491,M_120,0,2,0,1,1,0,NONE
TXN_007161,U_LEGIT_2065,27.87,358,D_LEGIT_1614,IP_LEGIT_0046,C_LEGIT_1253,M_093,0,1,0,1,2,0,NONE
TXN_003559,U_LEGIT_2202,148.37,773,D_LEGIT_1840,IP_LEGIT_1779,C_LEGIT_1861,M_118,0,1,0,1,1,0,NONE
TXN_008605,U_LEGIT_0467,249.73,155,D_LEGIT_0118,IP_LEGIT_1080,C_LEGIT_0194,M_073,0,3,1,1,2,0,NONE
TXN_000441,U_LEGIT_0252,203.75,85,D_LEGIT_1185,IP_LEGIT_0106,C_LEGIT_2689,M_075,0,1,0,1,1,0,NONE
TXN_002002,U_LEGIT_1672,137.83,329,D_LEGIT_0941,IP_LEGIT_0610,C_LEGIT_2562,M_018,0,4,0,1,1,0,NONE
TXN_006623,U_LEGIT_2228,48.66,562,D_SHARED_BENIGN_05,IP_LEGIT_0778,C_LEGIT_0565,M_035,0,4,0,1,1,0,NONE
TXN_004730,U_LEGIT_0248,13.37,177,D_SHARED_BENIGN_01,IP_LEGIT_0346,C_LEGIT_1028,M_046,0,4,0,1,2,0,NONE
TXN_007114,U_LEGIT_0558,207.5,982,D_LEGIT_0559,IP_LEGIT_0478,C_LEGIT_0715,M_021,0,2,1,1,1,0,NONE
TXN_008478,U_LEGIT_0066,23.76,499,D_LEGIT_0805,IP_LEGIT_0317,C_LEGIT_0789,M_040,0,1,0,1,1,0,NONE
TXN_006871,U_LEGIT_0749,124.19,368,D_SHARED_BENIGN_08,IP_LEGIT_1487,C_LEGIT_2953,M_092,0,2,0,1,1,0,NONE
TXN_000084,U_LEGIT_2231,242.31,961,D_LEGIT_1321,IP_LEGIT_0816,C_LEGIT_1131,M_049,0,2,0,1,1,0,NONE
TXN_003840,U_LEGIT_0205,121.92,363,D_LEGIT_1744,IP_LEGIT_1031,C_LEGIT_2700,M_046,2,3,0,1,1,0,NONE
TXN_000046,U_LEGIT_0813,200.69,1189,D_SHARED_BENIGN_04,IP_LEGIT_1583,C_LEGIT_1236,M_031,0,3,0,1,1,0,NONE
TXN_001544,U_LEGIT_2168,116.47,659,D_LEGIT_0097,IP_LEGIT_1228,C_LEGIT_0380,M_067,0,2,0,1,1,0,NONE
TXN_007901,U_LEGIT_1202,233.51,633,D_LEGIT_1714,IP_LEGIT_1717,C_LEGIT_2780,M_150,0,5,0,1,1,0,NONE
TXN_006985,U_LEGIT_2485,227.65,229,D_LEGIT_0153,IP_LEGIT_0350,C_LEGIT_1058,M_027,0,1,0,1,1,0,NONE
TXN_004293,U_LEGIT_1238,80.89,702,D_LEGIT_1076,IP_LEGIT_1362,C_LEGIT_1619,M_080,0,3,0,1,2,0,NONE
TXN_003860,U_LEGIT_0444,202.44,875,D_LEGIT_1955,IP_LEGIT_1850,C_LEGIT_0912,M_041,0,5,0,1,2,0,NONE
TXN_000094,U_LEGIT_1142,14.35,577,D_LEGIT_1654,IP_LEGIT_1149,C_LEGIT_2547,M_143,0,3,0,1,1,0,NONE
TXN_003910,U_LEGIT_2122,49.09,786,D_SHARED_BENIGN_01,IP_LEGIT_1537,C_LEGIT_1675,M_064,0,5,0,1,1,0,NONE
TXN_007465,U_LEGIT_0944,198.74,1081,D_LEGIT_0727,IP_SHARED_BENIGN_07,C_LEGIT_1776,M_051,0,5,0,1,1,0,NONE
TXN_009222,U_INDIV_0176,2437.28,0,D_INDIV_0373,IP_INDIV_0315,C_INDIV_0190,M_147,17,49,7,5,4,1,INDIVIDUAL_FRAUD
TXN_006888,U_LEGIT_0203,194.47,956,D_LEGIT_0076,IP_LEGIT_1121,C_LEGIT_0450,M_007,0,1,0,1,1,0,NONE
TXN_006316,U_LEGIT_1512,238.63,977,D_LEGIT_0464,IP_LEGIT_0462,C_LEGIT_0327,M_089,0,2,0,1,1,0,NONE
TXN_004224,U_LEGIT_0710,72.92,267,D_LEGIT_1553,IP_LEGIT_1050,C_LEGIT_0868,M_044,0,5,0,2,2,0,NONE
TXN_007073,U_LEGIT_1740,154.38,725,D_LEGIT_1883,IP_LEGIT_0145,C_LEGIT_2560,M_076,1,4,0,1,1,0,NONE
TXN_000258,U_LEGIT_0461,144.17,236,D_LEGIT_0304,IP_LEGIT_1194,C_LEGIT_0411,M_028,0,5,0,2,1,0,NONE
TXN_005726,U_LEGIT_1873,82.24,970,D_LEGIT_0245,IP_LEGIT_0074,C_LEGIT_0317,M_095,0,2,0,1,2,0,NONE
TXN_002782,U_LEGIT_0373,101.3,226,D_LEGIT_1796,IP_LEGIT_1906,C_LEGIT_0114,M_020,0,3,0,1,1,0,NONE
TXN_001643,U_LEGIT_0401,223.06,637,D_LEGIT_0629,IP_LEGIT_1086,C_LEGIT_0066,M_048,0,3,0,1,2,0,NONE
TXN_002763,U_LEGIT_0894,59.23,317,D_SHARED_BENIGN_01,IP_LEGIT_1843,C_LEGIT_0246,M_109,0,4,0,2,2,0,NONE
TXN_005381,U_LEGIT_0034,135.12,1123,D_LEGIT_0320,IP_LEGIT_1333,C_LEGIT_2841,M_036,0,4,0,1,2,0,NONE
TXN_001062,U_LEGIT_2454,97.44,999,D_LEGIT_0578,IP_LEGIT_0765,C_LEGIT_2821,M_033,0,4,0,1,1,0,NONE
TXN_004591,U_LEGIT_0847,91.65,1185,D_LEGIT_0794,IP_LEGIT_0953,C_LEGIT_1839,M_016,0,2,0,1,1,0,NONE
TXN_000302,U_LEGIT_1588,11.14,544,D_LEGIT_1615,IP_LEGIT_0641,C_LEGIT_2262,M_014,0,4,0,1,1,0,NONE
TXN_005136,U_LEGIT_0038,122.81,815,D_LEGIT_0151,IP_LEGIT_0894,C_LEGIT_2928,M_132,0,1,0,1,2,0,NONE
TXN_002986,U_LEGIT_1873,149.52,687,D_LEGIT_0548,IP_LEGIT_1687,C_LEGIT_2294,M_068,0,2,0,1,1,0,NONE
TXN_006002,U_LEGIT_2030,167.23,337,D_LEGIT_0524,IP_LEGIT_0544,C_LEGIT_1124,M_017,0,5,0,2,1,0,NONE
TXN_001137,U_LEGIT_2451,24.4,708,D_LEGIT_1682,IP_LEGIT_0978,C_LEGIT_0166,M_123,0,5,0,1,1,0,NONE
TXN_001935,U_LEGIT_0655,88.55,1128,D_LEGIT_0976,IP_LEGIT_1474,C_LEGIT_1315,M_008,0,2,0,1,1,0,NONE
TXN_008501,U_LEGIT_1810,88.31,1089,D_LEGIT_1543,IP_LEGIT_0808,C_LEGIT_1861,M_029,0,2,0,1,2,0,NONE
TXN_006537,U_LEGIT_0256,138.57,620,D_LEGIT_1368,IP_LEGIT_1724,C_LEGIT_2078,M_009,0,2,0,1,1,0,NONE
TXN_000906,U_LEGIT_1232,189.95,296,D_LEGIT_1977,IP_LEGIT_1074,C_LEGIT_0813,M_146,0,1,1,1,1,0,NONE
TXN_009504,U_FARM_028,168.35,3,D_FARM_HUB_01,IP_FARM_PROXY_01,C_FARM_019,M_040,21,61,2,1,4,1,DEVICE_FARM
TXN_002132,U_LEGIT_0401,204.12,514,D_LEGIT_1442,IP_LEGIT_1535,C_LEGIT_1496,M_149,0,5,0,2,1,0,NONE
TXN_004552,U_LEGIT_1947,10.7,48,D_LEGIT_0024,IP_SHARED_BENIGN_08,C_LEGIT_1480,M_095,0,3,0,1,1,0,NONE
TXN_007401,U_LEGIT_0700,224.5,594,D_LEGIT_0205,IP_LEGIT_1672,C_LEGIT_2573,M_049,1,1,0,1,1,0,NONE
TXN_005661,U_LEGIT_0437,237.4,940,D_LEGIT_0676,IP_LEGIT_1011,C_LEGIT_1703,M_108,1,2,0,1,1,0,NONE
TXN_004092,U_LEGIT_1169,223.38,843,D_LEGIT_0270,IP_LEGIT_1527,C_LEGIT_1519,M_064,0,5,0,1,1,0,NONE
TXN_005520,U_LEGIT_0495,93.63,197,D_LEGIT_0176,IP_LEGIT_0690,C_LEGIT_2155,M_103,0,1,0,1,1,0,NONE
TXN_001587,U_LEGIT_0026,191.82,630,D_LEGIT_0628,IP_LEGIT_0111,C_LEGIT_0593,M_058,1,2,0,1,1,0,NONE
TXN_000792,U_LEGIT_0448,20.86,103,D_LEGIT_1324,IP_LEGIT_0228,C_LEGIT_0900,M_030,0,2,0,1,1,0,NONE
TXN_009784,U_BURST_001,300.31,0,D_BURST_011,IP_BURST_SUBNET_01,C_BURST_006,M_055,20,20,3,1,1,1,ACCOUNT_BURST
TXN_000067,U_LEGIT_0781,194.99,879,D_LEGIT_1041,IP_LEGIT_0280,C_LEGIT_0286,M_071,0,5,0,1,1,0,NONE
TXN_000049,U_LEGIT_1847,14.95,695,D_LEGIT_0952,IP_LEGIT_1369,C_LEGIT_1553,M_087,0,2,0,1,1,0,NONE
TXN_008231,U_LEGIT_0016,194.68,689,D_LEGIT_0245,IP_LEGIT_0147,C_LEGIT_1661,M_139,0,4,0,1,1,0,NONE
TXN_006031,U_LEGIT_1190,182.35,523,D_LEGIT_0057,IP_LEGIT_1808,C_LEGIT_0446,M_074,0,4,0,1,1,0,NONE
TXN_002664,U_LEGIT_1870,62.41,593,D_LEGIT_1639,IP_LEGIT_0569,C_LEGIT_2076,M_122,0,5,0,1,2,0,NONE
TXN_004445,U_LEGIT_0504,163.04,163,D_LEGIT_1206,IP_SHARED_BENIGN_08,C_LEGIT_2003,M_077,0,1,0,1,1,0,NONE
TXN_009083,U_INDIV_0079,1016.36,6,D_INDIV_0099,IP_INDIV_0284,C_INDIV_0254,M_107,10,44,6,5,4,1,INDIVIDUAL_FRAUD
TXN_005837,U_LEGIT_1435,10.72,1127,D_LEGIT_1316,IP_LEGIT_1663,C_LEGIT_2259,M_101,0,1,0,1,1,0,NONE
TXN_002558,U_LEGIT_1160,32.98,131,D_LEGIT_1943,IP_LEGIT_1286,C_LEGIT_0828,M_071,0,3,1,1,1,0,NONE
TXN_009372,U_INDIV_0050,471.12,6,D_INDIV_0076,IP_INDIV_0282,C_INDIV_0235,M_126,16,33,8,5,4,1,INDIVIDUAL_FRAUD
TXN_008894,U_LEGIT_0533,171.36,451,D_SHARED_BENIGN_06,IP_SHARED_BENIGN_01,C_LEGIT_0678,M_105,0,3,0,1,1,0,NONE
TXN_001012,U_LEGIT_0773,219.05,346,D_LEGIT_1021,IP_LEGIT_0448,C_LEGIT_1415,M_025,0,5,0,2,1,0,NONE
TXN_005069,U_LEGIT_0213,14.28,586,D_LEGIT_0011,IP_LEGIT_1934,C_LEGIT_0766,M_085,0,4,0,1,1,0,NONE
TXN_005369,U_LEGIT_0111,160.54,1039,D_LEGIT_0893,IP_LEGIT_1882,C_LEGIT_2129,M_055,0,4,0,2,1,0,NONE
TXN_004511,U_LEGIT_1816,176.72,810,D_LEGIT_0488,IP_LEGIT_0361,C_LEGIT_2519,M_053,0,3,0,1,1,0,NONE
TXN_004740,U_LEGIT_1322,12.66,193,D_LEGIT_1179,IP_LEGIT_0587,C_LEGIT_1482,M_116,0,5,0,1,1,0,NONE
TXN_003302,U_LEGIT_1649,21.21,583,D_LEGIT_1406,IP_LEGIT_0020,C_LEGIT_0378,M_086,0,1,0,1,1,0,NONE
TXN_008624,U_LEGIT_0917,223.86,1012,D_LEGIT_1301,IP_LEGIT_0996,C_LEGIT_0452,M_013,0,4,0,1,1,0,NONE
TXN_005117,U_LEGIT_1419,211.1,101,D_LEGIT_1423,IP_LEGIT_0775,C_LEGIT_1822,M_091,0,1,0,2,1,0,NONE
TXN_006652,U_LEGIT_0350,66.84,188,D_LEGIT_1600,IP_LEGIT_1174,C_LEGIT_2178,M_104,1,4,0,1,1,0,NONE
TXN_003572,U_LEGIT_0424,186.81,394,D_LEGIT_1528,IP_LEGIT_1828,C_LEGIT_1508,M_091,0,1,0,2,2,0,NONE
TXN_001244,U_LEGIT_0308,236.77,798,D_SHARED_BENIGN_04,IP_LEGIT_0686,C_LEGIT_0105,M_013,0,5,0,1,1,0,NONE
TXN_007065,U_LEGIT_0812,17.72,517,D_LEGIT_1633,IP_LEGIT_0606,C_LEGIT_1618,M_132,0,4,0,2,2,0,NONE
TXN_002844,U_LEGIT_1719,160.57,437,D_LEGIT_1772,IP_LEGIT_1362,C_LEGIT_0741,M_005,0,4,0,1,1,0,NONE
TXN_002780,U_LEGIT_0356,63.14,511,D_LEGIT_0614,IP_LEGIT_1741,C_LEGIT_2300,M_139,1,5,0,1,1,0,NONE
TXN_003556,U_LEGIT_2436,195.31,144,D_LEGIT_0589,IP_LEGIT_0305,C_LEGIT_0948,M_034,0,1,0,2,1,0,NONE
TXN_005403,U_LEGIT_1422,118.14,1166,D_LEGIT_0879,IP_LEGIT_1629,C_LEGIT_0727,M_037,0,2,0,1,1,0,NONE
TXN_003314,U_LEGIT_1204,163.05,950,D_LEGIT_0831,IP_LEGIT_1248,C_LEGIT_2632,M_031,0,3,0,1,1,0,NONE
TXN_006149,U_LEGIT_1873,26.73,861,D_LEGIT_0337,IP_LEGIT_0131,C_LEGIT_1519,M_087,0,3,0,1,2,0,NONE
TXN_003103,U_LEGIT_1049,141.26,635,D_SHARED_BENIGN_05,IP_LEGIT_1748,C_LEGIT_2769,M_064,0,3,0,1,2,0,NONE
TXN_006987,U_LEGIT_0291,188.97,760,D_LEGIT_0479,IP_LEGIT_1845,C_LEGIT_0932,M_014,0,4,0,1,1,0,NONE
TXN_001426,U_LEGIT_0489,24.19,822,D_LEGIT_0060,IP_LEGIT_1725,C_LEGIT_2217,M_071,0,2,0,1,1,0,NONE
TXN_004675,U_LEGIT_1782,27.29,259,D_LEGIT_0755,IP_LEGIT_0564,C_LEGIT_1932,M_135,0,1,0,1,1,0,NONE
TXN_003332,U_LEGIT_1753,183.2,809,D_LEGIT_0323,IP_LEGIT_0740,C_LEGIT_2076,M_119,0,1,0,1,1,0,NONE
TXN_001898,U_LEGIT_2044,117.43,519,D_LEGIT_0776,IP_SHARED_BENIGN_05,C_LEGIT_0674,M_095,2,2,0,1,1,0,NONE
TXN_007643,U_LEGIT_0812,234.84,968,D_LEGIT_0790,IP_LEGIT_1010,C_LEGIT_2967,M_107,2,2,0,2,1,0,NONE
TXN_004928,U_LEGIT_1299,103.0,220,D_SHARED_BENIGN_03,IP_SHARED_BENIGN_05,C_LEGIT_2530,M_022,0,1,0,1,1,0,NONE
TXN_008772,U_LEGIT_1893,140.03,440,D_LEGIT_1879,IP_LEGIT_0702,C_LEGIT_2548,M_108,0,1,0,1,1,0,NONE
TXN_009105,U_INDIV_0108,2998.24,3,D_INDIV_0084,IP_INDIV_0167,C_INDIV_0239,M_128,11,25,5,3,4,1,INDIVIDUAL_FRAUD
TXN_003018,U_LEGIT_2362,154.23,1048,D_LEGIT_0986,IP_LEGIT_0808,C_LEGIT_1610,M_106,0,3,0,1,2,0,NONE
TXN_003220,U_LEGIT_0841,117.5,391,D_SHARED_BENIGN_10,IP_LEGIT_0227,C_LEGIT_1485,M_041,0,5,0,1,1,0,NONE
TXN_009680,U_CYCLE_006,657.5,5,D_CYCLE_022,IP_CYCLE_020,C_STOLEN_POOL_01,M_135,8,12,7,2,5,1,CARD_CYCLING
TXN_007088,U_LEGIT_1599,102.3,63,D_LEGIT_0480,IP_LEGIT_0811,C_LEGIT_0144,M_120,0,5,0,1,1,0,NONE
TXN_001298,U_LEGIT_0099,21.72,432,D_SHARED_BENIGN_04,IP_LEGIT_1339,C_LEGIT_2095,M_050,1,5,0,2,1,0,NONE
TXN_002824,U_LEGIT_0463,188.9,1152,D_LEGIT_0124,IP_LEGIT_1820,C_LEGIT_0328,M_068,0,3,0,2,2,0,NONE
TXN_001742,U_LEGIT_0076,44.21,196,D_LEGIT_0510,IP_LEGIT_1615,C_LEGIT_2916,M_140,0,1,0,2,2,0,NONE
TXN_008735,U_LEGIT_0640,81.78,1195,D_LEGIT_0465,IP_LEGIT_1500,C_LEGIT_2878,M_072,0,4,0,2,2,0,NONE
TXN_003667,U_LEGIT_2102,114.63,84,D_LEGIT_1187,IP_SHARED_BENIGN_07,C_LEGIT_1640,M_128,0,3,0,1,2,0,NONE
TXN_005945,U_LEGIT_0978,68.22,1096,D_LEGIT_1222,IP_LEGIT_1575,C_LEGIT_1526,M_042,0,2,1,1,1,0,NONE
TXN_002562,U_LEGIT_0383,142.55,124,D_LEGIT_1186,IP_LEGIT_0475,C_LEGIT_0914,M_101,0,5,0,1,1,0,NONE
TXN_009665,U_CYCLE_017,206.04,7,D_CYCLE_010,IP_CYCLE_006,C_STOLEN_POOL_01,M_067,7,32,7,3,6,1,CARD_CYCLING
TXN_001093,U_LEGIT_0991,238.28,421,D_LEGIT_0621,IP_LEGIT_1110,C_LEGIT_2615,M_025,0,1,0,1,1,0,NONE
TXN_000261,U_LEGIT_1231,154.4,212,D_LEGIT_0908,IP_LEGIT_0658,C_LEGIT_1104,M_107,0,2,0,2,2,0,NONE
TXN_005003,U_LEGIT_0449,62.66,1073,D_SHARED_BENIGN_10,IP_LEGIT_1996,C_LEGIT_0674,M_051,0,4,0,1,1,0,NONE
TXN_002927,U_LEGIT_0312,45.0,463,D_LEGIT_0115,IP_LEGIT_1867,C_LEGIT_2799,M_071,0,5,0,1,1,0,NONE
TXN_003722,U_LEGIT_0349,50.58,411,D_LEGIT_0065,IP_LEGIT_0656,C_LEGIT_1610,M_061,0,4,0,1,1,0,NONE
TXN_006549,U_LEGIT_2191,45.52,549,D_LEGIT_1002,IP_LEGIT_0390,C_LEGIT_0276,M_081,0,2,0,2,1,0,NONE
TXN_002866,U_LEGIT_1424,9.05,276,D_LEGIT_1499,IP_SHARED_BENIGN_05,C_LEGIT_0546,M_061,0,3,0,1,1,0,NONE
TXN_002267,U_LEGIT_1698,201.95,909,D_LEGIT_0529,IP_LEGIT_1066,C_LEGIT_1141,M_064,0,5,0,1,1,0,NONE
TXN_003863,U_LEGIT_1121,209.17,621,D_LEGIT_0222,IP_LEGIT_0988,C_LEGIT_0646,M_145,0,1,0,2,1,0,NONE
TXN_001061,U_LEGIT_2490,126.7,660,D_LEGIT_0482,IP_LEGIT_1013,C_LEGIT_0887,M_107,0,3,0,2,1,0,NONE
TXN_003744,U_LEGIT_2361,87.05,94,D_SHARED_BENIGN_04,IP_LEGIT_0418,C_LEGIT_0426,M_117,0,5,0,1,1,0,NONE
TXN_003006,U_LEGIT_1669,151.28,623,D_SHARED_BENIGN_07,IP_LEGIT_1442,C_LEGIT_2644,M_122,0,4,0,1,2,0,NONE
TXN_007931,U_LEGIT_0750,67.89,255,D_LEGIT_1004,IP_LEGIT_0285,C_LEGIT_2513,M_019,0,2,0,2,1,0,NONE
TXN_004409,U_LEGIT_0970,145.76,1029,D_LEGIT_0172,IP_LEGIT_0794,C_LEGIT_1495,M_070,0,5,0,1,1,0,NONE
TXN_008338,U_LEGIT_0603,67.32,318,D_LEGIT_0367,IP_LEGIT_1386,C_LEGIT_2391,M_135,0,3,0,1,1,0,NONE
TXN_007735,U_LEGIT_0679,35.16,404,D_LEGIT_0274,IP_LEGIT_1795,C_LEGIT_1945,M_076,0,5,0,1,1,0,NONE
TXN_009992,U_DIST_026,67.58,18,D_DIST_005,IP_DIST_PROXY_01,C_DIST_011,M_TARGET_HIGHVAL_99,7,15,1,1,2,1,DISTRIBUTED_ABUSE
TXN_009776,U_BURST_015,592.33,0,D_BURST_006,IP_BURST_SUBNET_02,C_BURST_019,M_058,12,27,5,1,3,1,ACCOUNT_BURST
TXN_002088,U_LEGIT_0343,165.39,810,D_LEGIT_1023,IP_LEGIT_1307,C_LEGIT_1648,M_044,0,5,0,1,1,0,NONE
TXN_006261,U_LEGIT_1778,171.21,382,D_LEGIT_0243,IP_LEGIT_0247,C_LEGIT_2880,M_054,0,2,0,1,1,0,NONE
TXN_001614,U_LEGIT_1714,238.55,296,D_LEGIT_0794,IP_LEGIT_1909,C_LEGIT_2863,M_103,0,1,0,2,2,0,NONE
TXN_006842,U_LEGIT_1172,10.59,99,D_LEGIT_0354,IP_LEGIT_0515,C_LEGIT_0581,M_065,0,1,0,1,1,0,NONE
TXN_006806,U_LEGIT_0752,156.18,380,D_LEGIT_0082,IP_LEGIT_0575,C_LEGIT_1371,M_134,0,4,0,1,1,0,NONE
TXN_004833,U_LEGIT_0308,203.48,54,D_LEGIT_1760,IP_LEGIT_1757,C_LEGIT_1571,M_099,0,5,0,2,1,0,NONE
TXN_006558,U_LEGIT_0100,90.77,476,D_LEGIT_1367,IP_LEGIT_1493,C_LEGIT_0992,M_009,0,1,0,2,1,0,NONE
TXN_005357,U_LEGIT_1431,128.25,615,D_LEGIT_1787,IP_LEGIT_0745,C_LEGIT_0910,M_076,0,2,0,1,1,0,NONE
TXN_003350,U_LEGIT_2184,215.4,268,D_LEGIT_1663,IP_LEGIT_0849,C_LEGIT_0896,M_007,0,2,0,1,2,0,NONE
TXN_007469,U_LEGIT_0973,88.63,997,D_LEGIT_1878,IP_LEGIT_1486,C_LEGIT_2051,M_036,0,3,0,1,1,0,NONE
TXN_009955,U_DIST_019,16.75,10,D_DIST_001,IP_DIST_PROXY_02,C_DIST_013,M_TARGET_HIGHVAL_99,4,9,2,1,1,1,DISTRIBUTED_ABUSE
TXN_001439,U_LEGIT_1089,165.46,430,D_LEGIT_0251,IP_LEGIT_0586,C_LEGIT_0216,M_068,0,2,0,1,1,0,NONE
TXN_000399,U_LEGIT_1692,50.85,929,D_LEGIT_1375,IP_LEGIT_1552,C_LEGIT_0838,M_017,1,4,0,2,1,0,NONE
TXN_001371,U_LEGIT_0776,225.25,622,D_LEGIT_1632,IP_SHARED_BENIGN_01,C_LEGIT_2968,M_061,1,2,0,1,1,0,NONE
TXN_009874,U_BURST_011,760.93,1,D_BURST_018,IP_BURST_SUBNET_02,C_BURST_018,M_098,12,20,1,1,2,1,ACCOUNT_BURST
TXN_001637,U_LEGIT_1004,82.99,215,D_LEGIT_1778,IP_LEGIT_1767,C_LEGIT_1352,M_060,0,3,0,1,1,0,NONE
TXN_001376,U_LEGIT_0172,109.57,444,D_LEGIT_0031,IP_LEGIT_1151,C_LEGIT_0798,M_111,0,2,0,2,1,0,NONE
TXN_009868,U_BURST_018,953.42,1,D_BURST_004,IP_BURST_SUBNET_01,C_BURST_029,M_043,21,29,4,3,1,1,ACCOUNT_BURST
TXN_009292,U_INDIV_0076,1523.4,4,D_INDIV_0078,IP_INDIV_0141,C_INDIV_0128,M_024,6,50,7,3,7,1,INDIVIDUAL_FRAUD
TXN_001690,U_LEGIT_1824,61.0,737,D_LEGIT_1581,IP_LEGIT_1575,C_LEGIT_2033,M_044,0,3,0,2,1,0,NONE
TXN_005281,U_LEGIT_0288,186.23,197,D_LEGIT_0112,IP_LEGIT_1680,C_LEGIT_0851,M_038,1,1,0,2,1,0,NONE
TXN_005914,U_LEGIT_1228,118.3,445,D_LEGIT_1883,IP_LEGIT_0908,C_LEGIT_2688,M_027,0,3,0,1,1,0,NONE
TXN_008560,U_LEGIT_1473,115.94,888,D_LEGIT_0071,IP_LEGIT_1907,C_LEGIT_1057,M_009,0,4,0,1,2,0,NONE
TXN_005723,U_LEGIT_2496,207.27,862,D_LEGIT_0618,IP_LEGIT_1372,C_LEGIT_0627,M_030,0,5,0,1,2,0,NONE
TXN_007012,U_LEGIT_0971,156.11,951,D_LEGIT_1005,IP_LEGIT_0065,C_LEGIT_0334,M_080,0,1,0,1,2,0,NONE
TXN_008706,U_LEGIT_2120,83.24,1081,D_LEGIT_1653,IP_LEGIT_1322,C_LEGIT_0286,M_015,0,2,0,1,2,0,NONE
TXN_004635,U_LEGIT_1460,226.98,933,D_LEGIT_0546,IP_SHARED_BENIGN_07,C_LEGIT_0442,M_148,0,3,0,2,1,0,NONE
TXN_008524,U_LEGIT_1991,187.41,195,D_LEGIT_0176,IP_LEGIT_1090,C_LEGIT_2900,M_073,0,5,0,2,1,0,NONE
TXN_005888,U_LEGIT_0909,220.46,1063,D_LEGIT_1279,IP_LEGIT_1722,C_LEGIT_2256,M_127,2,2,0,1,1,0,NONE
TXN_006721,U_LEGIT_2255,219.26,591,D_SHARED_BENIGN_03,IP_LEGIT_0468,C_LEGIT_1145,M_122,0,1,0,2,1,0,NONE
TXN_001217,U_LEGIT_1393,169.82,992,D_LEGIT_0383,IP_LEGIT_1965,C_LEGIT_2987,M_006,0,4,0,1,1,0,NONE
TXN_005215,U_LEGIT_1824,117.39,317,D_LEGIT_0331,IP_LEGIT_1866,C_LEGIT_0455,M_036,0,3,0,2,1,0,NONE
TXN_003969,U_LEGIT_0309,113.96,911,D_LEGIT_0139,IP_LEGIT_0093,C_LEGIT_1470,M_148,0,5,0,1,1,0,NONE
TXN_001307,U_LEGIT_1731,75.26,370,D_LEGIT_1258,IP_LEGIT_0473,C_LEGIT_2284,M_127,0,1,0,1,2,0,NONE
TXN_006992,U_LEGIT_1644,248.38,528,D_LEGIT_1923,IP_LEGIT_0426,C_LEGIT_0581,M_105,1,1,0,2,1,0,NONE
TXN_001657,U_LEGIT_2306,45.82,746,D_SHARED_BENIGN_07,IP_LEGIT_0666,C_LEGIT_1066,M_016,0,5,0,1,1,0,NONE
TXN_009219,U_INDIV_0095,957.16,6,D_INDIV_0171,IP_INDIV_0128,C_INDIV_0192,M_091,18,44,6,4,4,1,INDIVIDUAL_FRAUD
TXN_005854,U_LEGIT_1937,210.88,1124,D_SHARED_BENIGN_07,IP_LEGIT_1167,C_LEGIT_1559,M_119,2,2,0,2,1,0,NONE
TXN_007915,U_LEGIT_0316,197.29,804,D_SHARED_BENIGN_08,IP_LEGIT_0627,C_LEGIT_0602,M_071,0,1,0,2,1,0,NONE
TXN_003508,U_LEGIT_0001,217.39,1011,D_SHARED_BENIGN_04,IP_LEGIT_0315,C_LEGIT_2238,M_102,0,2,0,1,1,0,NONE
TXN_009488,U_INDIV_0014,829.05,7,D_INDIV_0053,IP_INDIV_0101,C_INDIV_0346,M_030,16,44,5,4,7,1,INDIVIDUAL_FRAUD
TXN_003446,U_LEGIT_0384,28.32,388,D_LEGIT_0526,IP_LEGIT_0917,C_LEGIT_1613,M_097,1,3,0,2,1,0,NONE
TXN_004258,U_LEGIT_0781,201.41,619,D_SHARED_BENIGN_08,IP_LEGIT_1554,C_LEGIT_0690,M_100,0,2,0,2,1,0,NONE
TXN_008015,U_LEGIT_2236,74.93,738,D_LEGIT_1358,IP_LEGIT_0144,C_LEGIT_0646,M_080,0,1,0,1,2,0,NONE
TXN_000224,U_LEGIT_0645,63.27,1072,D_LEGIT_0211,IP_LEGIT_1381,C_LEGIT_2961,M_030,0,1,0,2,1,0,NONE
TXN_009349,U_INDIV_0033,481.16,3,D_INDIV_0205,IP_INDIV_0107,C_INDIV_0094,M_086,14,40,7,4,6,1,INDIVIDUAL_FRAUD
TXN_004408,U_LEGIT_0579,231.71,742,D_SHARED_BENIGN_10,IP_LEGIT_1161,C_LEGIT_0332,M_068,0,2,0,1,1,0,NONE
TXN_009649,U_CYCLE_001,812.63,1,D_CYCLE_030,IP_CYCLE_016,C_STOLEN_POOL_05,M_097,12,32,8,2,8,1,CARD_CYCLING
TXN_000433,U_LEGIT_0366,23.1,1154,D_LEGIT_1253,IP_LEGIT_0828,C_LEGIT_0523,M_076,1,1,0,1,1,0,NONE
TXN_005734,U_LEGIT_0352,165.7,790,D_LEGIT_0226,IP_LEGIT_1542,C_LEGIT_1477,M_115,2,3,0,1,1,0,NONE
TXN_002249,U_LEGIT_0381,116.35,495,D_LEGIT_0602,IP_SHARED_BENIGN_06,C_LEGIT_1369,M_109,0,5,0,2,1,0,NONE
TXN_001037,U_LEGIT_1815,246.04,1183,D_SHARED_BENIGN_04,IP_LEGIT_1367,C_LEGIT_0706,M_070,0,4,0,1,1,0,NONE
TXN_007470,U_LEGIT_0074,192.33,87,D_LEGIT_1946,IP_LEGIT_0224,C_LEGIT_1290,M_141,0,5,0,2,1,0,NONE
TXN_007499,U_LEGIT_1044,42.65,156,D_SHARED_BENIGN_02,IP_SHARED_BENIGN_02,C_LEGIT_0725,M_086,0,1,0,1,1,0,NONE
TXN_006032,U_LEGIT_2287,13.92,844,D_LEGIT_1806,IP_LEGIT_1883,C_LEGIT_2555,M_066,0,3,0,1,2,0,NONE
TXN_005850,U_LEGIT_2278,189.61,399,D_LEGIT_1529,IP_LEGIT_1070,C_LEGIT_1478,M_043,0,1,1,1,2,0,NONE
TXN_000129,U_LEGIT_1852,169.62,162,D_LEGIT_1461,IP_LEGIT_0180,C_LEGIT_2794,M_082,0,3,0,1,1,0,NONE
TXN_008900,U_LEGIT_1616,54.65,1100,D_LEGIT_0499,IP_LEGIT_1699,C_LEGIT_1835,M_058,0,2,0,1,1,0,NONE
TXN_007098,U_LEGIT_1558,149.23,176,D_LEGIT_0672,IP_LEGIT_0105,C_LEGIT_1198,M_029,0,4,0,1,1,0,NONE
TXN_007521,U_LEGIT_1712,25.99,431,D_LEGIT_0347,IP_SHARED_BENIGN_08,C_LEGIT_0336,M_045,1,5,0,1,1,0,NONE
TXN_004596,U_LEGIT_1831,161.63,641,D_LEGIT_1011,IP_LEGIT_0631,C_LEGIT_0163,M_063,0,3,0,1,1,0,NONE
TXN_005142,U_LEGIT_0961,176.93,1191,D_LEGIT_1099,IP_LEGIT_1909,C_LEGIT_2306,M_052,0,1,0,2,1,0,NONE
TXN_001571,U_LEGIT_2029,145.86,384,D_LEGIT_1424,IP_LEGIT_1879,C_LEGIT_2701,M_001,0,3,0,2,1,0,NONE
TXN_001242,U_LEGIT_0493,66.23,666,D_LEGIT_0394,IP_LEGIT_0817,C_LEGIT_2218,M_039,0,3,0,1,1,0,NONE
TXN_003454,U_LEGIT_0896,36.76,1125,D_LEGIT_0319,IP_LEGIT_1620,C_LEGIT_0005,M_060,0,3,0,1,1,0,NONE
TXN_002343,U_LEGIT_1372,218.48,1021,D_LEGIT_0608,IP_LEGIT_0336,C_LEGIT_2353,M_133,1,5,0,1,1,0,NONE
TXN_008476,U_LEGIT_1921,76.95,511,D_LEGIT_0024,IP_SHARED_BENIGN_03,C_LEGIT_0180,M_080,0,1,0,1,1,0,NONE
TXN_007807,U_LEGIT_1460,223.5,997,D_LEGIT_0062,IP_LEGIT_0420,C_LEGIT_2406,M_066,0,5,0,1,2,0,NONE
TXN_003516,U_LEGIT_2441,74.51,569,D_LEGIT_1041,IP_LEGIT_1497,C_LEGIT_2826,M_025,1,1,0,1,2,0,NONE
TXN_006838,U_LEGIT_1379,48.49,1158,D_LEGIT_0563,IP_LEGIT_1306,C_LEGIT_0977,M_114,0,1,0,1,2,0,NONE
TXN_003675,U_LEGIT_1366,34.79,660,D_LEGIT_0524,IP_LEGIT_1652,C_LEGIT_1767,M_029,0,2,0,1,2,0,NONE
TXN_003680,U_LEGIT_1505,139.5,843,D_SHARED_BENIGN_05,IP_LEGIT_1313,C_LEGIT_0282,M_112,0,4,0,1,1,0,NONE
TXN_009591,U_FARM_009,433.47,1,D_FARM_HUB_01,IP_FARM_PROXY_01,C_FARM_029,M_126,12,26,4,1,6,1,DEVICE_FARM
TXN_005308,U_LEGIT_1466,43.61,100,D_LEGIT_0401,IP_SHARED_BENIGN_05,C_LEGIT_1341,M_094,0,2,0,1,1,0,NONE
TXN_001281,U_LEGIT_1744,213.97,1104,D_LEGIT_0374,IP_LEGIT_0582,C_LEGIT_1243,M_073,0,4,0,2,1,0,NONE
TXN_000289,U_LEGIT_0643,189.85,686,D_LEGIT_0962,IP_LEGIT_1781,C_LEGIT_0678,M_020,0,3,0,1,2,0,NONE
TXN_008443,U_LEGIT_2402,179.92,517,D_LEGIT_1667,IP_LEGIT_0683,C_LEGIT_1789,M_059,0,4,0,1,1,0,NONE
TXN_004765,U_LEGIT_0518,249.16,996,D_LEGIT_0445,IP_LEGIT_0194,C_LEGIT_0089,M_055,0,3,0,1,1,0,NONE
TXN_003236,U_LEGIT_0360,38.78,36,D_LEGIT_0735,IP_LEGIT_1683,C_LEGIT_1186,M_027,0,1,1,1,1,0,NONE
TXN_008136,U_LEGIT_0452,112.16,1003,D_LEGIT_1202,IP_LEGIT_0238,C_LEGIT_1669,M_114,0,3,1,2,1,0,NONE
TXN_000264,U_LEGIT_0508,240.45,1001,D_LEGIT_0496,IP_LEGIT_1217,C_LEGIT_1828,M_046,0,3,0,1,1,0,NONE
TXN_008815,U_LEGIT_1027,48.62,337,D_SHARED_BENIGN_06,IP_LEGIT_1910,C_LEGIT_2632,M_074,1,2,0,1,1,0,NONE
TXN_001700,U_LEGIT_0752,195.82,63,D_LEGIT_1819,IP_LEGIT_1867,C_LEGIT_2354,M_072,0,4,0,2,1,0,NONE
TXN_000303,U_LEGIT_0793,185.89,274,D_LEGIT_0364,IP_LEGIT_0153,C_LEGIT_0766,M_045,0,4,0,1,1,0,NONE
TXN_004860,U_LEGIT_1699,249.26,227,D_LEGIT_0051,IP_LEGIT_0634,C_LEGIT_2806,M_075,0,2,0,2,1,0,NONE
TXN_007343,U_LEGIT_0149,114.37,511,D_SHARED_BENIGN_09,IP_LEGIT_0888,C_LEGIT_0408,M_038,0,5,0,1,2,0,NONE
TXN_005139,U_LEGIT_1380,63.1,627,D_LEGIT_0280,IP_LEGIT_1769,C_LEGIT_0581,M_034,1,2,0,1,1,0,NONE
TXN_000269,U_LEGIT_1310,227.47,858,D_LEGIT_1478,IP_SHARED_BENIGN_08,C_LEGIT_1211,M_067,0,1,0,1,1,0,NONE
TXN_001854,U_LEGIT_2362,220.34,825,D_LEGIT_0695,IP_LEGIT_0316,C_LEGIT_1187,M_052,0,5,0,1,1,0,NONE
TXN_002420,U_LEGIT_2387,201.66,383,D_LEGIT_0494,IP_SHARED_BENIGN_10,C_LEGIT_1874,M_093,0,3,0,2,1,0,NONE
TXN_002762,U_LEGIT_0644,85.35,1017,D_LEGIT_0097,IP_LEGIT_1039,C_LEGIT_1827,M_140,0,5,0,1,1,0,NONE
TXN_006777,U_LEGIT_1657,133.25,209,D_LEGIT_0517,IP_LEGIT_0689,C_LEGIT_1379,M_051,0,5,0,1,1,0,NONE
TXN_001226,U_LEGIT_0109,235.87,1065,D_LEGIT_1550,IP_LEGIT_0399,C_LEGIT_0699,M_041,0,2,0,1,1,0,NONE
TXN_009847,U_BURST_009,894.1,1,D_BURST_008,IP_BURST_SUBNET_01,C_BURST_022,M_150,25,33,2,3,1,1,ACCOUNT_BURST
TXN_004960,U_LEGIT_1758,221.3,296,D_LEGIT_0053,IP_LEGIT_0770,C_LEGIT_0831,M_044,0,4,0,1,2,0,NONE
TXN_003170,U_LEGIT_2089,96.44,1064,D_LEGIT_0600,IP_LEGIT_1216,C_LEGIT_1718,M_073,0,2,0,1,1,0,NONE
TXN_000333,U_LEGIT_1484,110.5,778,D_LEGIT_0873,IP_LEGIT_0520,C_LEGIT_1071,M_138,0,4,0,2,2,0,NONE
TXN_009054,U_INDIV_0088,1964.9,6,D_INDIV_0063,IP_INDIV_0166,C_INDIV_0264,M_031,13,39,9,5,3,1,INDIVIDUAL_FRAUD
TXN_003802,U_LEGIT_0860,232.9,140,D_LEGIT_0053,IP_LEGIT_1250,C_LEGIT_2941,M_025,0,1,0,1,2,0,NONE
TXN_009428,U_INDIV_0021,2996.19,1,D_INDIV_0106,IP_INDIV_0306,C_INDIV_0115,M_148,16,28,7,3,4,1,INDIVIDUAL_FRAUD
TXN_007351,U_LEGIT_0224,189.87,479,D_LEGIT_1314,IP_LEGIT_0299,C_LEGIT_1743,M_086,0,3,0,1,2,0,NONE
TXN_008352,U_LEGIT_0998,44.19,111,D_LEGIT_0136,IP_LEGIT_1764,C_LEGIT_1663,M_112,0,2,0,1,1,0,NONE
TXN_007023,U_LEGIT_0879,122.63,438,D_LEGIT_0002,IP_LEGIT_1907,C_LEGIT_1632,M_012,0,4,0,1,2,0,NONE
TXN_005788,U_LEGIT_0988,245.44,750,D_LEGIT_1077,IP_SHARED_BENIGN_09,C_LEGIT_0225,M_139,0,4,1,1,1,0,NONE
TXN_007794,U_LEGIT_2392,187.79,906,D_LEGIT_1087,IP_LEGIT_1931,C_LEGIT_0699,M_100,0,3,0,1,1,0,NONE
TXN_002676,U_LEGIT_2461,71.11,496,D_LEGIT_1392,IP_SHARED_BENIGN_04,C_LEGIT_2618,M_015,0,1,0,2,1,0,NONE
TXN_007679,U_LEGIT_2096,19.97,785,D_LEGIT_1152,IP_LEGIT_0391,C_LEGIT_1600,M_103,0,2,0,1,1,0,NONE
TXN_003099,U_LEGIT_2283,115.09,492,D_LEGIT_1380,IP_LEGIT_0233,C_LEGIT_1192,M_011,0,2,0,2,1,0,NONE
TXN_007948,U_LEGIT_1724,103.49,618,D_LEGIT_0909,IP_LEGIT_1749,C_LEGIT_2624,M_038,1,3,1,1,2,0,NONE
TXN_005454,U_LEGIT_0753,190.99,316,D_LEGIT_1920,IP_LEGIT_1041,C_LEGIT_1952,M_069,0,2,0,1,1,0,NONE
TXN_000212,U_LEGIT_1477,103.91,655,D_LEGIT_0762,IP_LEGIT_1329,C_LEGIT_0678,M_014,0,2,0,1,1,0,NONE
TXN_005219,U_LEGIT_0415,191.76,1038,D_LEGIT_1415,IP_LEGIT_1328,C_LEGIT_2490,M_033,0,1,1,1,1,0,NONE
TXN_000816,U_LEGIT_1821,75.01,354,D_SHARED_BENIGN_06,IP_LEGIT_0959,C_LEGIT_2962,M_118,0,5,0,2,1,0,NONE
TXN_006891,U_LEGIT_0932,10.94,101,D_LEGIT_1472,IP_LEGIT_1576,C_LEGIT_1242,M_121,0,5,0,1,1,0,NONE
TXN_001121,U_LEGIT_0875,186.88,817,D_LEGIT_1736,IP_SHARED_BENIGN_08,C_LEGIT_1813,M_039,1,4,0,1,1,0,NONE
TXN_002871,U_LEGIT_0940,175.1,339,D_LEGIT_1719,IP_LEGIT_0238,C_LEGIT_2281,M_132,0,2,0,1,2,0,NONE
TXN_002466,U_LEGIT_0576,18.19,573,D_SHARED_BENIGN_04,IP_LEGIT_0723,C_LEGIT_0669,M_035,0,1,0,1,2,0,NONE
TXN_001555,U_LEGIT_0734,155.43,181,D_LEGIT_0904,IP_LEGIT_0948,C_LEGIT_2995,M_138,0,3,0,1,2,0,NONE
TXN_003377,U_LEGIT_0491,65.7,343,D_SHARED_BENIGN_09,IP_LEGIT_0686,C_LEGIT_0439,M_065,0,3,0,1,1,0,NONE
TXN_008087,U_LEGIT_0655,61.04,1191,D_LEGIT_0012,IP_LEGIT_0714,C_LEGIT_1055,M_106,0,5,0,1,1,0,NONE
TXN_005187,U_LEGIT_1947,94.88,999,D_LEGIT_1130,IP_LEGIT_0895,C_LEGIT_1646,M_083,1,5,0,1,2,0,NONE
TXN_000901,U_LEGIT_1421,141.49,580,D_LEGIT_1397,IP_LEGIT_0425,C_LEGIT_1402,M_129,0,2,0,2,1,0,NONE
TXN_009587,U_FARM_028,421.87,1,D_FARM_HUB_02,IP_FARM_PROXY_01,C_FARM_050,M_068,21,66,4,1,3,1,DEVICE_FARM
TXN_006154,U_LEGIT_2378,134.41,778,D_LEGIT_1439,IP_LEGIT_1199,C_LEGIT_0800,M_093,0,2,0,2,1,0,NONE
TXN_006729,U_LEGIT_1677,242.39,1038,D_LEGIT_0412,IP_LEGIT_1188,C_LEGIT_1624,M_048,0,1,0,1,1,0,NONE
TXN_000864,U_LEGIT_0802,39.89,211,D_LEGIT_0311,IP_LEGIT_0384,C_LEGIT_2035,M_073,1,2,0,1,2,0,NONE
TXN_004345,U_LEGIT_2055,67.69,626,D_LEGIT_1569,IP_LEGIT_1980,C_LEGIT_0153,M_048,0,1,0,1,2,0,NONE
TXN_000215,U_LEGIT_2173,160.0,340,D_LEGIT_1250,IP_LEGIT_0902,C_LEGIT_1439,M_055,1,5,0,1,1,0,NONE
TXN_004028,U_LEGIT_2348,86.9,1018,D_LEGIT_1795,IP_LEGIT_1158,C_LEGIT_0685,M_040,0,4,0,1,2,0,NONE
TXN_009785,U_BURST_010,535.38,1,D_BURST_011,IP_BURST_SUBNET_02,C_BURST_001,M_062,15,24,3,3,2,1,ACCOUNT_BURST
TXN_008518,U_LEGIT_0418,226.8,1114,D_LEGIT_1392,IP_LEGIT_1736,C_LEGIT_2067,M_112,0,4,0,1,1,0,NONE
TXN_001275,U_LEGIT_1450,122.44,153,D_LEGIT_0785,IP_LEGIT_1942,C_LEGIT_0500,M_135,0,2,0,1,1,0,NONE
TXN_001131,U_LEGIT_0991,67.48,388,D_LEGIT_1709,IP_LEGIT_1604,C_LEGIT_1144,M_119,0,2,0,1,1,0,NONE
TXN_002966,U_LEGIT_1010,85.09,662,D_LEGIT_0812,IP_LEGIT_0476,C_LEGIT_2354,M_018,2,3,0,1,1,0,NONE
TXN_006628,U_LEGIT_0739,37.98,941,D_LEGIT_0388,IP_LEGIT_0802,C_LEGIT_0471,M_136,0,1,0,1,1,0,NONE
TXN_008271,U_LEGIT_1352,147.68,220,D_LEGIT_1158,IP_LEGIT_0513,C_LEGIT_1498,M_129,0,2,0,1,1,0,NONE
TXN_001220,U_LEGIT_0501,30.89,961,D_LEGIT_0455,IP_LEGIT_1651,C_LEGIT_0419,M_024,0,1,0,1,1,0,NONE
TXN_008159,U_LEGIT_1490,246.16,279,D_LEGIT_0154,IP_LEGIT_0933,C_LEGIT_0021,M_146,0,2,0,2,1,0,NONE
TXN_009424,U_INDIV_0174,625.48,7,D_INDIV_0075,IP_INDIV_0253,C_INDIV_0127,M_075,9,17,9,4,3,1,INDIVIDUAL_FRAUD
TXN_008520,U_LEGIT_0918,134.77,1122,D_LEGIT_1237,IP_LEGIT_1392,C_LEGIT_2217,M_034,0,5,0,1,2,0,NONE
TXN_005616,U_LEGIT_0816,163.18,1022,D_LEGIT_1610,IP_LEGIT_0838,C_LEGIT_0071,M_079,0,1,0,1,1,0,NONE
TXN_004308,U_LEGIT_0909,148.72,982,D_LEGIT_0407,IP_LEGIT_0530,C_LEGIT_1593,M_110,0,4,0,2,1,0,NONE
TXN_002188,U_LEGIT_1225,101.29,738,D_LEGIT_0958,IP_LEGIT_1194,C_LEGIT_1688,M_041,0,5,0,1,1,0,NONE
TXN_001098,U_LEGIT_0888,234.4,940,D_LEGIT_0195,IP_SHARED_BENIGN_03,C_LEGIT_2431,M_008,0,2,0,2,1,0,NONE
TXN_003994,U_LEGIT_1334,203.54,67,D_LEGIT_0170,IP_LEGIT_1571,C_LEGIT_2321,M_100,0,1,0,2,1,0,NONE
TXN_004167,U_LEGIT_0966,181.88,815,D_LEGIT_0342,IP_SHARED_BENIGN_10,C_LEGIT_0963,M_148,2,1,0,1,1,0,NONE
TXN_005029,U_LEGIT_0533,178.27,966,D_LEGIT_0324,IP_LEGIT_0461,C_LEGIT_2535,M_047,0,1,0,2,1,0,NONE
TXN_007325,U_LEGIT_0741,36.0,142,D_LEGIT_1032,IP_LEGIT_1822,C_LEGIT_2644,M_002,0,1,1,1,2,0,NONE
TXN_008503,U_LEGIT_0013,87.62,806,D_SHARED_BENIGN_01,IP_SHARED_BENIGN_01,C_LEGIT_2433,M_071,0,3,0,2,2,0,NONE
TXN_008355,U_LEGIT_1536,216.03,340,D_LEGIT_0872,IP_LEGIT_0620,C_LEGIT_1029,M_068,0,1,0,1,1,0,NONE
TXN_008721,U_LEGIT_1893,198.48,356,D_LEGIT_1173,IP_LEGIT_0090,C_LEGIT_2171,M_096,0,2,0,2,1,0,NONE
TXN_003859,U_LEGIT_1301,139.49,857,D_LEGIT_1556,IP_LEGIT_0684,C_LEGIT_2171,M_002,1,5,0,1,1,0,NONE
TXN_003522,U_LEGIT_0153,224.9,948,D_SHARED_BENIGN_06,IP_LEGIT_1419,C_LEGIT_0163,M_101,1,3,0,2,1,0,NONE
TXN_009549,U_FARM_007,222.94,4,D_FARM_HUB_01,IP_FARM_PROXY_01,C_FARM_042,M_091,8,59,5,1,3,1,DEVICE_FARM
TXN_009124,U_INDIV_0141,2902.62,2,D_INDIV_0191,IP_INDIV_0077,C_INDIV_0388,M_111,9,16,8,3,6,1,INDIVIDUAL_FRAUD
TXN_008615,U_LEGIT_0729,8.21,163,D_SHARED_BENIGN_04,IP_LEGIT_0041,C_LEGIT_2976,M_078,0,3,0,2,2,0,NONE
TXN_008453,U_LEGIT_2135,120.09,640,D_SHARED_BENIGN_03,IP_LEGIT_0356,C_LEGIT_1054,M_091,0,2,0,1,1,0,NONE
TXN_003918,U_LEGIT_2389,167.74,348,D_LEGIT_0795,IP_SHARED_BENIGN_01,C_LEGIT_0276,M_142,0,5,0,2,1,0,NONE
TXN_007652,U_LEGIT_0230,149.54,1040,D_LEGIT_1308,IP_LEGIT_0096,C_LEGIT_1276,M_150,0,3,0,1,1,0,NONE
TXN_006383,U_LEGIT_0397,110.93,83,D_LEGIT_0317,IP_LEGIT_0630,C_LEGIT_0136,M_052,0,2,0,1,2,0,NONE
TXN_004836,U_LEGIT_0779,45.83,624,D_LEGIT_1770,IP_LEGIT_0224,C_LEGIT_1438,M_092,0,1,0,1,1,0,NONE
TXN_007528,U_LEGIT_2248,179.71,829,D_LEGIT_0156,IP_LEGIT_1957,C_LEGIT_1687,M_088,0,1,0,1,1,0,NONE
TXN_000150,U_LEGIT_0448,62.61,506,D_LEGIT_1202,IP_LEGIT_0104,C_LEGIT_2744,M_136,0,4,0,2,1,0,NONE
TXN_009844,U_BURST_016,845.59,1,D_BURST_020,IP_BURST_SUBNET_01,C_BURST_009,M_094,14,15,2,3,3,1,ACCOUNT_BURST
TXN_005442,U_LEGIT_1628,147.51,791,D_LEGIT_1240,IP_LEGIT_1811,C_LEGIT_0817,M_128,0,3,0,1,1,0,NONE
TXN_005470,U_LEGIT_1033,245.04,482,D_LEGIT_0667,IP_LEGIT_0506,C_LEGIT_1483,M_035,0,2,1,2,2,0,NONE
TXN_008741,U_LEGIT_0751,188.14,116,D_LEGIT_0604,IP_LEGIT_1617,C_LEGIT_2804,M_062,0,4,0,1,1,0,NONE
TXN_006829,U_LEGIT_1608,57.51,307,D_LEGIT_1897,IP_LEGIT_1596,C_LEGIT_1805,M_027,0,1,0,1,2,0,NONE
TXN_005103,U_LEGIT_2298,91.17,828,D_LEGIT_0806,IP_SHARED_BENIGN_04,C_LEGIT_1257,M_012,0,5,1,1,1,0,NONE
TXN_007400,U_LEGIT_0953,46.92,613,D_LEGIT_0919,IP_LEGIT_0426,C_LEGIT_1167,M_097,0,3,0,2,1,0,NONE
TXN_002379,U_LEGIT_1485,186.55,612,D_LEGIT_0496,IP_LEGIT_1920,C_LEGIT_0376,M_044,1,3,0,1,1,0,NONE
TXN_006186,U_LEGIT_0290,234.98,723,D_LEGIT_1167,IP_LEGIT_0320,C_LEGIT_0874,M_060,0,1,1,1,1,0,NONE
TXN_007675,U_LEGIT_2128,105.74,517,D_LEGIT_1215,IP_LEGIT_0476,C_LEGIT_2401,M_032,1,5,1,2,1,0,NONE
TXN_007958,U_LEGIT_1789,137.5,489,D_SHARED_BENIGN_07,IP_SHARED_BENIGN_04,C_LEGIT_0007,M_003,0,3,0,1,2,0,NONE
TXN_002837,U_LEGIT_2305,198.34,843,D_LEGIT_1736,IP_LEGIT_0672,C_LEGIT_0664,M_054,0,5,0,1,1,0,NONE
TXN_002550,U_LEGIT_1345,171.4,723,D_LEGIT_0537,IP_LEGIT_0929,C_LEGIT_1588,M_027,0,3,0,1,1,0,NONE
TXN_005532,U_LEGIT_0898,56.21,846,D_LEGIT_1600,IP_SHARED_BENIGN_02,C_LEGIT_2079,M_012,1,2,0,2,1,0,NONE
TXN_008190,U_LEGIT_1384,72.02,105,D_LEGIT_0163,IP_LEGIT_1963,C_LEGIT_1394,M_097,0,5,0,1,1,0,NONE
TXN_005105,U_LEGIT_1843,26.32,768,D_LEGIT_0591,IP_SHARED_BENIGN_08,C_LEGIT_1989,M_007,0,5,0,1,1,0,NONE
TXN_005313,U_LEGIT_0697,203.59,143,D_LEGIT_0717,IP_LEGIT_0103,C_LEGIT_2085,M_004,0,4,0,2,1,0,NONE
TXN_005417,U_LEGIT_1077,148.2,539,D_LEGIT_0797,IP_LEGIT_1481,C_LEGIT_1474,M_127,0,1,0,1,1,0,NONE
TXN_001206,U_LEGIT_0339,164.71,147,D_LEGIT_0985,IP_LEGIT_0202,C_LEGIT_1799,M_138,0,5,0,1,1,0,NONE
TXN_003952,U_LEGIT_0212,196.49,922,D_LEGIT_0649,IP_LEGIT_1089,C_LEGIT_2824,M_111,0,2,0,1,2,0,NONE
TXN_000077,U_LEGIT_1173,158.26,310,D_LEGIT_0472,IP_LEGIT_0722,C_LEGIT_0898,M_049,0,1,0,2,1,0,NONE
TXN_004361,U_LEGIT_1799,120.81,1072,D_LEGIT_1628,IP_LEGIT_0271,C_LEGIT_1906,M_113,0,4,0,1,1,0,NONE
TXN_001499,U_LEGIT_0829,129.53,1092,D_LEGIT_0603,IP_LEGIT_1797,C_LEGIT_0076,M_079,0,5,0,1,1,0,NONE
TXN_004407,U_LEGIT_0536,60.14,766,D_LEGIT_0806,IP_SHARED_BENIGN_09,C_LEGIT_1188,M_106,0,3,0,1,1,0,NONE
TXN_001938,U_LEGIT_1753,44.69,1085,D_LEGIT_1239,IP_LEGIT_0009,C_LEGIT_0830,M_002,0,2,0,2,1,0,NONE
TXN_004320,U_LEGIT_2362,220.82,808,D_LEGIT_1955,IP_LEGIT_0619,C_LEGIT_0568,M_120,0,4,0,2,1,0,NONE
TXN_004321,U_LEGIT_0992,142.51,888,D_LEGIT_0574,IP_LEGIT_1506,C_LEGIT_1537,M_113,0,4,0,1,1,0,NONE
TXN_006493,U_LEGIT_1745,136.34,762,D_LEGIT_1333,IP_LEGIT_1181,C_LEGIT_1893,M_071,0,5,0,2,1,0,NONE
TXN_006410,U_LEGIT_1843,129.8,760,D_SHARED_BENIGN_07,IP_LEGIT_1374,C_LEGIT_2476,M_142,1,3,0,1,2,0,NONE
TXN_005696,U_LEGIT_0287,224.54,874,D_LEGIT_0767,IP_LEGIT_1471,C_LEGIT_0919,M_108,0,2,0,1,1,0,NONE
TXN_003237,U_LEGIT_1357,122.42,327,D_LEGIT_1237,IP_LEGIT_0436,C_LEGIT_0886,M_040,0,4,0,1,2,0,NONE
TXN_000406,U_LEGIT_1262,36.45,299,D_LEGIT_1575,IP_LEGIT_0592,C_LEGIT_2566,M_047,1,1,0,1,1,0,NONE
TXN_005805,U_LEGIT_1464,78.79,660,D_LEGIT_1985,IP_LEGIT_0145,C_LEGIT_2179,M_066,0,4,0,1,1,0,NONE
TXN_003977,U_LEGIT_0584,191.0,693,D_LEGIT_0290,IP_LEGIT_0630,C_LEGIT_1552,M_022,1,2,0,1,1,0,NONE
TXN_002503,U_LEGIT_0052,214.86,1155,D_SHARED_BENIGN_08,IP_LEGIT_1469,C_LEGIT_0571,M_042,1,1,0,1,1,0,NONE
TXN_007483,U_LEGIT_1033,197.11,934,D_LEGIT_1804,IP_LEGIT_1017,C_LEGIT_2154,M_114,0,3,0,1,1,0,NONE
TXN_004283,U_LEGIT_0501,58.38,41,D_LEGIT_1983,IP_LEGIT_0780,C_LEGIT_1412,M_045,0,2,0,1,1,0,NONE
TXN_005448,U_LEGIT_2015,79.74,796,D_LEGIT_0878,IP_LEGIT_0184,C_LEGIT_2353,M_137,0,1,0,1,1,0,NONE
TXN_002838,U_LEGIT_0247,8.22,1177,D_LEGIT_1362,IP_LEGIT_0552,C_LEGIT_0156,M_113,0,1,0,1,1,0,NONE
TXN_009684,U_CYCLE_001,342.68,3,D_CYCLE_030,IP_CYCLE_024,C_STOLEN_POOL_02,M_041,10,31,5,2,6,1,CARD_CYCLING
TXN_009595,U_FARM_009,303.68,1,D_FARM_HUB_02,IP_FARM_PROXY_01,C_FARM_026,M_028,9,56,3,1,3,1,DEVICE_FARM
TXN_008847,U_LEGIT_0709,55.63,73,D_SHARED_BENIGN_10,IP_SHARED_BENIGN_09,C_LEGIT_2171,M_092,0,5,0,1,2,0,NONE
TXN_004100,U_LEGIT_1589,200.68,1132,D_LEGIT_0824,IP_LEGIT_0549,C_LEGIT_1695,M_080,0,2,0,1,2,0,NONE
TXN_005432,U_LEGIT_0226,159.04,430,D_LEGIT_1695,IP_LEGIT_1495,C_LEGIT_1680,M_006,0,1,0,1,1,0,NONE
TXN_006858,U_LEGIT_1378,68.87,261,D_SHARED_BENIGN_08,IP_LEGIT_1650,C_LEGIT_0103,M_047,1,5,0,1,1,0,NONE
TXN_006840,U_LEGIT_2268,211.64,758,D_LEGIT_1364,IP_LEGIT_0959,C_LEGIT_1809,M_019,0,1,0,1,1,0,NONE
TXN_005981,U_LEGIT_0904,191.57,281,D_LEGIT_1024,IP_LEGIT_0730,C_LEGIT_0496,M_141,0,3,0,1,1,0,NONE
TXN_007279,U_LEGIT_0930,100.91,1010,D_LEGIT_0300,IP_LEGIT_1680,C_LEGIT_2608,M_043,0,5,0,1,1,0,NONE
TXN_003904,U_LEGIT_0287,92.35,1081,D_LEGIT_0141,IP_LEGIT_1948,C_LEGIT_2803,M_056,0,1,0,1,1,0,NONE
TXN_007873,U_LEGIT_0926,153.79,366,D_LEGIT_1626,IP_LEGIT_0100,C_LEGIT_0107,M_020,0,5,0,1,1,0,NONE
TXN_001489,U_LEGIT_0699,38.75,636,D_LEGIT_0444,IP_LEGIT_1880,C_LEGIT_0540,M_012,0,5,0,1,1,0,NONE
TXN_002796,U_LEGIT_0256,19.98,44,D_LEGIT_1017,IP_LEGIT_0894,C_LEGIT_1852,M_126,0,2,1,2,2,0,NONE
TXN_008924,U_LEGIT_2319,199.76,70,D_LEGIT_0800,IP_LEGIT_1922,C_LEGIT_2082,M_058,1,5,0,1,1,0,NONE
TXN_002280,U_LEGIT_0709,40.58,522,D_LEGIT_0098,IP_SHARED_BENIGN_07,C_LEGIT_0044,M_116,0,2,0,1,1,0,NONE
TXN_009795,U_BURST_014,973.76,1,D_BURST_006,IP_BURST_SUBNET_02,C_BURST_006,M_117,25,29,3,2,2,1,ACCOUNT_BURST
TXN_005427,U_LEGIT_1394,247.9,1006,D_LEGIT_1478,IP_LEGIT_0098,C_LEGIT_0336,M_145,0,1,0,1,1,0,NONE
TXN_007298,U_LEGIT_0690,84.77,453,D_LEGIT_0255,IP_LEGIT_1855,C_LEGIT_1566,M_059,0,2,0,1,1,0,NONE
TXN_000525,U_LEGIT_0828,50.59,116,D_LEGIT_0280,IP_SHARED_BENIGN_05,C_LEGIT_2698,M_141,1,4,0,1,1,0,NONE
TXN_003139,U_LEGIT_1069,42.72,133,D_LEGIT_1331,IP_LEGIT_0135,C_LEGIT_2530,M_074,2,3,1,1,1,0,NONE
TXN_001303,U_LEGIT_0094,216.08,698,D_LEGIT_1399,IP_LEGIT_1075,C_LEGIT_0576,M_087,2,2,0,2,1,0,NONE
TXN_005959,U_LEGIT_0008,233.39,531,D_LEGIT_1223,IP_LEGIT_1786,C_LEGIT_1995,M_045,0,5,0,1,1,0,NONE
TXN_007548,U_LEGIT_0684,53.26,976,D_LEGIT_0926,IP_LEGIT_1560,C_LEGIT_0482,M_017,1,1,0,1,1,0,NONE
TXN_007625,U_LEGIT_1463,89.87,813,D_SHARED_BENIGN_05,IP_LEGIT_0844,C_LEGIT_2820,M_127,2,5,0,1,1,0,NONE
TXN_005615,U_LEGIT_0576,88.6,189,D_LEGIT_1718,IP_LEGIT_0156,C_LEGIT_1850,M_127,0,3,0,1,1,0,NONE
TXN_007056,U_LEGIT_2314,210.19,260,D_LEGIT_0139,IP_LEGIT_1070,C_LEGIT_2857,M_082,0,2,0,2,2,0,NONE
TXN_004469,U_LEGIT_0122,16.83,276,D_LEGIT_1779,IP_LEGIT_0368,C_LEGIT_1046,M_103,1,2,0,1,1,0,NONE
TXN_002160,U_LEGIT_0925,88.67,1053,D_LEGIT_1189,IP_LEGIT_1533,C_LEGIT_2960,M_116,1,3,1,1,1,0,NONE
TXN_009339,U_INDIV_0073,1069.76,1,D_INDIV_0218,IP_INDIV_0318,C_INDIV_0223,M_012,18,31,3,7,8,1,INDIVIDUAL_FRAUD
TXN_007578,U_LEGIT_1349,207.3,987,D_LEGIT_0240,IP_LEGIT_0581,C_LEGIT_0047,M_014,0,4,0,1,1,0,NONE
TXN_009172,U_INDIV_0081,773.15,6,D_INDIV_0039,IP_INDIV_0382,C_INDIV_0379,M_069,8,21,7,3,7,1,INDIVIDUAL_FRAUD
TXN_001043,U_LEGIT_0349,229.86,257,D_LEGIT_0142,IP_LEGIT_1279,C_LEGIT_1230,M_101,2,2,1,1,1,0,NONE
TXN_001572,U_LEGIT_1311,138.11,959,D_LEGIT_0719,IP_LEGIT_1448,C_LEGIT_0972,M_085,0,4,0,1,1,0,NONE
TXN_005359,U_LEGIT_0691,185.18,798,D_LEGIT_1701,IP_LEGIT_1360,C_LEGIT_1321,M_064,0,5,0,1,2,0,NONE
TXN_006727,U_LEGIT_1637,203.12,709,D_LEGIT_1378,IP_LEGIT_1285,C_LEGIT_2307,M_077,0,2,0,2,1,0,NONE
TXN_006866,U_LEGIT_0606,43.34,404,D_SHARED_BENIGN_10,IP_LEGIT_1851,C_LEGIT_2624,M_138,0,2,0,2,1,0,NONE
TXN_003742,U_LEGIT_0808,214.08,348,D_LEGIT_0516,IP_LEGIT_0608,C_LEGIT_2487,M_027,0,1,0,2,1,0,NONE
TXN_009387,U_INDIV_0062,1481.85,1,D_INDIV_0190,IP_INDIV_0299,C_INDIV_0070,M_078,8,18,7,5,4,1,INDIVIDUAL_FRAUD
TXN_006918,U_LEGIT_0979,49.75,359,D_LEGIT_0604,IP_SHARED_BENIGN_02,C_LEGIT_2490,M_068,0,2,0,1,1,0,NONE
TXN_008683,U_LEGIT_2338,216.76,211,D_LEGIT_1114,IP_LEGIT_1373,C_LEGIT_2512,M_010,0,2,0,1,1,0,NONE
TXN_006111,U_LEGIT_0155,135.91,311,D_LEGIT_1707,IP_LEGIT_1877,C_LEGIT_1908,M_020,0,1,0,1,2,0,NONE
TXN_000790,U_LEGIT_1093,28.34,913,D_SHARED_BENIGN_09,IP_LEGIT_0544,C_LEGIT_0485,M_141,0,4,0,1,1,0,NONE
TXN_009283,U_INDIV_0178,589.16,4,D_INDIV_0191,IP_INDIV_0114,C_INDIV_0077,M_076,9,40,3,5,7,1,INDIVIDUAL_FRAUD
TXN_006610,U_LEGIT_1130,117.72,489,D_LEGIT_0768,IP_LEGIT_1130,C_LEGIT_0095,M_006,0,4,0,1,1,0,NONE
TXN_007863,U_LEGIT_0891,78.34,741,D_LEGIT_1094,IP_LEGIT_0151,C_LEGIT_0543,M_108,0,4,0,2,2,0,NONE
TXN_003480,U_LEGIT_0682,22.54,682,D_LEGIT_1029,IP_SHARED_BENIGN_05,C_LEGIT_2876,M_060,0,4,0,1,1,0,NONE
TXN_001820,U_LEGIT_0089,60.91,1051,D_SHARED_BENIGN_04,IP_LEGIT_1256,C_LEGIT_1308,M_123,0,2,0,1,2,0,NONE
TXN_003577,U_LEGIT_1646,113.24,810,D_LEGIT_0910,IP_LEGIT_1125,C_LEGIT_1899,M_016,0,2,0,1,1,0,NONE
TXN_009647,U_CYCLE_025,373.45,1,D_CYCLE_028,IP_CYCLE_009,C_STOLEN_POOL_05,M_129,12,27,3,5,6,1,CARD_CYCLING
TXN_000801,U_LEGIT_1776,34.67,47,D_LEGIT_1161,IP_LEGIT_1623,C_LEGIT_1422,M_074,0,2,0,1,1,0,NONE
TXN_007222,U_LEGIT_1618,192.11,360,D_SHARED_BENIGN_10,IP_LEGIT_1065,C_LEGIT_2926,M_133,0,4,0,1,1,0,NONE
TXN_002849,U_LEGIT_0094,101.29,606,D_LEGIT_0513,IP_SHARED_BENIGN_03,C_LEGIT_1731,M_004,0,3,0,1,1,0,NONE
TXN_009356,U_INDIV_0096,1488.59,3,D_INDIV_0333,IP_INDIV_0032,C_INDIV_0393,M_128,15,46,9,4,4,1,INDIVIDUAL_FRAUD
TXN_002345,U_LEGIT_1974,71.46,190,D_LEGIT_1882,IP_LEGIT_0972,C_LEGIT_0739,M_021,0,4,0,1,1,0,NONE
TXN_001759,U_LEGIT_1631,44.16,1040,D_LEGIT_0322,IP_LEGIT_1223,C_LEGIT_2810,M_095,0,1,0,2,2,0,NONE
TXN_009489,U_INDIV_0056,2767.29,7,D_INDIV_0253,IP_INDIV_0172,C_INDIV_0276,M_040,16,41,3,4,4,1,INDIVIDUAL_FRAUD
TXN_007415,U_LEGIT_2103,13.51,725,D_SHARED_BENIGN_02,IP_LEGIT_1543,C_LEGIT_2292,M_127,0,5,0,1,1,0,NONE
TXN_007876,U_LEGIT_0729,24.89,512,D_SHARED_BENIGN_04,IP_LEGIT_0008,C_LEGIT_0654,M_117,0,4,0,1,1,0,NONE
TXN_007517,U_LEGIT_1631,65.55,875,D_LEGIT_1756,IP_LEGIT_1398,C_LEGIT_0783,M_109,0,5,0,1,2,0,NONE
TXN_000981,U_LEGIT_0518,52.19,1076,D_LEGIT_0629,IP_LEGIT_1134,C_LEGIT_0340,M_130,0,2,0,1,1,0,NONE
TXN_001949,U_LEGIT_0037,181.7,565,D_SHARED_BENIGN_01,IP_LEGIT_0715,C_LEGIT_2296,M_147,0,3,0,1,1,0,NONE
TXN_003135,U_LEGIT_2058,119.4,710,D_LEGIT_0183,IP_LEGIT_0308,C_LEGIT_2736,M_031,0,5,0,1,1,0,NONE
TXN_002386,U_LEGIT_1477,218.26,103,D_LEGIT_0240,IP_LEGIT_0221,C_LEGIT_2770,M_148,0,1,0,1,1,0,NONE
TXN_002665,U_LEGIT_2089,75.89,1132,D_LEGIT_0174,IP_LEGIT_1619,C_LEGIT_1869,M_058,0,1,0,2,1,0,NONE
TXN_002289,U_LEGIT_1897,61.49,941,D_LEGIT_1113,IP_LEGIT_0363,C_LEGIT_1647,M_011,0,5,0,1,1,0,NONE
TXN_003477,U_LEGIT_1432,202.8,213,D_LEGIT_0915,IP_LEGIT_1664,C_LEGIT_2904,M_112,1,2,0,1,1,0,NONE
TXN_008941,U_LEGIT_1714,22.44,237,D_LEGIT_0479,IP_LEGIT_0411,C_LEGIT_1503,M_124,0,1,0,2,1,0,NONE
TXN_006655,U_LEGIT_0709,85.13,721,D_LEGIT_0946,IP_SHARED_BENIGN_06,C_LEGIT_2870,M_031,1,2,1,1,1,0,NONE
TXN_007007,U_LEGIT_1101,128.4,796,D_LEGIT_0412,IP_LEGIT_0285,C_LEGIT_1098,M_017,0,1,0,2,1,0,NONE
TXN_003811,U_LEGIT_1370,221.16,1181,D_LEGIT_0962,IP_LEGIT_0535,C_LEGIT_2462,M_067,0,4,0,2,1,0,NONE
TXN_005431,U_LEGIT_1136,50.2,1110,D_LEGIT_0789,IP_LEGIT_0432,C_LEGIT_2056,M_022,1,1,0,1,2,0,NONE
TXN_009090,U_INDIV_0076,815.87,5,D_INDIV_0162,IP_INDIV_0196,C_INDIV_0291,M_073,18,47,4,4,8,1,INDIVIDUAL_FRAUD
TXN_000355,U_LEGIT_0684,14.38,843,D_LEGIT_0196,IP_SHARED_BENIGN_08,C_LEGIT_2247,M_014,0,1,0,1,1,0,NONE
TXN_003663,U_LEGIT_1577,224.56,1039,D_LEGIT_1247,IP_LEGIT_1294,C_LEGIT_0802,M_069,0,1,0,2,1,0,NONE
TXN_002561,U_LEGIT_2378,56.62,1000,D_SHARED_BENIGN_09,IP_LEGIT_1470,C_LEGIT_0209,M_076,0,3,0,1,1,0,NONE
TXN_001727,U_LEGIT_0634,79.99,985,D_LEGIT_0825,IP_SHARED_BENIGN_01,C_LEGIT_0273,M_075,1,2,0,1,1,0,NONE
TXN_009131,U_INDIV_0183,925.73,6,D_INDIV_0020,IP_INDIV_0215,C_INDIV_0288,M_080,11,47,3,6,3,1,INDIVIDUAL_FRAUD
TXN_009367,U_INDIV_0167,2677.93,7,D_INDIV_0070,IP_INDIV_0212,C_INDIV_0104,M_123,9,32,4,3,4,1,INDIVIDUAL_FRAUD
TXN_000376,U_LEGIT_0777,189.31,880,D_LEGIT_1346,IP_LEGIT_1281,C_LEGIT_0733,M_143,0,5,0,2,2,0,NONE
TXN_008177,U_LEGIT_0752,152.11,708,D_LEGIT_0552,IP_LEGIT_0260,C_LEGIT_2351,M_116,0,3,0,1,2,0,NONE
TXN_002161,U_LEGIT_0002,177.62,928,D_LEGIT_0576,IP_LEGIT_1759,C_LEGIT_0177,M_078,0,2,0,1,1,0,NONE
TXN_008057,U_LEGIT_0698,143.91,463,D_LEGIT_0418,IP_LEGIT_1863,C_LEGIT_2881,M_043,0,1,0,1,1,0,NONE
TXN_008133,U_LEGIT_1435,125.31,1127,D_LEGIT_1514,IP_LEGIT_0526,C_LEGIT_1978,M_029,0,4,0,2,1,0,NONE
TXN_006565,U_LEGIT_0930,26.06,555,D_LEGIT_0361,IP_SHARED_BENIGN_08,C_LEGIT_0401,M_029,0,1,0,1,1,0,NONE
TXN_000712,U_LEGIT_1169,237.5,774,D_LEGIT_1861,IP_LEGIT_0883,C_LEGIT_0758,M_065,0,1,0,1,1,0,NONE
TXN_007610,U_LEGIT_0685,84.13,456,D_SHARED_BENIGN_01,IP_LEGIT_1982,C_LEGIT_0921,M_032,0,1,0,1,1,0,NONE
TXN_004845,U_LEGIT_0367,26.36,207,D_LEGIT_1865,IP_LEGIT_1153,C_LEGIT_2787,M_085,0,3,0,1,2,0,NONE
TXN_003143,U_LEGIT_0182,209.41,620,D_LEGIT_0533,IP_LEGIT_1182,C_LEGIT_1143,M_135,0,1,0,1,1,0,NONE
TXN_007488,U_LEGIT_1983,148.83,850,D_LEGIT_1809,IP_LEGIT_1299,C_LEGIT_0436,M_077,0,3,1,1,1,0,NONE
TXN_001655,U_LEGIT_0330,173.83,97,D_LEGIT_0398,IP_LEGIT_1595,C_LEGIT_0162,M_088,0,2,0,2,2,0,NONE
TXN_006936,U_LEGIT_0546,37.33,139,D_LEGIT_1730,IP_LEGIT_1233,C_LEGIT_2216,M_007,0,3,0,1,1,0,NONE
TXN_008717,U_LEGIT_0765,89.51,830,D_LEGIT_1653,IP_LEGIT_0770,C_LEGIT_2640,M_042,0,4,0,2,1,0,NONE
TXN_005221,U_LEGIT_0651,24.11,44,D_LEGIT_0139,IP_SHARED_BENIGN_03,C_LEGIT_2897,M_101,0,1,0,1,2,0,NONE
TXN_006887,U_LEGIT_2217,167.78,298,D_LEGIT_0792,IP_LEGIT_0711,C_LEGIT_0074,M_089,0,4,0,1,1,0,NONE
TXN_005953,U_LEGIT_1094,125.96,367,D_LEGIT_0113,IP_LEGIT_1878,C_LEGIT_1396,M_098,0,4,0,1,1,0,NONE
TXN_001549,U_LEGIT_1253,124.8,1078,D_LEGIT_1704,IP_LEGIT_1898,C_LEGIT_1342,M_058,0,5,0,1,1,0,NONE
TXN_004876,U_LEGIT_0931,163.71,74,D_LEGIT_1986,IP_LEGIT_0893,C_LEGIT_2828,M_076,0,3,0,1,2,0,NONE
TXN_000451,U_LEGIT_1058,155.69,395,D_LEGIT_0543,IP_LEGIT_0143,C_LEGIT_2015,M_052,0,1,0,2,1,0,NONE
TXN_004848,U_LEGIT_0679,241.44,418,D_LEGIT_1039,IP_LEGIT_1930,C_LEGIT_1760,M_149,0,3,0,1,1,0,NONE
TXN_001836,U_LEGIT_1971,80.77,523,D_LEGIT_1093,IP_LEGIT_0469,C_LEGIT_2346,M_001,1,1,0,1,1,0,NONE
TXN_001375,U_LEGIT_0370,203.48,1139,D_LEGIT_1827,IP_LEGIT_0461,C_LEGIT_1156,M_001,0,4,0,1,2,0,NONE
TXN_008855,U_LEGIT_0791,60.25,1122,D_LEGIT_0797,IP_LEGIT_0300,C_LEGIT_0647,M_075,1,5,0,1,1,0,NONE
TXN_002120,U_LEGIT_1436,95.52,650,D_LEGIT_0654,IP_LEGIT_0076,C_LEGIT_1972,M_005,0,3,0,1,1,0,NONE
TXN_009342,U_INDIV_0162,1684.19,7,D_INDIV_0077,IP_INDIV_0164,C_INDIV_0004,M_058,12,36,7,5,3,1,INDIVIDUAL_FRAUD
TXN_003031,U_LEGIT_0349,153.21,347,D_LEGIT_1365,IP_LEGIT_0747,C_LEGIT_1377,M_143,0,3,0,1,1,0,NONE
TXN_003095,U_LEGIT_0156,83.25,1042,D_LEGIT_0841,IP_LEGIT_1338,C_LEGIT_0716,M_037,0,5,0,1,1,0,NONE
TXN_000870,U_LEGIT_2345,39.27,1135,D_LEGIT_1098,IP_LEGIT_1281,C_LEGIT_0452,M_085,0,1,0,1,1,0,NONE
TXN_006543,U_LEGIT_0458,167.82,973,D_LEGIT_1253,IP_LEGIT_0286,C_LEGIT_1604,M_091,0,3,0,1,1,0,NONE
TXN_000363,U_LEGIT_2022,120.21,94,D_LEGIT_0861,IP_LEGIT_1638,C_LEGIT_2042,M_096,0,2,0,2,1,0,NONE
TXN_005022,U_LEGIT_0183,204.02,426,D_LEGIT_0673,IP_LEGIT_1057,C_LEGIT_1390,M_010,1,1,0,2,1,0,NONE
TXN_006876,U_LEGIT_0503,119.11,108,D_LEGIT_1815,IP_LEGIT_1201,C_LEGIT_0689,M_015,0,4,0,1,2,0,NONE
TXN_000131,U_LEGIT_0270,207.25,181,D_LEGIT_1469,IP_LEGIT_1077,C_LEGIT_1683,M_105,0,3,0,2,2,0,NONE
TXN_001945,U_LEGIT_1213,55.13,574,D_SHARED_BENIGN_10,IP_LEGIT_0774,C_LEGIT_2147,M_061,0,5,0,1,1,0,NONE
TXN_004502,U_LEGIT_1494,163.66,714,D_LEGIT_1155,IP_SHARED_BENIGN_01,C_LEGIT_2073,M_077,0,1,0,1,1,0,NONE
TXN_000429,U_LEGIT_0999,204.97,912,D_LEGIT_1995,IP_LEGIT_0136,C_LEGIT_1396,M_054,0,4,0,1,1,0,NONE
TXN_002103,U_LEGIT_2159,132.45,904,D_LEGIT_0503,IP_LEGIT_0086,C_LEGIT_1790,M_131,0,3,0,2,2,0,NONE
TXN_008185,U_LEGIT_1154,104.73,706,D_LEGIT_0139,IP_LEGIT_1882,C_LEGIT_2541,M_144,0,4,0,1,2,0,NONE
TXN_001339,U_LEGIT_0679,71.45,229,D_LEGIT_1959,IP_LEGIT_0619,C_LEGIT_2030,M_038,0,1,0,1,1,0,NONE
TXN_002739,U_LEGIT_0082,169.8,850,D_LEGIT_0223,IP_LEGIT_1641,C_LEGIT_2083,M_068,0,5,0,1,2,0,NONE
TXN_007628,U_LEGIT_1790,108.87,518,D_LEGIT_1332,IP_LEGIT_0040,C_LEGIT_0490,M_135,0,1,0,2,1,0,NONE
TXN_009122,U_INDIV_0112,2494.97,6,D_INDIV_0313,IP_INDIV_0176,C_INDIV_0222,M_142,6,21,6,6,7,1,INDIVIDUAL_FRAUD
TXN_000672,U_LEGIT_2360,166.25,1180,D_LEGIT_1231,IP_SHARED_BENIGN_06,C_LEGIT_1545,M_098,1,4,0,1,1,0,NONE
TXN_000795,U_LEGIT_0581,243.8,187,D_LEGIT_1365,IP_LEGIT_0685,C_LEGIT_0086,M_046,0,1,0,2,1,0,NONE
TXN_007109,U_LEGIT_1376,67.43,199,D_LEGIT_0319,IP_LEGIT_1702,C_LEGIT_1831,M_065,0,2,0,2,1,0,NONE
TXN_001000,U_LEGIT_1204,67.51,347,D_LEGIT_1989,IP_SHARED_BENIGN_04,C_LEGIT_1813,M_011,0,3,0,1,1,0,NONE
TXN_003435,U_LEGIT_0508,48.74,1174,D_LEGIT_0782,IP_LEGIT_0490,C_LEGIT_1839,M_140,1,1,0,2,1,0,NONE
TXN_001002,U_LEGIT_1689,188.72,775,D_LEGIT_1063,IP_LEGIT_1285,C_LEGIT_2358,M_100,0,3,0,1,1,0,NONE
TXN_009529,U_FARM_029,322.01,1,D_FARM_HUB_02,IP_FARM_PROXY_01,C_FARM_002,M_059,16,43,7,1,6,1,DEVICE_FARM
TXN_001265,U_LEGIT_0763,221.69,768,D_LEGIT_1623,IP_LEGIT_0107,C_LEGIT_2849,M_069,0,4,0,1,2,0,NONE
TXN_000976,U_LEGIT_0337,68.45,543,D_LEGIT_1469,IP_LEGIT_1817,C_LEGIT_2520,M_027,0,3,0,2,1,0,NONE
TXN_002961,U_LEGIT_0246,93.81,142,D_LEGIT_0661,IP_LEGIT_1203,C_LEGIT_2851,M_037,0,4,0,1,1,0,NONE
TXN_002332,U_LEGIT_0209,10.86,128,D_LEGIT_1017,IP_LEGIT_0742,C_LEGIT_0116,M_046,0,3,0,1,1,0,NONE
TXN_007419,U_LEGIT_1866,200.51,500,D_SHARED_BENIGN_06,IP_LEGIT_0963,C_LEGIT_2994,M_068,0,3,0,1,1,0,NONE
TXN_004659,U_LEGIT_1383,179.42,379,D_LEGIT_0244,IP_LEGIT_0362,C_LEGIT_0305,M_030,0,4,0,1,1,0,NONE
TXN_006898,U_LEGIT_2368,125.06,37,D_LEGIT_1964,IP_SHARED_BENIGN_09,C_LEGIT_2661,M_018,0,1,0,1,1,0,NONE
TXN_000825,U_LEGIT_0093,178.19,169,D_LEGIT_1927,IP_LEGIT_1697,C_LEGIT_1030,M_100,1,2,1,1,1,0,NONE
TXN_006229,U_LEGIT_1540,31.51,1040,D_LEGIT_0036,IP_LEGIT_1265,C_LEGIT_1260,M_116,0,2,0,2,2,0,NONE
TXN_007208,U_LEGIT_0932,102.26,818,D_SHARED_BENIGN_03,IP_LEGIT_1086,C_LEGIT_1369,M_020,0,2,0,1,1,0,NONE
TXN_002025,U_LEGIT_0315,190.54,122,D_LEGIT_1764,IP_LEGIT_0549,C_LEGIT_2370,M_010,0,5,0,1,2,0,NONE
TXN_000087,U_LEGIT_0065,188.45,1005,D_LEGIT_0108,IP_LEGIT_0863,C_LEGIT_2155,M_030,0,3,0,1,2,0,NONE
TXN_003932,U_LEGIT_0555,211.01,780,D_LEGIT_1485,IP_LEGIT_1272,C_LEGIT_1825,M_108,0,2,0,1,2,0,NONE
TXN_003891,U_LEGIT_0125,41.67,1029,D_LEGIT_1751,IP_LEGIT_0453,C_LEGIT_0062,M_010,0,1,0,1,2,0,NONE
TXN_000318,U_LEGIT_1359,141.5,389,D_LEGIT_0948,IP_LEGIT_1587,C_LEGIT_1252,M_125,0,1,0,1,1,0,NONE
TXN_005983,U_LEGIT_2026,134.28,239,D_LEGIT_1467,IP_LEGIT_1127,C_LEGIT_1238,M_026,0,5,0,1,1,0,NONE
TXN_002163,U_LEGIT_0431,82.21,950,D_LEGIT_0992,IP_LEGIT_1180,C_LEGIT_1937,M_101,0,3,0,2,1,0,NONE
TXN_003998,U_LEGIT_1493,108.17,1118,D_LEGIT_0827,IP_LEGIT_1859,C_LEGIT_2263,M_101,0,3,0,1,1,0,NONE
TXN_004510,U_LEGIT_0514,185.56,595,D_LEGIT_0739,IP_LEGIT_1097,C_LEGIT_2718,M_009,0,5,0,1,1,0,NONE
TXN_008588,U_LEGIT_1009,17.29,416,D_LEGIT_0662,IP_LEGIT_1085,C_LEGIT_0561,M_043,0,4,0,1,1,0,NONE
TXN_001525,U_LEGIT_1821,115.7,1003,D_LEGIT_1816,IP_LEGIT_1765,C_LEGIT_2490,M_006,0,5,0,1,1,0,NONE
TXN_000103,U_LEGIT_0309,116.64,1186,D_LEGIT_1583,IP_LEGIT_0951,C_LEGIT_2310,M_149,0,5,0,1,1,0,NONE
TXN_007326,U_LEGIT_0119,214.72,533,D_LEGIT_1613,IP_LEGIT_0952,C_LEGIT_1801,M_140,0,4,0,1,2,0,NONE
TXN_007784,U_LEGIT_0241,194.1,354,D_LEGIT_1895,IP_LEGIT_0515,C_LEGIT_0119,M_148,0,2,0,1,1,0,NONE
TXN_009271,U_INDIV_0180,2871.77,6,D_INDIV_0379,IP_INDIV_0351,C_INDIV_0108,M_075,13,34,3,3,4,1,INDIVIDUAL_FRAUD
TXN_004818,U_LEGIT_0746,130.55,984,D_LEGIT_0767,IP_LEGIT_0065,C_LEGIT_1500,M_093,0,3,0,1,1,0,NONE
TXN_002391,U_LEGIT_0856,184.2,220,D_LEGIT_0054,IP_LEGIT_1357,C_LEGIT_2038,M_129,0,1,0,2,1,0,NONE
TXN_002668,U_LEGIT_0934,244.46,988,D_LEGIT_1736,IP_LEGIT_0935,C_LEGIT_0035,M_036,1,1,0,1,2,0,NONE
TXN_000775,U_LEGIT_1759,48.47,99,D_LEGIT_0723,IP_LEGIT_1296,C_LEGIT_0264,M_116,1,3,0,1,1,0,NONE
TXN_004270,U_LEGIT_1461,242.1,522,D_LEGIT_1735,IP_LEGIT_0610,C_LEGIT_0745,M_004,0,3,0,2,1,0,NONE
TXN_004988,U_LEGIT_0108,200.39,625,D_LEGIT_0428,IP_LEGIT_0492,C_LEGIT_2069,M_116,0,3,0,1,1,0,NONE
TXN_004054,U_LEGIT_1094,90.42,844,D_LEGIT_1433,IP_LEGIT_1768,C_LEGIT_0731,M_074,0,3,0,1,1,0,NONE
TXN_007665,U_LEGIT_2446,82.48,853,D_LEGIT_0594,IP_LEGIT_0731,C_LEGIT_0192,M_002,0,1,0,1,2,0,NONE
TXN_008628,U_LEGIT_1112,215.87,60,D_LEGIT_1550,IP_LEGIT_0196,C_LEGIT_2369,M_137,0,1,0,2,1,0,NONE
TXN_005372,U_LEGIT_0903,37.66,967,D_LEGIT_0857,IP_LEGIT_1649,C_LEGIT_2844,M_132,0,4,0,1,2,0,NONE
TXN_003801,U_LEGIT_0270,68.36,159,D_LEGIT_1017,IP_LEGIT_1545,C_LEGIT_2356,M_118,0,3,0,2,1,0,NONE
TXN_001154,U_LEGIT_2373,184.51,649,D_LEGIT_0987,IP_LEGIT_0252,C_LEGIT_2640,M_142,1,2,0,1,1,0,NONE
TXN_000597,U_LEGIT_0726,97.66,425,D_LEGIT_1663,IP_LEGIT_0018,C_LEGIT_0512,M_119,0,2,0,1,1,0,NONE
TXN_001357,U_LEGIT_1038,171.55,909,D_LEGIT_1541,IP_LEGIT_0550,C_LEGIT_0194,M_009,0,3,0,2,1,0,NONE
TXN_002864,U_LEGIT_2325,148.3,1163,D_LEGIT_1514,IP_LEGIT_1143,C_LEGIT_2867,M_100,0,4,0,2,1,0,NONE
TXN_007812,U_LEGIT_2150,18.86,468,D_LEGIT_0180,IP_LEGIT_1499,C_LEGIT_1142,M_068,1,4,0,1,1,0,NONE
TXN_002087,U_LEGIT_0071,40.43,282,D_SHARED_BENIGN_09,IP_LEGIT_0328,C_LEGIT_2721,M_065,0,2,0,1,1,0,NONE
TXN_007552,U_LEGIT_2152,122.5,1192,D_SHARED_BENIGN_01,IP_LEGIT_1005,C_LEGIT_1875,M_110,0,1,0,1,2,0,NONE
TXN_008158,U_LEGIT_2122,150.66,1086,D_LEGIT_0922,IP_LEGIT_0866,C_LEGIT_2354,M_060,0,5,0,1,1,0,NONE
TXN_005146,U_LEGIT_2232,66.86,633,D_LEGIT_1463,IP_LEGIT_0642,C_LEGIT_1917,M_098,0,5,1,1,1,0,NONE
TXN_002675,U_LEGIT_0193,67.11,660,D_LEGIT_1351,IP_LEGIT_1610,C_LEGIT_0120,M_119,0,4,0,2,1,0,NONE
TXN_008926,U_LEGIT_0829,9.8,1093,D_LEGIT_1465,IP_LEGIT_1496,C_LEGIT_2386,M_060,0,4,0,1,1,0,NONE
TXN_002032,U_LEGIT_1888,109.29,1070,D_LEGIT_1591,IP_LEGIT_0674,C_LEGIT_2666,M_024,0,2,0,2,1,0,NONE
TXN_007035,U_LEGIT_0433,223.35,758,D_LEGIT_1255,IP_LEGIT_1743,C_LEGIT_1009,M_031,0,1,0,1,1,0,NONE
TXN_009623,U_FARM_023,73.69,1,D_FARM_HUB_02,IP_FARM_PROXY_01,C_FARM_001,M_111,19,33,2,1,5,1,DEVICE_FARM
TXN_008939,U_LEGIT_2190,51.04,302,D_SHARED_BENIGN_08,IP_LEGIT_0915,C_LEGIT_0532,M_009,2,3,0,2,1,0,NONE
TXN_009385,U_INDIV_0177,1930.37,4,D_INDIV_0134,IP_INDIV_0059,C_INDIV_0157,M_120,11,30,5,4,3,1,INDIVIDUAL_FRAUD
TXN_009752,U_BURST_015,481.42,1,D_BURST_009,IP_BURST_SUBNET_02,C_BURST_004,M_128,25,16,3,2,2,1,ACCOUNT_BURST
TXN_006956,U_LEGIT_1100,213.38,628,D_LEGIT_1360,IP_LEGIT_1117,C_LEGIT_2326,M_064,0,1,0,1,1,0,NONE
TXN_003962,U_LEGIT_0201,171.83,907,D_LEGIT_0648,IP_LEGIT_1732,C_LEGIT_2933,M_136,0,4,0,1,2,0,NONE
TXN_004343,U_LEGIT_1640,162.65,961,D_LEGIT_1702,IP_LEGIT_1128,C_LEGIT_1010,M_001,0,4,0,2,2,0,NONE
TXN_009127,U_INDIV_0141,2400.25,6,D_INDIV_0075,IP_INDIV_0369,C_INDIV_0072,M_043,7,37,8,6,6,1,INDIVIDUAL_FRAUD
TXN_007563,U_LEGIT_0311,124.72,1150,D_LEGIT_0155,IP_LEGIT_1479,C_LEGIT_1840,M_112,0,3,0,1,1,0,NONE
TXN_008211,U_LEGIT_2129,12.71,205,D_LEGIT_0263,IP_LEGIT_1455,C_LEGIT_0501,M_071,0,2,0,1,1,0,NONE
TXN_006385,U_LEGIT_1397,200.13,167,D_LEGIT_1202,IP_SHARED_BENIGN_01,C_LEGIT_1645,M_035,0,4,0,1,1,0,NONE
TXN_002764,U_LEGIT_1355,141.76,662,D_LEGIT_0758,IP_LEGIT_0247,C_LEGIT_1964,M_043,1,1,0,1,2,0,NONE
TXN_006384,U_LEGIT_0023,10.24,854,D_LEGIT_0211,IP_LEGIT_0093,C_LEGIT_0674,M_065,0,3,0,2,1,0,NONE
TXN_008242,U_LEGIT_1271,44.62,427,D_LEGIT_1068,IP_LEGIT_1899,C_LEGIT_0992,M_056,0,4,0,2,1,0,NONE
TXN_007719,U_LEGIT_2345,200.81,762,D_LEGIT_0496,IP_LEGIT_1968,C_LEGIT_2209,M_024,1,3,0,2,1,0,NONE
TXN_009813,U_BURST_012,645.13,1,D_BURST_013,IP_BURST_SUBNET_01,C_BURST_020,M_028,17,32,3,2,3,1,ACCOUNT_BURST
TXN_003369,U_LEGIT_1291,151.63,446,D_LEGIT_1879,IP_LEGIT_1662,C_LEGIT_1840,M_036,0,1,0,1,1,0,NONE
TXN_004269,U_LEGIT_1431,244.23,128,D_LEGIT_1850,IP_LEGIT_0936,C_LEGIT_0890,M_150,0,4,0,2,2,0,NONE
TXN_005141,U_LEGIT_1726,246.01,1025,D_SHARED_BENIGN_07,IP_LEGIT_1307,C_LEGIT_0620,M_092,0,3,0,1,1,0,NONE
TXN_002095,U_LEGIT_1349,143.25,1117,D_LEGIT_0726,IP_LEGIT_0276,C_LEGIT_0904,M_132,0,5,0,2,1,0,NONE
TXN_005625,U_LEGIT_2253,200.23,118,D_LEGIT_0244,IP_LEGIT_0355,C_LEGIT_0031,M_082,0,3,0,1,1,0,NONE
TXN_001195,U_LEGIT_1687,75.2,904,D_LEGIT_0205,IP_SHARED_BENIGN_10,C_LEGIT_0940,M_148,0,3,0,1,1,0,NONE
TXN_000659,U_LEGIT_2401,208.8,547,D_LEGIT_0165,IP_LEGIT_0387,C_LEGIT_1733,M_043,0,5,1,2,1,0,NONE
TXN_009134,U_INDIV_0083,2983.46,7,D_INDIV_0077,IP_INDIV_0213,C_INDIV_0230,M_070,12,18,4,5,3,1,INDIVIDUAL_FRAUD
TXN_006200,U_LEGIT_1297,87.9,947,D_LEGIT_0067,IP_SHARED_BENIGN_06,C_LEGIT_1994,M_015,0,1,0,1,1,0,NONE
TXN_003798,U_LEGIT_1549,120.3,995,D_LEGIT_1959,IP_LEGIT_1817,C_LEGIT_1203,M_131,0,3,0,1,1,0,NONE
TXN_001227,U_LEGIT_1714,39.47,1127,D_SHARED_BENIGN_05,IP_LEGIT_1425,C_LEGIT_2994,M_076,0,1,0,1,1,0,NONE
TXN_006957,U_LEGIT_1313,29.82,778,D_LEGIT_0404,IP_LEGIT_1102,C_LEGIT_2668,M_076,0,2,0,2,1,0,NONE
TXN_002067,U_LEGIT_1686,216.53,105,D_LEGIT_0066,IP_LEGIT_1875,C_LEGIT_2749,M_004,0,1,0,1,1,0,NONE
TXN_003213,U_LEGIT_1068,136.27,154,D_LEGIT_1534,IP_LEGIT_1620,C_LEGIT_2578,M_005,0,1,0,1,1,0,NONE
TXN_001533,U_LEGIT_2426,228.5,762,D_LEGIT_1595,IP_LEGIT_1322,C_LEGIT_0833,M_005,0,1,0,1,2,0,NONE
TXN_006764,U_LEGIT_1641,112.3,391,D_LEGIT_0906,IP_LEGIT_1365,C_LEGIT_2475,M_127,0,2,0,1,1,0,NONE
TXN_006321,U_LEGIT_2457,249.08,400,D_SHARED_BENIGN_07,IP_LEGIT_1965,C_LEGIT_1646,M_014,0,2,1,1,1,0,NONE
TXN_000654,U_LEGIT_2265,98.79,1014,D_LEGIT_0527,IP_LEGIT_0627,C_LEGIT_1858,M_073,0,2,0,1,1,0,NONE
TXN_005090,U_LEGIT_1813,108.43,180,D_LEGIT_1928,IP_LEGIT_0869,C_LEGIT_1227,M_093,0,1,0,1,2,0,NONE
TXN_004857,U_LEGIT_2145,139.2,626,D_LEGIT_0121,IP_LEGIT_0544,C_LEGIT_0697,M_102,0,1,0,2,1,0,NONE
TXN_007090,U_LEGIT_2308,14.89,1172,D_LEGIT_1179,IP_LEGIT_0630,C_LEGIT_1967,M_066,0,4,0,1,1,0,NONE
TXN_009856,U_BURST_004,1250.52,1,D_BURST_013,IP_BURST_SUBNET_02,C_BURST_001,M_087,13,27,1,2,3,1,ACCOUNT_BURST
TXN_009169,U_INDIV_0162,2287.17,0,D_INDIV_0308,IP_INDIV_0103,C_INDIV_0193,M_024,6,20,6,3,4,1,INDIVIDUAL_FRAUD
TXN_002324,U_LEGIT_1809,118.87,138,D_SHARED_BENIGN_10,IP_LEGIT_0652,C_LEGIT_1961,M_120,2,1,0,2,1,0,NONE
TXN_005263,U_LEGIT_1515,118.37,724,D_SHARED_BENIGN_09,IP_LEGIT_1751,C_LEGIT_2286,M_046,0,2,0,1,1,0,NONE
TXN_002830,U_LEGIT_0969,94.05,1159,D_LEGIT_1656,IP_LEGIT_0053,C_LEGIT_0547,M_136,0,5,0,2,2,0,NONE
TXN_003973,U_LEGIT_0604,120.55,1162,D_LEGIT_1353,IP_LEGIT_0662,C_LEGIT_0142,M_003,1,3,0,1,1,0,NONE
TXN_009302,U_INDIV_0102,1538.18,6,D_INDIV_0141,IP_INDIV_0209,C_INDIV_0204,M_061,8,28,7,5,4,1,INDIVIDUAL_FRAUD
TXN_002036,U_LEGIT_0127,176.85,660,D_LEGIT_0573,IP_LEGIT_1714,C_LEGIT_1507,M_002,0,3,0,1,1,0,NONE
TXN_009388,U_INDIV_0007,2083.6,7,D_INDIV_0169,IP_INDIV_0302,C_INDIV_0351,M_024,14,33,4,7,7,1,INDIVIDUAL_FRAUD
TXN_000253,U_LEGIT_1264,163.33,823,D_LEGIT_0965,IP_LEGIT_1354,C_LEGIT_1086,M_024,0,4,0,2,1,0,NONE
TXN_008875,U_LEGIT_1022,170.78,1148,D_LEGIT_1668,IP_SHARED_BENIGN_04,C_LEGIT_1430,M_128,0,5,0,1,1,0,NONE
TXN_007478,U_LEGIT_0995,99.07,932,D_LEGIT_1746,IP_LEGIT_1679,C_LEGIT_2662,M_069,0,1,0,2,1,0,NONE
TXN_005841,U_LEGIT_1286,132.16,159,D_LEGIT_1593,IP_LEGIT_1825,C_LEGIT_1413,M_149,0,4,0,1,1,0,NONE
TXN_006242,U_LEGIT_0836,209.28,593,D_LEGIT_1555,IP_LEGIT_0696,C_LEGIT_2206,M_074,0,5,0,1,1,0,NONE
TXN_002270,U_LEGIT_0704,239.0,512,D_LEGIT_1182,IP_SHARED_BENIGN_03,C_LEGIT_0065,M_069,0,1,0,2,2,0,NONE
TXN_009749,U_CYCLE_023,185.21,5,D_CYCLE_015,IP_CYCLE_025,C_STOLEN_POOL_05,M_099,4,40,5,2,8,1,CARD_CYCLING
TXN_007640,U_LEGIT_0616,161.74,485,D_LEGIT_0387,IP_LEGIT_0879,C_LEGIT_0916,M_118,0,5,1,1,1,0,NONE
TXN_007494,U_LEGIT_1140,129.74,1070,D_LEGIT_0115,IP_LEGIT_1238,C_LEGIT_0731,M_105,1,2,0,1,1,0,NONE
TXN_006818,U_LEGIT_0179,220.86,399,D_LEGIT_1860,IP_SHARED_BENIGN_05,C_LEGIT_2265,M_123,2,4,0,1,1,0,NONE
TXN_006135,U_LEGIT_0805,81.31,620,D_SHARED_BENIGN_08,IP_LEGIT_0258,C_LEGIT_0126,M_078,0,1,0,1,1,0,NONE
TXN_007096,U_LEGIT_1857,234.4,743,D_LEGIT_0956,IP_LEGIT_0371,C_LEGIT_2961,M_039,0,3,0,1,1,0,NONE
TXN_003967,U_LEGIT_0807,21.92,838,D_LEGIT_1903,IP_LEGIT_1218,C_LEGIT_2527,M_090,0,2,0,2,1,0,NONE
TXN_006743,U_LEGIT_0851,241.11,839,D_LEGIT_1277,IP_LEGIT_1441,C_LEGIT_2186,M_082,2,2,0,1,1,0,NONE
TXN_006347,U_LEGIT_1994,246.92,1110,D_LEGIT_0652,IP_LEGIT_0754,C_LEGIT_2111,M_056,0,3,0,1,2,0,NONE
TXN_005491,U_LEGIT_2237,22.95,259,D_SHARED_BENIGN_07,IP_SHARED_BENIGN_05,C_LEGIT_2505,M_040,0,3,0,1,2,0,NONE
TXN_004792,U_LEGIT_1927,44.58,757,D_LEGIT_0420,IP_LEGIT_0091,C_LEGIT_2747,M_064,0,2,0,1,1,0,NONE
TXN_007053,U_LEGIT_0415,163.45,263,D_LEGIT_1507,IP_LEGIT_1306,C_LEGIT_1279,M_025,0,5,0,1,2,0,NONE
TXN_003990,U_LEGIT_0628,102.98,43,D_LEGIT_1757,IP_LEGIT_1489,C_LEGIT_0194,M_096,0,3,0,2,1,0,NONE
TXN_004704,U_LEGIT_0104,49.3,231,D_LEGIT_0732,IP_SHARED_BENIGN_07,C_LEGIT_0676,M_070,0,1,0,1,1,0,NONE
TXN_004179,U_LEGIT_1346,40.87,424,D_SHARED_BENIGN_04,IP_LEGIT_1903,C_LEGIT_0915,M_142,0,5,0,1,2,0,NONE
TXN_007969,U_LEGIT_2001,238.14,725,D_LEGIT_1894,IP_LEGIT_1403,C_LEGIT_0950,M_043,0,2,0,1,1,0,NONE
TXN_004105,U_LEGIT_2235,235.63,134,D_LEGIT_1612,IP_LEGIT_0442,C_LEGIT_1417,M_132,0,3,0,1,2,0,NONE
TXN_004882,U_LEGIT_0622,236.59,1154,D_SHARED_BENIGN_02,IP_SHARED_BENIGN_09,C_LEGIT_2400,M_008,0,1,0,1,1,0,NONE
TXN_007692,U_LEGIT_0366,140.52,675,D_LEGIT_1464,IP_LEGIT_0846,C_LEGIT_1573,M_047,1,3,1,1,1,0,NONE
TXN_008052,U_LEGIT_0493,78.72,381,D_LEGIT_0437,IP_LEGIT_0224,C_LEGIT_0409,M_136,0,4,0,1,1,0,NONE
TXN_001319,U_LEGIT_1076,191.26,582,D_LEGIT_1114,IP_LEGIT_1131,C_LEGIT_0279,M_145,0,3,0,1,1,0,NONE
TXN_008391,U_LEGIT_1734,165.59,241,D_LEGIT_1304,IP_LEGIT_1773,C_LEGIT_2219,M_060,0,1,0,1,1,0,NONE
TXN_007350,U_LEGIT_2349,199.87,371,D_LEGIT_1077,IP_SHARED_BENIGN_06,C_LEGIT_0027,M_078,0,5,0,1,1,0,NONE
TXN_008109,U_LEGIT_1895,204.14,389,D_LEGIT_0879,IP_LEGIT_0598,C_LEGIT_1402,M_067,0,2,0,1,1,0,NONE
TXN_007155,U_LEGIT_1536,110.21,1039,D_LEGIT_0225,IP_SHARED_BENIGN_10,C_LEGIT_2467,M_129,0,5,0,1,1,0,NONE
TXN_006305,U_LEGIT_0689,178.92,333,D_SHARED_BENIGN_09,IP_LEGIT_0928,C_LEGIT_0835,M_053,0,4,0,1,2,0,NONE
TXN_005890,U_LEGIT_1908,28.2,1196,D_LEGIT_1507,IP_LEGIT_1754,C_LEGIT_1924,M_008,0,5,0,1,1,0,NONE
TXN_004005,U_LEGIT_1104,31.4,818,D_LEGIT_0635,IP_LEGIT_0221,C_LEGIT_2157,M_101,1,5,0,2,1,0,NONE
TXN_005152,U_LEGIT_1130,73.56,916,D_LEGIT_0111,IP_LEGIT_0922,C_LEGIT_2992,M_098,0,5,0,1,2,0,NONE
TXN_009896,U_DIST_025,39.55,3,D_DIST_018,IP_DIST_PROXY_03,C_DIST_005,M_TARGET_HIGHVAL_99,6,9,2,2,2,1,DISTRIBUTED_ABUSE
TXN_003928,U_LEGIT_1037,156.78,1172,D_LEGIT_0236,IP_LEGIT_1821,C_LEGIT_2001,M_056,0,1,0,1,1,0,NONE
TXN_003696,U_LEGIT_0284,133.64,77,D_LEGIT_0946,IP_LEGIT_1018,C_LEGIT_1419,M_007,0,4,0,1,2,0,NONE
TXN_008407,U_LEGIT_2457,60.62,550,D_LEGIT_1564,IP_LEGIT_1536,C_LEGIT_2158,M_142,0,3,0,1,2,0,NONE
TXN_005270,U_LEGIT_1130,69.68,544,D_SHARED_BENIGN_03,IP_LEGIT_0557,C_LEGIT_0421,M_088,0,3,0,1,1,0,NONE
TXN_007868,U_LEGIT_1677,83.02,222,D_LEGIT_0005,IP_LEGIT_0995,C_LEGIT_0899,M_018,0,3,0,2,1,0,NONE
TXN_002004,U_LEGIT_2235,48.91,513,D_LEGIT_0305,IP_SHARED_BENIGN_04,C_LEGIT_2194,M_141,0,5,0,1,2,0,NONE
TXN_000047,U_LEGIT_2073,112.91,771,D_LEGIT_0026,IP_LEGIT_1685,C_LEGIT_2008,M_028,0,4,0,2,1,0,NONE
TXN_002199,U_LEGIT_1771,80.87,954,D_LEGIT_0929,IP_LEGIT_1771,C_LEGIT_2642,M_080,0,2,0,1,1,0,NONE
TXN_005986,U_LEGIT_2269,141.99,893,D_LEGIT_0043,IP_SHARED_BENIGN_07,C_LEGIT_0570,M_110,0,1,0,1,1,0,NONE
TXN_004301,U_LEGIT_1269,218.96,868,D_LEGIT_1036,IP_LEGIT_1963,C_LEGIT_1250,M_069,1,3,0,1,2,0,NONE
TXN_000330,U_LEGIT_1976,134.33,788,D_LEGIT_1848,IP_LEGIT_1695,C_LEGIT_0005,M_111,1,5,0,2,2,0,NONE
TXN_008018,U_LEGIT_0067,220.74,307,D_LEGIT_0556,IP_LEGIT_0733,C_LEGIT_0154,M_130,2,2,1,1,1,0,NONE
TXN_005912,U_LEGIT_2088,216.43,489,D_LEGIT_0759,IP_LEGIT_1439,C_LEGIT_2488,M_050,0,5,0,1,1,0,NONE
TXN_004493,U_LEGIT_1229,159.22,662,D_LEGIT_0901,IP_LEGIT_1641,C_LEGIT_0142,M_024,0,1,0,1,1,0,NONE
TXN_007539,U_LEGIT_1041,198.1,154,D_LEGIT_0684,IP_LEGIT_1007,C_LEGIT_1618,M_016,1,4,0,1,1,0,NONE
TXN_008703,U_LEGIT_2286,240.89,140,D_LEGIT_1108,IP_LEGIT_0017,C_LEGIT_0235,M_011,0,2,0,1,1,0,NONE
TXN_003306,U_LEGIT_0052,152.33,1035,D_LEGIT_1590,IP_LEGIT_0607,C_LEGIT_0676,M_140,0,1,0,2,1,0,NONE
TXN_005365,U_LEGIT_1250,10.35,43,D_LEGIT_0699,IP_LEGIT_0832,C_LEGIT_1514,M_061,0,5,0,1,1,0,NONE
TXN_008953,U_LEGIT_0340,112.68,802,D_LEGIT_0631,IP_LEGIT_1933,C_LEGIT_0731,M_067,0,2,0,1,1,0,NONE
TXN_005602,U_LEGIT_1443,200.38,1073,D_LEGIT_0946,IP_SHARED_BENIGN_05,C_LEGIT_1176,M_022,0,3,0,1,1,0,NONE
TXN_008593,U_LEGIT_0771,24.46,818,D_LEGIT_1770,IP_LEGIT_0751,C_LEGIT_2167,M_021,0,3,0,2,1,0,NONE
TXN_001487,U_LEGIT_0278,233.74,51,D_LEGIT_0252,IP_LEGIT_0877,C_LEGIT_1869,M_094,0,4,0,2,1,0,NONE
TXN_000393,U_LEGIT_2274,29.25,812,D_LEGIT_0462,IP_LEGIT_1838,C_LEGIT_1610,M_036,0,5,0,1,2,0,NONE
TXN_004199,U_LEGIT_0556,184.58,1190,D_LEGIT_0843,IP_LEGIT_1189,C_LEGIT_0485,M_099,1,4,0,1,2,0,NONE
TXN_005762,U_LEGIT_1941,222.98,513,D_LEGIT_1535,IP_LEGIT_1686,C_LEGIT_2197,M_087,1,4,0,1,1,0,NONE
TXN_004537,U_LEGIT_0073,108.55,442,D_LEGIT_1784,IP_LEGIT_0465,C_LEGIT_1946,M_060,0,2,0,1,1,0,NONE
TXN_001064,U_LEGIT_2345,126.24,992,D_LEGIT_0469,IP_LEGIT_1249,C_LEGIT_0971,M_064,1,3,0,1,2,0,NONE
TXN_009434,U_INDIV_0181,986.28,2,D_INDIV_0076,IP_INDIV_0211,C_INDIV_0279,M_031,10,39,7,6,8,1,INDIVIDUAL_FRAUD
TXN_002342,U_LEGIT_2179,72.06,738,D_SHARED_BENIGN_01,IP_LEGIT_0303,C_LEGIT_2690,M_108,0,4,0,1,1,0,NONE
TXN_009021,U_INDIV_0111,2342.58,7,D_INDIV_0278,IP_INDIV_0141,C_INDIV_0022,M_053,7,32,3,6,7,1,INDIVIDUAL_FRAUD
TXN_002783,U_LEGIT_0985,204.91,838,D_LEGIT_0746,IP_LEGIT_0150,C_LEGIT_0799,M_063,0,2,0,1,1,0,NONE
TXN_005429,U_LEGIT_0994,138.45,530,D_LEGIT_0572,IP_LEGIT_0033,C_LEGIT_2483,M_086,0,4,0,1,1,0,NONE
TXN_003609,U_LEGIT_0040,178.44,1125,D_LEGIT_1259,IP_SHARED_BENIGN_08,C_LEGIT_1424,M_126,0,3,0,2,2,0,NONE
TXN_002407,U_LEGIT_1094,201.08,504,D_LEGIT_1415,IP_SHARED_BENIGN_08,C_LEGIT_0851,M_100,0,1,0,1,2,0,NONE
TXN_001041,U_LEGIT_0649,244.22,330,D_LEGIT_1288,IP_LEGIT_0576,C_LEGIT_2827,M_064,1,1,0,1,2,0,NONE
TXN_001951,U_LEGIT_1575,214.44,521,D_LEGIT_1836,IP_LEGIT_1893,C_LEGIT_1693,M_100,0,1,0,1,2,0,NONE
TXN_004095,U_LEGIT_2179,243.91,55,D_LEGIT_1022,IP_LEGIT_0909,C_LEGIT_0188,M_090,0,3,0,1,1,0,NONE
TXN_006382,U_LEGIT_0016,59.67,598,D_LEGIT_1938,IP_LEGIT_0912,C_LEGIT_0345,M_103,0,3,0,1,2,0,NONE
TXN_002589,U_LEGIT_2253,194.97,394,D_LEGIT_0873,IP_LEGIT_0654,C_LEGIT_1894,M_020,0,5,0,2,2,0,NONE
TXN_009951,U_DIST_005,73.0,5,D_DIST_017,IP_DIST_PROXY_01,C_DIST_036,M_TARGET_HIGHVAL_99,6,6,0,1,2,1,DISTRIBUTED_ABUSE
TXN_008411,U_LEGIT_2075,124.54,776,D_LEGIT_0167,IP_LEGIT_1464,C_LEGIT_0970,M_106,1,5,0,1,2,0,NONE
TXN_009923,U_DIST_016,70.16,23,D_DIST_017,IP_DIST_PROXY_02,C_DIST_032,M_TARGET_HIGHVAL_99,6,17,0,1,1,1,DISTRIBUTED_ABUSE
TXN_005876,U_LEGIT_1480,94.51,693,D_LEGIT_0029,IP_LEGIT_0319,C_LEGIT_0118,M_100,0,3,0,1,1,0,NONE
TXN_001023,U_LEGIT_1140,159.62,839,D_LEGIT_0389,IP_LEGIT_1000,C_LEGIT_1039,M_003,0,4,0,1,1,0,NONE
TXN_005976,U_LEGIT_0203,46.46,388,D_LEGIT_1948,IP_LEGIT_0650,C_LEGIT_2716,M_078,1,1,0,1,1,0,NONE
TXN_009945,U_DIST_028,63.88,6,D_DIST_001,IP_DIST_PROXY_04,C_DIST_030,M_TARGET_HIGHVAL_99,5,11,1,1,2,1,DISTRIBUTED_ABUSE
TXN_003934,U_LEGIT_0138,149.67,279,D_LEGIT_1835,IP_LEGIT_1145,C_LEGIT_1032,M_052,0,1,0,1,1,0,NONE
TXN_008244,U_LEGIT_0748,78.27,534,D_SHARED_BENIGN_04,IP_LEGIT_1547,C_LEGIT_2459,M_064,0,2,0,2,1,0,NONE
TXN_007583,U_LEGIT_0451,56.24,784,D_LEGIT_0823,IP_LEGIT_0619,C_LEGIT_0766,M_037,0,4,0,1,2,0,NONE
TXN_009767,U_BURST_003,1433.42,1,D_BURST_008,IP_BURST_SUBNET_01,C_BURST_028,M_091,20,18,5,3,3,1,ACCOUNT_BURST
TXN_004524,U_LEGIT_2496,61.74,215,D_SHARED_BENIGN_01,IP_SHARED_BENIGN_02,C_LEGIT_2815,M_002,0,3,0,1,1,0,NONE
TXN_002597,U_LEGIT_2209,98.74,756,D_LEGIT_1084,IP_LEGIT_0776,C_LEGIT_2479,M_114,0,4,0,1,1,0,NONE
TXN_004287,U_LEGIT_0470,164.89,125,D_SHARED_BENIGN_05,IP_LEGIT_0099,C_LEGIT_1359,M_048,0,3,0,2,2,0,NONE
TXN_004115,U_LEGIT_1559,177.51,826,D_LEGIT_1202,IP_LEGIT_0850,C_LEGIT_0326,M_106,1,4,0,2,2,0,NONE
TXN_002902,U_LEGIT_0933,73.3,762,D_SHARED_BENIGN_03,IP_LEGIT_0910,C_LEGIT_1310,M_113,0,2,0,1,1,0,NONE
TXN_000374,U_LEGIT_1501,232.67,193,D_LEGIT_1471,IP_SHARED_BENIGN_04,C_LEGIT_2686,M_126,0,1,0,2,1,0,NONE
TXN_003227,U_LEGIT_1473,156.7,67,D_SHARED_BENIGN_09,IP_LEGIT_1872,C_LEGIT_0081,M_100,0,5,0,2,1,0,NONE
TXN_001701,U_LEGIT_0894,121.92,450,D_LEGIT_0675,IP_LEGIT_1656,C_LEGIT_0192,M_100,0,2,0,1,2,0,NONE
TXN_004911,U_LEGIT_2445,106.59,39,D_LEGIT_1210,IP_LEGIT_1061,C_LEGIT_1368,M_118,0,5,0,2,2,0,NONE
TXN_006632,U_LEGIT_0951,235.47,170,D_LEGIT_1959,IP_LEGIT_0956,C_LEGIT_2793,M_039,1,3,0,1,2,0,NONE
TXN_007082,U_LEGIT_1909,208.47,1023,D_LEGIT_0838,IP_LEGIT_1331,C_LEGIT_0403,M_089,0,3,0,1,1,0,NONE
TXN_005903,U_LEGIT_1284,74.99,318,D_LEGIT_1165,IP_LEGIT_0522,C_LEGIT_0524,M_087,0,1,0,1,1,0,NONE
TXN_000102,U_LEGIT_2091,184.03,332,D_LEGIT_1087,IP_LEGIT_1856,C_LEGIT_1432,M_090,0,2,0,1,1,0,NONE
TXN_009115,U_INDIV_0138,2454.23,7,D_INDIV_0046,IP_INDIV_0203,C_INDIV_0237,M_095,13,45,7,7,8,1,INDIVIDUAL_FRAUD
TXN_001143,U_LEGIT_1525,223.18,707,D_LEGIT_1958,IP_LEGIT_1182,C_LEGIT_2288,M_141,0,3,0,1,1,0,NONE
TXN_001114,U_LEGIT_1007,90.62,551,D_LEGIT_1469,IP_LEGIT_1164,C_LEGIT_1881,M_138,0,3,0,2,2,0,NONE
TXN_007629,U_LEGIT_1051,174.89,729,D_LEGIT_1231,IP_LEGIT_1453,C_LEGIT_1612,M_009,0,4,0,1,1,0,NONE
TXN_006807,U_LEGIT_0125,124.87,1132,D_LEGIT_0532,IP_LEGIT_1998,C_LEGIT_0461,M_131,0,3,0,1,2,0,NONE
TXN_005271,U_LEGIT_2046,81.24,190,D_SHARED_BENIGN_10,IP_LEGIT_1291,C_LEGIT_0039,M_121,0,3,0,2,1,0,NONE
TXN_008289,U_LEGIT_0232,102.52,1011,D_LEGIT_1992,IP_LEGIT_0926,C_LEGIT_0458,M_049,0,5,0,1,1,0,NONE
TXN_007555,U_LEGIT_0754,216.71,1034,D_LEGIT_1516,IP_LEGIT_1827,C_LEGIT_0846,M_148,0,3,0,2,1,0,NONE
TXN_009604,U_FARM_004,126.97,1,D_FARM_HUB_01,IP_FARM_PROXY_01,C_FARM_026,M_002,10,36,7,1,4,1,DEVICE_FARM
TXN_009679,U_CYCLE_005,344.62,7,D_CYCLE_003,IP_CYCLE_026,C_STOLEN_POOL_01,M_060,5,17,4,4,6,1,CARD_CYCLING
TXN_006717,U_LEGIT_1992,242.24,375,D_SHARED_BENIGN_08,IP_LEGIT_0930,C_LEGIT_1180,M_111,0,1,0,1,2,0,NONE
TXN_003413,U_LEGIT_0960,8.62,1070,D_LEGIT_0842,IP_LEGIT_0332,C_LEGIT_2413,M_075,2,1,0,2,1,0,NONE
TXN_003192,U_LEGIT_0595,153.86,818,D_SHARED_BENIGN_04,IP_LEGIT_1153,C_LEGIT_0244,M_095,2,4,0,1,1,0,NONE
TXN_002594,U_LEGIT_1166,192.88,43,D_LEGIT_0748,IP_LEGIT_0460,C_LEGIT_1707,M_052,0,3,0,1,2,0,NONE
TXN_001684,U_LEGIT_1639,122.71,922,D_LEGIT_0228,IP_LEGIT_1533,C_LEGIT_1713,M_015,1,4,0,1,1,0,NONE
TXN_003793,U_LEGIT_2035,235.74,137,D_LEGIT_0010,IP_LEGIT_1149,C_LEGIT_1667,M_094,0,5,0,2,1,0,NONE
TXN_007832,U_LEGIT_1653,207.48,507,D_LEGIT_0657,IP_LEGIT_1533,C_LEGIT_0097,M_046,0,1,0,1,1,0,NONE
TXN_008074,U_LEGIT_0487,31.8,1043,D_LEGIT_0242,IP_LEGIT_0002,C_LEGIT_0233,M_121,0,4,0,2,1,0,NONE
TXN_002477,U_LEGIT_0321,117.94,937,D_LEGIT_1363,IP_LEGIT_0033,C_LEGIT_1190,M_092,1,2,0,1,1,0,NONE
TXN_006451,U_LEGIT_2103,36.5,774,D_LEGIT_1162,IP_LEGIT_1538,C_LEGIT_1932,M_075,0,2,0,1,2,0,NONE
TXN_005897,U_LEGIT_0729,216.85,909,D_LEGIT_1039,IP_LEGIT_0113,C_LEGIT_0585,M_018,0,1,0,1,1,0,NONE
TXN_002284,U_LEGIT_0126,14.65,704,D_LEGIT_0589,IP_LEGIT_1505,C_LEGIT_1357,M_142,0,1,0,1,1,0,NONE
TXN_000223,U_LEGIT_1759,128.07,1076,D_LEGIT_0131,IP_LEGIT_1997,C_LEGIT_2362,M_020,0,4,0,1,1,0,NONE
TXN_002584,U_LEGIT_0026,37.89,112,D_LEGIT_0982,IP_LEGIT_1520,C_LEGIT_2948,M_094,0,1,0,1,1,0,NONE
TXN_000095,U_LEGIT_1438,187.31,92,D_SHARED_BENIGN_03,IP_LEGIT_0821,C_LEGIT_0286,M_037,0,5,0,2,2,0,NONE
TXN_002226,U_LEGIT_1605,135.33,151,D_LEGIT_0415,IP_LEGIT_1581,C_LEGIT_1156,M_064,0,5,0,1,1,0,NONE
TXN_003269,U_LEGIT_0535,21.67,436,D_LEGIT_1382,IP_LEGIT_1038,C_LEGIT_1875,M_051,0,4,1,1,2,0,NONE
TXN_006752,U_LEGIT_1402,206.48,936,D_LEGIT_1877,IP_LEGIT_0511,C_LEGIT_1263,M_142,1,1,0,1,2,0,NONE
TXN_005956,U_LEGIT_0342,132.14,1007,D_LEGIT_0645,IP_LEGIT_1225,C_LEGIT_0046,M_129,0,1,0,1,1,0,NONE
TXN_001459,U_LEGIT_1582,68.85,178,D_SHARED_BENIGN_05,IP_LEGIT_0093,C_LEGIT_1481,M_082,0,1,0,2,1,0,NONE
TXN_001606,U_LEGIT_1074,107.6,357,D_LEGIT_1854,IP_LEGIT_0466,C_LEGIT_1469,M_050,1,2,0,2,1,0,NONE
TXN_009656,U_CYCLE_002,322.76,8,D_CYCLE_004,IP_CYCLE_021,C_STOLEN_POOL_03,M_122,11,40,6,4,7,1,CARD_CYCLING
TXN_004204,U_LEGIT_0555,172.67,372,D_SHARED_BENIGN_04,IP_SHARED_BENIGN_06,C_LEGIT_2106,M_113,0,5,0,1,1,0,NONE
TXN_002521,U_LEGIT_2146,99.6,1010,D_LEGIT_1239,IP_LEGIT_1929,C_LEGIT_1421,M_129,1,5,0,1,1,0,NONE
TXN_002753,U_LEGIT_1346,160.36,481,D_LEGIT_0495,IP_LEGIT_0265,C_LEGIT_2003,M_122,0,3,0,2,2,0,NONE
TXN_006415,U_LEGIT_2332,54.02,797,D_LEGIT_0097,IP_LEGIT_1318,C_LEGIT_1526,M_127,0,2,0,1,1,0,NONE
TXN_008380,U_LEGIT_1916,44.12,1174,D_LEGIT_0452,IP_LEGIT_0570,C_LEGIT_1527,M_117,0,1,1,2,2,0,NONE
TXN_005462,U_LEGIT_0445,148.6,436,D_LEGIT_1996,IP_LEGIT_1875,C_LEGIT_2046,M_091,0,3,0,1,1,0,NONE
TXN_004223,U_LEGIT_1480,179.41,251,D_LEGIT_1609,IP_LEGIT_1423,C_LEGIT_2489,M_044,0,2,0,1,2,0,NONE
TXN_003003,U_LEGIT_2156,63.73,841,D_LEGIT_0072,IP_LEGIT_0776,C_LEGIT_0777,M_136,0,5,0,1,1,0,NONE
TXN_007989,U_LEGIT_0604,106.62,243,D_LEGIT_1286,IP_SHARED_BENIGN_09,C_LEGIT_2823,M_085,0,5,0,1,1,0,NONE
TXN_006868,U_LEGIT_2423,200.62,349,D_LEGIT_1211,IP_LEGIT_0904,C_LEGIT_1416,M_115,0,1,0,1,1,0,NONE
TXN_006300,U_LEGIT_0442,191.08,311,D_LEGIT_0520,IP_LEGIT_1618,C_LEGIT_0903,M_077,0,3,0,1,2,0,NONE
TXN_000538,U_LEGIT_0534,109.24,866,D_LEGIT_0424,IP_LEGIT_1688,C_LEGIT_1160,M_049,0,1,0,1,1,0,NONE
TXN_005936,U_LEGIT_0261,123.8,157,D_LEGIT_0879,IP_LEGIT_1141,C_LEGIT_2250,M_095,0,5,0,2,2,0,NONE
TXN_002638,U_LEGIT_0514,50.15,834,D_LEGIT_1488,IP_LEGIT_1887,C_LEGIT_1032,M_102,0,1,0,1,1,0,NONE
TXN_003092,U_LEGIT_2098,68.39,306,D_SHARED_BENIGN_07,IP_LEGIT_1108,C_LEGIT_0047,M_041,0,1,0,1,1,0,NONE
TXN_008371,U_LEGIT_0890,45.32,501,D_LEGIT_1577,IP_LEGIT_1886,C_LEGIT_0369,M_111,2,5,0,2,1,0,NONE
TXN_000361,U_LEGIT_2179,78.08,962,D_LEGIT_0846,IP_LEGIT_0141,C_LEGIT_0748,M_035,0,3,0,2,1,0,NONE
TXN_003141,U_LEGIT_1210,117.83,485,D_LEGIT_0374,IP_LEGIT_0943,C_LEGIT_2397,M_090,0,1,0,1,1,0,NONE
TXN_005819,U_LEGIT_1642,143.39,148,D_LEGIT_0170,IP_SHARED_BENIGN_10,C_LEGIT_0827,M_077,0,2,0,1,1,0,NONE
TXN_002862,U_LEGIT_1400,217.0,176,D_LEGIT_0759,IP_LEGIT_1425,C_LEGIT_1693,M_030,0,5,0,1,1,0,NONE
TXN_003007,U_LEGIT_0882,86.79,625,D_LEGIT_1529,IP_LEGIT_1789,C_LEGIT_0921,M_147,0,3,1,1,1,0,NONE
TXN_000316,U_LEGIT_1356,225.83,680,D_LEGIT_1375,IP_LEGIT_0205,C_LEGIT_1168,M_018,0,3,0,1,1,0,NONE
TXN_009218,U_INDIV_0091,1893.21,2,D_INDIV_0210,IP_INDIV_0264,C_INDIV_0147,M_044,14,30,5,5,5,1,INDIVIDUAL_FRAUD
TXN_001029,U_LEGIT_2281,107.2,1124,D_LEGIT_1121,IP_LEGIT_0117,C_LEGIT_0457,M_017,0,2,0,1,1,0,NONE
TXN_000648,U_LEGIT_0564,65.61,938,D_LEGIT_0608,IP_LEGIT_0770,C_LEGIT_0838,M_010,0,3,0,1,1,0,NONE
TXN_009361,U_INDIV_0127,555.02,4,D_INDIV_0280,IP_INDIV_0150,C_INDIV_0315,M_062,8,19,8,6,5,1,INDIVIDUAL_FRAUD
TXN_004383,U_LEGIT_2047,161.53,758,D_LEGIT_1092,IP_SHARED_BENIGN_07,C_LEGIT_0283,M_074,0,1,0,1,1,0,NONE
TXN_009588,U_FARM_014,60.29,4,D_FARM_HUB_01,IP_FARM_PROXY_01,C_FARM_043,M_020,7,28,7,1,3,1,DEVICE_FARM
TXN_001221,U_LEGIT_2431,249.87,110,D_SHARED_BENIGN_04,IP_LEGIT_0276,C_LEGIT_1659,M_083,1,1,0,1,2,0,NONE
TXN_005576,U_LEGIT_0302,194.4,421,D_LEGIT_0414,IP_LEGIT_0842,C_LEGIT_0957,M_090,2,2,0,1,1,0,NONE
TXN_003430,U_LEGIT_0669,143.48,1112,D_LEGIT_1280,IP_LEGIT_0569,C_LEGIT_1222,M_053,0,5,0,1,1,0,NONE
TXN_009747,U_CYCLE_007,266.53,10,D_CYCLE_007,IP_CYCLE_005,C_STOLEN_POOL_05,M_097,10,22,10,3,5,1,CARD_CYCLING
TXN_009888,U_DIST_010,54.78,24,D_DIST_030,IP_DIST_PROXY_02,C_DIST_022,M_TARGET_HIGHVAL_99,3,9,1,2,2,1,DISTRIBUTED_ABUSE
TXN_008481,U_LEGIT_1880,163.43,331,D_LEGIT_1069,IP_LEGIT_1504,C_LEGIT_2714,M_017,0,1,0,1,1,0,NONE
TXN_008508,U_LEGIT_0738,224.98,1069,D_SHARED_BENIGN_08,IP_LEGIT_1947,C_LEGIT_0069,M_008,0,4,0,1,1,0,NONE
TXN_009799,U_BURST_012,1003.18,1,D_BURST_005,IP_BURST_SUBNET_01,C_BURST_022,M_076,25,35,2,2,1,1,ACCOUNT_BURST
TXN_007579,U_LEGIT_2310,180.85,1009,D_LEGIT_0803,IP_LEGIT_0164,C_LEGIT_2312,M_001,0,5,0,1,1,0,NONE
TXN_000583,U_LEGIT_0568,217.66,696,D_LEGIT_0944,IP_LEGIT_1367,C_LEGIT_1840,M_039,0,5,0,2,2,0,NONE
TXN_008600,U_LEGIT_1231,213.67,39,D_LEGIT_1895,IP_LEGIT_1393,C_LEGIT_2602,M_066,0,4,0,1,1,0,NONE
TXN_002384,U_LEGIT_0527,221.65,447,D_LEGIT_0239,IP_LEGIT_1584,C_LEGIT_0678,M_023,0,2,0,1,1,0,NONE
TXN_000151,U_LEGIT_0564,123.54,438,D_SHARED_BENIGN_09,IP_LEGIT_0324,C_LEGIT_1667,M_122,0,3,0,1,1,0,NONE
TXN_002497,U_LEGIT_0284,62.88,527,D_LEGIT_1255,IP_LEGIT_0199,C_LEGIT_0502,M_093,1,5,0,1,2,0,NONE
TXN_004208,U_LEGIT_0509,160.76,802,D_LEGIT_0901,IP_LEGIT_0325,C_LEGIT_1201,M_136,0,2,0,1,1,0,NONE
TXN_001811,U_LEGIT_2093,229.53,824,D_LEGIT_1671,IP_LEGIT_1329,C_LEGIT_2001,M_002,0,5,0,1,1,0,NONE
TXN_006745,U_LEGIT_0605,147.94,60,D_LEGIT_1910,IP_LEGIT_0612,C_LEGIT_2291,M_030,0,1,0,2,1,0,NONE
TXN_000545,U_LEGIT_1875,30.65,611,D_LEGIT_1733,IP_LEGIT_0304,C_LEGIT_0507,M_090,0,2,0,1,1,0,NONE
TXN_006564,U_LEGIT_2112,246.58,984,D_LEGIT_1686,IP_LEGIT_1740,C_LEGIT_2820,M_127,0,2,0,2,1,0,NONE
TXN_004420,U_LEGIT_0869,74.85,583,D_LEGIT_0216,IP_LEGIT_1668,C_LEGIT_0496,M_006,0,1,0,1,1,0,NONE
TXN_002756,U_LEGIT_0283,162.05,1196,D_LEGIT_1913,IP_LEGIT_0426,C_LEGIT_1044,M_057,0,2,0,1,1,0,NONE
TXN_007468,U_LEGIT_2391,141.45,156,D_LEGIT_1293,IP_LEGIT_0210,C_LEGIT_2806,M_062,0,4,0,2,1,0,NONE
TXN_007020,U_LEGIT_1628,215.52,422,D_LEGIT_0086,IP_LEGIT_1921,C_LEGIT_0635,M_043,0,5,0,2,2,0,NONE
TXN_006027,U_LEGIT_2248,196.99,148,D_SHARED_BENIGN_08,IP_LEGIT_1429,C_LEGIT_2346,M_014,0,2,0,1,2,0,NONE
TXN_002686,U_LEGIT_1425,219.97,381,D_LEGIT_1421,IP_LEGIT_1372,C_LEGIT_2575,M_086,0,1,0,2,1,0,NONE
TXN_008869,U_LEGIT_0910,62.39,555,D_LEGIT_1491,IP_LEGIT_0346,C_LEGIT_1522,M_081,0,1,0,1,1,0,NONE
TXN_008321,U_LEGIT_2432,141.08,69,D_LEGIT_0974,IP_LEGIT_0047,C_LEGIT_2009,M_082,0,5,0,2,1,0,NONE
TXN_006255,U_LEGIT_1285,172.37,619,D_LEGIT_0279,IP_LEGIT_1097,C_LEGIT_0405,M_028,0,3,0,1,2,0,NONE
TXN_008746,U_LEGIT_1766,202.27,1086,D_LEGIT_1140,IP_LEGIT_0761,C_LEGIT_0636,M_036,0,2,0,1,2,0,NONE
TXN_000561,U_LEGIT_0249,224.08,884,D_LEGIT_0865,IP_LEGIT_1134,C_LEGIT_0261,M_069,1,1,0,1,2,0,NONE
TXN_003311,U_LEGIT_1049,138.17,912,D_LEGIT_0933,IP_LEGIT_0826,C_LEGIT_2176,M_101,2,4,1,1,1,0,NONE
TXN_004454,U_LEGIT_1015,214.54,668,D_LEGIT_1222,IP_LEGIT_1019,C_LEGIT_0778,M_126,1,2,0,1,2,0,NONE
TXN_007278,U_LEGIT_1980,87.7,403,D_LEGIT_0156,IP_LEGIT_0652,C_LEGIT_0672,M_021,0,5,0,1,1,0,NONE
TXN_007011,U_LEGIT_0415,222.24,1189,D_LEGIT_0787,IP_LEGIT_1397,C_LEGIT_1157,M_096,0,4,0,1,1,0,NONE
TXN_009145,U_INDIV_0047,1286.7,6,D_INDIV_0274,IP_INDIV_0266,C_INDIV_0216,M_036,13,37,4,5,8,1,INDIVIDUAL_FRAUD
TXN_006926,U_LEGIT_1490,190.64,1023,D_LEGIT_0933,IP_LEGIT_0969,C_LEGIT_0934,M_103,0,5,1,1,1,0,NONE
TXN_004731,U_LEGIT_1630,139.66,635,D_LEGIT_0273,IP_LEGIT_1193,C_LEGIT_1518,M_121,0,1,0,1,1,0,NONE
TXN_004356,U_LEGIT_0166,229.02,557,D_LEGIT_1112,IP_SHARED_BENIGN_07,C_LEGIT_2371,M_018,0,4,0,2,2,0,NONE
TXN_006901,U_LEGIT_0548,188.73,731,D_LEGIT_0864,IP_LEGIT_1566,C_LEGIT_0633,M_134,0,3,0,1,1,0,NONE
TXN_009993,U_DIST_001,60.23,18,D_DIST_030,IP_DIST_PROXY_02,C_DIST_019,M_TARGET_HIGHVAL_99,8,9,1,1,1,1,DISTRIBUTED_ABUSE
TXN_000955,U_LEGIT_0996,238.39,124,D_LEGIT_1481,IP_LEGIT_1478,C_LEGIT_2429,M_121,0,4,0,2,1,0,NONE
TXN_009002,U_INDIV_0181,1869.49,0,D_INDIV_0327,IP_INDIV_0398,C_INDIV_0379,M_022,17,33,9,5,7,1,INDIVIDUAL_FRAUD
TXN_004854,U_LEGIT_0591,123.8,541,D_LEGIT_1418,IP_LEGIT_0960,C_LEGIT_1665,M_105,0,3,0,2,2,0,NONE
TXN_006173,U_LEGIT_2334,231.51,1158,D_LEGIT_0660,IP_LEGIT_0159,C_LEGIT_0360,M_122,0,1,0,1,1,0,NONE
TXN_001190,U_LEGIT_1029,144.49,226,D_LEGIT_0557,IP_LEGIT_1288,C_LEGIT_1647,M_145,0,5,0,1,1,0,NONE
TXN_000933,U_LEGIT_0725,219.04,356,D_LEGIT_1025,IP_LEGIT_1646,C_LEGIT_2475,M_085,0,1,0,1,2,0,NONE
TXN_001785,U_LEGIT_1589,147.28,787,D_LEGIT_0788,IP_LEGIT_1498,C_LEGIT_0819,M_066,0,4,0,1,2,0,NONE
TXN_005496,U_LEGIT_0997,115.96,546,D_SHARED_BENIGN_08,IP_LEGIT_1375,C_LEGIT_2582,M_099,0,1,0,1,2,0,NONE
TXN_001225,U_LEGIT_0313,77.41,1134,D_LEGIT_0146,IP_LEGIT_1784,C_LEGIT_2155,M_148,0,2,0,2,1,0,NONE
TXN_004340,U_LEGIT_0929,27.53,562,D_LEGIT_1542,IP_LEGIT_1466,C_LEGIT_2790,M_046,0,3,0,1,2,0,NONE
TXN_003100,U_LEGIT_1150,14.33,136,D_LEGIT_1185,IP_SHARED_BENIGN_10,C_LEGIT_0042,M_040,0,4,0,1,2,0,NONE
TXN_004325,U_LEGIT_0314,204.56,987,D_SHARED_BENIGN_02,IP_LEGIT_0094,C_LEGIT_0335,M_117,0,5,0,1,2,0,NONE
TXN_000593,U_LEGIT_0872,24.92,213,D_LEGIT_1046,IP_LEGIT_0331,C_LEGIT_2188,M_145,0,1,0,1,2,0,NONE
TXN_005033,U_LEGIT_1401,120.78,961,D_LEGIT_0578,IP_LEGIT_1765,C_LEGIT_1515,M_059,0,4,0,1,1,0,NONE
TXN_004112,U_LEGIT_2315,142.1,1191,D_SHARED_BENIGN_01,IP_SHARED_BENIGN_08,C_LEGIT_1722,M_089,0,1,0,1,1,0,NONE
TXN_001167,U_LEGIT_1460,236.68,67,D_LEGIT_0724,IP_LEGIT_1652,C_LEGIT_0776,M_140,1,5,0,1,1,0,NONE
TXN_006677,U_LEGIT_2484,224.09,468,D_LEGIT_1911,IP_LEGIT_0164,C_LEGIT_1186,M_136,0,1,0,1,2,0,NONE
TXN_006313,U_LEGIT_0687,44.8,129,D_LEGIT_1779,IP_LEGIT_1605,C_LEGIT_0885,M_063,0,4,0,2,1,0,NONE
TXN_002219,U_LEGIT_1687,16.55,920,D_LEGIT_0163,IP_LEGIT_0985,C_LEGIT_1080,M_145,0,5,0,2,1,0,NONE
TXN_004050,U_LEGIT_2136,145.3,712,D_LEGIT_0524,IP_LEGIT_0386,C_LEGIT_0409,M_068,0,1,0,2,1,0,NONE
TXN_002691,U_LEGIT_2388,46.03,768,D_LEGIT_0249,IP_SHARED_BENIGN_05,C_LEGIT_0100,M_120,0,3,0,2,1,0,NONE
TXN_001157,U_LEGIT_1704,132.09,1044,D_SHARED_BENIGN_06,IP_LEGIT_1811,C_LEGIT_0575,M_062,1,2,0,2,1,0,NONE
TXN_003641,U_LEGIT_1654,64.76,1110,D_LEGIT_1517,IP_LEGIT_0775,C_LEGIT_1941,M_022,0,2,0,1,1,0,NONE
TXN_002888,U_LEGIT_1662,126.37,99,D_LEGIT_0668,IP_LEGIT_0588,C_LEGIT_0794,M_105,0,4,0,1,1,0,NONE
TXN_007367,U_LEGIT_0332,155.95,743,D_LEGIT_0464,IP_LEGIT_1552,C_LEGIT_0877,M_148,0,5,0,1,1,0,NONE
TXN_008919,U_LEGIT_0338,109.83,1191,D_LEGIT_1496,IP_LEGIT_0812,C_LEGIT_2687,M_101,0,1,0,2,2,0,NONE
TXN_006673,U_LEGIT_2099,186.56,1190,D_SHARED_BENIGN_03,IP_LEGIT_0322,C_LEGIT_2853,M_118,0,5,0,1,1,0,NONE
TXN_005662,U_LEGIT_0705,228.15,211,D_LEGIT_0553,IP_SHARED_BENIGN_08,C_LEGIT_2209,M_055,0,4,0,1,2,0,NONE
TXN_009599,U_FARM_012,218.51,5,D_FARM_HUB_02,IP_FARM_PROXY_01,C_FARM_009,M_114,16,60,5,1,5,1,DEVICE_FARM
TXN_002012,U_LEGIT_0680,169.47,170,D_LEGIT_0446,IP_LEGIT_1900,C_LEGIT_2939,M_074,0,4,0,1,2,0,NONE
TXN_008459,U_LEGIT_1630,219.48,352,D_LEGIT_0796,IP_LEGIT_1357,C_LEGIT_1847,M_035,0,3,0,2,2,0,NONE
TXN_009703,U_CYCLE_015,664.73,4,D_CYCLE_005,IP_CYCLE_023,C_STOLEN_POOL_01,M_102,4,37,4,4,4,1,CARD_CYCLING
TXN_007606,U_LEGIT_0097,189.63,1138,D_LEGIT_0212,IP_LEGIT_1398,C_LEGIT_2040,M_063,0,3,0,1,1,0,NONE
TXN_001364,U_LEGIT_1947,11.77,686,D_LEGIT_0446,IP_LEGIT_1607,C_LEGIT_2263,M_028,0,5,0,2,1,0,NONE
TXN_003654,U_LEGIT_1690,99.24,77,D_LEGIT_1560,IP_LEGIT_0286,C_LEGIT_2596,M_007,0,5,0,1,1,0,NONE
TXN_009628,U_CYCLE_017,541.33,10,D_CYCLE_002,IP_CYCLE_003,C_STOLEN_POOL_02,M_105,14,32,9,5,8,1,CARD_CYCLING
TXN_003874,U_LEGIT_0644,212.37,320,D_LEGIT_1892,IP_LEGIT_1846,C_LEGIT_2933,M_022,1,3,0,1,1,0,NONE
TXN_008887,U_LEGIT_0209,124.19,1127,D_SHARED_BENIGN_02,IP_LEGIT_1120,C_LEGIT_0368,M_076,0,3,0,2,2,0,NONE
TXN_005177,U_LEGIT_1270,211.69,186,D_LEGIT_1452,IP_LEGIT_1054,C_LEGIT_1135,M_089,1,5,0,1,2,0,NONE
TXN_004939,U_LEGIT_1403,11.18,710,D_LEGIT_0537,IP_LEGIT_1276,C_LEGIT_0074,M_105,0,5,0,2,1,0,NONE
TXN_007406,U_LEGIT_2457,152.02,270,D_SHARED_BENIGN_10,IP_LEGIT_0801,C_LEGIT_1375,M_120,0,3,0,1,2,0,NONE
TXN_009411,U_INDIV_0094,646.75,0,D_INDIV_0259,IP_INDIV_0396,C_INDIV_0092,M_098,11,40,6,4,7,1,INDIVIDUAL_FRAUD
TXN_002446,U_LEGIT_1699,121.72,1081,D_LEGIT_1595,IP_LEGIT_0754,C_LEGIT_0813,M_020,0,1,0,1,1,0,NONE
TXN_005554,U_LEGIT_0230,110.18,1032,D_LEGIT_1025,IP_LEGIT_0596,C_LEGIT_2042,M_001,0,5,0,1,2,0,NONE
TXN_009829,U_BURST_019,1103.92,1,D_BURST_015,IP_BURST_SUBNET_01,C_BURST_010,M_112,12,24,4,2,2,1,ACCOUNT_BURST
TXN_008729,U_LEGIT_2162,220.34,991,D_LEGIT_1528,IP_LEGIT_1804,C_LEGIT_0390,M_048,0,3,0,1,1,0,NONE
TXN_005771,U_LEGIT_1626,197.26,846,D_LEGIT_1862,IP_LEGIT_0207,C_LEGIT_2372,M_126,0,3,0,2,1,0,NONE
TXN_004233,U_LEGIT_1318,72.88,580,D_LEGIT_0717,IP_LEGIT_1186,C_LEGIT_1011,M_033,0,2,0,1,1,0,NONE
TXN_002397,U_LEGIT_2255,158.09,264,D_LEGIT_1522,IP_LEGIT_0648,C_LEGIT_0462,M_055,1,4,0,1,1,0,NONE
TXN_004840,U_LEGIT_2316,206.13,552,D_LEGIT_1978,IP_LEGIT_1218,C_LEGIT_1036,M_066,0,1,0,1,1,0,NONE
TXN_005934,U_LEGIT_0633,230.01,803,D_LEGIT_0014,IP_LEGIT_0429,C_LEGIT_2876,M_106,0,2,0,1,2,0,NONE
TXN_003589,U_LEGIT_0407,65.49,182,D_LEGIT_1890,IP_LEGIT_1507,C_LEGIT_2683,M_148,0,5,1,1,1,0,NONE
TXN_005465,U_LEGIT_1714,60.53,918,D_LEGIT_1022,IP_LEGIT_1957,C_LEGIT_0620,M_027,0,4,0,1,1,0,NONE
TXN_001423,U_LEGIT_0999,109.14,126,D_LEGIT_0398,IP_SHARED_BENIGN_03,C_LEGIT_2062,M_024,0,4,0,1,1,0,NONE
TXN_007485,U_LEGIT_1127,9.09,913,D_LEGIT_1237,IP_LEGIT_0936,C_LEGIT_1696,M_114,0,5,0,2,1,0,NONE
TXN_003818,U_LEGIT_0673,138.48,487,D_LEGIT_1567,IP_SHARED_BENIGN_01,C_LEGIT_2894,M_032,1,1,0,2,1,0,NONE
TXN_003150,U_LEGIT_0838,14.64,1167,D_LEGIT_1131,IP_LEGIT_1367,C_LEGIT_0510,M_131,0,5,0,1,1,0,NONE
TXN_004318,U_LEGIT_1325,151.15,438,D_LEGIT_0821,IP_LEGIT_1701,C_LEGIT_0658,M_035,0,5,0,1,2,0,NONE
TXN_001902,U_LEGIT_0021,37.31,502,D_LEGIT_0259,IP_LEGIT_1540,C_LEGIT_0136,M_056,0,5,0,1,1,0,NONE
TXN_000267,U_LEGIT_0894,32.76,1077,D_LEGIT_1387,IP_LEGIT_1278,C_LEGIT_1627,M_150,2,3,0,1,1,0,NONE
TXN_000640,U_LEGIT_2190,45.15,763,D_LEGIT_0345,IP_SHARED_BENIGN_01,C_LEGIT_2775,M_070,0,1,0,1,2,0,NONE
TXN_006437,U_LEGIT_2235,123.16,938,D_LEGIT_1246,IP_LEGIT_0224,C_LEGIT_1422,M_100,0,5,0,2,1,0,NONE
TXN_000974,U_LEGIT_1949,215.37,31,D_LEGIT_0851,IP_LEGIT_1100,C_LEGIT_1804,M_035,0,4,0,1,1,0,NONE
TXN_009009,U_INDIV_0030,2371.36,6,D_INDIV_0118,IP_INDIV_0210,C_INDIV_0242,M_126,17,49,4,7,4,1,INDIVIDUAL_FRAUD
TXN_007641,U_LEGIT_0374,148.74,253,D_LEGIT_0948,IP_LEGIT_1222,C_LEGIT_2073,M_065,1,2,0,1,1,0,NONE
TXN_003451,U_LEGIT_2034,242.46,961,D_LEGIT_1047,IP_SHARED_BENIGN_04,C_LEGIT_2076,M_073,0,1,0,1,1,0,NONE
TXN_005483,U_LEGIT_1573,90.56,96,D_LEGIT_1112,IP_LEGIT_1053,C_LEGIT_2257,M_073,0,4,0,1,1,0,NONE
TXN_001840,U_LEGIT_1330,107.84,242,D_SHARED_BENIGN_02,IP_LEGIT_0888,C_LEGIT_1972,M_137,1,1,0,1,2,0,NONE
TXN_002108,U_LEGIT_1468,114.63,904,D_LEGIT_0893,IP_LEGIT_0229,C_LEGIT_2505,M_104,0,1,0,1,1,0,NONE
TXN_008692,U_LEGIT_0398,207.42,629,D_LEGIT_1392,IP_LEGIT_0775,C_LEGIT_0066,M_076,0,3,0,1,1,0,NONE
TXN_007193,U_LEGIT_2291,235.49,737,D_LEGIT_0165,IP_LEGIT_1341,C_LEGIT_0865,M_014,0,1,0,2,1,0,NONE
TXN_006402,U_LEGIT_0316,34.13,1144,D_LEGIT_1008,IP_LEGIT_1870,C_LEGIT_1136,M_126,0,2,1,1,2,0,NONE
TXN_003392,U_LEGIT_2078,133.62,126,D_LEGIT_1823,IP_LEGIT_0765,C_LEGIT_1776,M_003,1,3,0,1,1,0,NONE
TXN_008897,U_LEGIT_1819,193.01,480,D_LEGIT_1982,IP_LEGIT_0707,C_LEGIT_2863,M_026,0,4,0,1,2,0,NONE
TXN_006606,U_LEGIT_1993,78.7,57,D_LEGIT_1014,IP_LEGIT_1879,C_LEGIT_2334,M_009,0,2,0,1,2,0,NONE
TXN_006967,U_LEGIT_0010,227.76,1169,D_LEGIT_1450,IP_LEGIT_1885,C_LEGIT_1924,M_015,0,2,0,1,1,0,NONE
TXN_003954,U_LEGIT_0006,186.25,656,D_LEGIT_1325,IP_LEGIT_1765,C_LEGIT_1737,M_042,0,4,0,1,1,0,NONE
TXN_005919,U_LEGIT_1253,14.67,519,D_LEGIT_0256,IP_LEGIT_0095,C_LEGIT_0693,M_128,0,3,0,1,2,0,NONE
TXN_003443,U_LEGIT_1716,53.53,677,D_LEGIT_0079,IP_LEGIT_1232,C_LEGIT_0694,M_056,0,3,0,1,1,0,NONE
TXN_006131,U_LEGIT_1917,160.51,1031,D_LEGIT_1141,IP_LEGIT_1438,C_LEGIT_1986,M_107,0,3,0,1,2,0,NONE
TXN_002268,U_LEGIT_0305,13.88,1094,D_LEGIT_1989,IP_LEGIT_0095,C_LEGIT_1746,M_066,0,5,0,1,1,0,NONE
TXN_006559,U_LEGIT_1704,179.96,204,D_SHARED_BENIGN_05,IP_SHARED_BENIGN_03,C_LEGIT_1171,M_090,2,4,0,1,1,0,NONE
TXN_003208,U_LEGIT_1664,249.2,925,D_LEGIT_0391,IP_LEGIT_1440,C_LEGIT_1123,M_127,0,3,0,1,2,0,NONE
TXN_009976,U_DIST_010,26.67,17,D_DIST_025,IP_DIST_PROXY_03,C_DIST_003,M_TARGET_HIGHVAL_99,5,10,1,2,2,1,DISTRIBUTED_ABUSE
TXN_004449,U_LEGIT_0789,222.62,725,D_LEGIT_0522,IP_LEGIT_0227,C_LEGIT_0900,M_123,0,4,0,2,1,0,NONE
TXN_004206,U_LEGIT_1797,109.02,415,D_LEGIT_1193,IP_LEGIT_1706,C_LEGIT_2847,M_003,0,1,0,1,1,0,NONE
TXN_003758,U_LEGIT_1607,164.41,358,D_LEGIT_1387,IP_LEGIT_0447,C_LEGIT_2087,M_085,0,5,0,1,1,0,NONE
TXN_002455,U_LEGIT_0178,17.82,353,D_LEGIT_0826,IP_LEGIT_1268,C_LEGIT_0878,M_129,0,1,0,1,2,0,NONE
TXN_009472,U_INDIV_0069,2165.7,3,D_INDIV_0109,IP_INDIV_0287,C_INDIV_0179,M_079,14,30,9,7,5,1,INDIVIDUAL_FRAUD
TXN_004812,U_LEGIT_1219,139.26,610,D_LEGIT_0913,IP_LEGIT_1185,C_LEGIT_0396,M_031,1,1,0,1,1,0,NONE
TXN_001703,U_LEGIT_1075,217.17,936,D_LEGIT_1149,IP_LEGIT_1434,C_LEGIT_0319,M_140,0,4,0,1,1,0,NONE
TXN_008000,U_LEGIT_1985,137.54,642,D_LEGIT_0779,IP_LEGIT_0097,C_LEGIT_1533,M_001,1,3,0,1,1,0,NONE
TXN_000666,U_LEGIT_1353,14.21,281,D_LEGIT_0007,IP_LEGIT_1431,C_LEGIT_1646,M_036,1,3,0,1,1,0,NONE
TXN_006097,U_LEGIT_0209,206.87,54,D_LEGIT_1143,IP_LEGIT_1651,C_LEGIT_0488,M_103,0,2,0,2,1,0,NONE
TXN_009247,U_INDIV_0178,1773.52,5,D_INDIV_0330,IP_INDIV_0399,C_INDIV_0269,M_144,6,28,6,7,5,1,INDIVIDUAL_FRAUD
TXN_003355,U_LEGIT_0839,95.71,259,D_LEGIT_1818,IP_LEGIT_0469,C_LEGIT_0988,M_053,1,2,0,1,1,0,NONE
TXN_001805,U_LEGIT_1845,122.11,145,D_LEGIT_1938,IP_LEGIT_0311,C_LEGIT_0702,M_059,0,4,0,1,2,0,NONE
TXN_007720,U_LEGIT_1019,170.61,266,D_LEGIT_1086,IP_LEGIT_1446,C_LEGIT_1479,M_006,0,4,0,1,1,0,NONE
TXN_007846,U_LEGIT_0380,126.05,1195,D_LEGIT_1641,IP_LEGIT_0469,C_LEGIT_0181,M_023,0,1,0,2,1,0,NONE
TXN_004644,U_LEGIT_0864,121.07,384,D_LEGIT_1937,IP_LEGIT_1470,C_LEGIT_1551,M_141,0,4,0,2,2,0,NONE
TXN_006100,U_LEGIT_1027,230.82,80,D_LEGIT_0773,IP_SHARED_BENIGN_10,C_LEGIT_1187,M_060,0,2,1,1,1,0,NONE
TXN_003030,U_LEGIT_1474,135.36,383,D_LEGIT_0172,IP_LEGIT_1520,C_LEGIT_2489,M_018,0,3,0,1,2,0,NONE
TXN_004475,U_LEGIT_0366,21.98,686,D_LEGIT_1733,IP_LEGIT_1062,C_LEGIT_2187,M_122,0,4,0,1,2,0,NONE
TXN_008406,U_LEGIT_0224,87.88,117,D_LEGIT_0954,IP_LEGIT_1717,C_LEGIT_2429,M_002,0,4,0,2,1,0,NONE
TXN_005823,U_LEGIT_0278,20.07,627,D_SHARED_BENIGN_06,IP_LEGIT_1666,C_LEGIT_0691,M_084,0,3,0,1,1,0,NONE
TXN_007553,U_LEGIT_0373,230.34,153,D_LEGIT_1744,IP_LEGIT_1420,C_LEGIT_2346,M_063,0,5,0,1,2,0,NONE
TXN_003515,U_LEGIT_2397,111.72,1189,D_LEGIT_1553,IP_SHARED_BENIGN_10,C_LEGIT_1220,M_017,0,2,0,1,2,0,NONE
TXN_007639,U_LEGIT_1362,121.69,373,D_SHARED_BENIGN_04,IP_SHARED_BENIGN_02,C_LEGIT_2567,M_061,0,4,0,1,1,0,NONE
TXN_008970,U_LEGIT_0654,31.01,1121,D_SHARED_BENIGN_07,IP_SHARED_BENIGN_09,C_LEGIT_0254,M_044,0,1,0,1,1,0,NONE
TXN_006776,U_LEGIT_0402,148.56,260,D_LEGIT_1129,IP_LEGIT_1822,C_LEGIT_2474,M_016,0,4,0,1,1,0,NONE
TXN_001223,U_LEGIT_0121,210.7,1102,D_LEGIT_0686,IP_LEGIT_0230,C_LEGIT_2252,M_033,1,2,0,1,2,0,NONE
TXN_004575,U_LEGIT_1223,104.02,674,D_LEGIT_1838,IP_SHARED_BENIGN_05,C_LEGIT_1794,M_073,1,4,0,1,1,0,NONE
TXN_007489,U_LEGIT_0310,32.57,541,D_LEGIT_1452,IP_LEGIT_0870,C_LEGIT_2649,M_116,0,2,0,2,1,0,NONE
TXN_009354,U_INDIV_0087,2826.94,1,D_INDIV_0121,IP_INDIV_0289,C_INDIV_0137,M_121,14,31,6,7,5,1,INDIVIDUAL_FRAUD
TXN_001563,U_LEGIT_1641,57.77,853,D_SHARED_BENIGN_06,IP_LEGIT_1629,C_LEGIT_2175,M_128,0,4,0,1,2,0,NONE
TXN_008798,U_LEGIT_2336,93.09,1089,D_LEGIT_1748,IP_LEGIT_1458,C_LEGIT_0301,M_064,0,5,0,1,1,0,NONE
TXN_001895,U_LEGIT_0659,195.28,1051,D_LEGIT_1739,IP_LEGIT_0552,C_LEGIT_1235,M_118,1,2,0,1,1,0,NONE
TXN_009392,U_INDIV_0153,1735.57,6,D_INDIV_0022,IP_INDIV_0204,C_INDIV_0228,M_060,12,29,4,6,7,1,INDIVIDUAL_FRAUD
TXN_000713,U_LEGIT_1357,154.34,517,D_LEGIT_1659,IP_LEGIT_1595,C_LEGIT_2413,M_136,0,2,0,1,1,0,NONE
TXN_009316,U_INDIV_0144,829.74,4,D_INDIV_0348,IP_INDIV_0263,C_INDIV_0243,M_075,8,32,9,4,5,1,INDIVIDUAL_FRAUD
TXN_006310,U_LEGIT_1103,168.25,947,D_LEGIT_0570,IP_SHARED_BENIGN_06,C_LEGIT_0416,M_051,1,5,0,1,1,0,NONE
TXN_005679,U_LEGIT_1794,121.06,798,D_LEGIT_1860,IP_LEGIT_0093,C_LEGIT_0415,M_120,0,1,0,1,1,0,NONE
TXN_002150,U_LEGIT_2263,248.42,321,D_SHARED_BENIGN_06,IP_LEGIT_0205,C_LEGIT_0770,M_102,0,4,0,2,1,0,NONE
TXN_002400,U_LEGIT_1965,39.53,849,D_LEGIT_0545,IP_SHARED_BENIGN_04,C_LEGIT_2012,M_023,0,4,0,1,2,0,NONE
TXN_001557,U_LEGIT_2034,28.09,475,D_LEGIT_0328,IP_LEGIT_0802,C_LEGIT_2144,M_027,0,2,0,1,2,0,NONE
TXN_009017,U_INDIV_0058,2631.29,4,D_INDIV_0137,IP_INDIV_0310,C_INDIV_0361,M_077,7,27,5,4,7,1,INDIVIDUAL_FRAUD
TXN_004114,U_LEGIT_1111,228.32,1087,D_LEGIT_0809,IP_LEGIT_0140,C_LEGIT_2437,M_148,0,5,0,1,1,0,NONE
TXN_000650,U_LEGIT_2491,23.64,1036,D_LEGIT_1068,IP_LEGIT_0906,C_LEGIT_2580,M_002,0,2,0,1,1,0,NONE
TXN_000006,U_LEGIT_2282,206.88,676,D_LEGIT_0665,IP_LEGIT_1590,C_LEGIT_0230,M_059,0,1,0,1,1,0,NONE
TXN_009718,U_CYCLE_020,399.97,4,D_CYCLE_028,IP_CYCLE_025,C_STOLEN_POOL_02,M_025,11,13,10,4,8,1,CARD_CYCLING
TXN_009898,U_DIST_020,15.18,20,D_DIST_010,IP_DIST_PROXY_02,C_DIST_007,M_TARGET_HIGHVAL_99,3,11,2,2,2,1,DISTRIBUTED_ABUSE
TXN_007759,U_LEGIT_1460,197.69,797,D_LEGIT_1095,IP_LEGIT_0791,C_LEGIT_1511,M_118,0,5,0,1,1,0,NONE
TXN_009735,U_CYCLE_012,635.74,7,D_CYCLE_028,IP_CYCLE_028,C_STOLEN_POOL_05,M_035,10,13,3,2,4,1,CARD_CYCLING
TXN_003762,U_LEGIT_1422,169.05,1097,D_LEGIT_1241,IP_LEGIT_0757,C_LEGIT_0196,M_109,0,5,0,1,1,0,NONE
TXN_008820,U_LEGIT_2025,149.62,65,D_LEGIT_1682,IP_LEGIT_1700,C_LEGIT_1975,M_009,0,5,1,2,1,0,NONE
TXN_005280,U_LEGIT_1097,92.56,1166,D_LEGIT_1401,IP_LEGIT_0561,C_LEGIT_2527,M_148,0,5,0,1,1,0,NONE
TXN_009483,U_INDIV_0106,842.27,0,D_INDIV_0277,IP_INDIV_0181,C_INDIV_0349,M_103,14,25,3,7,7,1,INDIVIDUAL_FRAUD
TXN_005791,U_LEGIT_1425,77.48,1102,D_LEGIT_0306,IP_LEGIT_0643,C_LEGIT_0776,M_138,0,1,0,1,1,0,NONE
TXN_001181,U_LEGIT_0470,52.61,275,D_LEGIT_0392,IP_LEGIT_1416,C_LEGIT_0526,M_148,1,2,0,1,1,0,NONE
TXN_009267,U_INDIV_0017,1274.48,3,D_INDIV_0264,IP_INDIV_0008,C_INDIV_0070,M_027,15,18,5,5,7,1,INDIVIDUAL_FRAUD
TXN_005114,U_LEGIT_1105,197.99,978,D_LEGIT_1217,IP_LEGIT_0560,C_LEGIT_1254,M_037,1,4,0,1,1,0,NONE
TXN_002146,U_LEGIT_1980,52.9,222,D_LEGIT_0989,IP_LEGIT_0135,C_LEGIT_2608,M_107,0,1,0,2,1,0,NONE
TXN_003064,U_LEGIT_0049,140.65,82,D_LEGIT_0367,IP_LEGIT_1690,C_LEGIT_2184,M_129,0,3,0,2,1,0,NONE
TXN_002606,U_LEGIT_1303,247.7,372,D_LEGIT_0742,IP_LEGIT_1635,C_LEGIT_2306,M_029,0,3,0,1,1,0,NONE
TXN_009154,U_INDIV_0050,2820.42,6,D_INDIV_0331,IP_INDIV_0067,C_INDIV_0267,M_069,10,23,3,3,7,1,INDIVIDUAL_FRAUD
TXN_001875,U_LEGIT_1358,102.03,862,D_SHARED_BENIGN_10,IP_LEGIT_1978,C_LEGIT_2712,M_048,0,3,0,1,1,0,NONE
TXN_001411,U_LEGIT_1001,66.8,340,D_SHARED_BENIGN_09,IP_LEGIT_0848,C_LEGIT_2091,M_065,1,1,0,2,2,0,NONE
TXN_008061,U_LEGIT_0768,229.59,863,D_LEGIT_0544,IP_LEGIT_1624,C_LEGIT_2919,M_046,0,5,0,1,2,0,NONE
TXN_006391,U_LEGIT_1382,246.75,886,D_LEGIT_0390,IP_LEGIT_1216,C_LEGIT_0336,M_133,0,4,0,1,1,0,NONE
TXN_008130,U_LEGIT_1960,248.0,1087,D_LEGIT_0543,IP_LEGIT_0370,C_LEGIT_2336,M_082,0,2,0,1,1,0,NONE
TXN_007391,U_LEGIT_1642,147.25,1002,D_LEGIT_0153,IP_LEGIT_1904,C_LEGIT_1498,M_101,0,4,0,2,1,0,NONE
TXN_001896,U_LEGIT_0755,131.97,95,D_LEGIT_0289,IP_LEGIT_0357,C_LEGIT_0871,M_078,0,4,0,1,1,0,NONE
TXN_006809,U_LEGIT_1492,242.02,238,D_LEGIT_1177,IP_LEGIT_0669,C_LEGIT_0412,M_001,0,3,1,1,1,0,NONE
TXN_008954,U_LEGIT_0617,235.05,1029,D_LEGIT_1496,IP_LEGIT_1633,C_LEGIT_0247,M_072,0,5,0,1,1,0,NONE
TXN_007588,U_LEGIT_2039,15.7,617,D_LEGIT_1625,IP_SHARED_BENIGN_04,C_LEGIT_1404,M_139,1,3,0,2,2,0,NONE
TXN_002141,U_LEGIT_1174,169.11,731,D_LEGIT_0225,IP_LEGIT_1633,C_LEGIT_2817,M_137,0,4,0,1,1,0,NONE
TXN_009697,U_CYCLE_025,790.05,8,D_CYCLE_005,IP_CYCLE_018,C_STOLEN_POOL_02,M_077,6,36,6,5,8,1,CARD_CYCLING
TXN_009889,U_DIST_007,35.39,6,D_DIST_030,IP_DIST_PROXY_04,C_DIST_030,M_TARGET_HIGHVAL_99,8,18,0,2,1,1,DISTRIBUTED_ABUSE
TXN_004617,U_LEGIT_0568,100.03,1036,D_LEGIT_1813,IP_LEGIT_1359,C_LEGIT_0981,M_050,2,4,0,1,1,0,NONE
TXN_002882,U_LEGIT_0315,159.33,63,D_LEGIT_0487,IP_LEGIT_1098,C_LEGIT_1790,M_088,0,1,0,1,1,0,NONE
TXN_008403,U_LEGIT_2313,66.63,380,D_LEGIT_1935,IP_LEGIT_1037,C_LEGIT_1909,M_141,0,4,0,2,1,0,NONE
TXN_003106,U_LEGIT_2211,157.33,141,D_LEGIT_0080,IP_SHARED_BENIGN_08,C_LEGIT_1904,M_009,0,1,0,1,1,0,NONE
TXN_002180,U_LEGIT_1701,94.03,860,D_LEGIT_0956,IP_LEGIT_1515,C_LEGIT_0074,M_026,0,5,0,1,1,0,NONE
TXN_003113,U_LEGIT_0449,123.9,230,D_LEGIT_1936,IP_SHARED_BENIGN_03,C_LEGIT_2160,M_097,0,4,0,2,1,0,NONE
TXN_003276,U_LEGIT_0549,63.0,327,D_LEGIT_1014,IP_LEGIT_0572,C_LEGIT_1208,M_074,0,3,0,2,2,0,NONE
TXN_000984,U_LEGIT_1597,40.94,644,D_LEGIT_1991,IP_LEGIT_0976,C_LEGIT_1917,M_083,0,3,0,1,1,0,NONE
TXN_006235,U_LEGIT_1188,135.3,98,D_LEGIT_0078,IP_LEGIT_1022,C_LEGIT_0190,M_137,0,3,0,2,1,0,NONE
TXN_001869,U_LEGIT_1308,125.53,234,D_LEGIT_0872,IP_SHARED_BENIGN_08,C_LEGIT_2317,M_025,0,5,0,1,1,0,NONE
TXN_008533,U_LEGIT_0292,122.37,880,D_LEGIT_0566,IP_LEGIT_1633,C_LEGIT_0930,M_061,0,5,0,1,2,0,NONE
TXN_006683,U_LEGIT_0843,37.73,231,D_LEGIT_0285,IP_LEGIT_1615,C_LEGIT_0420,M_090,2,3,0,2,2,0,NONE
TXN_000485,U_LEGIT_0103,45.76,1148,D_LEGIT_1023,IP_LEGIT_1942,C_LEGIT_1877,M_082,2,3,0,1,2,0,NONE
TXN_006780,U_LEGIT_0703,248.36,704,D_LEGIT_0839,IP_LEGIT_0975,C_LEGIT_2187,M_082,0,4,0,2,1,0,NONE
TXN_001213,U_LEGIT_1060,221.07,539,D_LEGIT_1319,IP_LEGIT_1943,C_LEGIT_1941,M_128,0,4,0,1,1,0,NONE
TXN_004094,U_LEGIT_0390,142.55,989,D_LEGIT_1195,IP_LEGIT_1083,C_LEGIT_2593,M_143,0,4,0,1,1,0,NONE
TXN_004215,U_LEGIT_0793,181.03,1072,D_SHARED_BENIGN_04,IP_LEGIT_0477,C_LEGIT_2100,M_106,0,1,0,1,1,0,NONE
TXN_000219,U_LEGIT_1074,160.11,1056,D_LEGIT_1890,IP_SHARED_BENIGN_07,C_LEGIT_2076,M_074,0,4,0,1,1,0,NONE
TXN_009946,U_DIST_018,21.08,7,D_DIST_003,IP_DIST_PROXY_01,C_DIST_003,M_TARGET_HIGHVAL_99,7,14,0,2,1,1,DISTRIBUTED_ABUSE
TXN_000220,U_LEGIT_1137,87.07,165,D_SHARED_BENIGN_02,IP_LEGIT_0417,C_LEGIT_0637,M_138,0,4,0,1,1,0,NONE
TXN_005889,U_LEGIT_0605,185.38,406,D_LEGIT_0621,IP_LEGIT_1433,C_LEGIT_1512,M_092,0,1,0,2,1,0,NONE
TXN_009031,U_INDIV_0042,535.57,0,D_INDIV_0150,IP_INDIV_0304,C_INDIV_0275,M_124,14,35,7,4,6,1,INDIVIDUAL_FRAUD
TXN_005671,U_LEGIT_1298,190.15,135,D_LEGIT_0893,IP_LEGIT_1622,C_LEGIT_2493,M_110,0,3,0,1,1,0,NONE
TXN_008439,U_LEGIT_1157,15.23,1133,D_LEGIT_1921,IP_LEGIT_1269,C_LEGIT_0716,M_116,0,2,0,1,2,0,NONE
TXN_000779,U_LEGIT_0808,38.03,380,D_SHARED_BENIGN_08,IP_LEGIT_0563,C_LEGIT_1726,M_031,0,5,0,1,1,0,NONE
TXN_005567,U_LEGIT_1429,151.31,310,D_SHARED_BENIGN_04,IP_LEGIT_1590,C_LEGIT_0307,M_093,0,5,0,1,1,0,NONE
TXN_008461,U_LEGIT_1985,64.76,573,D_LEGIT_0749,IP_SHARED_BENIGN_02,C_LEGIT_2551,M_001,1,1,0,1,1,0,NONE
TXN_002307,U_LEGIT_0975,158.78,349,D_LEGIT_1375,IP_LEGIT_1657,C_LEGIT_0487,M_073,0,1,0,1,1,0,NONE
TXN_004975,U_LEGIT_1507,94.81,313,D_LEGIT_0823,IP_LEGIT_0890,C_LEGIT_0878,M_013,0,1,0,2,2,0,NONE
TXN_001448,U_LEGIT_0721,197.75,734,D_LEGIT_0055,IP_LEGIT_0382,C_LEGIT_2358,M_125,0,3,1,1,1,0,NONE
TXN_004209,U_LEGIT_0428,241.28,395,D_LEGIT_0290,IP_LEGIT_1597,C_LEGIT_2844,M_101,0,5,0,1,2,0,NONE
TXN_003533,U_LEGIT_1809,20.49,570,D_LEGIT_0944,IP_LEGIT_1676,C_LEGIT_0794,M_098,0,1,0,1,1,0,NONE
TXN_000321,U_LEGIT_2106,186.09,1020,D_LEGIT_0327,IP_LEGIT_1943,C_LEGIT_2318,M_038,1,1,0,2,1,0,NONE
TXN_007524,U_LEGIT_1420,234.16,698,D_LEGIT_1541,IP_LEGIT_0762,C_LEGIT_2039,M_112,0,1,0,2,1,0,NONE
TXN_000244,U_LEGIT_2156,89.45,690,D_LEGIT_1968,IP_SHARED_BENIGN_07,C_LEGIT_2401,M_026,0,2,0,2,2,0,NONE
TXN_006147,U_LEGIT_2479,22.49,1063,D_LEGIT_1661,IP_LEGIT_0571,C_LEGIT_2271,M_008,0,4,0,1,1,0,NONE
TXN_002700,U_LEGIT_0156,49.07,1107,D_LEGIT_1331,IP_LEGIT_1304,C_LEGIT_1387,M_092,2,2,0,2,2,0,NONE
TXN_006361,U_LEGIT_1814,29.42,797,D_LEGIT_1783,IP_LEGIT_0356,C_LEGIT_2204,M_087,0,4,0,1,2,0,NONE
TXN_000313,U_LEGIT_1602,80.13,794,D_LEGIT_1740,IP_LEGIT_1967,C_LEGIT_2598,M_037,1,1,0,1,1,0,NONE
TXN_002962,U_LEGIT_1644,70.24,353,D_SHARED_BENIGN_02,IP_LEGIT_1902,C_LEGIT_0920,M_006,0,1,0,1,1,0,NONE
TXN_003442,U_LEGIT_2182,93.99,819,D_SHARED_BENIGN_01,IP_LEGIT_1207,C_LEGIT_0668,M_005,0,3,0,2,2,0,NONE
TXN_004593,U_LEGIT_1245,31.52,259,D_LEGIT_0866,IP_LEGIT_0564,C_LEGIT_0727,M_036,0,3,0,1,1,0,NONE
TXN_009348,U_INDIV_0104,1717.25,5,D_INDIV_0324,IP_INDIV_0272,C_INDIV_0371,M_012,15,27,7,4,7,1,INDIVIDUAL_FRAUD
TXN_005847,U_LEGIT_1871,217.5,407,D_LEGIT_1757,IP_LEGIT_0649,C_LEGIT_2146,M_070,0,4,0,1,2,0,NONE
TXN_003611,U_LEGIT_1779,40.0,244,D_LEGIT_0290,IP_LEGIT_0346,C_LEGIT_1910,M_114,0,3,0,1,1,0,NONE
TXN_007471,U_LEGIT_1639,179.48,494,D_LEGIT_1345,IP_LEGIT_1492,C_LEGIT_0734,M_072,1,2,0,1,1,0,NONE
TXN_002718,U_LEGIT_1767,232.17,559,D_LEGIT_0730,IP_LEGIT_1224,C_LEGIT_2137,M_038,2,4,0,1,2,0,NONE
TXN_001513,U_LEGIT_0659,61.08,914,D_LEGIT_0408,IP_LEGIT_1126,C_LEGIT_0082,M_015,0,1,0,1,1,0,NONE
TXN_004831,U_LEGIT_0124,54.12,182,D_LEGIT_1996,IP_LEGIT_0468,C_LEGIT_2436,M_090,0,5,0,1,1,0,NONE
TXN_001666,U_LEGIT_2312,209.26,581,D_LEGIT_1103,IP_LEGIT_0473,C_LEGIT_0502,M_033,0,1,0,1,2,0,NONE
TXN_007313,U_LEGIT_1746,168.44,373,D_LEGIT_1374,IP_LEGIT_0297,C_LEGIT_0179,M_046,0,5,0,2,1,0,NONE
TXN_003051,U_LEGIT_2295,43.4,1005,D_LEGIT_1289,IP_LEGIT_0964,C_LEGIT_2066,M_142,2,4,0,2,1,0,NONE
TXN_009919,U_DIST_022,64.47,3,D_DIST_023,IP_DIST_PROXY_04,C_DIST_012,M_TARGET_HIGHVAL_99,4,6,0,1,1,1,DISTRIBUTED_ABUSE
TXN_001058,U_LEGIT_0101,104.66,58,D_LEGIT_1615,IP_LEGIT_1783,C_LEGIT_2590,M_039,0,2,0,1,1,0,NONE
TXN_000375,U_LEGIT_0239,26.86,472,D_LEGIT_0545,IP_LEGIT_1504,C_LEGIT_0289,M_078,1,1,0,1,2,0,NONE
TXN_003152,U_LEGIT_1903,221.99,510,D_SHARED_BENIGN_06,IP_LEGIT_0604,C_LEGIT_0411,M_083,0,1,0,1,2,0,NONE
TXN_004859,U_LEGIT_0389,196.5,882,D_LEGIT_0667,IP_LEGIT_0614,C_LEGIT_2831,M_137,0,3,0,1,1,0,NONE
TXN_009164,U_INDIV_0069,2287.29,4,D_INDIV_0195,IP_INDIV_0355,C_INDIV_0338,M_115,15,50,9,5,7,1,INDIVIDUAL_FRAUD
TXN_003418,U_LEGIT_1616,181.53,611,D_SHARED_BENIGN_06,IP_LEGIT_0981,C_LEGIT_0861,M_134,0,5,0,1,2,0,NONE
TXN_002021,U_LEGIT_0039,106.34,528,D_LEGIT_1009,IP_LEGIT_1641,C_LEGIT_2805,M_081,0,4,0,1,1,0,NONE
TXN_000137,U_LEGIT_0991,78.23,816,D_LEGIT_0548,IP_LEGIT_0289,C_LEGIT_0397,M_013,1,4,0,1,1,0,NONE
TXN_000871,U_LEGIT_1445,95.63,436,D_LEGIT_1133,IP_SHARED_BENIGN_01,C_LEGIT_2125,M_054,2,5,0,1,1,0,NONE
TXN_002303,U_LEGIT_1954,126.29,461,D_LEGIT_1688,IP_LEGIT_0628,C_LEGIT_2774,M_010,0,4,0,1,2,0,NONE
TXN_000522,U_LEGIT_0873,203.76,918,D_LEGIT_1688,IP_LEGIT_0958,C_LEGIT_1098,M_137,1,1,0,1,2,0,NONE
TXN_006795,U_LEGIT_0709,132.29,405,D_LEGIT_0447,IP_LEGIT_1811,C_LEGIT_0975,M_047,0,4,0,1,1,0,NONE
TXN_005463,U_LEGIT_2246,100.74,929,D_LEGIT_1029,IP_LEGIT_0814,C_LEGIT_2421,M_065,0,4,0,1,1,0,NONE
TXN_007804,U_LEGIT_1041,183.38,110,D_SHARED_BENIGN_07,IP_LEGIT_0528,C_LEGIT_2330,M_040,0,3,0,1,2,0,NONE
TXN_005778,U_LEGIT_0096,123.19,984,D_LEGIT_1998,IP_LEGIT_1074,C_LEGIT_2343,M_065,2,5,0,1,2,0,NONE
TXN_001830,U_LEGIT_0713,73.02,1144,D_LEGIT_1888,IP_SHARED_BENIGN_03,C_LEGIT_0548,M_057,0,2,0,2,1,0,NONE
TXN_003419,U_LEGIT_1555,167.72,426,D_LEGIT_0836,IP_LEGIT_1647,C_LEGIT_2761,M_018,2,4,0,1,1,0,NONE
TXN_004042,U_LEGIT_0028,246.96,506,D_LEGIT_1800,IP_LEGIT_0880,C_LEGIT_1165,M_006,0,5,0,2,1,0,NONE
TXN_004001,U_LEGIT_1156,239.15,585,D_LEGIT_1065,IP_LEGIT_0235,C_LEGIT_1424,M_030,0,1,0,1,1,0,NONE
TXN_003061,U_LEGIT_0011,98.02,471,D_LEGIT_0873,IP_LEGIT_1160,C_LEGIT_0145,M_136,0,5,0,1,2,0,NONE
TXN_006274,U_LEGIT_1136,105.76,280,D_LEGIT_1547,IP_LEGIT_0015,C_LEGIT_0926,M_090,0,2,0,2,1,0,NONE
TXN_001741,U_LEGIT_0193,150.26,55,D_LEGIT_1682,IP_LEGIT_0104,C_LEGIT_1168,M_003,0,3,0,1,1,0,NONE
TXN_003686,U_LEGIT_0900,81.17,659,D_SHARED_BENIGN_02,IP_LEGIT_0135,C_LEGIT_1154,M_109,0,3,0,2,1,0,NONE
TXN_001153,U_LEGIT_1890,43.74,949,D_LEGIT_0318,IP_SHARED_BENIGN_01,C_LEGIT_2408,M_031,0,1,0,1,1,0,NONE
TXN_008808,U_LEGIT_1095,126.17,654,D_SHARED_BENIGN_08,IP_LEGIT_0946,C_LEGIT_1904,M_070,0,2,0,1,1,0,NONE
TXN_006041,U_LEGIT_1003,214.34,909,D_LEGIT_1008,IP_LEGIT_0528,C_LEGIT_0430,M_089,1,2,0,1,1,0,NONE
TXN_006424,U_LEGIT_0631,94.19,1115,D_LEGIT_0676,IP_LEGIT_1330,C_LEGIT_1558,M_083,0,1,0,1,2,0,NONE
TXN_000386,U_LEGIT_2360,91.38,79,D_SHARED_BENIGN_07,IP_LEGIT_0714,C_LEGIT_0781,M_083,0,2,1,2,1,0,NONE
TXN_008026,U_LEGIT_1431,154.58,313,D_LEGIT_1365,IP_LEGIT_0776,C_LEGIT_1972,M_122,0,3,0,1,1,0,NONE
TXN_002102,U_LEGIT_0612,168.58,355,D_LEGIT_0342,IP_LEGIT_1359,C_LEGIT_2714,M_137,0,2,0,1,1,0,NONE
TXN_002213,U_LEGIT_0181,185.31,334,D_SHARED_BENIGN_05,IP_LEGIT_0856,C_LEGIT_0394,M_013,0,5,0,1,1,0,NONE
TXN_007572,U_LEGIT_1309,113.35,671,D_LEGIT_0505,IP_SHARED_BENIGN_09,C_LEGIT_2694,M_023,0,5,0,1,1,0,NONE
TXN_006915,U_LEGIT_0972,33.49,410,D_LEGIT_1823,IP_LEGIT_0303,C_LEGIT_1647,M_053,0,5,0,1,1,0,NONE
TXN_009537,U_FARM_003,294.14,0,D_FARM_HUB_01,IP_FARM_PROXY_01,C_FARM_034,M_138,7,63,5,1,5,1,DEVICE_FARM
TXN_005375,U_LEGIT_2010,216.83,1167,D_LEGIT_1878,IP_LEGIT_0420,C_LEGIT_0111,M_079,0,5,0,1,2,0,NONE
TXN_000031,U_LEGIT_0182,96.14,173,D_LEGIT_0004,IP_LEGIT_1652,C_LEGIT_2206,M_051,1,3,0,1,1,0,NONE
TXN_003121,U_LEGIT_2405,23.4,160,D_LEGIT_1956,IP_LEGIT_0532,C_LEGIT_0051,M_008,0,3,0,1,2,0,NONE
TXN_004794,U_LEGIT_2266,123.73,384,D_LEGIT_0365,IP_LEGIT_0243,C_LEGIT_2022,M_061,0,2,0,1,1,0,NONE
TXN_009086,U_INDIV_0003,2792.38,1,D_INDIV_0043,IP_INDIV_0344,C_INDIV_0021,M_101,8,49,7,5,3,1,INDIVIDUAL_FRAUD
TXN_009544,U_FARM_018,383.56,1,D_FARM_HUB_01,IP_FARM_PROXY_01,C_FARM_016,M_110,8,31,4,1,4,1,DEVICE_FARM
TXN_008700,U_LEGIT_0552,177.49,1113,D_LEGIT_0580,IP_LEGIT_0332,C_LEGIT_0678,M_006,1,4,0,1,2,0,NONE
TXN_005251,U_LEGIT_2031,201.18,48,D_LEGIT_1301,IP_LEGIT_1405,C_LEGIT_0608,M_032,0,5,0,2,1,0,NONE
TXN_007184,U_LEGIT_1126,119.29,475,D_LEGIT_1592,IP_LEGIT_1529,C_LEGIT_1636,M_068,2,4,0,1,1,0,NONE
TXN_009823,U_BURST_006,403.41,0,D_BURST_012,IP_BURST_SUBNET_01,C_BURST_006,M_091,16,22,3,2,3,1,ACCOUNT_BURST
TXN_009049,U_INDIV_0071,2090.13,3,D_INDIV_0159,IP_INDIV_0001,C_INDIV_0142,M_061,14,21,6,7,4,1,INDIVIDUAL_FRAUD
TXN_008502,U_LEGIT_0628,71.23,240,D_LEGIT_1827,IP_LEGIT_0009,C_LEGIT_0134,M_018,0,2,0,1,1,0,NONE
TXN_001767,U_LEGIT_1001,14.18,767,D_LEGIT_1651,IP_LEGIT_1155,C_LEGIT_0761,M_042,0,2,0,1,2,0,NONE
TXN_004235,U_LEGIT_0114,33.05,908,D_LEGIT_0868,IP_LEGIT_1622,C_LEGIT_2922,M_001,1,2,0,1,2,0,NONE
TXN_001645,U_LEGIT_1838,173.33,324,D_LEGIT_0514,IP_LEGIT_0913,C_LEGIT_2674,M_097,0,1,0,1,1,0,NONE
TXN_003704,U_LEGIT_1503,214.01,244,D_LEGIT_1615,IP_LEGIT_1284,C_LEGIT_0666,M_084,0,3,0,1,2,0,NONE
TXN_007477,U_LEGIT_0449,46.7,1191,D_LEGIT_1525,IP_LEGIT_0738,C_LEGIT_2077,M_103,0,5,0,2,1,0,NONE
TXN_008381,U_LEGIT_2396,144.83,1069,D_LEGIT_1278,IP_LEGIT_0265,C_LEGIT_1410,M_146,0,5,0,1,2,0,NONE
TXN_004003,U_LEGIT_1363,233.34,1046,D_LEGIT_1790,IP_LEGIT_0818,C_LEGIT_0901,M_128,0,3,0,1,1,0,NONE
TXN_006357,U_LEGIT_0822,207.8,326,D_LEGIT_0677,IP_LEGIT_0700,C_LEGIT_1568,M_065,0,5,0,2,1,0,NONE
TXN_006959,U_LEGIT_2339,151.83,1143,D_LEGIT_0797,IP_LEGIT_1686,C_LEGIT_2372,M_046,0,1,0,2,1,0,NONE
TXN_006709,U_LEGIT_1139,238.62,908,D_SHARED_BENIGN_07,IP_LEGIT_1858,C_LEGIT_1945,M_051,0,1,0,1,1,0,NONE
TXN_009964,U_DIST_024,56.09,10,D_DIST_001,IP_DIST_PROXY_02,C_DIST_029,M_TARGET_HIGHVAL_99,8,9,0,2,2,1,DISTRIBUTED_ABUSE
TXN_003984,U_LEGIT_1685,214.09,626,D_LEGIT_1333,IP_LEGIT_1655,C_LEGIT_0575,M_133,0,5,0,1,2,0,NONE
TXN_003734,U_LEGIT_1793,125.1,560,D_LEGIT_0551,IP_LEGIT_0675,C_LEGIT_0521,M_048,0,4,0,1,2,0,NONE
TXN_004316,U_LEGIT_1076,187.36,573,D_LEGIT_1200,IP_LEGIT_0713,C_LEGIT_2448,M_007,0,3,0,2,1,0,NONE
TXN_002731,U_LEGIT_0568,231.36,749,D_LEGIT_0014,IP_LEGIT_0560,C_LEGIT_2095,M_067,0,4,0,1,1,0,NONE
TXN_001238,U_LEGIT_1711,143.92,497,D_LEGIT_0063,IP_LEGIT_0357,C_LEGIT_0885,M_080,0,2,0,1,1,0,NONE
TXN_003988,U_LEGIT_1080,151.81,525,D_LEGIT_1130,IP_SHARED_BENIGN_05,C_LEGIT_1116,M_004,0,4,0,1,2,0,NONE
TXN_001649,U_LEGIT_1055,116.96,1000,D_LEGIT_0644,IP_LEGIT_1344,C_LEGIT_1318,M_106,0,4,0,1,1,0,NONE
TXN_007608,U_LEGIT_0910,94.37,547,D_SHARED_BENIGN_03,IP_LEGIT_0077,C_LEGIT_1870,M_005,0,1,0,1,2,0,NONE
TXN_006076,U_LEGIT_1023,152.01,805,D_LEGIT_0063,IP_LEGIT_1336,C_LEGIT_1891,M_041,0,5,0,2,2,0,NONE
TXN_002916,U_LEGIT_0952,112.32,420,D_LEGIT_0461,IP_SHARED_BENIGN_03,C_LEGIT_2069,M_039,0,3,0,1,1,0,NONE
TXN_001620,U_LEGIT_1257,203.12,162,D_LEGIT_1387,IP_LEGIT_0589,C_LEGIT_2050,M_129,0,3,0,2,1,0,NONE
TXN_005097,U_LEGIT_0712,172.96,790,D_LEGIT_0083,IP_LEGIT_0636,C_LEGIT_0687,M_150,1,3,1,2,1,0,NONE
TXN_005434,U_LEGIT_0333,172.85,1178,D_LEGIT_1396,IP_LEGIT_0324,C_LEGIT_0988,M_136,0,2,0,2,2,0,NONE
TXN_009825,U_BURST_010,349.48,0,D_BURST_018,IP_BURST_SUBNET_01,C_BURST_019,M_121,16,32,1,2,2,1,ACCOUNT_BURST
TXN_006024,U_LEGIT_1542,147.07,116,D_LEGIT_1463,IP_LEGIT_1195,C_LEGIT_0275,M_141,0,5,0,2,1,0,NONE
TXN_007309,U_LEGIT_2397,156.02,954,D_LEGIT_1892,IP_LEGIT_0626,C_LEGIT_0943,M_070,0,5,0,1,2,0,NONE
TXN_000071,U_LEGIT_1924,214.13,1122,D_LEGIT_0543,IP_LEGIT_1419,C_LEGIT_1629,M_021,0,3,0,2,1,0,NONE
TXN_007099,U_LEGIT_2059,20.07,531,D_LEGIT_0673,IP_LEGIT_0549,C_LEGIT_0699,M_093,0,2,0,1,1,0,NONE
TXN_003647,U_LEGIT_2122,208.05,712,D_LEGIT_1757,IP_LEGIT_0136,C_LEGIT_2283,M_029,0,1,0,1,2,0,NONE
TXN_008085,U_LEGIT_0956,164.58,978,D_LEGIT_0097,IP_LEGIT_1236,C_LEGIT_2302,M_008,0,3,1,1,2,0,NONE
TXN_003894,U_LEGIT_1132,40.43,482,D_LEGIT_1742,IP_LEGIT_0381,C_LEGIT_1769,M_075,0,4,0,1,2,0,NONE
TXN_008364,U_LEGIT_0826,40.57,92,D_LEGIT_0727,IP_SHARED_BENIGN_06,C_LEGIT_2667,M_008,0,3,0,1,1,0,NONE
TXN_006133,U_LEGIT_0267,166.73,788,D_LEGIT_0099,IP_LEGIT_0573,C_LEGIT_2664,M_091,0,2,0,2,1,0,NONE
TXN_001005,U_LEGIT_0702,217.95,332,D_SHARED_BENIGN_08,IP_LEGIT_0118,C_LEGIT_1424,M_123,0,3,0,1,1,0,NONE
TXN_005768,U_LEGIT_1370,109.17,656,D_LEGIT_0183,IP_LEGIT_0361,C_LEGIT_0904,M_138,0,5,0,1,1,0,NONE
TXN_004451,U_LEGIT_0194,141.83,793,D_LEGIT_1389,IP_LEGIT_0981,C_LEGIT_2624,M_054,1,2,0,1,1,0,NONE
TXN_009971,U_DIST_006,49.18,18,D_DIST_002,IP_DIST_PROXY_01,C_DIST_030,M_TARGET_HIGHVAL_99,3,15,0,1,1,1,DISTRIBUTED_ABUSE
TXN_009713,U_CYCLE_014,321.39,7,D_CYCLE_026,IP_CYCLE_010,C_STOLEN_POOL_01,M_011,14,25,3,4,6,1,CARD_CYCLING
TXN_008629,U_LEGIT_0969,32.58,484,D_LEGIT_1463,IP_LEGIT_0215,C_LEGIT_2406,M_048,0,1,0,1,2,0,NONE
TXN_007378,U_LEGIT_0048,175.99,292,D_LEGIT_1936,IP_SHARED_BENIGN_06,C_LEGIT_2652,M_079,0,3,1,1,1,0,NONE
TXN_009284,U_INDIV_0075,994.73,7,D_INDIV_0188,IP_INDIV_0218,C_INDIV_0158,M_109,7,46,4,6,8,1,INDIVIDUAL_FRAUD
TXN_005315,U_LEGIT_1956,184.37,357,D_LEGIT_1059,IP_LEGIT_0796,C_LEGIT_0728,M_029,0,3,0,1,2,0,NONE
TXN_006724,U_LEGIT_1618,84.94,396,D_LEGIT_0654,IP_LEGIT_0970,C_LEGIT_1347,M_095,0,4,0,1,1,0,NONE
TXN_006345,U_LEGIT_0345,221.55,336,D_LEGIT_0586,IP_SHARED_BENIGN_03,C_LEGIT_2257,M_039,0,3,0,2,2,0,NONE
TXN_007344,U_LEGIT_0530,235.66,451,D_LEGIT_0898,IP_LEGIT_1604,C_LEGIT_0338,M_060,1,5,0,2,1,0,NONE
TXN_009678,U_CYCLE_019,846.36,1,D_CYCLE_020,IP_CYCLE_018,C_STOLEN_POOL_04,M_003,12,36,7,4,7,1,CARD_CYCLING
TXN_006778,U_LEGIT_1628,203.97,1032,D_LEGIT_0738,IP_SHARED_BENIGN_04,C_LEGIT_1939,M_125,0,3,0,1,1,0,NONE
TXN_000232,U_LEGIT_0433,241.44,455,D_LEGIT_0955,IP_LEGIT_0248,C_LEGIT_2196,M_092,0,4,0,1,1,0,NONE
TXN_003980,U_LEGIT_1401,238.12,779,D_LEGIT_0112,IP_SHARED_BENIGN_10,C_LEGIT_2531,M_021,0,3,0,1,1,0,NONE
TXN_001069,U_LEGIT_0442,76.91,293,D_LEGIT_0934,IP_LEGIT_1447,C_LEGIT_2485,M_117,0,1,0,1,2,0,NONE
TXN_006618,U_LEGIT_1798,159.63,156,D_LEGIT_0178,IP_LEGIT_1786,C_LEGIT_2827,M_123,1,1,0,2,1,0,NONE
TXN_009673,U_CYCLE_011,227.21,1,D_CYCLE_009,IP_CYCLE_029,C_STOLEN_POOL_05,M_035,12,37,3,3,9,1,CARD_CYCLING
TXN_007924,U_LEGIT_0022,215.34,466,D_LEGIT_1081,IP_LEGIT_0975,C_LEGIT_2084,M_003,0,1,0,2,1,0,NONE
TXN_007031,U_LEGIT_2201,9.78,130,D_LEGIT_0432,IP_LEGIT_0674,C_LEGIT_2294,M_091,0,4,0,1,2,0,NONE
TXN_005849,U_LEGIT_2411,49.62,1054,D_SHARED_BENIGN_10,IP_LEGIT_1751,C_LEGIT_1810,M_063,0,4,0,2,1,0,NONE
TXN_008379,U_LEGIT_1961,55.44,472,D_SHARED_BENIGN_04,IP_LEGIT_0274,C_LEGIT_2558,M_084,0,2,0,1,1,0,NONE
TXN_001321,U_LEGIT_0267,153.92,629,D_LEGIT_1209,IP_LEGIT_0247,C_LEGIT_1699,M_098,0,4,0,1,1,0,NONE
TXN_003255,U_LEGIT_2277,178.86,523,D_SHARED_BENIGN_04,IP_LEGIT_0355,C_LEGIT_2632,M_086,0,2,0,2,1,0,NONE
TXN_002890,U_LEGIT_1450,87.98,223,D_LEGIT_1030,IP_LEGIT_0256,C_LEGIT_0239,M_042,0,5,0,2,2,0,NONE
TXN_002512,U_LEGIT_1989,13.68,1151,D_LEGIT_1220,IP_SHARED_BENIGN_06,C_LEGIT_0902,M_143,0,3,0,2,1,0,NONE
TXN_005020,U_LEGIT_2165,133.44,146,D_LEGIT_0880,IP_LEGIT_1233,C_LEGIT_0842,M_120,0,4,0,1,2,0,NONE
TXN_006833,U_LEGIT_1792,231.88,1018,D_LEGIT_0719,IP_LEGIT_0559,C_LEGIT_2665,M_035,0,3,0,1,1,0,NONE
TXN_003308,U_LEGIT_2474,147.44,581,D_SHARED_BENIGN_07,IP_LEGIT_0942,C_LEGIT_0237,M_085,0,4,0,2,2,0,NONE
TXN_003570,U_LEGIT_1614,187.84,230,D_LEGIT_0584,IP_LEGIT_1291,C_LEGIT_1434,M_044,0,2,0,2,1,0,NONE
TXN_005282,U_LEGIT_1854,58.07,234,D_LEGIT_0731,IP_LEGIT_1556,C_LEGIT_2354,M_117,0,2,0,1,1,0,NONE
TXN_009008,U_INDIV_0084,1437.63,7,D_INDIV_0375,IP_INDIV_0281,C_INDIV_0308,M_111,12,40,8,6,5,1,INDIVIDUAL_FRAUD
TXN_001222,U_LEGIT_1342,182.31,1104,D_LEGIT_0196,IP_LEGIT_1026,C_LEGIT_1668,M_142,1,1,0,1,1,0,NONE
TXN_008132,U_LEGIT_2350,155.57,458,D_SHARED_BENIGN_08,IP_LEGIT_1656,C_LEGIT_2524,M_072,2,2,0,2,1,0,NONE
TXN_008365,U_LEGIT_0059,165.6,1066,D_LEGIT_1957,IP_LEGIT_1491,C_LEGIT_0454,M_034,0,5,0,1,1,0,NONE
TXN_004034,U_LEGIT_1721,162.96,340,D_LEGIT_0044,IP_LEGIT_0886,C_LEGIT_2182,M_147,2,3,0,1,2,0,NONE
TXN_002070,U_LEGIT_1256,131.69,30,D_LEGIT_0871,IP_LEGIT_1046,C_LEGIT_2634,M_105,0,4,0,2,2,0,NONE
TXN_005231,U_LEGIT_0177,116.94,655,D_LEGIT_0772,IP_LEGIT_1518,C_LEGIT_0092,M_106,0,5,0,1,1,0,NONE
TXN_009226,U_INDIV_0071,682.13,1,D_INDIV_0334,IP_INDIV_0237,C_INDIV_0029,M_056,9,15,7,3,7,1,INDIVIDUAL_FRAUD
TXN_000629,U_LEGIT_2328,57.42,830,D_LEGIT_1235,IP_LEGIT_1176,C_LEGIT_1602,M_098,0,4,0,1,1,0,NONE
TXN_008530,U_LEGIT_1536,150.8,1053,D_LEGIT_1490,IP_LEGIT_1628,C_LEGIT_0233,M_015,0,2,0,1,1,0,NONE
TXN_006244,U_LEGIT_0190,61.94,1059,D_LEGIT_0739,IP_LEGIT_0105,C_LEGIT_1931,M_032,0,2,0,2,1,0,NONE
TXN_002826,U_LEGIT_1140,61.93,1030,D_LEGIT_0280,IP_LEGIT_0029,C_LEGIT_2629,M_122,0,5,0,1,1,0,NONE
TXN_001305,U_LEGIT_0526,242.47,272,D_LEGIT_1195,IP_LEGIT_0035,C_LEGIT_0399,M_059,0,2,0,1,1,0,NONE
TXN_005055,U_LEGIT_1009,127.27,250,D_LEGIT_0899,IP_LEGIT_0194,C_LEGIT_1165,M_062,0,1,0,1,1,0,NONE
TXN_009791,U_BURST_004,1489.59,1,D_BURST_013,IP_BURST_SUBNET_01,C_BURST_028,M_062,13,32,3,1,2,1,ACCOUNT_BURST
TXN_003965,U_LEGIT_2206,88.49,1035,D_LEGIT_0776,IP_LEGIT_1522,C_LEGIT_0582,M_064,0,5,0,1,2,0,NONE
TXN_001601,U_LEGIT_1021,232.96,1101,D_LEGIT_1824,IP_SHARED_BENIGN_04,C_LEGIT_1826,M_022,1,3,0,1,1,0,NONE
TXN_008065,U_LEGIT_0074,131.77,601,D_LEGIT_0702,IP_LEGIT_1208,C_LEGIT_2788,M_135,1,4,0,1,1,0,NONE
TXN_005669,U_LEGIT_0637,10.37,427,D_LEGIT_1368,IP_LEGIT_1594,C_LEGIT_1162,M_139,0,3,0,1,1,0,NONE
TXN_007941,U_LEGIT_2004,179.11,38,D_LEGIT_1643,IP_LEGIT_0262,C_LEGIT_2919,M_007,0,3,0,2,1,0,NONE
TXN_005502,U_LEGIT_0831,38.35,899,D_LEGIT_1609,IP_LEGIT_0883,C_LEGIT_2058,M_070,1,2,0,2,1,0,NONE
TXN_008375,U_LEGIT_0568,178.86,928,D_SHARED_BENIGN_03,IP_LEGIT_0977,C_LEGIT_2033,M_073,0,1,0,1,2,0,NONE
TXN_002865,U_LEGIT_0350,159.73,562,D_LEGIT_1905,IP_LEGIT_0712,C_LEGIT_0664,M_127,0,4,0,1,1,0,NONE
TXN_006443,U_LEGIT_2432,59.26,617,D_LEGIT_0216,IP_LEGIT_1424,C_LEGIT_0483,M_100,0,2,0,1,1,0,NONE
TXN_009698,U_CYCLE_022,322.92,1,D_CYCLE_018,IP_CYCLE_008,C_STOLEN_POOL_01,M_094,12,24,6,3,7,1,CARD_CYCLING
TXN_007423,U_LEGIT_0978,214.94,1008,D_LEGIT_1865,IP_LEGIT_0554,C_LEGIT_0327,M_144,0,4,1,1,2,0,NONE
TXN_002155,U_LEGIT_2225,178.98,1189,D_LEGIT_0178,IP_LEGIT_0753,C_LEGIT_2103,M_150,0,2,0,2,1,0,NONE
TXN_002628,U_LEGIT_0350,126.0,847,D_LEGIT_0001,IP_LEGIT_0339,C_LEGIT_1193,M_028,0,5,0,1,2,0,NONE
TXN_009643,U_CYCLE_004,500.17,7,D_CYCLE_028,IP_CYCLE_015,C_STOLEN_POOL_02,M_070,5,35,4,5,9,1,CARD_CYCLING
TXN_009907,U_DIST_027,40.38,5,D_DIST_007,IP_DIST_PROXY_01,C_DIST_023,M_TARGET_HIGHVAL_99,6,17,0,1,1,1,DISTRIBUTED_ABUSE
TXN_006346,U_LEGIT_1663,107.12,619,D_LEGIT_1960,IP_SHARED_BENIGN_09,C_LEGIT_2548,M_079,0,3,0,1,1,0,NONE
TXN_000658,U_LEGIT_2480,238.33,360,D_LEGIT_1395,IP_LEGIT_0507,C_LEGIT_2467,M_149,0,1,0,2,2,0,NONE
TXN_005370,U_LEGIT_0053,157.08,543,D_LEGIT_1219,IP_LEGIT_1186,C_LEGIT_2363,M_127,0,2,0,1,2,0,NONE
TXN_000003,U_LEGIT_0380,184.6,1128,D_LEGIT_0736,IP_LEGIT_1237,C_LEGIT_1084,M_012,0,4,0,1,1,0,NONE
TXN_006816,U_LEGIT_0114,81.99,785,D_LEGIT_1303,IP_LEGIT_1099,C_LEGIT_2647,M_072,1,1,0,2,1,0,NONE
TXN_002631,U_LEGIT_1940,151.42,378,D_LEGIT_1159,IP_SHARED_BENIGN_06,C_LEGIT_0728,M_078,0,5,0,1,1,0,NONE
TXN_003212,U_LEGIT_2281,71.56,623,D_LEGIT_1008,IP_LEGIT_0782,C_LEGIT_1336,M_012,0,3,0,1,1,0,NONE
TXN_000245,U_LEGIT_1300,62.02,389,D_LEGIT_1984,IP_LEGIT_1822,C_LEGIT_2514,M_092,0,3,0,1,2,0,NONE
TXN_008920,U_LEGIT_1409,158.34,193,D_LEGIT_1226,IP_LEGIT_1109,C_LEGIT_0628,M_041,2,1,0,2,2,0,NONE
TXN_005521,U_LEGIT_2264,108.67,90,D_LEGIT_1742,IP_LEGIT_0115,C_LEGIT_2760,M_014,0,4,0,1,1,0,NONE
TXN_001040,U_LEGIT_2390,81.38,1180,D_LEGIT_0915,IP_LEGIT_1441,C_LEGIT_0718,M_075,0,2,0,1,2,0,NONE
TXN_002222,U_LEGIT_1432,194.47,1006,D_LEGIT_1969,IP_LEGIT_0679,C_LEGIT_0877,M_062,0,2,0,1,1,0,NONE
TXN_007316,U_LEGIT_0569,183.34,816,D_LEGIT_0884,IP_LEGIT_0007,C_LEGIT_0812,M_007,0,1,0,1,2,0,NONE
TXN_007296,U_LEGIT_2478,205.9,685,D_LEGIT_0515,IP_LEGIT_1345,C_LEGIT_1576,M_052,0,2,0,1,1,0,NONE
TXN_008304,U_LEGIT_1353,199.56,892,D_LEGIT_0410,IP_LEGIT_0340,C_LEGIT_0747,M_148,0,5,0,1,2,0,NONE
TXN_001647,U_LEGIT_1665,248.46,508,D_LEGIT_1422,IP_SHARED_BENIGN_05,C_LEGIT_2118,M_134,0,3,0,1,1,0,NONE
TXN_001911,U_LEGIT_2209,182.35,1079,D_LEGIT_0319,IP_SHARED_BENIGN_03,C_LEGIT_1551,M_133,0,2,0,1,1,0,NONE
TXN_009688,U_CYCLE_011,810.63,6,D_CYCLE_008,IP_CYCLE_021,C_STOLEN_POOL_02,M_104,10,27,10,2,8,1,CARD_CYCLING
TXN_008258,U_LEGIT_0547,84.92,436,D_LEGIT_1071,IP_LEGIT_0252,C_LEGIT_2984,M_149,0,4,0,1,1,0,NONE
TXN_001202,U_LEGIT_1617,133.34,1133,D_LEGIT_1190,IP_LEGIT_1673,C_LEGIT_0554,M_014,1,2,0,1,1,0,NONE
TXN_000182,U_LEGIT_1573,129.19,738,D_LEGIT_0287,IP_LEGIT_1412,C_LEGIT_2967,M_021,0,4,0,1,1,0,NONE
TXN_004733,U_LEGIT_0830,243.55,1061,D_LEGIT_0227,IP_LEGIT_1292,C_LEGIT_1711,M_135,0,5,0,1,1,0,NONE
TXN_008431,U_LEGIT_1884,164.06,934,D_SHARED_BENIGN_08,IP_LEGIT_0291,C_LEGIT_1047,M_019,0,5,0,1,1,0,NONE
TXN_003763,U_LEGIT_2205,178.34,1096,D_LEGIT_1602,IP_LEGIT_1243,C_LEGIT_2351,M_119,0,3,0,1,1,0,NONE
TXN_008664,U_LEGIT_0688,12.77,807,D_LEGIT_1096,IP_LEGIT_1177,C_LEGIT_0910,M_048,0,4,0,1,2,0,NONE
TXN_009042,U_INDIV_0038,1698.68,5,D_INDIV_0177,IP_INDIV_0027,C_INDIV_0302,M_025,12,43,7,5,3,1,INDIVIDUAL_FRAUD
TXN_002290,U_LEGIT_1044,179.02,994,D_LEGIT_0735,IP_LEGIT_1093,C_LEGIT_2079,M_002,0,5,0,1,1,0,NONE
TXN_001577,U_LEGIT_0698,116.95,304,D_LEGIT_0477,IP_LEGIT_1252,C_LEGIT_0143,M_092,0,3,0,1,2,0,NONE
TXN_004329,U_LEGIT_1662,195.58,386,D_LEGIT_1282,IP_LEGIT_1766,C_LEGIT_0007,M_124,0,2,0,1,1,0,NONE
TXN_002793,U_LEGIT_1311,112.62,508,D_SHARED_BENIGN_04,IP_LEGIT_1792,C_LEGIT_1051,M_044,0,2,0,1,1,0,NONE
TXN_005267,U_LEGIT_2217,32.3,491,D_LEGIT_1577,IP_LEGIT_0682,C_LEGIT_2438,M_076,0,4,0,2,2,0,NONE
TXN_004647,U_LEGIT_1665,110.11,864,D_LEGIT_0734,IP_LEGIT_1401,C_LEGIT_0417,M_058,0,2,0,1,1,0,NONE
TXN_002389,U_LEGIT_0459,238.55,569,D_LEGIT_0422,IP_LEGIT_0047,C_LEGIT_1020,M_070,0,4,0,2,1,0,NONE
TXN_009024,U_INDIV_0140,1680.58,6,D_INDIV_0092,IP_INDIV_0035,C_INDIV_0252,M_113,15,35,6,5,8,1,INDIVIDUAL_FRAUD
TXN_002256,U_LEGIT_1078,11.77,636,D_LEGIT_0821,IP_LEGIT_1214,C_LEGIT_2192,M_115,0,3,0,1,1,0,NONE
TXN_009632,U_CYCLE_004,412.67,12,D_CYCLE_010,IP_CYCLE_024,C_STOLEN_POOL_04,M_083,11,28,6,5,6,1,CARD_CYCLING
TXN_002861,U_LEGIT_1706,144.89,891,D_SHARED_BENIGN_07,IP_LEGIT_1193,C_LEGIT_1236,M_012,1,2,0,2,1,0,NONE
TXN_009816,U_BURST_015,1302.67,0,D_BURST_015,IP_BURST_SUBNET_02,C_BURST_025,M_133,22,21,1,3,1,1,ACCOUNT_BURST
TXN_004886,U_LEGIT_2224,129.06,966,D_LEGIT_1585,IP_LEGIT_1350,C_LEGIT_2429,M_112,0,4,0,1,1,0,NONE
TXN_005499,U_LEGIT_2113,118.42,153,D_LEGIT_0145,IP_LEGIT_1721,C_LEGIT_1192,M_062,1,3,0,1,2,0,NONE
TXN_009338,U_INDIV_0114,1006.64,3,D_INDIV_0007,IP_INDIV_0100,C_INDIV_0104,M_128,12,35,4,5,7,1,INDIVIDUAL_FRAUD
TXN_007119,U_LEGIT_0127,95.45,85,D_LEGIT_0812,IP_LEGIT_0039,C_LEGIT_1487,M_007,0,1,0,1,2,0,NONE
TXN_002030,U_LEGIT_0958,10.1,993,D_SHARED_BENIGN_07,IP_LEGIT_0108,C_LEGIT_2471,M_063,0,5,0,1,1,0,NONE
TXN_000327,U_LEGIT_0682,162.3,610,D_LEGIT_0369,IP_LEGIT_0831,C_LEGIT_2455,M_145,1,2,0,2,2,0,NONE
TXN_002478,U_LEGIT_1861,55.25,226,D_LEGIT_0800,IP_LEGIT_1799,C_LEGIT_2460,M_089,0,3,0,2,1,0,NONE
TXN_004229,U_LEGIT_0798,214.49,613,D_LEGIT_1225,IP_LEGIT_0435,C_LEGIT_2143,M_111,0,4,0,1,1,0,NONE
TXN_000051,U_LEGIT_2011,82.1,785,D_LEGIT_0036,IP_SHARED_BENIGN_04,C_LEGIT_1657,M_063,0,5,0,1,1,0,NONE
TXN_003427,U_LEGIT_2159,34.42,137,D_LEGIT_0906,IP_LEGIT_1326,C_LEGIT_2790,M_095,0,2,0,2,2,0,NONE
TXN_000543,U_LEGIT_1762,83.75,367,D_LEGIT_1796,IP_LEGIT_1699,C_LEGIT_1081,M_133,0,4,0,1,2,0,NONE
TXN_001927,U_LEGIT_1375,13.81,788,D_LEGIT_0519,IP_LEGIT_0586,C_LEGIT_1782,M_035,1,3,0,1,1,0,NONE
TXN_009230,U_INDIV_0125,1483.21,6,D_INDIV_0285,IP_INDIV_0350,C_INDIV_0265,M_042,6,26,6,7,6,1,INDIVIDUAL_FRAUD
TXN_001764,U_LEGIT_0398,21.17,972,D_LEGIT_0656,IP_LEGIT_1880,C_LEGIT_1916,M_150,0,1,0,2,2,0,NONE
TXN_004098,U_LEGIT_2375,109.59,493,D_LEGIT_1538,IP_SHARED_BENIGN_01,C_LEGIT_0375,M_116,0,3,0,1,1,0,NONE
TXN_007162,U_LEGIT_0430,131.66,808,D_LEGIT_0498,IP_LEGIT_1353,C_LEGIT_0969,M_010,0,4,0,1,1,0,NONE
TXN_008510,U_LEGIT_2415,17.45,1022,D_LEGIT_0868,IP_LEGIT_1581,C_LEGIT_2883,M_054,0,1,0,1,1,0,NONE
TXN_009212,U_INDIV_0035,2810.94,0,D_INDIV_0001,IP_INDIV_0042,C_INDIV_0104,M_083,14,18,8,6,3,1,INDIVIDUAL_FRAUD
TXN_007534,U_LEGIT_1797,171.02,182,D_LEGIT_1723,IP_LEGIT_0722,C_LEGIT_2572,M_142,0,4,0,1,1,0,NONE
TXN_009725,U_CYCLE_020,798.32,12,D_CYCLE_018,IP_CYCLE_022,C_STOLEN_POOL_03,M_107,12,25,4,4,4,1,CARD_CYCLING
TXN_007370,U_LEGIT_0406,39.67,341,D_LEGIT_1132,IP_LEGIT_0145,C_LEGIT_1943,M_126,0,1,0,1,1,0,NONE
TXN_001573,U_LEGIT_0088,198.9,815,D_LEGIT_0871,IP_LEGIT_1966,C_LEGIT_2294,M_031,0,3,0,1,1,0,NONE
TXN_003153,U_LEGIT_1684,59.59,507,D_LEGIT_1827,IP_LEGIT_1321,C_LEGIT_2714,M_103,0,5,0,1,2,0,NONE
TXN_002538,U_LEGIT_2175,69.54,749,D_LEGIT_1050,IP_LEGIT_1650,C_LEGIT_0044,M_059,0,4,0,1,1,0,NONE
TXN_007950,U_LEGIT_1006,150.17,474,D_LEGIT_0507,IP_LEGIT_0476,C_LEGIT_1576,M_023,0,2,0,1,2,0,NONE
TXN_006468,U_LEGIT_0887,136.49,1140,D_LEGIT_0273,IP_LEGIT_0511,C_LEGIT_1008,M_133,0,3,0,2,2,0,NONE
TXN_004610,U_LEGIT_0893,123.61,807,D_LEGIT_0985,IP_LEGIT_0430,C_LEGIT_1894,M_073,0,5,0,2,2,0,NONE
TXN_007214,U_LEGIT_1280,42.81,186,D_LEGIT_0103,IP_LEGIT_1694,C_LEGIT_2292,M_063,0,4,0,2,2,0,NONE
TXN_003336,U_LEGIT_0721,201.85,706,D_LEGIT_1341,IP_LEGIT_0457,C_LEGIT_2700,M_100,0,3,0,2,2,0,NONE
TXN_006878,U_LEGIT_1401,62.79,567,D_LEGIT_1538,IP_LEGIT_1436,C_LEGIT_2384,M_060,0,2,0,2,1,0,NONE
TXN_009258,U_INDIV_0157,2027.65,0,D_INDIV_0196,IP_INDIV_0223,C_INDIV_0065,M_137,12,42,7,4,3,1,INDIVIDUAL_FRAUD
TXN_007440,U_LEGIT_2420,79.49,723,D_LEGIT_1641,IP_LEGIT_0322,C_LEGIT_1604,M_042,0,1,0,2,2,0,NONE
TXN_003104,U_LEGIT_1276,204.99,385,D_LEGIT_0550,IP_LEGIT_0107,C_LEGIT_0236,M_122,0,3,0,1,2,0,NONE
TXN_000161,U_LEGIT_0090,18.96,735,D_LEGIT_1673,IP_SHARED_BENIGN_04,C_LEGIT_2369,M_019,0,5,1,1,2,0,NONE
TXN_001278,U_LEGIT_1146,198.6,619,D_LEGIT_0696,IP_LEGIT_0865,C_LEGIT_1490,M_082,0,2,0,1,1,0,NONE
TXN_006494,U_LEGIT_1088,41.24,165,D_LEGIT_0414,IP_LEGIT_1515,C_LEGIT_0460,M_132,0,5,0,1,1,0,NONE
TXN_000072,U_LEGIT_0281,244.76,235,D_LEGIT_1402,IP_LEGIT_0466,C_LEGIT_0371,M_112,0,3,0,1,1,0,NONE
TXN_006728,U_LEGIT_0365,210.49,773,D_LEGIT_1334,IP_LEGIT_0843,C_LEGIT_0388,M_126,0,2,0,1,1,0,NONE
TXN_002019,U_LEGIT_1968,166.79,1007,D_LEGIT_0918,IP_LEGIT_1494,C_LEGIT_2979,M_134,1,5,0,1,1,0,NONE
TXN_007110,U_LEGIT_1040,171.0,412,D_LEGIT_1722,IP_LEGIT_0024,C_LEGIT_2614,M_120,1,4,0,1,1,0,NONE
TXN_002781,U_LEGIT_1619,202.69,446,D_LEGIT_0391,IP_LEGIT_0862,C_LEGIT_2399,M_018,0,4,0,1,1,0,NONE
TXN_000619,U_LEGIT_2084,133.57,396,D_LEGIT_1808,IP_LEGIT_1043,C_LEGIT_1533,M_128,0,3,0,2,2,0,NONE
TXN_004803,U_LEGIT_2466,57.43,969,D_LEGIT_1534,IP_LEGIT_1064,C_LEGIT_1625,M_064,0,4,0,1,1,0,NONE
TXN_002502,U_LEGIT_2276,9.54,66,D_LEGIT_0942,IP_LEGIT_1759,C_LEGIT_2034,M_066,0,4,0,1,2,0,NONE
TXN_006612,U_LEGIT_1800,193.87,914,D_LEGIT_1591,IP_LEGIT_0668,C_LEGIT_0020,M_047,0,2,0,1,2,0,NONE
TXN_004971,U_LEGIT_1191,212.5,1009,D_LEGIT_1611,IP_SHARED_BENIGN_09,C_LEGIT_0025,M_081,1,5,0,2,1,0,NONE
TXN_003896,U_LEGIT_1273,67.56,629,D_LEGIT_0729,IP_LEGIT_1345,C_LEGIT_1944,M_067,0,3,0,2,1,0,NONE
TXN_006584,U_LEGIT_0080,163.25,113,D_LEGIT_1615,IP_SHARED_BENIGN_02,C_LEGIT_0958,M_132,0,2,0,1,1,0,NONE
TXN_001351,U_LEGIT_0717,241.37,1009,D_LEGIT_0371,IP_LEGIT_1635,C_LEGIT_1852,M_110,0,4,0,1,1,0,NONE
TXN_006299,U_LEGIT_0993,164.95,93,D_LEGIT_1054,IP_LEGIT_1385,C_LEGIT_0277,M_018,0,1,0,1,1,0,NONE
TXN_003638,U_LEGIT_2250,45.71,561,D_LEGIT_0554,IP_LEGIT_0362,C_LEGIT_1149,M_016,0,5,0,1,2,0,NONE
TXN_009268,U_INDIV_0183,1736.07,3,D_INDIV_0310,IP_INDIV_0080,C_INDIV_0374,M_123,16,49,4,3,6,1,INDIVIDUAL_FRAUD
TXN_007282,U_LEGIT_0233,121.7,168,D_LEGIT_0777,IP_LEGIT_0603,C_LEGIT_1660,M_033,0,5,0,1,2,0,NONE
TXN_001289,U_LEGIT_0745,187.32,380,D_LEGIT_1181,IP_LEGIT_1863,C_LEGIT_2519,M_055,1,4,0,1,1,0,NONE
TXN_005636,U_LEGIT_1181,181.89,701,D_LEGIT_1854,IP_SHARED_BENIGN_02,C_LEGIT_1997,M_055,0,3,0,2,1,0,NONE
TXN_007686,U_LEGIT_1453,122.41,958,D_LEGIT_1342,IP_LEGIT_1663,C_LEGIT_0694,M_035,0,2,1,2,1,0,NONE
TXN_006127,U_LEGIT_2342,244.84,120,D_LEGIT_1073,IP_LEGIT_0566,C_LEGIT_1767,M_041,0,2,0,2,2,0,NONE
TXN_009611,U_FARM_010,203.97,2,D_FARM_HUB_02,IP_FARM_PROXY_01,C_FARM_045,M_119,10,58,5,1,6,1,DEVICE_FARM
TXN_001133,U_LEGIT_1030,202.77,453,D_LEGIT_0835,IP_LEGIT_1758,C_LEGIT_2047,M_033,0,3,0,1,2,0,NONE
TXN_001834,U_LEGIT_1459,98.9,568,D_LEGIT_0324,IP_LEGIT_0996,C_LEGIT_2808,M_113,0,3,0,1,1,0,NONE
TXN_008936,U_LEGIT_1239,244.86,687,D_LEGIT_0174,IP_LEGIT_0489,C_LEGIT_1975,M_024,0,1,0,2,1,0,NONE
TXN_008699,U_LEGIT_2248,100.19,605,D_LEGIT_0353,IP_LEGIT_1039,C_LEGIT_2042,M_018,0,3,0,1,1,0,NONE
TXN_004576,U_LEGIT_1026,50.96,493,D_LEGIT_1808,IP_LEGIT_0935,C_LEGIT_0778,M_023,0,5,0,1,1,0,NONE
TXN_007710,U_LEGIT_0789,79.57,1110,D_LEGIT_0673,IP_LEGIT_0815,C_LEGIT_2170,M_058,0,2,0,1,1,0,NONE
TXN_001704,U_LEGIT_1648,54.38,393,D_LEGIT_1184,IP_LEGIT_1385,C_LEGIT_0061,M_122,0,5,0,1,1,0,NONE
TXN_006662,U_LEGIT_1029,91.1,348,D_LEGIT_0159,IP_LEGIT_1509,C_LEGIT_2357,M_075,0,2,0,1,1,0,NONE
TXN_001837,U_LEGIT_1549,208.73,334,D_LEGIT_1425,IP_SHARED_BENIGN_08,C_LEGIT_1198,M_149,0,1,0,2,2,0,NONE
TXN_008345,U_LEGIT_2015,202.05,317,D_LEGIT_0103,IP_LEGIT_0708,C_LEGIT_2084,M_056,0,5,0,1,2,0,NONE
TXN_004192,U_LEGIT_0028,113.69,1050,D_LEGIT_0090,IP_LEGIT_1975,C_LEGIT_2013,M_057,0,4,0,1,1,0,NONE
TXN_005176,U_LEGIT_2341,199.3,386,D_LEGIT_1357,IP_LEGIT_1346,C_LEGIT_0933,M_021,0,1,0,1,1,0,NONE
TXN_007815,U_LEGIT_1776,238.0,759,D_LEGIT_1923,IP_LEGIT_0790,C_LEGIT_0390,M_074,0,3,0,2,2,0,NONE
TXN_001989,U_LEGIT_0712,244.12,935,D_LEGIT_0059,IP_LEGIT_1077,C_LEGIT_0486,M_131,0,1,0,1,2,0,NONE
TXN_003431,U_LEGIT_0965,111.2,1066,D_LEGIT_0793,IP_LEGIT_1570,C_LEGIT_2237,M_134,0,5,0,1,2,0,NONE
TXN_001678,U_LEGIT_1529,52.42,747,D_SHARED_BENIGN_10,IP_LEGIT_1138,C_LEGIT_0652,M_045,0,1,0,1,2,0,NONE
TXN_004543,U_LEGIT_1957,101.76,478,D_SHARED_BENIGN_04,IP_LEGIT_1195,C_LEGIT_0378,M_106,0,2,0,2,2,0,NONE
TXN_007523,U_LEGIT_0825,145.34,757,D_LEGIT_1693,IP_LEGIT_1412,C_LEGIT_2182,M_050,0,1,0,1,1,0,NONE
TXN_004880,U_LEGIT_0964,111.47,495,D_LEGIT_0389,IP_LEGIT_0438,C_LEGIT_0045,M_090,0,1,0,1,2,0,NONE
TXN_007348,U_LEGIT_1639,19.31,262,D_LEGIT_1835,IP_LEGIT_0669,C_LEGIT_0115,M_121,0,5,0,1,1,0,NONE
TXN_000797,U_LEGIT_0410,70.28,1026,D_LEGIT_1508,IP_LEGIT_1005,C_LEGIT_1437,M_140,0,4,0,1,1,0,NONE
TXN_005433,U_LEGIT_1596,140.61,556,D_LEGIT_0480,IP_LEGIT_0414,C_LEGIT_2243,M_024,0,3,0,2,1,0,NONE
TXN_009091,U_INDIV_0097,2631.08,0,D_INDIV_0159,IP_INDIV_0312,C_INDIV_0240,M_020,16,43,3,5,4,1,INDIVIDUAL_FRAUD
TXN_003205,U_LEGIT_1070,88.98,903,D_SHARED_BENIGN_01,IP_LEGIT_0428,C_LEGIT_2148,M_098,1,1,0,1,1,0,NONE
TXN_006557,U_LEGIT_1077,118.91,1152,D_LEGIT_1357,IP_LEGIT_0840,C_LEGIT_1493,M_110,2,4,0,1,1,0,NONE
TXN_001616,U_LEGIT_0062,124.98,647,D_SHARED_BENIGN_02,IP_LEGIT_0622,C_LEGIT_2051,M_145,2,2,0,1,1,0,NONE
TXN_009517,U_FARM_024,359.58,1,D_FARM_HUB_02,IP_FARM_PROXY_01,C_FARM_040,M_082,17,34,5,1,6,1,DEVICE_FARM
TXN_009819,U_BURST_019,1282.53,1,D_BURST_003,IP_BURST_SUBNET_02,C_BURST_020,M_074,19,29,5,3,3,1,ACCOUNT_BURST
TXN_006552,U_LEGIT_1671,183.1,396,D_LEGIT_1153,IP_SHARED_BENIGN_10,C_LEGIT_0464,M_077,0,5,0,1,1,0,NONE
TXN_007725,U_LEGIT_1869,101.03,853,D_LEGIT_1168,IP_LEGIT_0274,C_LEGIT_1107,M_098,0,1,0,2,1,0,NONE
TXN_007741,U_LEGIT_2109,104.76,960,D_LEGIT_1238,IP_LEGIT_1014,C_LEGIT_1478,M_098,0,4,0,1,1,0,NONE
TXN_000703,U_LEGIT_1765,37.97,1028,D_LEGIT_0174,IP_LEGIT_1841,C_LEGIT_0630,M_106,0,3,0,2,1,0,NONE
TXN_002008,U_LEGIT_0427,221.48,194,D_LEGIT_0940,IP_SHARED_BENIGN_06,C_LEGIT_0332,M_029,0,3,0,1,2,0,NONE
TXN_007788,U_LEGIT_0483,119.33,89,D_LEGIT_1675,IP_LEGIT_0157,C_LEGIT_1027,M_124,0,1,0,1,1,0,NONE
TXN_001004,U_LEGIT_2475,120.6,138,D_LEGIT_0714,IP_LEGIT_1321,C_LEGIT_2270,M_058,0,4,0,2,1,0,NONE
TXN_001309,U_LEGIT_0909,12.08,773,D_LEGIT_1775,IP_LEGIT_0512,C_LEGIT_0241,M_032,1,4,0,2,1,0,NONE
TXN_006671,U_LEGIT_2120,206.12,1101,D_LEGIT_1094,IP_LEGIT_1485,C_LEGIT_0367,M_089,0,2,0,1,2,0,NONE
TXN_006282,U_LEGIT_1079,246.94,981,D_LEGIT_0294,IP_LEGIT_1596,C_LEGIT_0855,M_025,0,3,0,1,2,0,NONE
TXN_003846,U_LEGIT_0439,54.87,1001,D_LEGIT_1649,IP_SHARED_BENIGN_03,C_LEGIT_0787,M_105,2,3,0,1,1,0,NONE
TXN_005601,U_LEGIT_0632,17.6,966,D_LEGIT_1132,IP_LEGIT_0278,C_LEGIT_0404,M_011,0,5,0,1,1,0,NONE
TXN_007124,U_LEGIT_1198,30.12,525,D_LEGIT_1747,IP_SHARED_BENIGN_03,C_LEGIT_0835,M_116,0,4,0,1,1,0,NONE
TXN_007744,U_LEGIT_1885,130.93,302,D_LEGIT_0998,IP_LEGIT_1421,C_LEGIT_2137,M_105,0,4,0,1,2,0,NONE
TXN_002808,U_LEGIT_0995,82.62,816,D_LEGIT_0822,IP_LEGIT_0401,C_LEGIT_2925,M_136,0,3,0,2,1,0,NONE
TXN_006148,U_LEGIT_0636,146.7,516,D_LEGIT_1020,IP_LEGIT_0296,C_LEGIT_0660,M_066,0,4,0,2,1,0,NONE
TXN_000101,U_LEGIT_1789,103.78,665,D_LEGIT_0499,IP_LEGIT_0821,C_LEGIT_2147,M_021,0,2,0,1,1,0,NONE
TXN_003816,U_LEGIT_0742,216.49,259,D_LEGIT_0626,IP_LEGIT_0602,C_LEGIT_2699,M_062,0,5,0,1,2,0,NONE
TXN_000021,U_LEGIT_0837,118.65,178,D_LEGIT_0644,IP_LEGIT_0811,C_LEGIT_0537,M_077,0,5,1,1,1,0,NONE
TXN_006814,U_LEGIT_2162,205.63,727,D_LEGIT_0108,IP_LEGIT_1263,C_LEGIT_2234,M_117,0,3,0,1,2,0,NONE
TXN_007819,U_LEGIT_1172,210.37,492,D_LEGIT_1057,IP_LEGIT_0997,C_LEGIT_2252,M_137,0,2,0,1,1,0,NONE
TXN_001865,U_LEGIT_0841,207.78,1147,D_LEGIT_0561,IP_LEGIT_0206,C_LEGIT_1153,M_012,0,3,0,1,1,0,NONE
TXN_001887,U_LEGIT_0098,66.71,188,D_LEGIT_0210,IP_LEGIT_1864,C_LEGIT_2918,M_085,0,2,0,1,1,0,NONE
TXN_002215,U_LEGIT_0363,248.31,102,D_LEGIT_1403,IP_LEGIT_0862,C_LEGIT_2441,M_012,0,4,0,2,1,0,NONE
TXN_003711,U_LEGIT_1910,106.67,720,D_LEGIT_1234,IP_LEGIT_1209,C_LEGIT_0733,M_148,0,3,0,1,1,0,NONE
TXN_005761,U_LEGIT_2083,149.46,636,D_LEGIT_1642,IP_LEGIT_1258,C_LEGIT_1850,M_101,1,2,0,1,2,0,NONE
TXN_004455,U_LEGIT_0446,199.89,101,D_LEGIT_0858,IP_LEGIT_0500,C_LEGIT_1227,M_048,0,1,0,1,2,0,NONE
TXN_004609,U_LEGIT_1009,224.15,50,D_SHARED_BENIGN_01,IP_LEGIT_0626,C_LEGIT_1897,M_101,1,3,0,1,1,0,NONE
TXN_005644,U_LEGIT_1159,116.84,468,D_LEGIT_0529,IP_LEGIT_0708,C_LEGIT_1547,M_093,1,4,0,1,1,0,NONE
TXN_004296,U_LEGIT_2340,200.14,933,D_LEGIT_1713,IP_LEGIT_0354,C_LEGIT_0043,M_106,0,2,0,2,1,0,NONE
TXN_006163,U_LEGIT_0460,75.1,677,D_LEGIT_1496,IP_LEGIT_1318,C_LEGIT_2524,M_055,0,3,0,2,2,0,NONE
TXN_004213,U_LEGIT_0975,228.53,601,D_LEGIT_1922,IP_LEGIT_1842,C_LEGIT_2895,M_066,0,3,0,1,1,0,NONE
TXN_008999,U_LEGIT_0707,13.5,557,D_LEGIT_1726,IP_LEGIT_1201,C_LEGIT_2996,M_140,1,5,0,1,2,0,NONE
TXN_004339,U_LEGIT_1619,179.15,1072,D_LEGIT_1196,IP_LEGIT_0167,C_LEGIT_0186,M_131,0,2,0,1,1,0,NONE
TXN_006532,U_LEGIT_0824,11.38,858,D_LEGIT_1306,IP_LEGIT_0629,C_LEGIT_2526,M_006,1,2,1,1,1,0,NONE
TXN_006328,U_LEGIT_1032,156.52,253,D_LEGIT_1554,IP_LEGIT_1216,C_LEGIT_0884,M_148,0,4,0,2,1,0,NONE
TXN_006342,U_LEGIT_1293,131.27,657,D_LEGIT_1375,IP_LEGIT_1661,C_LEGIT_1946,M_126,1,2,0,1,1,0,NONE
TXN_001324,U_LEGIT_0433,160.66,561,D_SHARED_BENIGN_01,IP_LEGIT_1354,C_LEGIT_2726,M_008,0,5,0,1,1,0,NONE
TXN_008929,U_LEGIT_1875,123.24,1181,D_LEGIT_1111,IP_LEGIT_1514,C_LEGIT_2144,M_014,0,1,0,1,2,0,NONE
TXN_000769,U_LEGIT_1881,30.45,1042,D_LEGIT_0252,IP_LEGIT_0579,C_LEGIT_1074,M_047,0,2,0,2,1,0,NONE
TXN_004327,U_LEGIT_1076,18.45,399,D_LEGIT_0979,IP_LEGIT_1043,C_LEGIT_0103,M_128,0,3,0,1,2,0,NONE
TXN_008248,U_LEGIT_1336,129.35,577,D_LEGIT_0487,IP_LEGIT_0632,C_LEGIT_2171,M_113,0,4,0,1,2,0,NONE
TXN_009879,U_DIST_014,17.14,10,D_DIST_022,IP_DIST_PROXY_02,C_DIST_035,M_TARGET_HIGHVAL_99,7,17,0,1,2,1,DISTRIBUTED_ABUSE
TXN_000533,U_LEGIT_0113,8.74,439,D_LEGIT_1314,IP_LEGIT_1291,C_LEGIT_1817,M_035,0,3,0,1,1,0,NONE
TXN_002295,U_LEGIT_0032,39.44,1069,D_LEGIT_0401,IP_LEGIT_0887,C_LEGIT_2789,M_019,0,5,0,1,1,0,NONE
TXN_006141,U_LEGIT_1584,170.51,713,D_LEGIT_1190,IP_LEGIT_1764,C_LEGIT_1636,M_099,0,4,0,1,2,0,NONE
TXN_005394,U_LEGIT_1598,52.98,550,D_LEGIT_0541,IP_LEGIT_1101,C_LEGIT_2016,M_073,0,3,0,1,1,0,NONE
TXN_006979,U_LEGIT_1663,132.99,672,D_LEGIT_0565,IP_LEGIT_0868,C_LEGIT_1842,M_050,0,4,0,2,1,0,NONE
TXN_005096,U_LEGIT_1959,73.75,409,D_LEGIT_0996,IP_SHARED_BENIGN_10,C_LEGIT_2417,M_074,0,5,0,2,1,0,NONE
TXN_008566,U_LEGIT_0510,77.38,780,D_LEGIT_0241,IP_LEGIT_0452,C_LEGIT_2526,M_029,2,3,0,1,1,0,NONE
TXN_009237,U_INDIV_0180,2672.5,5,D_INDIV_0023,IP_INDIV_0370,C_INDIV_0124,M_014,8,27,4,6,4,1,INDIVIDUAL_FRAUD
TXN_007461,U_LEGIT_2397,246.21,854,D_LEGIT_1779,IP_SHARED_BENIGN_10,C_LEGIT_2961,M_076,0,2,0,1,2,0,NONE
TXN_007418,U_LEGIT_0218,99.27,1191,D_LEGIT_1102,IP_SHARED_BENIGN_02,C_LEGIT_1149,M_150,0,3,0,1,1,0,NONE
TXN_005133,U_LEGIT_0988,26.57,600,D_LEGIT_0068,IP_SHARED_BENIGN_05,C_LEGIT_1369,M_052,0,2,0,1,1,0,NONE
TXN_001593,U_LEGIT_0040,189.31,927,D_LEGIT_0552,IP_LEGIT_0531,C_LEGIT_0097,M_131,0,5,1,1,1,0,NONE
TXN_006634,U_LEGIT_0167,67.88,1036,D_LEGIT_0130,IP_LEGIT_0368,C_LEGIT_1760,M_102,0,2,0,1,2,0,NONE
TXN_005667,U_LEGIT_0635,202.03,170,D_LEGIT_0711,IP_LEGIT_0639,C_LEGIT_1916,M_030,0,4,0,2,1,0,NONE
TXN_004183,U_LEGIT_1590,113.09,75,D_LEGIT_1328,IP_LEGIT_0643,C_LEGIT_1714,M_001,0,5,0,2,1,0,NONE
TXN_003582,U_LEGIT_0308,96.19,1099,D_SHARED_BENIGN_06,IP_LEGIT_0020,C_LEGIT_0889,M_023,0,5,0,2,2,0,NONE
TXN_003656,U_LEGIT_0551,44.55,1064,D_LEGIT_0194,IP_LEGIT_0038,C_LEGIT_0883,M_131,0,5,0,1,1,0,NONE
TXN_000829,U_LEGIT_2035,13.19,143,D_LEGIT_1332,IP_LEGIT_0979,C_LEGIT_1243,M_059,0,2,0,2,1,0,NONE
TXN_004834,U_LEGIT_1754,78.12,756,D_SHARED_BENIGN_06,IP_LEGIT_0123,C_LEGIT_2915,M_108,0,5,0,1,1,0,NONE
TXN_005287,U_LEGIT_0211,106.92,146,D_LEGIT_0435,IP_LEGIT_0949,C_LEGIT_2463,M_023,1,4,0,1,1,0,NONE
TXN_003917,U_LEGIT_1111,11.39,562,D_LEGIT_1329,IP_LEGIT_0132,C_LEGIT_0740,M_070,0,4,0,1,1,0,NONE
TXN_009120,U_INDIV_0119,473.41,2,D_INDIV_0173,IP_INDIV_0103,C_INDIV_0170,M_121,12,43,7,4,5,1,INDIVIDUAL_FRAUD
TXN_005474,U_LEGIT_2305,64.28,830,D_LEGIT_0265,IP_SHARED_BENIGN_06,C_LEGIT_1674,M_064,1,1,0,2,2,0,NONE
TXN_002994,U_LEGIT_0984,63.83,550,D_LEGIT_0484,IP_SHARED_BENIGN_03,C_LEGIT_1926,M_088,0,2,0,1,1,0,NONE
TXN_008333,U_LEGIT_2021,13.2,243,D_LEGIT_1690,IP_LEGIT_1779,C_LEGIT_1452,M_144,0,5,0,2,1,0,NONE
TXN_008045,U_LEGIT_0423,148.47,562,D_LEGIT_1445,IP_LEGIT_0594,C_LEGIT_0822,M_051,1,1,0,2,2,0,NONE
TXN_002539,U_LEGIT_0030,132.41,50,D_LEGIT_1798,IP_LEGIT_0265,C_LEGIT_1963,M_048,0,4,0,1,2,0,NONE
TXN_007085,U_LEGIT_0814,241.07,302,D_LEGIT_0641,IP_LEGIT_1454,C_LEGIT_0775,M_002,0,5,0,1,1,0,NONE
TXN_007736,U_LEGIT_1777,118.6,703,D_SHARED_BENIGN_02,IP_LEGIT_1100,C_LEGIT_1840,M_135,0,4,0,2,1,0,NONE
TXN_006257,U_LEGIT_2157,216.46,747,D_LEGIT_1301,IP_LEGIT_0014,C_LEGIT_0566,M_031,1,2,0,1,1,0,NONE
TXN_008372,U_LEGIT_2348,127.57,49,D_LEGIT_1877,IP_LEGIT_1376,C_LEGIT_2561,M_141,0,5,0,1,1,0,NONE
TXN_004022,U_LEGIT_0910,43.37,820,D_LEGIT_1256,IP_LEGIT_0122,C_LEGIT_1073,M_054,1,3,0,1,2,0,NONE
TXN_009192,U_INDIV_0133,1222.22,0,D_INDIV_0182,IP_INDIV_0277,C_INDIV_0389,M_077,15,29,8,5,7,1,INDIVIDUAL_FRAUD
TXN_004182,U_LEGIT_1730,125.71,406,D_LEGIT_0823,IP_SHARED_BENIGN_05,C_LEGIT_2967,M_145,0,2,0,1,1,0,NONE
TXN_001218,U_LEGIT_0926,51.19,594,D_LEGIT_0755,IP_LEGIT_1429,C_LEGIT_2052,M_133,0,2,0,1,1,0,NONE
TXN_004599,U_LEGIT_1203,100.64,452,D_LEGIT_1250,IP_LEGIT_1672,C_LEGIT_2055,M_052,0,2,0,1,1,0,NONE
TXN_003136,U_LEGIT_0989,91.78,468,D_LEGIT_0380,IP_LEGIT_0996,C_LEGIT_2042,M_036,0,3,0,2,1,0,NONE
TXN_008050,U_LEGIT_0583,203.32,1110,D_LEGIT_1979,IP_LEGIT_0797,C_LEGIT_1382,M_098,0,5,0,2,1,0,NONE
TXN_000057,U_LEGIT_0852,141.58,350,D_LEGIT_0542,IP_LEGIT_0322,C_LEGIT_0983,M_045,0,4,0,2,1,0,NONE
TXN_000153,U_LEGIT_0764,80.21,249,D_LEGIT_1971,IP_LEGIT_0593,C_LEGIT_0154,M_003,1,3,0,2,1,0,NONE
TXN_006885,U_LEGIT_1157,183.35,1016,D_LEGIT_0533,IP_LEGIT_1703,C_LEGIT_0514,M_137,0,2,1,2,1,0,NONE
TXN_004189,U_LEGIT_1188,92.21,506,D_LEGIT_1473,IP_LEGIT_0081,C_LEGIT_2077,M_133,0,5,0,1,1,0,NONE
TXN_007084,U_LEGIT_1050,246.6,514,D_LEGIT_1297,IP_LEGIT_1140,C_LEGIT_1980,M_147,0,5,0,1,1,0,NONE
TXN_004159,U_LEGIT_1039,166.29,927,D_LEGIT_1676,IP_LEGIT_1508,C_LEGIT_1921,M_084,0,2,0,1,2,0,NONE
TXN_006409,U_LEGIT_0738,165.84,680,D_SHARED_BENIGN_06,IP_LEGIT_0315,C_LEGIT_0668,M_116,0,3,0,1,2,0,NONE
TXN_006285,U_LEGIT_1601,56.78,313,D_SHARED_BENIGN_06,IP_LEGIT_1545,C_LEGIT_0728,M_049,0,4,0,1,1,0,NONE
TXN_001507,U_LEGIT_1525,138.27,921,D_LEGIT_1048,IP_LEGIT_1810,C_LEGIT_0462,M_096,0,5,0,2,1,0,NONE
TXN_009801,U_BURST_014,433.83,1,D_BURST_005,IP_BURST_SUBNET_02,C_BURST_026,M_049,10,22,3,1,1,1,ACCOUNT_BURST
TXN_001219,U_LEGIT_0154,229.79,457,D_LEGIT_1309,IP_SHARED_BENIGN_05,C_LEGIT_0979,M_053,1,3,0,1,1,0,NONE
TXN_007482,U_LEGIT_1199,98.76,997,D_LEGIT_1141,IP_LEGIT_0196,C_LEGIT_0075,M_139,0,1,0,1,1,0,NONE
TXN_006221,U_LEGIT_0325,112.62,498,D_LEGIT_1691,IP_LEGIT_1819,C_LEGIT_0057,M_102,0,5,0,1,1,0,NONE
TXN_003987,U_LEGIT_1571,31.22,866,D_LEGIT_1147,IP_LEGIT_1524,C_LEGIT_0438,M_147,0,5,0,2,1,0,NONE
TXN_005178,U_LEGIT_2138,146.4,194,D_LEGIT_0554,IP_LEGIT_0007,C_LEGIT_1795,M_075,0,5,0,1,1,0,NONE
TXN_001077,U_LEGIT_0802,14.97,1078,D_LEGIT_0534,IP_LEGIT_1333,C_LEGIT_1169,M_116,0,2,0,1,2,0,NONE
TXN_007462,U_LEGIT_1370,110.62,276,D_LEGIT_1170,IP_SHARED_BENIGN_09,C_LEGIT_2214,M_040,0,1,0,2,1,0,NONE
TXN_006162,U_LEGIT_0204,90.81,564,D_LEGIT_1947,IP_LEGIT_1195,C_LEGIT_1433,M_038,0,1,0,1,1,0,NONE
TXN_001183,U_LEGIT_0439,218.25,695,D_LEGIT_0916,IP_LEGIT_1484,C_LEGIT_2655,M_032,2,4,0,1,2,0,NONE
TXN_006476,U_LEGIT_1958,232.98,245,D_SHARED_BENIGN_06,IP_LEGIT_1873,C_LEGIT_0922,M_099,0,1,0,1,1,0,NONE
TXN_002427,U_LEGIT_2015,157.0,741,D_LEGIT_1108,IP_LEGIT_0839,C_LEGIT_2803,M_046,0,4,0,1,1,0,NONE
TXN_001691,U_LEGIT_1838,97.47,491,D_LEGIT_0023,IP_LEGIT_1791,C_LEGIT_1202,M_138,0,2,0,1,1,0,NONE
TXN_006441,U_LEGIT_2281,137.19,747,D_LEGIT_0800,IP_LEGIT_0912,C_LEGIT_0371,M_106,0,2,0,2,2,0,NONE
TXN_003267,U_LEGIT_0027,82.76,666,D_SHARED_BENIGN_02,IP_LEGIT_0729,C_LEGIT_2728,M_083,1,2,0,1,2,0,NONE
TXN_001828,U_LEGIT_1740,183.69,817,D_LEGIT_1300,IP_LEGIT_1911,C_LEGIT_0122,M_148,0,2,0,1,2,0,NONE
TXN_008803,U_LEGIT_2194,29.72,1121,D_LEGIT_1688,IP_LEGIT_1553,C_LEGIT_2115,M_032,0,4,0,1,2,0,NONE
TXN_006140,U_LEGIT_0218,103.41,466,D_LEGIT_0451,IP_LEGIT_1246,C_LEGIT_2654,M_029,0,5,0,1,1,0,NONE
TXN_000595,U_LEGIT_0066,9.04,49,D_LEGIT_0274,IP_LEGIT_0005,C_LEGIT_2494,M_122,0,4,0,2,2,0,NONE
TXN_003579,U_LEGIT_1524,186.81,1017,D_LEGIT_1312,IP_LEGIT_0264,C_LEGIT_0430,M_029,0,5,0,1,1,0,NONE
TXN_000370,U_LEGIT_2227,46.8,1117,D_LEGIT_1500,IP_LEGIT_1777,C_LEGIT_2453,M_142,0,3,0,1,2,0,NONE
TXN_009891,U_DIST_018,25.55,21,D_DIST_006,IP_DIST_PROXY_03,C_DIST_006,M_TARGET_HIGHVAL_99,8,11,2,1,1,1,DISTRIBUTED_ABUSE
TXN_000985,U_LEGIT_2433,207.03,526,D_LEGIT_0122,IP_LEGIT_0288,C_LEGIT_0589,M_124,0,2,0,2,1,0,NONE
TXN_004746,U_LEGIT_1355,101.03,625,D_LEGIT_0203,IP_LEGIT_1447,C_LEGIT_1300,M_021,1,1,0,1,1,0,NONE
TXN_000569,U_LEGIT_1941,95.28,532,D_LEGIT_1035,IP_LEGIT_0545,C_LEGIT_1526,M_107,0,5,0,1,1,0,NONE
TXN_002914,U_LEGIT_2091,92.34,543,D_LEGIT_0002,IP_LEGIT_1566,C_LEGIT_1605,M_048,1,1,0,1,1,0,NONE
TXN_005802,U_LEGIT_0040,130.98,433,D_LEGIT_1319,IP_LEGIT_0563,C_LEGIT_1316,M_053,0,1,0,1,1,0,NONE
TXN_004290,U_LEGIT_1896,240.95,366,D_LEGIT_0817,IP_LEGIT_0437,C_LEGIT_2343,M_091,0,1,0,1,1,0,NONE
TXN_009641,U_CYCLE_025,246.02,4,D_CYCLE_017,IP_CYCLE_007,C_STOLEN_POOL_03,M_001,7,22,6,5,8,1,CARD_CYCLING
TXN_006188,U_LEGIT_0034,61.41,1150,D_LEGIT_1230,IP_LEGIT_0100,C_LEGIT_0171,M_013,0,5,0,1,1,0,NONE
TXN_007413,U_LEGIT_1212,213.65,475,D_SHARED_BENIGN_10,IP_LEGIT_0805,C_LEGIT_1581,M_128,0,4,0,1,1,0,NONE
TXN_005529,U_LEGIT_0068,224.27,60,D_LEGIT_1289,IP_SHARED_BENIGN_03,C_LEGIT_0573,M_126,1,4,0,1,1,0,NONE
TXN_006326,U_LEGIT_0289,106.23,997,D_LEGIT_1818,IP_LEGIT_1263,C_LEGIT_2953,M_049,0,5,0,2,1,0,NONE
TXN_006674,U_LEGIT_1964,14.17,725,D_LEGIT_0915,IP_LEGIT_0799,C_LEGIT_2557,M_054,0,1,0,1,2,0,NONE
TXN_008072,U_LEGIT_1365,160.08,162,D_LEGIT_1526,IP_LEGIT_0677,C_LEGIT_1782,M_096,0,2,0,1,1,0,NONE
TXN_009564,U_FARM_024,114.68,3,D_FARM_HUB_01,IP_FARM_PROXY_01,C_FARM_030,M_005,17,51,3,1,2,1,DEVICE_FARM
TXN_001443,U_LEGIT_0461,175.34,871,D_LEGIT_1317,IP_LEGIT_1782,C_LEGIT_2655,M_007,0,2,0,2,2,0,NONE
TXN_006758,U_LEGIT_0207,51.35,128,D_LEGIT_0157,IP_LEGIT_1559,C_LEGIT_1183,M_050,0,3,0,1,1,0,NONE
TXN_001212,U_LEGIT_0516,69.18,1112,D_SHARED_BENIGN_05,IP_LEGIT_1901,C_LEGIT_0502,M_101,0,5,0,1,1,0,NONE
TXN_007557,U_LEGIT_0629,199.53,235,D_LEGIT_1606,IP_LEGIT_1381,C_LEGIT_0609,M_058,0,1,0,1,1,0,NONE
TXN_003000,U_LEGIT_1919,116.17,1004,D_LEGIT_0356,IP_LEGIT_1623,C_LEGIT_0348,M_140,0,3,0,1,1,0,NONE
TXN_002387,U_LEGIT_1608,240.1,508,D_LEGIT_1490,IP_LEGIT_0424,C_LEGIT_0386,M_114,0,4,0,1,1,0,NONE
TXN_002519,U_LEGIT_0030,209.72,985,D_LEGIT_1396,IP_LEGIT_1389,C_LEGIT_2534,M_025,0,2,0,1,2,0,NONE
TXN_004717,U_LEGIT_1733,108.49,140,D_LEGIT_0896,IP_LEGIT_0405,C_LEGIT_1270,M_032,0,3,0,1,1,0,NONE
TXN_002005,U_LEGIT_2143,65.49,1187,D_LEGIT_1597,IP_LEGIT_0456,C_LEGIT_1702,M_003,0,1,0,2,1,0,NONE
TXN_005711,U_LEGIT_0914,64.23,304,D_LEGIT_1232,IP_LEGIT_0193,C_LEGIT_1062,M_150,1,5,0,1,1,0,NONE
TXN_002054,U_LEGIT_0510,138.42,1034,D_LEGIT_0069,IP_LEGIT_0677,C_LEGIT_0229,M_062,0,2,0,1,1,0,NONE
TXN_007856,U_LEGIT_0351,27.81,216,D_LEGIT_1713,IP_LEGIT_0330,C_LEGIT_2367,M_074,0,4,0,2,1,0,NONE
TXN_002361,U_LEGIT_0026,113.91,193,D_LEGIT_1870,IP_LEGIT_1150,C_LEGIT_0928,M_069,1,1,0,1,1,0,NONE
TXN_008569,U_LEGIT_0893,164.85,108,D_LEGIT_1348,IP_LEGIT_1150,C_LEGIT_0731,M_026,0,1,0,1,1,0,NONE
TXN_006889,U_LEGIT_0367,151.83,651,D_SHARED_BENIGN_02,IP_LEGIT_0096,C_LEGIT_1828,M_037,0,3,0,1,2,0,NONE
TXN_005884,U_LEGIT_2051,49.08,817,D_LEGIT_1381,IP_LEGIT_0734,C_LEGIT_2066,M_125,0,4,0,1,1,0,NONE
TXN_000800,U_LEGIT_2159,150.57,595,D_LEGIT_1865,IP_LEGIT_1819,C_LEGIT_1357,M_101,0,1,0,1,1,0,NONE
TXN_002362,U_LEGIT_1090,124.24,730,D_LEGIT_0711,IP_LEGIT_1545,C_LEGIT_2608,M_095,1,2,0,1,2,0,NONE
TXN_009980,U_DIST_002,19.55,5,D_DIST_027,IP_DIST_PROXY_04,C_DIST_040,M_TARGET_HIGHVAL_99,3,6,1,1,1,1,DISTRIBUTED_ABUSE
TXN_007864,U_LEGIT_1478,19.21,490,D_LEGIT_0950,IP_LEGIT_1587,C_LEGIT_0286,M_046,1,5,0,1,1,0,NONE
TXN_005634,U_LEGIT_1486,85.23,1054,D_LEGIT_1395,IP_LEGIT_0241,C_LEGIT_1260,M_035,0,3,0,1,1,0,NONE
TXN_005393,U_LEGIT_0501,238.18,237,D_LEGIT_1469,IP_LEGIT_1026,C_LEGIT_1391,M_045,1,4,0,1,1,0,NONE
TXN_004195,U_LEGIT_1456,44.3,1037,D_LEGIT_1144,IP_LEGIT_1802,C_LEGIT_0320,M_149,1,3,0,2,2,0,NONE
TXN_000726,U_LEGIT_2222,124.26,1182,D_LEGIT_0694,IP_LEGIT_0175,C_LEGIT_0829,M_036,1,2,0,2,1,0,NONE
TXN_005006,U_LEGIT_0830,151.73,852,D_LEGIT_0647,IP_LEGIT_0407,C_LEGIT_2145,M_013,0,4,0,2,1,0,NONE
TXN_005705,U_LEGIT_0301,147.1,470,D_LEGIT_0882,IP_LEGIT_1950,C_LEGIT_2704,M_074,0,2,0,1,2,0,NONE
TXN_006171,U_LEGIT_1914,40.03,1131,D_LEGIT_0397,IP_LEGIT_1832,C_LEGIT_2137,M_093,0,2,0,1,1,0,NONE
TXN_002288,U_LEGIT_1393,29.04,705,D_LEGIT_1386,IP_LEGIT_0746,C_LEGIT_0192,M_028,0,3,0,2,1,0,NONE
TXN_002879,U_LEGIT_0495,29.6,849,D_LEGIT_0957,IP_LEGIT_0848,C_LEGIT_1099,M_148,0,4,0,2,2,0,NONE
TXN_009683,U_CYCLE_004,248.67,7,D_CYCLE_003,IP_CYCLE_022,C_STOLEN_POOL_02,M_131,4,28,10,5,8,1,CARD_CYCLING
TXN_007598,U_LEGIT_0274,130.77,1108,D_LEGIT_0483,IP_SHARED_BENIGN_05,C_LEGIT_0400,M_016,1,4,0,1,2,0,NONE
TXN_003870,U_LEGIT_1306,227.9,805,D_SHARED_BENIGN_01,IP_LEGIT_1980,C_LEGIT_0314,M_140,0,3,0,1,1,0,NONE
TXN_008620,U_LEGIT_0388,12.38,421,D_LEGIT_1723,IP_LEGIT_1948,C_LEGIT_2369,M_079,0,4,0,1,1,0,NONE
TXN_009447,U_INDIV_0120,2212.56,3,D_INDIV_0052,IP_INDIV_0365,C_INDIV_0349,M_040,15,22,8,4,3,1,INDIVIDUAL_FRAUD
TXN_008170,U_LEGIT_1166,16.46,609,D_LEGIT_1867,IP_LEGIT_0993,C_LEGIT_2234,M_021,1,5,0,1,1,0,NONE
TXN_003705,U_LEGIT_1314,60.28,660,D_LEGIT_1332,IP_LEGIT_1869,C_LEGIT_0638,M_070,0,2,0,1,1,0,NONE
TXN_002086,U_LEGIT_0626,13.54,244,D_SHARED_BENIGN_05,IP_LEGIT_1915,C_LEGIT_2532,M_027,1,4,1,2,1,0,NONE
TXN_006105,U_LEGIT_2005,43.81,995,D_LEGIT_1713,IP_SHARED_BENIGN_06,C_LEGIT_2087,M_060,0,4,0,1,1,0,NONE
TXN_005962,U_LEGIT_0695,179.17,74,D_LEGIT_1771,IP_LEGIT_0950,C_LEGIT_1643,M_150,0,3,0,1,1,0,NONE
TXN_008755,U_LEGIT_0217,100.16,806,D_LEGIT_0216,IP_LEGIT_1934,C_LEGIT_1523,M_100,0,3,0,1,1,0,NONE
TXN_002689,U_LEGIT_1254,145.53,1076,D_LEGIT_1653,IP_SHARED_BENIGN_07,C_LEGIT_0036,M_099,1,4,0,2,1,0,NONE
TXN_004604,U_LEGIT_2016,154.28,207,D_LEGIT_1772,IP_LEGIT_1461,C_LEGIT_2931,M_043,0,2,0,1,2,0,NONE
TXN_005552,U_LEGIT_1686,89.8,735,D_LEGIT_1363,IP_LEGIT_0923,C_LEGIT_0526,M_059,1,4,0,1,1,0,NONE
TXN_003790,U_LEGIT_1241,240.79,747,D_LEGIT_1824,IP_LEGIT_1151,C_LEGIT_0726,M_095,0,1,0,1,1,0,NONE
TXN_003601,U_LEGIT_1440,201.6,619,D_LEGIT_1973,IP_LEGIT_0883,C_LEGIT_1209,M_080,0,2,0,2,1,0,NONE
TXN_007872,U_LEGIT_0998,73.22,52,D_LEGIT_1011,IP_LEGIT_1502,C_LEGIT_1488,M_116,1,1,0,1,2,0,NONE
TXN_001497,U_LEGIT_0418,68.45,1171,D_LEGIT_0292,IP_LEGIT_1937,C_LEGIT_1589,M_066,0,2,0,1,1,0,NONE
TXN_006401,U_LEGIT_1685,39.97,147,D_LEGIT_1233,IP_SHARED_BENIGN_05,C_LEGIT_2404,M_141,0,1,1,1,2,0,NONE
TXN_003313,U_LEGIT_1576,100.41,1098,D_LEGIT_0311,IP_LEGIT_0180,C_LEGIT_0269,M_084,1,3,0,1,1,0,NONE
TXN_005472,U_LEGIT_1647,61.73,599,D_LEGIT_0960,IP_LEGIT_0528,C_LEGIT_2346,M_145,0,2,0,1,1,0,NONE
TXN_005752,U_LEGIT_0480,189.39,457,D_LEGIT_0564,IP_LEGIT_0606,C_LEGIT_2723,M_003,0,1,0,2,1,0,NONE
TXN_009081,U_INDIV_0189,2949.6,6,D_INDIV_0134,IP_INDIV_0060,C_INDIV_0206,M_094,9,34,5,6,8,1,INDIVIDUAL_FRAUD
TXN_002667,U_LEGIT_1603,193.66,404,D_LEGIT_0068,IP_LEGIT_0572,C_LEGIT_1253,M_049,0,5,0,1,2,0,NONE
TXN_005335,U_LEGIT_1120,50.65,239,D_LEGIT_1871,IP_LEGIT_1939,C_LEGIT_1008,M_140,0,4,0,1,1,0,NONE
TXN_001464,U_LEGIT_1794,241.25,1125,D_LEGIT_1383,IP_LEGIT_0943,C_LEGIT_1390,M_148,0,5,0,1,1,0,NONE
TXN_004980,U_LEGIT_0137,221.13,507,D_LEGIT_0517,IP_LEGIT_0635,C_LEGIT_2817,M_084,1,1,0,1,2,0,NONE
TXN_000457,U_LEGIT_2215,16.96,144,D_LEGIT_1024,IP_LEGIT_1709,C_LEGIT_1841,M_005,0,1,0,1,2,0,NONE
TXN_000205,U_LEGIT_1077,204.19,748,D_LEGIT_1673,IP_SHARED_BENIGN_02,C_LEGIT_0971,M_054,1,5,0,1,1,0,NONE
TXN_003417,U_LEGIT_1309,25.24,52,D_LEGIT_1068,IP_LEGIT_1300,C_LEGIT_0609,M_143,0,4,0,1,1,0,NONE
TXN_008880,U_LEGIT_0093,42.8,152,D_SHARED_BENIGN_01,IP_LEGIT_0212,C_LEGIT_2091,M_017,0,5,0,1,2,0,NONE
TXN_008302,U_LEGIT_0517,92.48,442,D_LEGIT_1391,IP_LEGIT_0408,C_LEGIT_1066,M_077,0,1,1,1,1,0,NONE
TXN_004872,U_LEGIT_2351,80.34,65,D_LEGIT_0883,IP_LEGIT_0877,C_LEGIT_1577,M_029,0,5,0,2,1,0,NONE
TXN_001329,U_LEGIT_1558,234.06,1076,D_LEGIT_0614,IP_LEGIT_0188,C_LEGIT_2655,M_022,1,5,0,1,2,0,NONE
TXN_001934,U_LEGIT_2114,28.62,1199,D_LEGIT_0869,IP_LEGIT_1060,C_LEGIT_1731,M_029,0,4,0,1,1,0,NONE
TXN_004597,U_LEGIT_0309,225.81,665,D_LEGIT_0702,IP_LEGIT_1972,C_LEGIT_2899,M_053,0,1,0,1,1,0,NONE
TXN_005647,U_LEGIT_0810,128.6,143,D_LEGIT_0543,IP_LEGIT_1485,C_LEGIT_1523,M_037,2,3,0,1,1,0,NONE
TXN_009774,U_BURST_020,767.53,0,D_BURST_005,IP_BURST_SUBNET_01,C_BURST_009,M_122,15,21,5,2,1,1,ACCOUNT_BURST
TXN_009950,U_DIST_030,43.67,9,D_DIST_017,IP_DIST_PROXY_03,C_DIST_026,M_TARGET_HIGHVAL_99,7,11,2,1,1,1,DISTRIBUTED_ABUSE
TXN_001271,U_LEGIT_0065,62.26,427,D_LEGIT_1549,IP_LEGIT_1393,C_LEGIT_1177,M_067,0,5,0,1,1,0,NONE
TXN_005720,U_LEGIT_0207,246.65,289,D_SHARED_BENIGN_03,IP_LEGIT_0416,C_LEGIT_1138,M_148,1,3,0,1,1,0,NONE
TXN_005864,U_LEGIT_1592,225.25,589,D_LEGIT_1903,IP_LEGIT_0166,C_LEGIT_1941,M_113,0,4,0,1,2,0,NONE
TXN_006699,U_LEGIT_0342,162.35,916,D_LEGIT_1242,IP_LEGIT_0947,C_LEGIT_0419,M_053,0,2,0,1,1,0,NONE
TXN_008388,U_LEGIT_2458,143.2,389,D_LEGIT_0077,IP_LEGIT_0634,C_LEGIT_1383,M_071,0,3,0,1,2,0,NONE
TXN_009969,U_DIST_003,44.12,11,D_DIST_013,IP_DIST_PROXY_04,C_DIST_005,M_TARGET_HIGHVAL_99,3,10,2,1,2,1,DISTRIBUTED_ABUSE
TXN_001449,U_LEGIT_0962,177.23,419,D_LEGIT_0309,IP_LEGIT_1579,C_LEGIT_1814,M_059,1,5,0,1,1,0,NONE
TXN_007354,U_LEGIT_0485,191.59,788,D_LEGIT_1823,IP_SHARED_BENIGN_06,C_LEGIT_0325,M_003,0,1,0,1,1,0,NONE
TXN_005362,U_LEGIT_2153,80.14,686,D_LEGIT_1009,IP_LEGIT_0060,C_LEGIT_1471,M_040,0,3,0,1,1,0,NONE
TXN_001425,U_LEGIT_0664,121.66,804,D_LEGIT_0184,IP_LEGIT_1810,C_LEGIT_2809,M_019,1,1,0,1,1,0,NONE
TXN_009481,U_INDIV_0107,1796.15,1,D_INDIV_0235,IP_INDIV_0303,C_INDIV_0111,M_046,16,27,6,7,8,1,INDIVIDUAL_FRAUD
TXN_009871,U_BURST_007,1452.95,0,D_BURST_017,IP_BURST_SUBNET_01,C_BURST_017,M_123,13,21,5,2,1,1,ACCOUNT_BURST
TXN_003460,U_LEGIT_1976,133.46,54,D_LEGIT_1780,IP_LEGIT_0497,C_LEGIT_2474,M_115,0,1,0,2,1,0,NONE
TXN_001506,U_LEGIT_1117,206.18,201,D_LEGIT_1745,IP_LEGIT_1443,C_LEGIT_0644,M_017,0,2,0,1,1,0,NONE
TXN_000641,U_LEGIT_0196,102.53,661,D_LEGIT_1662,IP_LEGIT_1357,C_LEGIT_2935,M_027,0,5,0,2,1,0,NONE
TXN_004905,U_LEGIT_1700,64.39,944,D_LEGIT_0554,IP_LEGIT_1221,C_LEGIT_1078,M_111,0,5,0,2,1,0,NONE
TXN_001284,U_LEGIT_0780,159.71,219,D_LEGIT_0259,IP_LEGIT_0294,C_LEGIT_2643,M_002,0,1,0,1,2,0,NONE
TXN_005899,U_LEGIT_1847,78.34,290,D_LEGIT_0859,IP_LEGIT_1937,C_LEGIT_1831,M_104,0,4,0,2,1,0,NONE
TXN_006734,U_LEGIT_0513,233.72,590,D_LEGIT_0866,IP_LEGIT_1450,C_LEGIT_1754,M_013,0,5,0,2,1,0,NONE
TXN_007753,U_LEGIT_2385,191.09,98,D_LEGIT_0813,IP_LEGIT_0742,C_LEGIT_2387,M_070,0,4,0,1,1,0,NONE
TXN_008166,U_LEGIT_1007,76.39,88,D_LEGIT_0765,IP_SHARED_BENIGN_06,C_LEGIT_2074,M_004,0,5,0,1,1,0,NONE
TXN_009373,U_INDIV_0159,2269.91,2,D_INDIV_0358,IP_INDIV_0193,C_INDIV_0342,M_115,10,49,5,4,5,1,INDIVIDUAL_FRAUD
TXN_002855,U_LEGIT_2206,150.28,1029,D_LEGIT_0524,IP_LEGIT_0020,C_LEGIT_0284,M_129,0,3,0,1,1,0,NONE
TXN_000241,U_LEGIT_1454,203.1,764,D_LEGIT_1732,IP_LEGIT_0485,C_LEGIT_2427,M_082,1,1,0,1,1,0,NONE
TXN_000530,U_LEGIT_1037,137.45,514,D_LEGIT_0634,IP_LEGIT_1435,C_LEGIT_1487,M_032,1,4,0,2,1,0,NONE
TXN_000834,U_LEGIT_1307,75.71,446,D_LEGIT_1032,IP_LEGIT_0710,C_LEGIT_1683,M_125,1,5,0,1,1,0,NONE
TXN_009903,U_DIST_010,27.14,12,D_DIST_007,IP_DIST_PROXY_01,C_DIST_031,M_TARGET_HIGHVAL_99,4,14,1,1,2,1,DISTRIBUTED_ABUSE
TXN_002679,U_LEGIT_1945,55.87,346,D_SHARED_BENIGN_04,IP_LEGIT_1851,C_LEGIT_1886,M_070,0,4,0,2,1,0,NONE
TXN_000765,U_LEGIT_2367,226.81,1089,D_LEGIT_1924,IP_LEGIT_1492,C_LEGIT_0712,M_104,0,2,0,1,1,0,NONE
TXN_003658,U_LEGIT_2101,173.08,583,D_SHARED_BENIGN_04,IP_SHARED_BENIGN_01,C_LEGIT_0026,M_084,1,5,0,1,1,0,NONE
TXN_009532,U_FARM_016,406.7,0,D_FARM_HUB_02,IP_FARM_PROXY_01,C_FARM_010,M_140,12,67,7,1,6,1,DEVICE_FARM
TXN_001715,U_LEGIT_0543,159.23,964,D_SHARED_BENIGN_01,IP_LEGIT_1722,C_LEGIT_0069,M_062,0,2,1,2,1,0,NONE
TXN_002551,U_LEGIT_1333,106.55,624,D_LEGIT_1046,IP_LEGIT_1341,C_LEGIT_1046,M_074,0,3,0,2,1,0,NONE
TXN_007261,U_LEGIT_1094,112.98,273,D_LEGIT_0791,IP_LEGIT_0380,C_LEGIT_0211,M_003,0,1,0,1,1,0,NONE
TXN_001803,U_LEGIT_0355,138.89,336,D_LEGIT_1663,IP_LEGIT_1830,C_LEGIT_0370,M_120,0,2,0,1,1,0,NONE
TXN_000566,U_LEGIT_0192,154.24,243,D_LEGIT_1141,IP_LEGIT_0310,C_LEGIT_2827,M_132,0,4,0,1,1,0,NONE
TXN_007258,U_LEGIT_0978,107.26,442,D_LEGIT_1479,IP_LEGIT_0802,C_LEGIT_1947,M_075,0,1,0,1,2,0,NONE
TXN_004534,U_LEGIT_1320,160.55,275,D_LEGIT_1684,IP_LEGIT_0801,C_LEGIT_0783,M_075,1,1,0,1,2,0,NONE
TXN_005247,U_LEGIT_1702,230.85,733,D_LEGIT_0068,IP_LEGIT_0651,C_LEGIT_1506,M_069,0,5,0,2,1,0,NONE
TXN_008644,U_LEGIT_1036,170.56,705,D_SHARED_BENIGN_01,IP_LEGIT_1578,C_LEGIT_0280,M_036,0,4,0,1,1,0,NONE
TXN_004295,U_LEGIT_1806,185.47,750,D_LEGIT_0577,IP_LEGIT_0237,C_LEGIT_0542,M_055,0,3,0,1,1,0,NONE
TXN_009743,U_CYCLE_013,206.62,4,D_CYCLE_028,IP_CYCLE_029,C_STOLEN_POOL_04,M_133,5,36,7,4,8,1,CARD_CYCLING
TXN_006622,U_LEGIT_0212,108.32,154,D_LEGIT_1911,IP_LEGIT_0862,C_LEGIT_2106,M_099,0,5,0,2,1,0,NONE
TXN_003922,U_LEGIT_1368,227.49,856,D_LEGIT_1062,IP_LEGIT_0345,C_LEGIT_2091,M_028,1,3,0,1,2,0,NONE
TXN_009615,U_FARM_002,167.42,2,D_FARM_HUB_02,IP_FARM_PROXY_01,C_FARM_014,M_018,16,39,5,1,5,1,DEVICE_FARM
TXN_003602,U_LEGIT_1608,155.62,116,D_SHARED_BENIGN_01,IP_LEGIT_1222,C_LEGIT_2604,M_150,0,1,0,1,1,0,NONE
TXN_005574,U_LEGIT_1581,147.12,40,D_LEGIT_0693,IP_LEGIT_0583,C_LEGIT_1328,M_097,0,4,0,1,1,0,NONE
TXN_002056,U_LEGIT_2098,213.74,319,D_LEGIT_0039,IP_LEGIT_0174,C_LEGIT_0090,M_021,0,5,0,1,1,0,NONE
TXN_004429,U_LEGIT_2271,190.27,686,D_LEGIT_0449,IP_LEGIT_1312,C_LEGIT_1003,M_126,2,1,0,1,1,0,NONE
TXN_001337,U_LEGIT_0303,94.57,364,D_LEGIT_1700,IP_LEGIT_1836,C_LEGIT_2969,M_064,2,2,0,1,1,0,NONE
TXN_000708,U_LEGIT_1015,217.13,536,D_LEGIT_1494,IP_LEGIT_0511,C_LEGIT_1152,M_030,0,4,0,1,1,0,NONE
TXN_005582,U_LEGIT_1217,211.0,677,D_LEGIT_0154,IP_LEGIT_1561,C_LEGIT_2159,M_140,0,2,0,1,1,0,NONE
TXN_000108,U_LEGIT_1351,88.67,319,D_SHARED_BENIGN_07,IP_LEGIT_1483,C_LEGIT_2690,M_039,1,3,1,2,1,0,NONE
TXN_003856,U_LEGIT_2160,111.37,686,D_LEGIT_0757,IP_LEGIT_1030,C_LEGIT_2642,M_058,0,5,0,2,2,0,NONE
TXN_002475,U_LEGIT_2310,10.8,710,D_LEGIT_0575,IP_LEGIT_0722,C_LEGIT_0123,M_104,0,5,0,1,2,0,NONE
TXN_002953,U_LEGIT_2250,48.23,1034,D_LEGIT_1134,IP_LEGIT_1723,C_LEGIT_2404,M_031,0,5,0,1,1,0,NONE
TXN_004294,U_LEGIT_0576,124.08,479,D_LEGIT_1201,IP_SHARED_BENIGN_03,C_LEGIT_1555,M_015,0,5,0,1,1,0,NONE
TXN_007328,U_LEGIT_0837,69.45,743,D_LEGIT_1503,IP_SHARED_BENIGN_06,C_LEGIT_1500,M_038,0,4,0,1,1,0,NONE
TXN_008091,U_LEGIT_2431,16.56,506,D_LEGIT_1111,IP_LEGIT_0916,C_LEGIT_1701,M_115,0,1,0,1,1,0,NONE
TXN_004405,U_LEGIT_1307,32.94,1033,D_LEGIT_0464,IP_LEGIT_1022,C_LEGIT_1546,M_045,0,1,0,1,2,0,NONE
TXN_007144,U_LEGIT_2470,15.22,1013,D_LEGIT_1139,IP_LEGIT_0747,C_LEGIT_0679,M_036,0,5,0,1,1,0,NONE
TXN_004544,U_LEGIT_1429,186.36,79,D_LEGIT_1662,IP_SHARED_BENIGN_05,C_LEGIT_1993,M_123,0,3,0,1,2,0,NONE
TXN_000993,U_LEGIT_2377,92.05,931,D_LEGIT_1851,IP_LEGIT_1670,C_LEGIT_1613,M_011,1,5,0,1,2,0,NONE
TXN_005457,U_LEGIT_0304,34.56,802,D_LEGIT_0470,IP_LEGIT_1717,C_LEGIT_2806,M_135,0,1,0,1,1,0,NONE
TXN_001078,U_LEGIT_0438,209.57,468,D_LEGIT_1791,IP_LEGIT_1556,C_LEGIT_2336,M_077,1,3,0,1,1,0,NONE
TXN_000048,U_LEGIT_2138,120.5,579,D_LEGIT_0554,IP_LEGIT_1884,C_LEGIT_2205,M_124,0,2,0,1,1,0,NONE
TXN_002516,U_LEGIT_1972,100.18,503,D_LEGIT_1355,IP_LEGIT_0782,C_LEGIT_1861,M_147,0,2,1,2,1,0,NONE
TXN_006144,U_LEGIT_1785,234.13,783,D_LEGIT_0568,IP_LEGIT_0655,C_LEGIT_0913,M_113,0,3,0,1,1,0,NONE
TXN_000681,U_LEGIT_0231,165.32,918,D_SHARED_BENIGN_08,IP_LEGIT_0108,C_LEGIT_0481,M_132,1,4,0,1,1,0,NONE
TXN_000999,U_LEGIT_0383,43.28,726,D_SHARED_BENIGN_10,IP_LEGIT_1359,C_LEGIT_1658,M_068,0,4,0,2,1,0,NONE
TXN_005420,U_LEGIT_2100,177.86,982,D_LEGIT_1759,IP_LEGIT_1816,C_LEGIT_2842,M_117,0,5,0,1,1,0,NONE
TXN_009104,U_INDIV_0043,2875.82,2,D_INDIV_0152,IP_INDIV_0374,C_INDIV_0321,M_146,18,15,8,7,8,1,INDIVIDUAL_FRAUD
TXN_009894,U_DIST_020,31.16,21,D_DIST_030,IP_DIST_PROXY_03,C_DIST_037,M_TARGET_HIGHVAL_99,4,16,0,2,2,1,DISTRIBUTED_ABUSE
TXN_003588,U_LEGIT_0082,171.17,292,D_LEGIT_0895,IP_LEGIT_0071,C_LEGIT_2498,M_110,0,2,0,2,1,0,NONE
TXN_007810,U_LEGIT_0937,168.8,132,D_LEGIT_0938,IP_LEGIT_0575,C_LEGIT_1925,M_035,0,2,0,1,1,0,NONE
TXN_005943,U_LEGIT_0709,174.09,82,D_LEGIT_0355,IP_SHARED_BENIGN_10,C_LEGIT_1510,M_138,0,3,0,1,2,0,NONE
TXN_005209,U_LEGIT_2120,16.12,302,D_LEGIT_0791,IP_LEGIT_1376,C_LEGIT_1811,M_077,0,5,0,1,1,0,NONE
TXN_005906,U_LEGIT_2298,116.81,434,D_SHARED_BENIGN_06,IP_LEGIT_0869,C_LEGIT_2834,M_142,1,3,0,1,2,0,NONE
TXN_009157,U_INDIV_0189,2167.97,5,D_INDIV_0188,IP_INDIV_0179,C_INDIV_0371,M_007,17,44,3,6,8,1,INDIVIDUAL_FRAUD
TXN_008660,U_LEGIT_0980,231.39,953,D_SHARED_BENIGN_04,IP_LEGIT_0181,C_LEGIT_2704,M_149,1,4,0,1,2,0,NONE
TXN_006501,U_LEGIT_0877,33.08,1093,D_LEGIT_0143,IP_LEGIT_0201,C_LEGIT_1127,M_004,0,3,0,1,2,0,NONE
TXN_008852,U_LEGIT_2388,179.13,222,D_LEGIT_0883,IP_LEGIT_1822,C_LEGIT_2617,M_099,0,3,0,2,1,0,NONE
TXN_005786,U_LEGIT_0137,226.58,573,D_LEGIT_1479,IP_LEGIT_0885,C_LEGIT_0101,M_064,0,3,0,1,2,0,NONE
TXN_006835,U_LEGIT_2021,207.91,1146,D_LEGIT_1350,IP_LEGIT_0052,C_LEGIT_0678,M_117,0,5,0,1,1,0,NONE
TXN_001560,U_LEGIT_1904,38.62,838,D_LEGIT_0025,IP_LEGIT_1370,C_LEGIT_1305,M_050,0,1,0,1,1,0,NONE
TXN_004737,U_LEGIT_1207,37.34,231,D_LEGIT_0985,IP_LEGIT_0888,C_LEGIT_1386,M_146,0,1,0,1,1,0,NONE
TXN_004388,U_LEGIT_1831,89.25,1110,D_LEGIT_1994,IP_LEGIT_1570,C_LEGIT_0736,M_108,0,5,0,1,1,0,NONE
TXN_006934,U_LEGIT_1830,106.25,35,D_LEGIT_0145,IP_SHARED_BENIGN_02,C_LEGIT_2986,M_008,0,5,0,2,1,0,NONE
TXN_006851,U_LEGIT_0804,70.6,583,D_SHARED_BENIGN_05,IP_LEGIT_0644,C_LEGIT_2854,M_144,0,4,0,1,1,0,NONE
TXN_002832,U_LEGIT_0357,99.88,615,D_SHARED_BENIGN_09,IP_LEGIT_0798,C_LEGIT_0677,M_036,1,5,0,1,1,0,NONE
TXN_006207,U_LEGIT_1936,27.45,681,D_SHARED_BENIGN_07,IP_LEGIT_1387,C_LEGIT_0828,M_119,0,1,0,2,1,0,NONE
TXN_002269,U_LEGIT_1300,194.56,825,D_LEGIT_1217,IP_LEGIT_1601,C_LEGIT_2844,M_015,0,2,0,2,1,0,NONE
TXN_004374,U_LEGIT_1195,132.16,83,D_LEGIT_1266,IP_LEGIT_0858,C_LEGIT_1766,M_120,0,1,0,1,1,0,NONE
TXN_006496,U_LEGIT_1272,47.77,1045,D_LEGIT_1210,IP_LEGIT_0271,C_LEGIT_2676,M_037,0,2,0,1,2,0,NONE
TXN_004180,U_LEGIT_2196,29.21,1067,D_LEGIT_0655,IP_SHARED_BENIGN_04,C_LEGIT_2585,M_139,0,3,0,1,1,0,NONE
TXN_003098,U_LEGIT_2312,103.75,796,D_LEGIT_0979,IP_LEGIT_0377,C_LEGIT_1732,M_136,0,5,0,1,2,0,NONE
TXN_003543,U_LEGIT_0952,8.5,798,D_LEGIT_0561,IP_LEGIT_0574,C_LEGIT_2785,M_107,2,2,0,1,2,0,NONE
TXN_004014,U_LEGIT_1006,206.2,810,D_LEGIT_1967,IP_LEGIT_0368,C_LEGIT_0083,M_025,0,3,0,1,2,0,NONE
TXN_003803,U_LEGIT_0418,14.78,771,D_LEGIT_0927,IP_LEGIT_1971,C_LEGIT_1103,M_016,0,3,0,1,1,0,NONE
TXN_008582,U_LEGIT_2110,177.77,261,D_LEGIT_1495,IP_LEGIT_0129,C_LEGIT_2504,M_040,0,2,0,1,2,0,NONE
TXN_009080,U_INDIV_0041,2512.88,1,D_INDIV_0296,IP_INDIV_0346,C_INDIV_0193,M_083,13,33,8,4,5,1,INDIVIDUAL_FRAUD
TXN_005229,U_LEGIT_0631,143.54,826,D_LEGIT_1475,IP_LEGIT_1993,C_LEGIT_0649,M_124,1,2,0,1,2,0,NONE
TXN_000042,U_LEGIT_0344,99.74,463,D_LEGIT_0278,IP_LEGIT_0373,C_LEGIT_0206,M_067,0,3,0,2,1,0,NONE
TXN_006324,U_LEGIT_0617,94.75,338,D_LEGIT_1153,IP_LEGIT_0172,C_LEGIT_1663,M_018,0,5,0,1,1,0,NONE
TXN_001147,U_LEGIT_1368,150.4,860,D_LEGIT_0243,IP_LEGIT_0997,C_LEGIT_2015,M_102,0,2,0,1,1,0,NONE
TXN_009622,U_FARM_003,226.76,0,D_FARM_HUB_02,IP_FARM_PROXY_01,C_FARM_036,M_073,12,57,4,1,4,1,DEVICE_FARM
TXN_005820,U_LEGIT_2352,30.51,771,D_LEGIT_1301,IP_LEGIT_1478,C_LEGIT_0532,M_037,2,5,0,1,2,0,NONE
TXN_009391,U_INDIV_0055,476.97,2,D_INDIV_0005,IP_INDIV_0197,C_INDIV_0173,M_119,16,42,3,7,7,1,INDIVIDUAL_FRAUD
TXN_008117,U_LEGIT_0529,170.44,378,D_LEGIT_0954,IP_LEGIT_0021,C_LEGIT_1653,M_108,0,5,0,1,1,0,NONE
TXN_009659,U_CYCLE_021,337.71,5,D_CYCLE_021,IP_CYCLE_010,C_STOLEN_POOL_01,M_137,8,34,6,2,8,1,CARD_CYCLING
TXN_006332,U_LEGIT_0856,90.49,344,D_LEGIT_0348,IP_LEGIT_0467,C_LEGIT_2344,M_149,0,3,0,1,1,0,NONE
TXN_009895,U_DIST_011,16.43,12,D_DIST_019,IP_DIST_PROXY_03,C_DIST_009,M_TARGET_HIGHVAL_99,3,16,2,1,2,1,DISTRIBUTED_ABUSE
TXN_009741,U_CYCLE_007,771.8,2,D_CYCLE_011,IP_CYCLE_004,C_STOLEN_POOL_04,M_021,10,24,10,2,6,1,CARD_CYCLING
TXN_000553,U_LEGIT_1019,132.25,1075,D_LEGIT_0606,IP_LEGIT_1129,C_LEGIT_0314,M_012,0,1,0,1,1,0,NONE
TXN_004370,U_LEGIT_2231,50.78,187,D_LEGIT_1761,IP_LEGIT_1155,C_LEGIT_0120,M_018,0,1,0,2,1,0,NONE
TXN_009435,U_INDIV_0078,2585.0,4,D_INDIV_0278,IP_INDIV_0194,C_INDIV_0257,M_072,15,47,4,7,5,1,INDIVIDUAL_FRAUD
TXN_009074,U_INDIV_0058,2195.76,7,D_INDIV_0178,IP_INDIV_0065,C_INDIV_0005,M_007,14,39,7,6,4,1,INDIVIDUAL_FRAUD
TXN_004051,U_LEGIT_1738,34.01,121,D_LEGIT_1985,IP_LEGIT_1550,C_LEGIT_2559,M_132,0,1,0,1,1,0,NONE
TXN_008208,U_LEGIT_0431,181.2,434,D_LEGIT_1653,IP_LEGIT_1350,C_LEGIT_0691,M_038,0,2,0,1,1,0,NONE
TXN_004397,U_LEGIT_1465,129.41,386,D_LEGIT_1047,IP_LEGIT_1184,C_LEGIT_2809,M_043,0,4,0,1,1,0,NONE
TXN_004070,U_LEGIT_1588,123.86,656,D_LEGIT_1044,IP_LEGIT_1573,C_LEGIT_1971,M_111,0,2,0,2,1,0,NONE
TXN_009648,U_CYCLE_016,482.94,1,D_CYCLE_030,IP_CYCLE_026,C_STOLEN_POOL_05,M_037,7,12,7,4,8,1,CARD_CYCLING
TXN_005181,U_LEGIT_0991,221.69,95,D_LEGIT_1876,IP_LEGIT_1670,C_LEGIT_2353,M_119,0,2,0,1,2,0,NONE
TXN_004896,U_LEGIT_2031,238.5,915,D_LEGIT_0901,IP_LEGIT_0904,C_LEGIT_1650,M_134,0,4,0,1,1,0,NONE
TXN_000495,U_LEGIT_0668,94.49,138,D_LEGIT_0300,IP_LEGIT_1799,C_LEGIT_2840,M_035,0,4,0,1,1,0,NONE
TXN_009822,U_BURST_003,1255.77,0,D_BURST_011,IP_BURST_SUBNET_01,C_BURST_004,M_030,15,30,5,1,3,1,ACCOUNT_BURST
TXN_001598,U_LEGIT_1858,146.36,1193,D_LEGIT_0228,IP_LEGIT_0007,C_LEGIT_2115,M_134,2,1,0,2,1,0,NONE
TXN_009578,U_FARM_025,406.5,1,D_FARM_HUB_01,IP_FARM_PROXY_01,C_FARM_014,M_075,11,47,3,1,5,1,DEVICE_FARM
TXN_006015,U_LEGIT_2058,224.07,168,D_SHARED_BENIGN_03,IP_LEGIT_1027,C_LEGIT_2115,M_001,0,2,0,1,1,0,NONE
TXN_004089,U_LEGIT_2188,127.32,180,D_LEGIT_0717,IP_SHARED_BENIGN_07,C_LEGIT_0960,M_081,2,1,0,1,2,0,NONE
TXN_008678,U_LEGIT_0541,36.45,336,D_LEGIT_0838,IP_SHARED_BENIGN_07,C_LEGIT_0283,M_070,0,1,0,1,1,0,NONE
TXN_005766,U_LEGIT_1632,124.22,138,D_LEGIT_1025,IP_LEGIT_0648,C_LEGIT_0452,M_038,0,1,0,1,2,0,NONE
TXN_005330,U_LEGIT_1402,193.67,509,D_LEGIT_0700,IP_LEGIT_1937,C_LEGIT_2398,M_103,0,2,0,2,2,0,NONE
TXN_004653,U_LEGIT_0469,153.85,584,D_LEGIT_1731,IP_LEGIT_0439,C_LEGIT_2784,M_016,0,5,0,2,1,0,NONE
TXN_000453,U_LEGIT_0155,8.9,1034,D_LEGIT_0546,IP_LEGIT_0676,C_LEGIT_1603,M_148,0,4,0,1,1,0,NONE
TXN_007392,U_LEGIT_1711,93.8,818,D_LEGIT_1143,IP_LEGIT_1832,C_LEGIT_0322,M_070,0,3,0,1,1,0,NONE
TXN_005395,U_LEGIT_0584,220.13,658,D_LEGIT_1572,IP_LEGIT_0321,C_LEGIT_1677,M_057,0,5,0,1,1,0,NONE
TXN_000844,U_LEGIT_0067,153.34,746,D_LEGIT_1757,IP_LEGIT_1107,C_LEGIT_2943,M_012,0,5,0,1,1,0,NONE
TXN_003617,U_LEGIT_0644,84.8,356,D_LEGIT_0605,IP_LEGIT_1947,C_LEGIT_2698,M_021,0,4,0,1,2,0,NONE
TXN_000139,U_LEGIT_0882,77.15,46,D_LEGIT_0100,IP_SHARED_BENIGN_08,C_LEGIT_2448,M_121,0,4,0,1,1,0,NONE
TXN_007596,U_LEGIT_1557,196.34,1093,D_LEGIT_1194,IP_LEGIT_1998,C_LEGIT_2227,M_073,0,3,0,2,1,0,NONE
TXN_005376,U_LEGIT_0071,64.13,1157,D_LEGIT_0584,IP_LEGIT_0115,C_LEGIT_2255,M_128,0,2,0,1,2,0,NONE
TXN_009639,U_CYCLE_005,289.66,3,D_CYCLE_028,IP_CYCLE_003,C_STOLEN_POOL_01,M_143,11,39,5,2,7,1,CARD_CYCLING
TXN_007100,U_LEGIT_1117,231.96,1070,D_LEGIT_1474,IP_LEGIT_0592,C_LEGIT_2204,M_145,0,5,0,2,1,0,NONE
TXN_006603,U_LEGIT_2363,123.71,1110,D_LEGIT_1446,IP_LEGIT_1571,C_LEGIT_2578,M_127,0,5,0,1,1,0,NONE
TXN_009469,U_INDIV_0199,2952.28,5,D_INDIV_0251,IP_INDIV_0388,C_INDIV_0272,M_138,9,17,8,3,7,1,INDIVIDUAL_FRAUD
TXN_004437,U_LEGIT_1679,41.32,191,D_LEGIT_1957,IP_LEGIT_1988,C_LEGIT_0335,M_114,0,3,0,2,1,0,NONE
TXN_002339,U_LEGIT_1088,52.2,795,D_LEGIT_1157,IP_LEGIT_1143,C_LEGIT_1789,M_054,0,3,0,2,1,0,NONE
TXN_007116,U_LEGIT_0086,96.75,360,D_LEGIT_1831,IP_SHARED_BENIGN_10,C_LEGIT_2540,M_053,0,4,0,1,1,0,NONE
TXN_008432,U_LEGIT_0165,49.03,313,D_LEGIT_0096,IP_LEGIT_1945,C_LEGIT_0354,M_090,0,3,1,1,1,0,NONE
TXN_007682,U_LEGIT_1164,29.58,236,D_LEGIT_1657,IP_LEGIT_0770,C_LEGIT_2400,M_099,0,2,0,1,1,0,NONE
TXN_002206,U_LEGIT_0222,74.16,341,D_LEGIT_1958,IP_LEGIT_1299,C_LEGIT_2861,M_014,1,3,0,2,1,0,NONE
TXN_005304,U_LEGIT_1593,174.98,232,D_LEGIT_0125,IP_LEGIT_1527,C_LEGIT_1867,M_141,0,4,0,1,1,0,NONE
TXN_004783,U_LEGIT_2448,99.64,894,D_LEGIT_1833,IP_LEGIT_0730,C_LEGIT_1715,M_072,0,4,0,1,1,0,NONE
TXN_005763,U_LEGIT_2438,249.36,425,D_LEGIT_0528,IP_LEGIT_1168,C_LEGIT_1291,M_063,1,3,0,1,1,0,NONE
TXN_005738,U_LEGIT_0574,127.02,535,D_SHARED_BENIGN_03,IP_LEGIT_1737,C_LEGIT_1485,M_146,0,4,0,1,2,0,NONE
TXN_007851,U_LEGIT_2032,237.7,1021,D_LEGIT_1979,IP_LEGIT_0229,C_LEGIT_1632,M_144,1,4,0,1,2,0,NONE
TXN_003507,U_LEGIT_0180,169.93,276,D_LEGIT_1136,IP_SHARED_BENIGN_10,C_LEGIT_2228,M_007,1,5,0,1,1,0,NONE
TXN_001407,U_LEGIT_2052,146.01,621,D_LEGIT_1394,IP_LEGIT_1823,C_LEGIT_0893,M_050,0,3,0,1,1,0,NONE
TXN_001716,U_LEGIT_1084,163.35,714,D_LEGIT_0448,IP_LEGIT_1219,C_LEGIT_1563,M_048,2,4,0,1,1,0,NONE
TXN_002803,U_LEGIT_0409,128.96,853,D_LEGIT_1944,IP_LEGIT_1682,C_LEGIT_1374,M_105,0,4,0,1,1,0,NONE
TXN_001481,U_LEGIT_0556,72.16,455,D_SHARED_BENIGN_04,IP_LEGIT_0937,C_LEGIT_1200,M_047,0,1,0,2,2,0,NONE
TXN_004453,U_LEGIT_1246,214.19,263,D_LEGIT_1241,IP_LEGIT_1111,C_LEGIT_2846,M_083,0,3,0,1,1,0,NONE
TXN_006789,U_LEGIT_1719,39.29,807,D_LEGIT_1384,IP_LEGIT_1536,C_LEGIT_0566,M_016,0,4,0,1,1,0,NONE
TXN_006767,U_LEGIT_1805,44.21,477,D_LEGIT_0742,IP_LEGIT_0692,C_LEGIT_2987,M_092,0,3,0,1,1,0,NONE
TXN_008416,U_LEGIT_1898,166.22,842,D_LEGIT_1916,IP_LEGIT_1596,C_LEGIT_0776,M_028,1,4,0,2,1,0,NONE
TXN_001461,U_LEGIT_1847,204.31,67,D_LEGIT_0733,IP_LEGIT_0124,C_LEGIT_1955,M_001,0,4,1,1,1,0,NONE
TXN_005758,U_LEGIT_1668,131.39,595,D_LEGIT_0497,IP_LEGIT_0299,C_LEGIT_1313,M_035,0,1,0,1,1,0,NONE
TXN_006595,U_LEGIT_1624,157.63,695,D_LEGIT_1665,IP_LEGIT_0430,C_LEGIT_1560,M_023,0,3,0,1,1,0,NONE
TXN_001665,U_LEGIT_0794,103.38,364,D_LEGIT_0503,IP_LEGIT_0333,C_LEGIT_1207,M_064,0,2,0,1,1,0,NONE
TXN_005341,U_LEGIT_1841,62.99,390,D_LEGIT_0974,IP_LEGIT_0741,C_LEGIT_2483,M_055,0,2,0,1,1,0,NONE
TXN_007843,U_LEGIT_0168,136.61,196,D_LEGIT_1839,IP_LEGIT_1386,C_LEGIT_2675,M_100,0,1,0,2,1,0,NONE
TXN_003201,U_LEGIT_1302,15.34,263,D_SHARED_BENIGN_10,IP_LEGIT_0429,C_LEGIT_0259,M_021,0,5,0,2,2,0,NONE
TXN_000194,U_LEGIT_0044,174.41,482,D_SHARED_BENIGN_04,IP_LEGIT_1063,C_LEGIT_2286,M_149,0,4,0,1,1,0,NONE
TXN_003028,U_LEGIT_1334,20.01,290,D_LEGIT_1125,IP_LEGIT_1684,C_LEGIT_1959,M_003,0,2,0,1,1,0,NONE
TXN_006970,U_LEGIT_1435,73.13,709,D_LEGIT_1287,IP_LEGIT_0032,C_LEGIT_1426,M_057,0,2,0,1,1,0,NONE
TXN_001353,U_LEGIT_0026,245.64,1015,D_LEGIT_1100,IP_SHARED_BENIGN_08,C_LEGIT_2412,M_133,0,5,0,1,1,0,NONE
TXN_005829,U_LEGIT_0025,85.23,430,D_LEGIT_0618,IP_LEGIT_0911,C_LEGIT_1135,M_095,0,5,0,1,2,0,NONE
TXN_002013,U_LEGIT_1738,108.7,228,D_LEGIT_0448,IP_SHARED_BENIGN_02,C_LEGIT_0294,M_118,0,2,0,1,1,0,NONE
TXN_003574,U_LEGIT_1093,13.68,685,D_LEGIT_0592,IP_LEGIT_0666,C_LEGIT_0814,M_040,0,2,0,2,1,0,NONE
TXN_003481,U_LEGIT_0410,144.65,224,D_LEGIT_0220,IP_LEGIT_1058,C_LEGIT_0433,M_001,1,4,1,2,1,0,NONE
TXN_003599,U_LEGIT_0847,102.65,858,D_LEGIT_1195,IP_LEGIT_1987,C_LEGIT_1420,M_012,0,4,0,1,1,0,NONE
TXN_005509,U_LEGIT_0950,206.14,732,D_LEGIT_0486,IP_LEGIT_0907,C_LEGIT_2762,M_082,1,1,0,1,1,0,NONE
TXN_004945,U_LEGIT_1147,59.0,230,D_LEGIT_0554,IP_LEGIT_0178,C_LEGIT_0748,M_135,0,5,0,1,1,0,NONE
TXN_007586,U_LEGIT_0995,9.07,692,D_LEGIT_1980,IP_LEGIT_1214,C_LEGIT_0662,M_150,0,3,0,1,1,0,NONE
TXN_000784,U_LEGIT_0177,73.32,378,D_LEGIT_1940,IP_LEGIT_0541,C_LEGIT_1349,M_098,1,5,0,1,1,0,NONE
TXN_005081,U_LEGIT_1907,26.72,757,D_LEGIT_0045,IP_LEGIT_1332,C_LEGIT_2878,M_116,0,1,0,1,1,0,NONE
TXN_007153,U_LEGIT_1693,223.37,162,D_LEGIT_1358,IP_LEGIT_0703,C_LEGIT_2786,M_012,0,1,0,1,1,0,NONE
TXN_003383,U_LEGIT_1693,144.29,398,D_LEGIT_1246,IP_LEGIT_1874,C_LEGIT_1892,M_042,0,2,0,2,1,0,NONE
TXN_002789,U_LEGIT_2327,169.19,55,D_LEGIT_0367,IP_LEGIT_0344,C_LEGIT_0464,M_098,0,5,0,1,1,0,NONE
TXN_003776,U_LEGIT_0377,145.69,480,D_LEGIT_1374,IP_SHARED_BENIGN_07,C_LEGIT_2725,M_049,0,4,0,1,1,0,NONE
TXN_006258,U_LEGIT_1875,88.14,215,D_LEGIT_1991,IP_LEGIT_0484,C_LEGIT_0513,M_042,0,5,0,1,1,0,NONE
TXN_008689,U_LEGIT_1132,197.53,693,D_LEGIT_0684,IP_LEGIT_1951,C_LEGIT_1981,M_001,0,4,0,1,1,0,NONE
TXN_005437,U_LEGIT_1736,25.08,661,D_LEGIT_1687,IP_LEGIT_0242,C_LEGIT_0715,M_136,0,5,0,2,1,0,NONE
TXN_000736,U_LEGIT_1954,27.12,187,D_LEGIT_1783,IP_LEGIT_0301,C_LEGIT_1497,M_037,0,4,0,1,2,0,NONE
TXN_007501,U_LEGIT_1647,114.32,201,D_SHARED_BENIGN_07,IP_LEGIT_0983,C_LEGIT_0990,M_120,0,5,0,1,1,0,NONE
TXN_000019,U_LEGIT_0778,21.83,1006,D_LEGIT_1984,IP_SHARED_BENIGN_09,C_LEGIT_0250,M_081,0,5,0,1,1,0,NONE
TXN_001311,U_LEGIT_1029,200.94,1083,D_LEGIT_0006,IP_LEGIT_1137,C_LEGIT_0244,M_031,0,2,0,2,1,0,NONE
TXN_001099,U_LEGIT_1038,214.56,111,D_LEGIT_1430,IP_LEGIT_0357,C_LEGIT_1851,M_076,0,3,0,1,1,0,NONE
TXN_004396,U_LEGIT_1986,56.8,490,D_LEGIT_1423,IP_LEGIT_0432,C_LEGIT_2111,M_134,0,1,0,1,1,0,NONE
TXN_001365,U_LEGIT_2208,132.51,347,D_LEGIT_1647,IP_LEGIT_1187,C_LEGIT_1744,M_136,1,5,0,1,2,0,NONE
TXN_007203,U_LEGIT_1367,195.32,475,D_LEGIT_0542,IP_LEGIT_0506,C_LEGIT_0076,M_030,0,1,0,1,1,0,NONE
TXN_001019,U_LEGIT_0772,213.51,1071,D_LEGIT_1102,IP_SHARED_BENIGN_07,C_LEGIT_2083,M_135,0,1,0,1,2,0,NONE
TXN_002915,U_LEGIT_1400,138.38,1115,D_LEGIT_0132,IP_LEGIT_1256,C_LEGIT_0673,M_082,1,2,0,1,1,0,NONE
TXN_003643,U_LEGIT_1611,120.4,401,D_LEGIT_1509,IP_SHARED_BENIGN_03,C_LEGIT_0738,M_080,0,4,0,2,2,0,NONE
TXN_000982,U_LEGIT_2153,201.66,772,D_LEGIT_0311,IP_LEGIT_1087,C_LEGIT_2151,M_013,0,5,0,1,1,0,NONE
TXN_007817,U_LEGIT_0465,141.51,223,D_LEGIT_0995,IP_LEGIT_0458,C_LEGIT_1080,M_033,1,1,0,2,1,0,NONE
TXN_008458,U_LEGIT_0869,217.91,413,D_LEGIT_1364,IP_LEGIT_1447,C_LEGIT_0661,M_101,0,3,0,1,2,0,NONE
TXN_003519,U_LEGIT_1872,241.39,689,D_LEGIT_0165,IP_LEGIT_1020,C_LEGIT_1169,M_054,0,2,0,1,1,0,NONE
TXN_005725,U_LEGIT_1941,84.44,854,D_LEGIT_1649,IP_LEGIT_0409,C_LEGIT_2969,M_022,0,4,0,1,1,0,NONE
TXN_006540,U_LEGIT_1336,77.4,744,D_LEGIT_0435,IP_LEGIT_0140,C_LEGIT_1555,M_136,0,4,0,1,1,0,NONE
TXN_005811,U_LEGIT_2407,71.32,1105,D_LEGIT_1635,IP_SHARED_BENIGN_04,C_LEGIT_2177,M_061,0,4,0,1,2,0,NONE
TXN_002480,U_LEGIT_0348,104.56,46,D_LEGIT_0800,IP_LEGIT_1575,C_LEGIT_2946,M_139,0,3,0,1,1,0,NONE
TXN_003428,U_LEGIT_1556,187.9,301,D_LEGIT_1242,IP_LEGIT_1188,C_LEGIT_2689,M_052,0,5,0,1,2,0,NONE
TXN_006694,U_LEGIT_2251,85.38,207,D_LEGIT_1849,IP_LEGIT_0150,C_LEGIT_2441,M_114,0,3,0,2,1,0,NONE
TXN_005011,U_LEGIT_2424,126.2,415,D_LEGIT_1378,IP_LEGIT_0179,C_LEGIT_0819,M_052,0,4,0,1,1,0,NONE
TXN_008736,U_LEGIT_1748,20.91,267,D_LEGIT_1694,IP_LEGIT_1699,C_LEGIT_0380,M_095,0,3,0,1,2,0,NONE
TXN_000377,U_LEGIT_0427,137.2,937,D_LEGIT_0370,IP_LEGIT_1034,C_LEGIT_1383,M_041,1,3,0,1,1,0,NONE
TXN_009616,U_FARM_003,82.67,0,D_FARM_HUB_01,IP_FARM_PROXY_01,C_FARM_032,M_112,21,28,5,1,2,1,DEVICE_FARM
TXN_008436,U_LEGIT_0906,59.48,775,D_LEGIT_0956,IP_LEGIT_1027,C_LEGIT_2148,M_017,0,5,0,1,1,0,NONE
TXN_007845,U_LEGIT_0918,162.91,270,D_LEGIT_0364,IP_LEGIT_0457,C_LEGIT_2676,M_047,0,4,0,1,1,0,NONE
TXN_003838,U_LEGIT_0332,54.64,303,D_LEGIT_1978,IP_LEGIT_0461,C_LEGIT_0458,M_097,0,2,0,2,1,0,NONE
TXN_003493,U_LEGIT_2391,142.67,743,D_LEGIT_0214,IP_LEGIT_0346,C_LEGIT_2295,M_011,0,2,0,2,2,0,NONE
TXN_001500,U_LEGIT_1110,193.36,745,D_LEGIT_1648,IP_LEGIT_1762,C_LEGIT_1533,M_097,0,3,0,2,2,0,NONE
TXN_005563,U_LEGIT_1264,237.29,1133,D_SHARED_BENIGN_07,IP_LEGIT_1432,C_LEGIT_2581,M_046,0,1,0,1,2,0,NONE
TXN_007621,U_LEGIT_0603,29.81,318,D_LEGIT_1028,IP_LEGIT_1143,C_LEGIT_0872,M_081,0,3,0,1,1,0,NONE
TXN_009540,U_FARM_005,273.13,5,D_FARM_HUB_01,IP_FARM_PROXY_01,C_FARM_012,M_120,15,36,2,1,5,1,DEVICE_FARM
TXN_009493,U_INDIV_0093,2065.98,5,D_INDIV_0314,IP_INDIV_0266,C_INDIV_0202,M_049,14,19,9,4,6,1,INDIVIDUAL_FRAUD
TXN_001123,U_LEGIT_2462,60.74,753,D_LEGIT_1400,IP_LEGIT_1614,C_LEGIT_1655,M_054,0,2,0,1,2,0,NONE
TXN_005226,U_LEGIT_1646,42.74,651,D_LEGIT_1595,IP_SHARED_BENIGN_03,C_LEGIT_2511,M_127,0,2,1,1,2,0,NONE
TXN_002610,U_LEGIT_0886,189.92,393,D_LEGIT_0764,IP_LEGIT_1186,C_LEGIT_2418,M_121,0,1,0,1,1,0,NONE
TXN_000230,U_LEGIT_1526,162.21,837,D_LEGIT_1532,IP_SHARED_BENIGN_02,C_LEGIT_2071,M_035,0,5,0,1,1,0,NONE
TXN_001282,U_LEGIT_2047,225.53,933,D_LEGIT_1414,IP_LEGIT_0455,C_LEGIT_1733,M_115,0,3,0,1,1,0,NONE
TXN_001971,U_LEGIT_2078,190.52,77,D_LEGIT_1282,IP_SHARED_BENIGN_05,C_LEGIT_0701,M_147,0,5,0,1,1,0,NONE
TXN_003159,U_LEGIT_0960,145.55,878,D_LEGIT_1998,IP_LEGIT_0023,C_LEGIT_2201,M_026,0,3,0,2,1,0,NONE
TXN_009395,U_INDIV_0063,2118.65,5,D_INDIV_0347,IP_INDIV_0217,C_INDIV_0027,M_065,18,37,9,6,6,1,INDIVIDUAL_FRAUD
TXN_008760,U_LEGIT_0067,89.61,173,D_SHARED_BENIGN_05,IP_LEGIT_0423,C_LEGIT_1740,M_068,0,3,0,2,1,0,NONE
TXN_004560,U_LEGIT_1098,119.15,544,D_LEGIT_0796,IP_LEGIT_1652,C_LEGIT_0581,M_106,1,1,0,1,2,0,NONE
TXN_004216,U_LEGIT_0856,23.56,1190,D_LEGIT_1842,IP_LEGIT_1736,C_LEGIT_2669,M_001,0,3,0,1,2,0,NONE
TXN_002049,U_LEGIT_0349,241.14,470,D_LEGIT_1273,IP_LEGIT_0169,C_LEGIT_0331,M_007,0,3,0,2,1,0,NONE
TXN_006469,U_LEGIT_1957,209.96,755,D_LEGIT_1457,IP_LEGIT_0112,C_LEGIT_0654,M_059,0,5,0,2,1,0,NONE
TXN_001808,U_LEGIT_2389,97.44,829,D_SHARED_BENIGN_08,IP_LEGIT_1143,C_LEGIT_2380,M_078,0,5,0,1,2,0,NONE
TXN_009561,U_FARM_012,378.15,0,D_FARM_HUB_01,IP_FARM_PROXY_01,C_FARM_047,M_040,17,54,3,1,2,1,DEVICE_FARM
TXN_007627,U_LEGIT_1992,243.18,151,D_LEGIT_1600,IP_LEGIT_1763,C_LEGIT_2263,M_042,0,1,0,1,1,0,NONE
TXN_007877,U_LEGIT_2208,69.45,40,D_LEGIT_0452,IP_LEGIT_0679,C_LEGIT_0604,M_015,0,4,0,1,1,0,NONE
TXN_006042,U_LEGIT_0149,81.49,559,D_SHARED_BENIGN_09,IP_SHARED_BENIGN_03,C_LEGIT_2375,M_017,1,2,0,2,1,0,NONE
TXN_003244,U_LEGIT_0595,11.91,41,D_LEGIT_1251,IP_LEGIT_1350,C_LEGIT_0629,M_127,0,3,0,2,2,0,NONE
TXN_002138,U_LEGIT_0580,33.09,288,D_LEGIT_1770,IP_LEGIT_0800,C_LEGIT_1758,M_150,0,2,0,1,1,0,NONE
TXN_009701,U_CYCLE_001,381.08,11,D_CYCLE_022,IP_CYCLE_027,C_STOLEN_POOL_03,M_087,4,18,6,3,4,1,CARD_CYCLING
TXN_008387,U_LEGIT_1759,61.6,997,D_LEGIT_1928,IP_LEGIT_0884,C_LEGIT_1087,M_007,0,1,0,1,1,0,NONE
TXN_009108,U_INDIV_0131,843.04,4,D_INDIV_0261,IP_INDIV_0259,C_INDIV_0360,M_102,8,15,9,4,4,1,INDIVIDUAL_FRAUD
TXN_008140,U_LEGIT_0397,200.52,505,D_LEGIT_1610,IP_LEGIT_0645,C_LEGIT_1404,M_089,0,2,1,2,1,0,NONE
TXN_005047,U_LEGIT_0119,56.7,1076,D_LEGIT_1031,IP_LEGIT_1430,C_LEGIT_0728,M_104,0,2,0,1,1,0,NONE
TXN_004079,U_LEGIT_0919,239.67,1048,D_LEGIT_1265,IP_LEGIT_0139,C_LEGIT_0433,M_031,0,4,0,1,2,0,NONE
TXN_008543,U_LEGIT_1435,103.38,436,D_LEGIT_0197,IP_LEGIT_1087,C_LEGIT_1491,M_049,0,4,0,2,1,0,NONE
TXN_000986,U_LEGIT_1019,224.02,282,D_LEGIT_0145,IP_LEGIT_1944,C_LEGIT_1132,M_036,0,5,0,1,1,0,NONE
TXN_000211,U_LEGIT_0509,248.96,300,D_LEGIT_0324,IP_LEGIT_0002,C_LEGIT_1753,M_052,1,3,0,1,1,0,NONE
TXN_000455,U_LEGIT_2190,50.74,110,D_LEGIT_0697,IP_SHARED_BENIGN_08,C_LEGIT_1188,M_052,1,2,0,2,1,0,NONE
TXN_008504,U_LEGIT_2037,113.2,658,D_LEGIT_1534,IP_LEGIT_0803,C_LEGIT_0776,M_113,0,3,0,1,1,0,NONE
TXN_008256,U_LEGIT_1861,105.93,298,D_LEGIT_1047,IP_LEGIT_1855,C_LEGIT_2675,M_013,0,1,0,1,1,0,NONE
TXN_006499,U_LEGIT_2440,172.99,45,D_LEGIT_0631,IP_LEGIT_0969,C_LEGIT_1752,M_105,0,2,0,2,1,0,NONE
TXN_006773,U_LEGIT_1594,24.16,506,D_SHARED_BENIGN_08,IP_LEGIT_1091,C_LEGIT_2611,M_135,0,1,0,2,1,0,NONE
TXN_005238,U_LEGIT_1128,111.74,54,D_LEGIT_0350,IP_LEGIT_1463,C_LEGIT_2082,M_122,0,3,0,2,1,0,NONE
TXN_005224,U_LEGIT_1394,76.4,967,D_LEGIT_0995,IP_LEGIT_1381,C_LEGIT_1097,M_062,0,4,0,2,2,0,NONE
TXN_007746,U_LEGIT_1438,58.22,437,D_LEGIT_1075,IP_LEGIT_0125,C_LEGIT_2374,M_020,0,2,0,2,1,0,NONE
TXN_005858,U_LEGIT_2103,99.49,1001,D_LEGIT_0873,IP_LEGIT_1527,C_LEGIT_1345,M_106,0,4,0,1,1,0,NONE
TXN_002027,U_LEGIT_1974,228.41,730,D_LEGIT_1501,IP_LEGIT_1295,C_LEGIT_0632,M_038,0,3,0,1,1,0,NONE
TXN_007965,U_LEGIT_0843,52.55,297,D_LEGIT_0403,IP_LEGIT_1875,C_LEGIT_1956,M_021,0,5,0,1,1,0,NONE
TXN_000541,U_LEGIT_1039,40.0,1175,D_LEGIT_0781,IP_LEGIT_0809,C_LEGIT_2750,M_095,0,2,0,2,1,0,NONE
TXN_004378,U_LEGIT_0224,140.81,1000,D_LEGIT_0204,IP_SHARED_BENIGN_08,C_LEGIT_1490,M_045,0,3,0,1,1,0,NONE
TXN_006678,U_LEGIT_1448,245.17,948,D_LEGIT_1086,IP_LEGIT_1172,C_LEGIT_0145,M_083,0,4,0,2,1,0,NONE
TXN_005013,U_LEGIT_0382,180.19,364,D_LEGIT_1369,IP_LEGIT_1674,C_LEGIT_1054,M_071,0,4,0,1,1,0,NONE
TXN_004772,U_LEGIT_1678,234.94,848,D_SHARED_BENIGN_07,IP_LEGIT_0208,C_LEGIT_0095,M_150,0,2,0,1,1,0,NONE
TXN_003090,U_LEGIT_1354,58.64,412,D_LEGIT_1330,IP_LEGIT_0900,C_LEGIT_2647,M_129,0,1,0,1,1,0,NONE
TXN_004736,U_LEGIT_2427,159.73,503,D_LEGIT_1535,IP_LEGIT_0122,C_LEGIT_1197,M_115,0,3,0,2,1,0,NONE
TXN_001026,U_LEGIT_0448,66.5,789,D_LEGIT_0078,IP_LEGIT_0378,C_LEGIT_0343,M_018,0,2,0,1,1,0,NONE
TXN_002845,U_LEGIT_0274,128.68,967,D_SHARED_BENIGN_04,IP_LEGIT_0995,C_LEGIT_2970,M_106,0,4,0,2,1,0,NONE
TXN_008022,U_LEGIT_0355,74.01,542,D_LEGIT_0132,IP_LEGIT_0505,C_LEGIT_0366,M_013,0,4,0,1,1,0,NONE
TXN_008013,U_LEGIT_2243,122.06,590,D_LEGIT_0267,IP_LEGIT_1800,C_LEGIT_2894,M_145,0,5,0,2,1,0,NONE
TXN_006477,U_LEGIT_1893,174.69,1100,D_LEGIT_1988,IP_LEGIT_1030,C_LEGIT_0369,M_068,0,2,0,1,1,0,NONE
TXN_006536,U_LEGIT_0025,247.41,1187,D_LEGIT_1361,IP_LEGIT_0994,C_LEGIT_0943,M_039,0,2,0,1,1,0,NONE
TXN_002684,U_LEGIT_0581,58.74,678,D_LEGIT_1438,IP_SHARED_BENIGN_05,C_LEGIT_1350,M_081,0,2,0,1,1,0,NONE
TXN_001472,U_LEGIT_1429,190.4,628,D_LEGIT_0848,IP_LEGIT_0508,C_LEGIT_1223,M_085,0,3,0,1,1,0,NONE
TXN_008544,U_LEGIT_1843,100.35,754,D_LEGIT_1302,IP_LEGIT_1672,C_LEGIT_0721,M_068,0,1,0,1,1,0,NONE
TXN_009810,U_BURST_015,777.98,1,D_BURST_009,IP_BURST_SUBNET_01,C_BURST_002,M_115,16,24,1,1,3,1,ACCOUNT_BURST
TXN_002483,U_LEGIT_0621,85.69,1100,D_LEGIT_1522,IP_LEGIT_0070,C_LEGIT_0003,M_134,0,3,0,1,2,0,NONE
TXN_002375,U_LEGIT_2307,219.83,616,D_LEGIT_0170,IP_LEGIT_0616,C_LEGIT_2106,M_094,1,5,0,1,1,0,NONE
TXN_007601,U_LEGIT_0800,77.4,857,D_LEGIT_1516,IP_LEGIT_0948,C_LEGIT_1465,M_018,0,3,0,2,2,0,NONE
TXN_007839,U_LEGIT_0629,154.59,862,D_LEGIT_1426,IP_SHARED_BENIGN_05,C_LEGIT_2063,M_111,1,3,0,1,1,0,NONE
TXN_008238,U_LEGIT_2430,171.16,525,D_LEGIT_0849,IP_LEGIT_1002,C_LEGIT_2051,M_035,0,4,0,1,1,0,NONE
TXN_006175,U_LEGIT_0339,200.75,1081,D_LEGIT_0381,IP_LEGIT_1283,C_LEGIT_2542,M_015,1,3,0,1,2,0,NONE
TXN_000753,U_LEGIT_2328,244.81,467,D_SHARED_BENIGN_10,IP_LEGIT_0128,C_LEGIT_1481,M_111,0,1,0,2,1,0,NONE
TXN_000519,U_LEGIT_2036,77.54,127,D_LEGIT_1995,IP_LEGIT_1722,C_LEGIT_2195,M_055,0,5,0,1,1,0,NONE
TXN_000357,U_LEGIT_1914,242.63,1134,D_LEGIT_1108,IP_LEGIT_1124,C_LEGIT_1823,M_035,0,5,0,2,1,0,NONE
TXN_002171,U_LEGIT_0371,198.08,572,D_LEGIT_0704,IP_LEGIT_1466,C_LEGIT_0199,M_009,0,5,0,2,1,0,NONE
TXN_009507,U_FARM_024,372.9,2,D_FARM_HUB_01,IP_FARM_PROXY_01,C_FARM_041,M_126,15,38,7,1,2,1,DEVICE_FARM
TXN_008126,U_LEGIT_2315,41.94,572,D_LEGIT_0848,IP_LEGIT_1291,C_LEGIT_2064,M_135,1,1,0,1,1,0,NONE
TXN_001258,U_LEGIT_0061,105.99,337,D_LEGIT_1105,IP_LEGIT_1920,C_LEGIT_0430,M_068,0,5,0,1,1,0,NONE
TXN_009399,U_INDIV_0108,2481.68,5,D_INDIV_0269,IP_INDIV_0212,C_INDIV_0145,M_009,12,28,3,6,6,1,INDIVIDUAL_FRAUD
TXN_007062,U_LEGIT_2114,165.49,53,D_LEGIT_1815,IP_LEGIT_0606,C_LEGIT_2200,M_013,0,5,1,1,1,0,NONE
TXN_004227,U_LEGIT_1451,147.03,242,D_LEGIT_1298,IP_SHARED_BENIGN_05,C_LEGIT_2944,M_008,0,4,0,1,2,0,NONE
TXN_001330,U_LEGIT_2293,236.27,1007,D_LEGIT_0309,IP_LEGIT_1541,C_LEGIT_1607,M_149,0,1,0,1,1,0,NONE
TXN_004067,U_LEGIT_1151,10.02,956,D_SHARED_BENIGN_05,IP_LEGIT_0943,C_LEGIT_2061,M_053,1,1,0,1,1,0,NONE
TXN_006521,U_LEGIT_1085,8.55,58,D_LEGIT_0467,IP_LEGIT_1624,C_LEGIT_0977,M_150,1,1,0,1,2,0,NONE
TXN_005812,U_LEGIT_0488,89.68,515,D_LEGIT_1326,IP_SHARED_BENIGN_09,C_LEGIT_1686,M_006,0,1,0,1,2,0,NONE
TXN_002569,U_LEGIT_2252,48.84,824,D_LEGIT_1690,IP_LEGIT_0559,C_LEGIT_2497,M_146,0,1,0,1,2,0,NONE
TXN_000570,U_LEGIT_1757,236.39,936,D_LEGIT_0839,IP_LEGIT_1950,C_LEGIT_2115,M_093,0,1,0,1,1,0,NONE
TXN_005852,U_LEGIT_0602,129.33,854,D_LEGIT_1679,IP_LEGIT_0215,C_LEGIT_2862,M_119,0,1,0,2,1,0,NONE
TXN_003185,U_LEGIT_1904,55.56,768,D_LEGIT_1793,IP_LEGIT_1108,C_LEGIT_0707,M_074,0,4,0,2,1,0,NONE
TXN_007837,U_LEGIT_0302,51.11,242,D_SHARED_BENIGN_08,IP_LEGIT_0728,C_LEGIT_0315,M_148,0,3,0,2,1,0,NONE
TXN_008382,U_LEGIT_1944,44.39,283,D_LEGIT_1547,IP_LEGIT_1689,C_LEGIT_1492,M_112,0,1,0,2,1,0,NONE
TXN_005937,U_LEGIT_0443,214.24,49,D_LEGIT_0714,IP_LEGIT_0887,C_LEGIT_2676,M_062,0,4,0,2,1,0,NONE
TXN_000497,U_LEGIT_1485,133.4,793,D_SHARED_BENIGN_10,IP_LEGIT_0295,C_LEGIT_0053,M_036,0,4,0,1,1,0,NONE
TXN_004448,U_LEGIT_0680,14.36,402,D_LEGIT_0681,IP_LEGIT_1779,C_LEGIT_0906,M_087,0,4,0,2,1,0,NONE
TXN_001490,U_LEGIT_1861,20.61,794,D_LEGIT_1962,IP_LEGIT_1633,C_LEGIT_0543,M_075,0,4,0,1,2,0,NONE
TXN_009484,U_INDIV_0089,2405.28,6,D_INDIV_0179,IP_INDIV_0233,C_INDIV_0294,M_074,6,31,5,6,6,1,INDIVIDUAL_FRAUD
TXN_003144,U_LEGIT_0743,134.74,688,D_LEGIT_0349,IP_LEGIT_1143,C_LEGIT_1983,M_064,1,4,0,1,1,0,NONE
TXN_000044,U_LEGIT_1013,170.01,1185,D_LEGIT_0042,IP_LEGIT_0489,C_LEGIT_0518,M_122,1,4,0,1,1,0,NONE
TXN_001083,U_LEGIT_0493,50.25,260,D_LEGIT_1525,IP_LEGIT_1624,C_LEGIT_0125,M_122,0,2,0,1,1,0,NONE
TXN_006846,U_LEGIT_2036,38.37,655,D_LEGIT_1975,IP_LEGIT_0576,C_LEGIT_2537,M_013,0,5,0,2,2,0,NONE
TXN_002851,U_LEGIT_1021,207.66,375,D_SHARED_BENIGN_10,IP_LEGIT_0895,C_LEGIT_2322,M_084,0,1,0,1,1,0,NONE
TXN_002976,U_LEGIT_1500,26.28,441,D_SHARED_BENIGN_10,IP_LEGIT_0915,C_LEGIT_2846,M_093,0,5,0,1,1,0,NONE
TXN_002624,U_LEGIT_0768,247.37,36,D_LEGIT_1927,IP_LEGIT_0663,C_LEGIT_1163,M_107,1,1,0,1,1,0,NONE
TXN_008652,U_LEGIT_2004,82.62,377,D_LEGIT_1722,IP_LEGIT_1308,C_LEGIT_1903,M_077,0,4,0,1,1,0,NONE
TXN_004306,U_LEGIT_1549,152.8,1014,D_LEGIT_0919,IP_LEGIT_1401,C_LEGIT_0076,M_002,0,3,0,1,2,0,NONE
TXN_001455,U_LEGIT_0631,51.23,754,D_LEGIT_1373,IP_LEGIT_1160,C_LEGIT_0632,M_048,0,4,0,1,1,0,NONE
TXN_005192,U_LEGIT_1399,155.46,801,D_LEGIT_1189,IP_LEGIT_0975,C_LEGIT_2490,M_093,0,3,0,1,1,0,NONE
TXN_005516,U_LEGIT_1284,103.69,474,D_SHARED_BENIGN_02,IP_LEGIT_0418,C_LEGIT_2788,M_113,0,3,0,1,2,0,NONE
TXN_005718,U_LEGIT_0825,13.65,121,D_LEGIT_1974,IP_LEGIT_0786,C_LEGIT_1740,M_052,0,5,0,1,1,0,NONE
TXN_006390,U_LEGIT_2160,15.56,1020,D_LEGIT_0269,IP_LEGIT_0690,C_LEGIT_2708,M_086,0,2,0,1,1,0,NONE
TXN_009324,U_INDIV_0070,2765.28,5,D_INDIV_0256,IP_INDIV_0196,C_INDIV_0353,M_140,17,50,3,5,7,1,INDIVIDUAL_FRAUD
TXN_000880,U_LEGIT_1283,142.26,196,D_LEGIT_0483,IP_LEGIT_1452,C_LEGIT_1979,M_132,1,4,0,2,1,0,NONE
TXN_006039,U_LEGIT_0915,73.35,1002,D_LEGIT_1832,IP_LEGIT_0710,C_LEGIT_1536,M_055,0,4,0,2,2,0,NONE
TXN_007421,U_LEGIT_0585,175.44,337,D_LEGIT_1201,IP_LEGIT_1028,C_LEGIT_0981,M_016,1,2,0,1,2,0,NONE
TXN_004738,U_LEGIT_0678,94.01,1137,D_LEGIT_1770,IP_LEGIT_0192,C_LEGIT_1439,M_150,0,2,0,2,2,0,NONE
TXN_000575,U_LEGIT_1245,159.73,755,D_LEGIT_1035,IP_LEGIT_0123,C_LEGIT_1528,M_067,0,1,0,1,2,0,NONE
TXN_004620,U_LEGIT_0197,185.31,810,D_LEGIT_0081,IP_SHARED_BENIGN_06,C_LEGIT_0360,M_006,0,1,0,1,1,0,NONE
TXN_007260,U_LEGIT_2192,157.82,92,D_LEGIT_1691,IP_LEGIT_1577,C_LEGIT_0056,M_112,0,3,0,1,2,0,NONE
TXN_009111,U_INDIV_0162,2387.48,1,D_INDIV_0008,IP_INDIV_0160,C_INDIV_0164,M_141,11,18,9,5,8,1,INDIVIDUAL_FRAUD
TXN_002106,U_LEGIT_1125,178.79,626,D_LEGIT_0937,IP_LEGIT_0179,C_LEGIT_2810,M_017,2,4,0,1,2,0,NONE
TXN_008259,U_LEGIT_0074,27.47,921,D_LEGIT_0276,IP_LEGIT_0208,C_LEGIT_1262,M_138,0,1,0,1,1,0,NONE
TXN_004627,U_LEGIT_1798,121.98,1145,D_LEGIT_1740,IP_LEGIT_0057,C_LEGIT_2999,M_020,0,5,0,1,1,0,NONE
TXN_007269,U_LEGIT_1879,222.04,449,D_LEGIT_1976,IP_LEGIT_0550,C_LEGIT_2266,M_137,0,1,0,2,1,0,NONE
TXN_005682,U_LEGIT_1621,79.42,1042,D_LEGIT_0383,IP_LEGIT_1100,C_LEGIT_1126,M_003,0,1,0,1,1,0,NONE
TXN_008663,U_LEGIT_1028,82.36,433,D_SHARED_BENIGN_05,IP_LEGIT_1610,C_LEGIT_1770,M_074,2,4,0,2,1,0,NONE
TXN_007661,U_LEGIT_0433,52.82,327,D_LEGIT_1963,IP_LEGIT_1950,C_LEGIT_0432,M_050,0,2,0,2,2,0,NONE
TXN_006637,U_LEGIT_1435,214.55,985,D_LEGIT_1535,IP_LEGIT_1524,C_LEGIT_2448,M_109,0,4,0,1,1,0,NONE
TXN_006518,U_LEGIT_0330,196.3,809,D_LEGIT_0831,IP_LEGIT_0226,C_LEGIT_0402,M_117,1,5,0,1,1,0,NONE
TXN_009458,U_INDIV_0143,2967.21,3,D_INDIV_0040,IP_INDIV_0155,C_INDIV_0068,M_026,10,47,4,4,7,1,INDIVIDUAL_FRAUD
TXN_006050,U_LEGIT_0482,65.51,636,D_LEGIT_0229,IP_LEGIT_0991,C_LEGIT_0404,M_069,2,1,0,1,1,0,NONE
TXN_009139,U_INDIV_0124,2648.32,0,D_INDIV_0089,IP_INDIV_0022,C_INDIV_0192,M_050,8,17,6,6,3,1,INDIVIDUAL_FRAUD
TXN_001159,U_LEGIT_2069,113.25,110,D_LEGIT_0801,IP_LEGIT_1210,C_LEGIT_2509,M_051,0,5,0,2,1,0,NONE
TXN_008876,U_LEGIT_1976,221.52,106,D_LEGIT_0951,IP_LEGIT_0537,C_LEGIT_2506,M_097,1,5,0,1,1,0,NONE
TXN_005753,U_LEGIT_2000,133.78,639,D_LEGIT_1879,IP_LEGIT_0984,C_LEGIT_2554,M_056,0,4,0,1,1,0,NONE
TXN_004164,U_LEGIT_1697,241.36,115,D_LEGIT_1825,IP_LEGIT_1306,C_LEGIT_1260,M_146,0,5,0,1,1,0,NONE
TXN_007163,U_LEGIT_1763,23.15,293,D_LEGIT_1282,IP_LEGIT_0903,C_LEGIT_2465,M_069,1,2,0,1,1,0,NONE
TXN_002623,U_LEGIT_0366,97.4,138,D_LEGIT_1023,IP_SHARED_BENIGN_04,C_LEGIT_1228,M_118,0,4,0,1,2,0,NONE
TXN_008505,U_LEGIT_0543,169.85,1040,D_LEGIT_0229,IP_LEGIT_0450,C_LEGIT_0040,M_124,0,3,0,2,1,0,NONE
TXN_000998,U_LEGIT_1323,79.68,1176,D_SHARED_BENIGN_04,IP_LEGIT_1862,C_LEGIT_2074,M_144,0,4,0,1,1,0,NONE
TXN_001730,U_LEGIT_0047,52.2,719,D_LEGIT_1986,IP_LEGIT_0310,C_LEGIT_0228,M_133,0,1,0,2,2,0,NONE
TXN_005032,U_LEGIT_1934,186.99,813,D_LEGIT_0941,IP_LEGIT_0862,C_LEGIT_2031,M_092,1,1,0,1,1,0,NONE
TXN_006143,U_LEGIT_2138,247.71,641,D_LEGIT_1689,IP_LEGIT_1227,C_LEGIT_2690,M_080,0,5,0,1,1,0,NONE
TXN_002527,U_LEGIT_1668,204.36,89,D_LEGIT_0621,IP_LEGIT_1075,C_LEGIT_0176,M_071,0,4,0,1,1,0,NONE
TXN_003009,U_LEGIT_2339,221.77,753,D_LEGIT_0822,IP_LEGIT_1035,C_LEGIT_2390,M_098,0,5,0,2,2,0,NONE
TXN_009190,U_INDIV_0026,2862.91,2,D_INDIV_0137,IP_INDIV_0159,C_INDIV_0356,M_120,16,26,4,7,3,1,INDIVIDUAL_FRAUD
TXN_001501,U_LEGIT_1055,46.71,678,D_LEGIT_1851,IP_LEGIT_0875,C_LEGIT_2600,M_054,0,3,0,2,2,0,NONE
TXN_004892,U_LEGIT_0294,106.73,207,D_LEGIT_0736,IP_LEGIT_1809,C_LEGIT_2430,M_097,1,3,0,2,2,0,NONE
TXN_008337,U_LEGIT_2337,183.73,1094,D_LEGIT_1514,IP_LEGIT_1946,C_LEGIT_0726,M_078,0,2,0,1,1,0,NONE
TXN_001792,U_LEGIT_2100,117.54,532,D_LEGIT_1714,IP_LEGIT_0963,C_LEGIT_0172,M_017,0,1,0,1,1,0,NONE
TXN_002351,U_LEGIT_0116,242.21,239,D_LEGIT_0687,IP_LEGIT_1062,C_LEGIT_0124,M_081,0,2,0,2,1,0,NONE
TXN_002046,U_LEGIT_1161,87.41,559,D_LEGIT_0661,IP_LEGIT_1720,C_LEGIT_1927,M_104,0,5,0,1,1,0,NONE
TXN_006574,U_LEGIT_0196,224.37,1007,D_LEGIT_1197,IP_LEGIT_1676,C_LEGIT_1336,M_046,0,5,0,1,1,0,NONE
TXN_009956,U_DIST_020,31.4,18,D_DIST_021,IP_DIST_PROXY_02,C_DIST_031,M_TARGET_HIGHVAL_99,6,17,0,1,2,1,DISTRIBUTED_ABUSE
TXN_006465,U_LEGIT_0495,36.0,195,D_LEGIT_0285,IP_LEGIT_0577,C_LEGIT_2708,M_002,0,2,0,1,1,0,NONE
TXN_001201,U_LEGIT_1663,35.91,289,D_LEGIT_1583,IP_LEGIT_1900,C_LEGIT_0373,M_149,1,2,0,1,2,0,NONE
TXN_007145,U_LEGIT_1281,133.2,871,D_LEGIT_1439,IP_LEGIT_0450,C_LEGIT_0016,M_089,1,1,0,1,1,0,NONE
TXN_004978,U_LEGIT_2497,71.38,428,D_LEGIT_1489,IP_LEGIT_0378,C_LEGIT_0507,M_062,0,4,0,1,1,0,NONE
TXN_007204,U_LEGIT_1914,94.97,58,D_LEGIT_0758,IP_LEGIT_1473,C_LEGIT_1686,M_129,0,3,0,1,1,0,NONE
TXN_005479,U_LEGIT_1118,140.14,1200,D_SHARED_BENIGN_07,IP_LEGIT_0118,C_LEGIT_2966,M_085,0,2,0,1,2,0,NONE
TXN_001849,U_LEGIT_1754,54.79,386,D_LEGIT_0355,IP_LEGIT_1049,C_LEGIT_1762,M_110,0,5,0,1,2,0,NONE
TXN_000673,U_LEGIT_0474,146.63,290,D_LEGIT_0229,IP_SHARED_BENIGN_10,C_LEGIT_0771,M_030,1,4,0,1,1,0,NONE
TXN_006019,U_LEGIT_0407,198.07,396,D_LEGIT_1204,IP_LEGIT_0603,C_LEGIT_1309,M_118,0,4,0,1,2,0,NONE
TXN_002520,U_LEGIT_0019,141.54,1127,D_LEGIT_1201,IP_LEGIT_0697,C_LEGIT_1665,M_131,1,5,0,1,1,0,NONE
TXN_008131,U_LEGIT_1647,89.83,640,D_LEGIT_1981,IP_LEGIT_0807,C_LEGIT_0115,M_009,0,3,0,2,1,0,NONE
TXN_003256,U_LEGIT_1177,138.8,231,D_LEGIT_0165,IP_LEGIT_1956,C_LEGIT_1311,M_125,0,4,0,1,1,0,NONE
TXN_003001,U_LEGIT_0584,40.41,292,D_LEGIT_0434,IP_LEGIT_1928,C_LEGIT_2523,M_034,0,4,0,1,2,0,NONE
TXN_001859,U_LEGIT_1975,185.12,455,D_LEGIT_1852,IP_LEGIT_1139,C_LEGIT_0574,M_099,0,1,1,2,1,0,NONE
TXN_004773,U_LEGIT_1543,99.88,172,D_LEGIT_0961,IP_LEGIT_0039,C_LEGIT_0641,M_013,0,1,0,1,1,0,NONE
TXN_007304,U_LEGIT_0354,81.14,1190,D_LEGIT_1445,IP_LEGIT_1824,C_LEGIT_2462,M_016,0,2,0,2,1,0,NONE
TXN_007071,U_LEGIT_2383,50.88,1084,D_SHARED_BENIGN_02,IP_LEGIT_0259,C_LEGIT_2463,M_007,0,1,0,1,1,0,NONE
TXN_005773,U_LEGIT_0178,133.45,923,D_LEGIT_0176,IP_LEGIT_0046,C_LEGIT_0574,M_110,0,4,0,1,1,0,NONE
TXN_009782,U_BURST_001,766.82,1,D_BURST_013,IP_BURST_SUBNET_01,C_BURST_002,M_061,23,17,1,1,3,1,ACCOUNT_BURST
TXN_005564,U_LEGIT_0744,91.14,252,D_LEGIT_0571,IP_SHARED_BENIGN_04,C_LEGIT_0586,M_072,0,2,0,1,1,0,NONE
TXN_006458,U_LEGIT_2308,187.07,363,D_LEGIT_0975,IP_LEGIT_0199,C_LEGIT_0112,M_132,0,4,0,1,1,0,NONE
TXN_002831,U_LEGIT_0062,227.54,834,D_LEGIT_0859,IP_LEGIT_0630,C_LEGIT_2771,M_120,0,4,0,1,1,0,NONE
TXN_001733,U_LEGIT_1968,213.6,43,D_LEGIT_1566,IP_LEGIT_1501,C_LEGIT_2630,M_075,0,3,0,1,1,0,NONE
TXN_004156,U_LEGIT_2204,153.81,889,D_LEGIT_1272,IP_LEGIT_1523,C_LEGIT_1138,M_088,0,2,0,1,1,0,NONE
TXN_000112,U_LEGIT_1168,241.67,990,D_LEGIT_1606,IP_LEGIT_1094,C_LEGIT_0980,M_080,1,2,0,2,2,0,NONE
TXN_002116,U_LEGIT_0081,29.62,355,D_LEGIT_0930,IP_LEGIT_0656,C_LEGIT_2249,M_036,0,4,0,1,2,0,NONE
TXN_001839,U_LEGIT_2105,22.47,1127,D_LEGIT_1431,IP_LEGIT_0766,C_LEGIT_2057,M_014,0,2,0,1,1,0,NONE
TXN_002912,U_LEGIT_1028,13.95,1169,D_LEGIT_1482,IP_LEGIT_1952,C_LEGIT_0884,M_121,0,3,0,2,1,0,NONE
TXN_002579,U_LEGIT_0089,84.62,1150,D_LEGIT_0838,IP_LEGIT_0208,C_LEGIT_0965,M_058,0,5,0,1,1,0,NONE
TXN_005687,U_LEGIT_1178,119.63,412,D_LEGIT_0488,IP_LEGIT_0964,C_LEGIT_0096,M_062,0,5,0,1,2,0,NONE
TXN_007254,U_LEGIT_2342,144.59,408,D_LEGIT_0527,IP_LEGIT_1041,C_LEGIT_0789,M_135,0,2,0,1,1,0,NONE
TXN_005223,U_LEGIT_0643,194.66,936,D_LEGIT_1733,IP_LEGIT_0332,C_LEGIT_1785,M_107,0,1,0,1,1,0,NONE
TXN_006531,U_LEGIT_1374,165.63,729,D_SHARED_BENIGN_01,IP_LEGIT_1581,C_LEGIT_1553,M_104,0,3,0,1,1,0,NONE
TXN_009114,U_INDIV_0105,2403.4,0,D_INDIV_0124,IP_INDIV_0060,C_INDIV_0185,M_148,6,41,5,4,8,1,INDIVIDUAL_FRAUD
TXN_007822,U_LEGIT_2272,63.39,231,D_LEGIT_0691,IP_LEGIT_0402,C_LEGIT_2166,M_147,2,4,0,1,1,0,NONE
TXN_006259,U_LEGIT_1638,39.57,474,D_LEGIT_1217,IP_LEGIT_1426,C_LEGIT_2039,M_058,0,4,0,1,1,0,NONE
TXN_004121,U_LEGIT_1273,174.33,431,D_SHARED_BENIGN_07,IP_LEGIT_0973,C_LEGIT_2183,M_112,0,4,0,1,1,0,NONE
TXN_001872,U_LEGIT_1299,242.68,1005,D_LEGIT_0993,IP_LEGIT_0154,C_LEGIT_2489,M_055,0,3,0,1,2,0,NONE
TXN_006455,U_LEGIT_2083,139.26,540,D_LEGIT_1001,IP_LEGIT_0449,C_LEGIT_1839,M_131,0,1,0,2,2,0,NONE
TXN_004968,U_LEGIT_1628,108.84,207,D_LEGIT_1413,IP_LEGIT_1266,C_LEGIT_2243,M_094,0,2,0,2,1,0,NONE
TXN_000973,U_LEGIT_0191,32.23,744,D_LEGIT_1562,IP_LEGIT_1076,C_LEGIT_0696,M_041,1,1,0,1,1,0,NONE
TXN_007384,U_LEGIT_1866,78.91,908,D_LEGIT_0740,IP_LEGIT_1279,C_LEGIT_0817,M_015,0,3,0,2,1,0,NONE
TXN_006512,U_LEGIT_0668,70.15,1158,D_LEGIT_1521,IP_LEGIT_0929,C_LEGIT_0085,M_063,2,5,0,1,1,0,NONE
TXN_000689,U_LEGIT_1228,151.21,598,D_LEGIT_0441,IP_LEGIT_1234,C_LEGIT_2262,M_056,0,5,0,1,1,0,NONE
TXN_002932,U_LEGIT_0454,108.93,910,D_LEGIT_1788,IP_LEGIT_0008,C_LEGIT_0493,M_041,0,1,0,1,2,0,NONE
TXN_002590,U_LEGIT_2453,202.44,503,D_LEGIT_0370,IP_LEGIT_0748,C_LEGIT_0769,M_148,0,3,0,1,1,0,NONE
TXN_008414,U_LEGIT_2413,184.65,542,D_LEGIT_0682,IP_LEGIT_0267,C_LEGIT_2599,M_049,0,5,0,1,1,0,NONE
TXN_005611,U_LEGIT_0250,55.91,171,D_LEGIT_0853,IP_LEGIT_1279,C_LEGIT_2951,M_059,0,4,0,1,1,0,NONE
TXN_007371,U_LEGIT_2112,78.85,344,D_LEGIT_0176,IP_SHARED_BENIGN_01,C_LEGIT_0770,M_119,1,5,0,2,1,0,NONE
TXN_007929,U_LEGIT_1632,168.71,61,D_SHARED_BENIGN_09,IP_LEGIT_0339,C_LEGIT_2145,M_049,0,1,0,1,1,0,NONE
TXN_003552,U_LEGIT_1324,86.18,842,D_LEGIT_1568,IP_LEGIT_1980,C_LEGIT_0160,M_102,1,4,0,1,1,0,NONE
TXN_002699,U_LEGIT_1502,239.59,62,D_SHARED_BENIGN_03,IP_LEGIT_0474,C_LEGIT_2068,M_021,0,2,0,1,1,0,NONE
TXN_002251,U_LEGIT_2399,181.67,1008,D_LEGIT_0788,IP_LEGIT_0713,C_LEGIT_0879,M_099,0,4,0,2,1,0,NONE
TXN_006924,U_LEGIT_2238,84.62,207,D_LEGIT_1954,IP_LEGIT_1701,C_LEGIT_2879,M_076,0,1,0,1,1,0,NONE
TXN_007202,U_LEGIT_2456,32.61,625,D_LEGIT_0233,IP_LEGIT_0780,C_LEGIT_0353,M_063,0,5,0,1,1,0,NONE
TXN_006253,U_LEGIT_0166,51.01,553,D_LEGIT_1740,IP_LEGIT_1139,C_LEGIT_2642,M_061,0,3,0,2,2,0,NONE
TXN_000173,U_LEGIT_1696,234.21,885,D_SHARED_BENIGN_04,IP_LEGIT_0034,C_LEGIT_1069,M_142,0,2,0,2,1,0,NONE
TXN_003014,U_LEGIT_0527,35.82,284,D_LEGIT_1672,IP_LEGIT_1748,C_LEGIT_0184,M_089,0,2,0,1,1,0,NONE
TXN_002369,U_LEGIT_0119,235.48,601,D_SHARED_BENIGN_07,IP_LEGIT_0490,C_LEGIT_2775,M_068,1,4,0,2,2,0,NONE
TXN_002394,U_LEGIT_0120,148.36,164,D_LEGIT_1521,IP_LEGIT_1071,C_LEGIT_0037,M_007,0,1,0,1,1,0,NONE
TXN_008673,U_LEGIT_0759,40.35,539,D_LEGIT_1067,IP_LEGIT_1618,C_LEGIT_1380,M_129,0,5,0,1,2,0,NONE
TXN_007605,U_LEGIT_0901,168.85,995,D_LEGIT_0832,IP_LEGIT_0209,C_LEGIT_0327,M_033,0,2,0,2,1,0,NONE
TXN_008029,U_LEGIT_1997,38.28,1116,D_LEGIT_1113,IP_LEGIT_0994,C_LEGIT_0193,M_044,0,3,0,1,2,0,NONE
TXN_002834,U_LEGIT_1857,230.92,772,D_LEGIT_1936,IP_LEGIT_0078,C_LEGIT_1832,M_107,0,3,0,1,2,0,NONE
TXN_008844,U_LEGIT_0372,219.18,136,D_LEGIT_0202,IP_LEGIT_1078,C_LEGIT_2737,M_089,0,4,0,1,2,0,NONE
TXN_002315,U_LEGIT_0753,237.63,77,D_LEGIT_0377,IP_LEGIT_1156,C_LEGIT_1820,M_096,0,4,0,1,2,0,NONE
TXN_004426,U_LEGIT_1870,20.27,532,D_LEGIT_0921,IP_LEGIT_0247,C_LEGIT_0725,M_065,0,2,0,1,1,0,NONE
TXN_006349,U_LEGIT_1686,81.98,1021,D_LEGIT_0614,IP_LEGIT_1195,C_LEGIT_0926,M_123,0,5,0,2,2,0,NONE
TXN_004955,U_LEGIT_0753,83.31,441,D_LEGIT_1198,IP_LEGIT_1903,C_LEGIT_0633,M_059,0,2,0,1,1,0,NONE
TXN_009748,U_CYCLE_005,379.73,4,D_CYCLE_012,IP_CYCLE_003,C_STOLEN_POOL_02,M_032,8,20,10,4,8,1,CARD_CYCLING
TXN_006351,U_LEGIT_1626,142.72,845,D_LEGIT_1711,IP_LEGIT_1150,C_LEGIT_2418,M_078,0,2,0,1,2,0,NONE
TXN_008127,U_LEGIT_1522,106.96,574,D_LEGIT_1984,IP_LEGIT_1242,C_LEGIT_1997,M_068,0,3,0,1,2,0,NONE
TXN_009977,U_DIST_021,31.87,19,D_DIST_019,IP_DIST_PROXY_01,C_DIST_007,M_TARGET_HIGHVAL_99,5,11,0,1,2,1,DISTRIBUTED_ABUSE
TXN_009876,U_DIST_001,64.09,11,D_DIST_025,IP_DIST_PROXY_02,C_DIST_028,M_TARGET_HIGHVAL_99,8,9,1,1,1,1,DISTRIBUTED_ABUSE
TXN_000904,U_LEGIT_0090,184.89,999,D_LEGIT_1263,IP_LEGIT_1180,C_LEGIT_2845,M_112,0,3,0,1,2,0,NONE
TXN_007294,U_LEGIT_2052,181.95,629,D_LEGIT_0600,IP_LEGIT_0854,C_LEGIT_0746,M_096,0,5,1,1,2,0,NONE
TXN_004545,U_LEGIT_1587,41.31,846,D_LEGIT_1941,IP_LEGIT_0208,C_LEGIT_2851,M_112,0,3,0,2,1,0,NONE
TXN_004450,U_LEGIT_0576,16.12,655,D_LEGIT_1616,IP_SHARED_BENIGN_03,C_LEGIT_2964,M_012,0,2,0,1,1,0,NONE
TXN_009597,U_FARM_020,420.89,2,D_FARM_HUB_01,IP_FARM_PROXY_01,C_FARM_026,M_135,8,42,7,1,6,1,DEVICE_FARM
TXN_006209,U_LEGIT_0623,84.78,420,D_LEGIT_1741,IP_LEGIT_0457,C_LEGIT_1216,M_128,0,4,0,1,1,0,NONE
TXN_009518,U_FARM_006,269.14,5,D_FARM_HUB_01,IP_FARM_PROXY_01,C_FARM_005,M_134,9,52,3,1,5,1,DEVICE_FARM
TXN_003390,U_LEGIT_1711,196.38,1078,D_LEGIT_0926,IP_LEGIT_0398,C_LEGIT_0264,M_026,0,5,0,2,1,0,NONE
TXN_006129,U_LEGIT_2223,209.87,122,D_SHARED_BENIGN_05,IP_LEGIT_1876,C_LEGIT_1407,M_118,0,2,1,2,1,0,NONE
TXN_004467,U_LEGIT_0691,14.88,762,D_LEGIT_0638,IP_LEGIT_1831,C_LEGIT_1819,M_080,0,2,0,1,1,0,NONE
TXN_000291,U_LEGIT_1653,223.41,1181,D_LEGIT_1142,IP_LEGIT_1692,C_LEGIT_0373,M_078,0,4,0,1,1,0,NONE
TXN_000699,U_LEGIT_1741,173.55,116,D_LEGIT_1536,IP_LEGIT_1514,C_LEGIT_2709,M_136,0,2,0,1,1,0,NONE
TXN_006176,U_LEGIT_1881,149.57,723,D_LEGIT_0719,IP_LEGIT_0268,C_LEGIT_0500,M_012,0,1,0,1,1,0,NONE
TXN_008001,U_LEGIT_0849,169.6,747,D_LEGIT_0078,IP_LEGIT_1408,C_LEGIT_2270,M_063,0,3,0,1,2,0,NONE
TXN_000632,U_LEGIT_0644,239.13,452,D_LEGIT_0265,IP_LEGIT_0980,C_LEGIT_0282,M_100,0,2,0,2,1,0,NONE
TXN_007836,U_LEGIT_0385,50.4,1169,D_LEGIT_1488,IP_LEGIT_1255,C_LEGIT_0573,M_021,0,1,0,2,1,0,NONE
TXN_009941,U_DIST_016,29.2,21,D_DIST_026,IP_DIST_PROXY_04,C_DIST_005,M_TARGET_HIGHVAL_99,5,15,2,1,1,1,DISTRIBUTED_ABUSE
TXN_009393,U_INDIV_0178,1719.51,2,D_INDIV_0067,IP_INDIV_0385,C_INDIV_0270,M_008,8,24,7,7,8,1,INDIVIDUAL_FRAUD
TXN_009331,U_INDIV_0019,1665.06,2,D_INDIV_0340,IP_INDIV_0180,C_INDIV_0388,M_008,6,19,5,3,8,1,INDIVIDUAL_FRAUD
TXN_005061,U_LEGIT_0239,49.76,97,D_LEGIT_1454,IP_LEGIT_1937,C_LEGIT_0139,M_073,0,4,0,1,1,0,NONE
TXN_001152,U_LEGIT_1937,109.15,511,D_LEGIT_0735,IP_LEGIT_0628,C_LEGIT_1203,M_103,0,3,0,1,1,0,NONE
TXN_003532,U_LEGIT_1009,213.01,976,D_LEGIT_1327,IP_LEGIT_0157,C_LEGIT_2524,M_118,0,1,0,1,2,0,NONE
TXN_004386,U_LEGIT_1702,69.27,98,D_LEGIT_1896,IP_LEGIT_0095,C_LEGIT_1435,M_138,0,3,0,1,2,0,NONE
TXN_001285,U_LEGIT_1075,136.87,995,D_LEGIT_0418,IP_LEGIT_0949,C_LEGIT_1414,M_007,0,1,0,1,1,0,NONE
TXN_007660,U_LEGIT_1964,200.65,1079,D_LEGIT_0877,IP_LEGIT_1885,C_LEGIT_1862,M_050,0,4,0,2,2,0,NONE
TXN_007140,U_LEGIT_0295,176.02,779,D_LEGIT_1132,IP_LEGIT_0682,C_LEGIT_2827,M_001,0,5,0,1,1,0,NONE
TXN_007449,U_LEGIT_1432,190.0,639,D_LEGIT_1447,IP_LEGIT_1622,C_LEGIT_1761,M_038,0,1,0,2,2,0,NONE
TXN_007424,U_LEGIT_1534,51.02,426,D_LEGIT_0722,IP_LEGIT_0145,C_LEGIT_2020,M_053,0,2,0,1,2,0,NONE
TXN_002114,U_LEGIT_0558,159.02,158,D_SHARED_BENIGN_06,IP_LEGIT_0810,C_LEGIT_2854,M_077,0,2,0,1,2,0,NONE
TXN_006370,U_LEGIT_0336,78.8,774,D_LEGIT_0718,IP_LEGIT_0078,C_LEGIT_0004,M_122,0,5,0,1,1,0,NONE
TXN_001982,U_LEGIT_1452,248.17,77,D_SHARED_BENIGN_03,IP_LEGIT_1303,C_LEGIT_0020,M_077,0,5,0,1,1,0,NONE
TXN_007286,U_LEGIT_2416,163.04,288,D_LEGIT_0323,IP_LEGIT_0948,C_LEGIT_0766,M_063,0,4,0,2,1,0,NONE
TXN_009151,U_INDIV_0080,998.88,0,D_INDIV_0032,IP_INDIV_0137,C_INDIV_0017,M_123,7,21,5,7,7,1,INDIVIDUAL_FRAUD
TXN_009789,U_BURST_014,887.78,0,D_BURST_019,IP_BURST_SUBNET_02,C_BURST_027,M_082,10,24,5,1,3,1,ACCOUNT_BURST
TXN_007688,U_LEGIT_2160,155.72,116,D_LEGIT_1373,IP_LEGIT_1682,C_LEGIT_2114,M_065,1,1,0,1,1,0,NONE
TXN_000178,U_LEGIT_1095,66.86,492,D_LEGIT_0162,IP_LEGIT_0832,C_LEGIT_1881,M_145,0,1,0,1,1,0,NONE
TXN_005972,U_LEGIT_2004,133.7,405,D_SHARED_BENIGN_03,IP_LEGIT_1297,C_LEGIT_0085,M_060,2,1,0,1,1,0,NONE
TXN_008324,U_LEGIT_0819,219.54,70,D_LEGIT_0748,IP_LEGIT_1416,C_LEGIT_2936,M_130,0,2,0,1,1,0,NONE
TXN_006238,U_LEGIT_1143,50.04,464,D_LEGIT_1592,IP_LEGIT_1464,C_LEGIT_2797,M_048,1,1,0,1,1,0,NONE
TXN_008604,U_LEGIT_1827,57.47,354,D_LEGIT_1841,IP_LEGIT_0418,C_LEGIT_2963,M_034,0,1,0,2,1,0,NONE
TXN_006510,U_LEGIT_2022,227.91,575,D_LEGIT_1966,IP_LEGIT_1752,C_LEGIT_0771,M_104,0,4,0,1,1,0,NONE
TXN_000983,U_LEGIT_0679,138.88,898,D_LEGIT_1760,IP_LEGIT_1727,C_LEGIT_2934,M_039,1,3,0,2,1,0,NONE
TXN_009107,U_INDIV_0159,2806.28,3,D_INDIV_0035,IP_INDIV_0291,C_INDIV_0386,M_108,16,46,9,4,4,1,INDIVIDUAL_FRAUD
TXN_004786,U_LEGIT_2344,211.95,235,D_LEGIT_0646,IP_LEGIT_0088,C_LEGIT_0217,M_086,0,5,0,1,1,0,NONE
TXN_001851,U_LEGIT_1460,97.76,710,D_LEGIT_1586,IP_SHARED_BENIGN_03,C_LEGIT_1572,M_104,0,1,0,2,1,0,NONE
TXN_005241,U_LEGIT_1373,216.89,878,D_LEGIT_0276,IP_LEGIT_0591,C_LEGIT_0489,M_043,0,2,0,1,2,0,NONE
TXN_008925,U_LEGIT_0707,159.5,991,D_LEGIT_0786,IP_LEGIT_0126,C_LEGIT_2328,M_021,0,3,0,1,2,0,NONE
TXN_006516,U_LEGIT_0060,13.23,1027,D_LEGIT_0624,IP_LEGIT_1533,C_LEGIT_2013,M_089,0,3,0,1,1,0,NONE
TXN_004406,U_LEGIT_1428,135.84,1176,D_LEGIT_0219,IP_LEGIT_1150,C_LEGIT_1673,M_099,0,2,0,2,1,0,NONE
TXN_002082,U_LEGIT_0214,84.08,997,D_LEGIT_1507,IP_LEGIT_0356,C_LEGIT_0260,M_132,1,3,0,1,1,0,NONE
TXN_000576,U_LEGIT_1389,212.37,508,D_LEGIT_1650,IP_LEGIT_1192,C_LEGIT_2317,M_137,0,3,0,1,2,0,NONE
TXN_007509,U_LEGIT_2148,109.19,679,D_LEGIT_0501,IP_LEGIT_1543,C_LEGIT_2640,M_089,1,3,1,2,2,0,NONE
TXN_002476,U_LEGIT_1075,229.32,743,D_LEGIT_0886,IP_LEGIT_0452,C_LEGIT_2803,M_140,0,1,0,1,1,0,NONE
TXN_003200,U_LEGIT_1022,96.19,1113,D_LEGIT_0509,IP_LEGIT_1897,C_LEGIT_0738,M_109,1,3,0,1,1,0,NONE
TXN_006462,U_LEGIT_0442,8.88,817,D_LEGIT_0316,IP_LEGIT_0687,C_LEGIT_1697,M_142,0,3,0,1,2,0,NONE
TXN_001044,U_LEGIT_0341,247.99,777,D_LEGIT_1638,IP_LEGIT_1274,C_LEGIT_2418,M_107,1,2,0,1,2,0,NONE
TXN_009141,U_INDIV_0077,2410.57,7,D_INDIV_0257,IP_INDIV_0329,C_INDIV_0098,M_143,6,19,3,5,5,1,INDIVIDUAL_FRAUD
TXN_004132,U_LEGIT_1808,136.18,929,D_LEGIT_1779,IP_LEGIT_0586,C_LEGIT_1791,M_089,0,4,0,1,1,0,NONE
TXN_007013,U_LEGIT_2046,102.46,1193,D_LEGIT_1803,IP_LEGIT_0303,C_LEGIT_2078,M_006,0,4,0,2,1,0,NONE
TXN_008923,U_LEGIT_2414,58.04,1002,D_LEGIT_0103,IP_LEGIT_1770,C_LEGIT_0141,M_135,0,3,0,2,1,0,NONE
TXN_002506,U_LEGIT_1643,247.23,223,D_LEGIT_0814,IP_SHARED_BENIGN_05,C_LEGIT_2225,M_091,0,3,0,1,1,0,NONE
TXN_005166,U_LEGIT_1088,123.18,869,D_LEGIT_1198,IP_LEGIT_0897,C_LEGIT_0275,M_080,0,5,0,1,1,0,NONE
TXN_000471,U_LEGIT_1896,87.21,485,D_LEGIT_1496,IP_LEGIT_1788,C_LEGIT_1011,M_064,1,5,0,1,2,0,NONE
TXN_008868,U_LEGIT_1470,159.68,44,D_LEGIT_0810,IP_LEGIT_0223,C_LEGIT_2153,M_045,0,5,1,1,1,0,NONE
TXN_001765,U_LEGIT_1231,222.21,1164,D_LEGIT_0829,IP_LEGIT_0880,C_LEGIT_1353,M_100,0,3,0,2,1,0,NONE
TXN_005080,U_LEGIT_0291,110.92,256,D_LEGIT_0121,IP_LEGIT_0404,C_LEGIT_2837,M_105,0,4,0,1,1,0,NONE
TXN_004416,U_LEGIT_1904,174.28,944,D_LEGIT_0082,IP_LEGIT_0401,C_LEGIT_2858,M_002,0,4,0,1,1,0,NONE
TXN_001437,U_LEGIT_1170,231.92,657,D_LEGIT_1097,IP_LEGIT_0017,C_LEGIT_2346,M_086,0,3,0,2,1,0,NONE
TXN_003368,U_LEGIT_2378,43.13,67,D_LEGIT_0032,IP_LEGIT_1969,C_LEGIT_0209,M_013,2,5,0,2,1,0,NONE
TXN_004649,U_LEGIT_1987,103.96,1173,D_LEGIT_1829,IP_LEGIT_1121,C_LEGIT_0295,M_069,0,4,0,2,1,0,NONE
TXN_003821,U_LEGIT_2266,238.64,47,D_LEGIT_0590,IP_LEGIT_0167,C_LEGIT_0379,M_099,0,4,0,1,1,0,NONE
TXN_008465,U_LEGIT_0063,216.94,1136,D_LEGIT_1640,IP_LEGIT_0881,C_LEGIT_2106,M_078,1,2,0,1,2,0,NONE
TXN_002237,U_LEGIT_1677,61.35,190,D_LEGIT_1371,IP_LEGIT_0593,C_LEGIT_0260,M_012,0,2,0,1,1,0,NONE
TXN_000895,U_LEGIT_1297,132.95,855,D_LEGIT_0347,IP_LEGIT_1202,C_LEGIT_2958,M_094,0,1,0,1,1,0,NONE
TXN_004832,U_LEGIT_0522,199.7,142,D_LEGIT_1548,IP_LEGIT_0421,C_LEGIT_1077,M_084,0,5,0,1,2,0,NONE
TXN_007957,U_LEGIT_0834,249.9,314,D_LEGIT_1311,IP_LEGIT_1891,C_LEGIT_0255,M_039,0,2,0,1,1,0,NONE
TXN_005869,U_LEGIT_0107,91.16,472,D_LEGIT_0847,IP_LEGIT_1950,C_LEGIT_2789,M_064,0,4,0,1,2,0,NONE
TXN_008580,U_LEGIT_0898,83.96,221,D_LEGIT_0742,IP_LEGIT_0310,C_LEGIT_0353,M_027,0,2,0,1,2,0,NONE
TXN_006578,U_LEGIT_1563,64.74,657,D_SHARED_BENIGN_10,IP_LEGIT_1106,C_LEGIT_0234,M_100,0,3,0,2,2,0,NONE
TXN_009266,U_INDIV_0149,1692.44,6,D_INDIV_0218,IP_INDIV_0224,C_INDIV_0009,M_140,12,26,5,5,6,1,INDIVIDUAL_FRAUD
TXN_004581,U_LEGIT_2107,16.44,315,D_LEGIT_0033,IP_LEGIT_1269,C_LEGIT_1224,M_050,0,2,0,1,1,0,NONE
TXN_009413,U_INDIV_0174,777.79,2,D_INDIV_0024,IP_INDIV_0216,C_INDIV_0041,M_137,14,25,8,4,5,1,INDIVIDUAL_FRAUD
TXN_002559,U_LEGIT_1187,201.94,281,D_LEGIT_1275,IP_LEGIT_1819,C_LEGIT_1490,M_112,0,5,0,1,1,0,NONE
TXN_001551,U_LEGIT_1272,70.18,800,D_LEGIT_1667,IP_LEGIT_1204,C_LEGIT_2477,M_148,0,4,0,1,1,0,NONE
TXN_004075,U_LEGIT_2317,158.2,419,D_LEGIT_0784,IP_SHARED_BENIGN_06,C_LEGIT_2520,M_044,0,3,0,2,1,0,NONE
TXN_004667,U_LEGIT_0281,206.93,193,D_LEGIT_1058,IP_LEGIT_0471,C_LEGIT_0220,M_124,0,4,0,2,1,0,NONE
TXN_004532,U_LEGIT_2369,137.26,165,D_SHARED_BENIGN_10,IP_LEGIT_0574,C_LEGIT_2038,M_024,0,2,0,1,2,0,NONE
TXN_004423,U_LEGIT_1781,50.45,1041,D_LEGIT_1815,IP_LEGIT_1985,C_LEGIT_0580,M_149,0,1,0,1,1,0,NONE
TXN_005060,U_LEGIT_2234,212.16,769,D_LEGIT_0923,IP_LEGIT_0965,C_LEGIT_0096,M_114,0,4,0,2,1,0,NONE
TXN_002637,U_LEGIT_0782,105.44,1122,D_SHARED_BENIGN_06,IP_LEGIT_0446,C_LEGIT_0420,M_092,0,2,0,1,1,0,NONE
TXN_001796,U_LEGIT_1901,80.4,1073,D_LEGIT_1544,IP_LEGIT_1540,C_LEGIT_2832,M_126,2,1,0,2,1,0,NONE
TXN_009007,U_INDIV_0101,1112.9,1,D_INDIV_0202,IP_INDIV_0339,C_INDIV_0214,M_074,10,19,7,3,7,1,INDIVIDUAL_FRAUD
TXN_000992,U_LEGIT_2485,150.86,231,D_LEGIT_1895,IP_LEGIT_0087,C_LEGIT_2465,M_028,0,1,1,1,1,0,NONE
TXN_002015,U_LEGIT_1545,60.38,1158,D_LEGIT_1158,IP_LEGIT_1046,C_LEGIT_1979,M_006,0,2,0,1,1,0,NONE
TXN_004082,U_LEGIT_0811,23.63,1170,D_SHARED_BENIGN_07,IP_LEGIT_0048,C_LEGIT_1566,M_136,0,5,0,1,2,0,NONE
TXN_006733,U_LEGIT_2298,136.06,867,D_LEGIT_0130,IP_LEGIT_1721,C_LEGIT_2687,M_007,0,4,0,1,2,0,NONE
TXN_004669,U_LEGIT_0058,76.18,973,D_LEGIT_0992,IP_LEGIT_1513,C_LEGIT_1880,M_110,1,1,0,2,1,0,NONE
TXN_007690,U_LEGIT_1560,161.24,765,D_LEGIT_0320,IP_LEGIT_1706,C_LEGIT_2173,M_045,0,4,0,2,1,0,NONE
TXN_008162,U_LEGIT_0100,123.31,235,D_LEGIT_0182,IP_LEGIT_1062,C_LEGIT_0662,M_059,0,3,0,2,2,0,NONE
TXN_001744,U_LEGIT_2188,29.91,812,D_LEGIT_0311,IP_LEGIT_0323,C_LEGIT_2491,M_087,0,4,0,1,1,0,NONE
TXN_004501,U_LEGIT_1694,222.77,1064,D_LEGIT_1731,IP_LEGIT_1836,C_LEGIT_0487,M_082,0,1,0,2,1,0,NONE
TXN_004214,U_LEGIT_0751,108.44,647,D_LEGIT_1761,IP_LEGIT_0697,C_LEGIT_1492,M_020,0,1,0,2,2,0,NONE
TXN_007790,U_LEGIT_1749,227.11,845,D_LEGIT_1585,IP_LEGIT_1887,C_LEGIT_1618,M_063,0,5,0,2,1,0,NONE
TXN_004417,U_LEGIT_1405,143.16,349,D_LEGIT_0323,IP_LEGIT_1495,C_LEGIT_1258,M_056,0,4,0,1,1,0,NONE
TXN_004716,U_LEGIT_2338,102.13,838,D_LEGIT_1287,IP_LEGIT_1932,C_LEGIT_2587,M_074,0,3,0,1,1,0,NONE
TXN_005861,U_LEGIT_1542,85.41,1075,D_LEGIT_0567,IP_LEGIT_0170,C_LEGIT_1321,M_110,1,5,1,1,1,0,NONE
TXN_001711,U_LEGIT_2094,123.18,349,D_SHARED_BENIGN_01,IP_LEGIT_0920,C_LEGIT_0190,M_030,0,3,0,1,1,0,NONE
TXN_005015,U_LEGIT_0270,45.17,624,D_LEGIT_1610,IP_LEGIT_0311,C_LEGIT_1445,M_104,0,4,0,1,1,0,NONE
TXN_006687,U_LEGIT_1373,129.91,586,D_LEGIT_1986,IP_LEGIT_1754,C_LEGIT_1411,M_124,1,3,0,2,1,0,NONE
TXN_007437,U_LEGIT_1037,179.47,891,D_LEGIT_1712,IP_LEGIT_1833,C_LEGIT_2220,M_005,0,5,0,1,2,0,NONE
TXN_000210,U_LEGIT_2027,145.01,1023,D_LEGIT_1697,IP_LEGIT_1121,C_LEGIT_2368,M_034,0,1,0,2,1,0,NONE
TXN_007531,U_LEGIT_1413,160.2,659,D_LEGIT_1044,IP_LEGIT_1375,C_LEGIT_1234,M_150,1,2,0,1,1,0,NONE
TXN_007944,U_LEGIT_1710,197.4,336,D_LEGIT_1841,IP_LEGIT_1512,C_LEGIT_2354,M_035,0,1,0,1,2,0,NONE
TXN_004707,U_LEGIT_0869,128.36,766,D_LEGIT_0141,IP_LEGIT_0956,C_LEGIT_1041,M_148,0,3,0,1,1,0,NONE
TXN_001345,U_LEGIT_0931,109.94,539,D_LEGIT_1102,IP_LEGIT_1138,C_LEGIT_1618,M_054,0,2,0,1,1,0,NONE
TXN_009620,U_FARM_024,107.4,3,D_FARM_HUB_01,IP_FARM_PROXY_01,C_FARM_012,M_146,22,67,3,1,3,1,DEVICE_FARM
TXN_005678,U_LEGIT_0461,67.55,536,D_LEGIT_1421,IP_LEGIT_1817,C_LEGIT_1275,M_109,0,4,1,1,1,0,NONE
TXN_005027,U_LEGIT_1494,171.01,541,D_LEGIT_0393,IP_LEGIT_1897,C_LEGIT_2067,M_048,0,3,0,1,1,0,NONE
TXN_005326,U_LEGIT_1310,65.04,339,D_LEGIT_0598,IP_LEGIT_1415,C_LEGIT_1542,M_065,0,4,0,1,1,0,NONE
TXN_000970,U_LEGIT_1325,45.69,992,D_SHARED_BENIGN_04,IP_LEGIT_0019,C_LEGIT_0525,M_133,0,1,0,1,1,0,NONE
TXN_009401,U_INDIV_0188,994.38,1,D_INDIV_0368,IP_INDIV_0100,C_INDIV_0009,M_106,11,29,8,7,4,1,INDIVIDUAL_FRAUD
TXN_004438,U_LEGIT_0274,218.91,166,D_LEGIT_1076,IP_LEGIT_1561,C_LEGIT_2992,M_117,0,4,0,1,1,0,NONE
TXN_001334,U_LEGIT_1089,143.72,239,D_LEGIT_0640,IP_LEGIT_0910,C_LEGIT_0048,M_040,0,2,1,1,1,0,NONE
TXN_003538,U_LEGIT_1505,98.59,222,D_LEGIT_1984,IP_LEGIT_0868,C_LEGIT_2348,M_083,0,4,0,1,1,0,NONE
TXN_000141,U_LEGIT_0528,190.7,437,D_LEGIT_0807,IP_LEGIT_0695,C_LEGIT_2285,M_094,0,4,0,1,1,0,NONE
TXN_008254,U_LEGIT_0511,91.74,166,D_LEGIT_0436,IP_LEGIT_0307,C_LEGIT_2053,M_042,0,3,0,1,1,0,NONE
TXN_003733,U_LEGIT_2053,143.84,157,D_SHARED_BENIGN_09,IP_LEGIT_0064,C_LEGIT_2457,M_137,0,5,0,2,1,0,NONE
TXN_000721,U_LEGIT_0235,50.77,62,D_LEGIT_0022,IP_LEGIT_0450,C_LEGIT_2993,M_072,0,5,0,2,1,0,NONE
TXN_009699,U_CYCLE_018,331.29,3,D_CYCLE_011,IP_CYCLE_013,C_STOLEN_POOL_03,M_028,4,37,8,3,5,1,CARD_CYCLING
TXN_004789,U_LEGIT_1116,17.04,640,D_LEGIT_0763,IP_LEGIT_1866,C_LEGIT_1761,M_071,0,2,0,1,1,0,NONE
TXN_003553,U_LEGIT_0828,104.63,161,D_LEGIT_0373,IP_SHARED_BENIGN_04,C_LEGIT_0075,M_016,0,1,0,2,1,0,NONE
TXN_003190,U_LEGIT_1142,170.8,751,D_LEGIT_0201,IP_LEGIT_0185,C_LEGIT_2854,M_098,1,5,0,1,1,0,NONE
TXN_009276,U_INDIV_0075,2963.45,0,D_INDIV_0303,IP_INDIV_0385,C_INDIV_0085,M_133,12,28,6,3,6,1,INDIVIDUAL_FRAUD
TXN_000781,U_LEGIT_0067,74.47,738,D_SHARED_BENIGN_02,IP_LEGIT_0851,C_LEGIT_2963,M_078,0,5,0,2,1,0,NONE
TXN_007474,U_LEGIT_1326,147.77,935,D_LEGIT_1063,IP_LEGIT_1402,C_LEGIT_1214,M_009,0,4,0,1,1,0,NONE
TXN_008309,U_LEGIT_1437,136.07,529,D_LEGIT_0078,IP_LEGIT_1449,C_LEGIT_1283,M_081,0,1,0,1,1,0,NONE
TXN_007149,U_LEGIT_1969,110.23,1143,D_LEGIT_0023,IP_LEGIT_1091,C_LEGIT_0574,M_044,0,5,0,1,1,0,NONE
TXN_002696,U_LEGIT_1870,183.61,1039,D_LEGIT_1794,IP_LEGIT_0919,C_LEGIT_2971,M_050,0,3,0,1,2,0,NONE
TXN_009811,U_BURST_014,1236.19,0,D_BURST_007,IP_BURST_SUBNET_02,C_BURST_022,M_149,14,16,5,3,2,1,ACCOUNT_BURST
TXN_000761,U_LEGIT_0426,189.49,1145,D_SHARED_BENIGN_01,IP_LEGIT_0843,C_LEGIT_0425,M_128,0,4,0,1,1,0,NONE
TXN_003138,U_LEGIT_2015,182.83,54,D_LEGIT_1004,IP_LEGIT_0369,C_LEGIT_0415,M_080,0,2,0,1,2,0,NONE
TXN_000005,U_LEGIT_1517,155.41,380,D_LEGIT_1373,IP_LEGIT_1919,C_LEGIT_2800,M_019,0,2,0,2,1,0,NONE
TXN_008444,U_LEGIT_0924,33.34,1047,D_LEGIT_1261,IP_LEGIT_0193,C_LEGIT_0213,M_117,0,4,0,2,1,0,NONE
TXN_002253,U_LEGIT_1350,141.92,219,D_LEGIT_0499,IP_LEGIT_0315,C_LEGIT_1963,M_100,0,1,1,1,1,0,NONE
TXN_003475,U_LEGIT_1979,60.57,118,D_LEGIT_1106,IP_LEGIT_0824,C_LEGIT_1289,M_042,0,3,0,1,1,0,NONE
TXN_001863,U_LEGIT_2256,239.34,250,D_LEGIT_0674,IP_LEGIT_0228,C_LEGIT_0135,M_027,0,5,0,2,1,0,NONE
TXN_006799,U_LEGIT_1914,96.58,1192,D_LEGIT_0613,IP_LEGIT_1491,C_LEGIT_0913,M_025,1,5,0,2,1,0,NONE
TXN_004862,U_LEGIT_1617,151.63,43,D_SHARED_BENIGN_09,IP_SHARED_BENIGN_09,C_LEGIT_1336,M_108,0,5,0,1,2,0,NONE
TXN_009724,U_CYCLE_005,130.95,2,D_CYCLE_005,IP_CYCLE_026,C_STOLEN_POOL_03,M_114,5,26,4,3,6,1,CARD_CYCLING
TXN_008340,U_LEGIT_0789,198.52,664,D_LEGIT_1524,IP_LEGIT_1037,C_LEGIT_2271,M_027,0,5,0,1,1,0,NONE
TXN_009556,U_FARM_025,309.54,4,D_FARM_HUB_02,IP_FARM_PROXY_01,C_FARM_016,M_141,9,67,5,1,5,1,DEVICE_FARM
TXN_005530,U_LEGIT_2034,32.67,92,D_LEGIT_1780,IP_LEGIT_1240,C_LEGIT_2593,M_132,0,4,0,1,2,0,NONE
TXN_008122,U_LEGIT_1709,246.1,882,D_LEGIT_1981,IP_LEGIT_0238,C_LEGIT_0808,M_090,0,4,0,1,1,0,NONE
TXN_008420,U_LEGIT_1681,59.76,565,D_LEGIT_1730,IP_LEGIT_0824,C_LEGIT_0593,M_020,0,3,0,1,2,0,NONE
TXN_007128,U_LEGIT_0418,238.32,906,D_SHARED_BENIGN_05,IP_LEGIT_0628,C_LEGIT_1984,M_143,1,2,0,1,2,0,NONE
TXN_000152,U_LEGIT_2352,109.13,390,D_LEGIT_1513,IP_LEGIT_1919,C_LEGIT_0153,M_045,1,1,1,2,2,0,NONE
TXN_000945,U_LEGIT_0779,22.73,496,D_LEGIT_1879,IP_SHARED_BENIGN_03,C_LEGIT_2141,M_078,0,5,0,1,1,0,NONE
TXN_006596,U_LEGIT_0053,175.49,1095,D_LEGIT_0699,IP_LEGIT_1151,C_LEGIT_2369,M_054,0,2,0,1,1,0,NONE
TXN_007408,U_LEGIT_1216,244.89,1014,D_LEGIT_1015,IP_LEGIT_1037,C_LEGIT_1068,M_119,0,1,0,2,1,0,NONE
TXN_005425,U_LEGIT_1630,184.59,373,D_LEGIT_0010,IP_LEGIT_0165,C_LEGIT_2745,M_121,1,1,0,1,1,0,NONE
TXN_009729,U_CYCLE_025,493.59,6,D_CYCLE_020,IP_CYCLE_030,C_STOLEN_POOL_03,M_124,13,25,6,2,7,1,CARD_CYCLING
TXN_007999,U_LEGIT_2439,39.34,1016,D_LEGIT_1168,IP_SHARED_BENIGN_08,C_LEGIT_0271,M_058,0,2,0,1,1,0,NONE
TXN_003114,U_LEGIT_0691,115.4,196,D_LEGIT_0344,IP_LEGIT_0751,C_LEGIT_1826,M_113,0,5,0,2,1,0,NONE
TXN_008903,U_LEGIT_2273,242.29,293,D_LEGIT_1785,IP_LEGIT_1336,C_LEGIT_0790,M_038,0,4,0,2,1,0,NONE
TXN_009093,U_INDIV_0019,1093.12,6,D_INDIV_0353,IP_INDIV_0284,C_INDIV_0035,M_132,8,21,7,3,4,1,INDIVIDUAL_FRAUD
TXN_008845,U_LEGIT_1855,237.08,648,D_LEGIT_1019,IP_LEGIT_1815,C_LEGIT_2196,M_106,0,4,0,1,1,0,NONE
TXN_002942,U_LEGIT_2186,148.57,777,D_LEGIT_1200,IP_LEGIT_0010,C_LEGIT_1254,M_056,0,1,0,1,2,0,NONE
TXN_004547,U_LEGIT_2049,158.55,182,D_LEGIT_0419,IP_LEGIT_0748,C_LEGIT_1716,M_057,0,4,0,1,2,0,NONE
TXN_009880,U_DIST_005,31.11,19,D_DIST_011,IP_DIST_PROXY_02,C_DIST_008,M_TARGET_HIGHVAL_99,8,16,2,1,1,1,DISTRIBUTED_ABUSE
TXN_004031,U_LEGIT_0862,77.51,1077,D_LEGIT_1394,IP_LEGIT_0366,C_LEGIT_0302,M_078,0,3,0,1,2,0,NONE
TXN_005608,U_LEGIT_0615,13.48,373,D_LEGIT_1112,IP_LEGIT_0593,C_LEGIT_0206,M_146,0,3,0,2,1,0,NONE
TXN_008097,U_LEGIT_0804,13.92,1136,D_LEGIT_0020,IP_LEGIT_0855,C_LEGIT_1867,M_107,1,2,0,1,1,0,NONE
TXN_000783,U_LEGIT_1323,183.23,785,D_LEGIT_1484,IP_LEGIT_0349,C_LEGIT_0361,M_049,0,5,1,1,1,0,NONE
TXN_007199,U_LEGIT_2353,172.24,547,D_LEGIT_0237,IP_LEGIT_0149,C_LEGIT_0117,M_075,0,1,0,2,1,0,NONE
TXN_003710,U_LEGIT_0699,22.15,873,D_SHARED_BENIGN_10,IP_LEGIT_0828,C_LEGIT_0140,M_077,0,2,0,1,1,0,NONE
TXN_000698,U_LEGIT_1737,173.8,1120,D_LEGIT_1910,IP_LEGIT_0983,C_LEGIT_2040,M_132,0,4,0,1,1,0,NONE
TXN_008240,U_LEGIT_2186,106.87,736,D_LEGIT_0781,IP_LEGIT_1631,C_LEGIT_1752,M_135,1,2,1,1,2,0,NONE
TXN_000740,U_LEGIT_1956,202.41,898,D_LEGIT_1315,IP_LEGIT_0780,C_LEGIT_0676,M_014,0,1,0,1,1,0,NONE
TXN_002118,U_LEGIT_1869,80.34,658,D_LEGIT_0759,IP_SHARED_BENIGN_10,C_LEGIT_2776,M_071,0,2,0,1,2,0,NONE
TXN_004542,U_LEGIT_0672,40.31,877,D_LEGIT_1520,IP_LEGIT_0307,C_LEGIT_2888,M_107,0,1,0,1,2,0,NONE
TXN_002529,U_LEGIT_2382,76.03,904,D_LEGIT_0414,IP_LEGIT_1894,C_LEGIT_1617,M_120,0,4,0,1,1,0,NONE
TXN_009137,U_INDIV_0181,571.92,1,D_INDIV_0262,IP_INDIV_0178,C_INDIV_0212,M_053,9,31,6,7,4,1,INDIVIDUAL_FRAUD
TXN_009654,U_CYCLE_013,313.8,10,D_CYCLE_019,IP_CYCLE_005,C_STOLEN_POOL_05,M_084,6,23,10,5,5,1,CARD_CYCLING
TXN_000714,U_LEGIT_0535,54.69,942,D_LEGIT_1233,IP_LEGIT_1202,C_LEGIT_2681,M_049,1,1,0,1,1,0,NONE
TXN_003768,U_LEGIT_1149,36.64,158,D_LEGIT_0836,IP_LEGIT_1488,C_LEGIT_0172,M_070,0,5,0,1,1,0,NONE
TXN_001290,U_LEGIT_0968,178.0,530,D_LEGIT_0295,IP_LEGIT_0342,C_LEGIT_1332,M_094,0,5,0,1,1,0,NONE
TXN_005942,U_LEGIT_1445,34.47,1020,D_LEGIT_0302,IP_SHARED_BENIGN_02,C_LEGIT_2644,M_005,0,3,0,1,2,0,NONE
TXN_006599,U_LEGIT_0037,217.82,774,D_LEGIT_0808,IP_LEGIT_1040,C_LEGIT_2979,M_042,0,3,0,1,1,0,NONE
TXN_000409,U_LEGIT_1357,155.88,1181,D_LEGIT_0101,IP_LEGIT_0366,C_LEGIT_0661,M_073,0,4,0,1,1,0,NONE
TXN_007884,U_LEGIT_1901,242.58,347,D_LEGIT_1917,IP_LEGIT_1838,C_LEGIT_0750,M_083,0,5,0,1,1,0,NONE
TXN_009414,U_INDIV_0199,1286.67,3,D_INDIV_0092,IP_INDIV_0262,C_INDIV_0079,M_031,17,21,9,3,5,1,INDIVIDUAL_FRAUD
TXN_008513,U_LEGIT_0425,55.95,189,D_LEGIT_1344,IP_LEGIT_0453,C_LEGIT_2343,M_035,0,5,0,2,1,0,NONE
TXN_009954,U_DIST_023,40.02,5,D_DIST_022,IP_DIST_PROXY_02,C_DIST_006,M_TARGET_HIGHVAL_99,5,17,2,2,2,1,DISTRIBUTED_ABUSE
TXN_004529,U_LEGIT_0684,22.65,565,D_LEGIT_0457,IP_LEGIT_1541,C_LEGIT_0520,M_124,0,2,0,1,1,0,NONE
TXN_006276,U_LEGIT_0011,99.07,1020,D_SHARED_BENIGN_03,IP_LEGIT_1050,C_LEGIT_2677,M_098,0,1,0,2,1,0,NONE
TXN_003612,U_LEGIT_1563,182.49,321,D_SHARED_BENIGN_03,IP_LEGIT_0620,C_LEGIT_1689,M_092,1,5,0,2,2,0,NONE
TXN_001243,U_LEGIT_0673,227.58,827,D_LEGIT_0459,IP_SHARED_BENIGN_09,C_LEGIT_1779,M_101,0,1,0,2,1,0,NONE
TXN_005258,U_LEGIT_0721,16.69,445,D_LEGIT_1080,IP_LEGIT_0237,C_LEGIT_1398,M_115,0,3,0,1,2,0,NONE
TXN_004756,U_LEGIT_0090,159.41,374,D_SHARED_BENIGN_07,IP_LEGIT_0599,C_LEGIT_1424,M_017,0,1,0,2,1,0,NONE
TXN_005274,U_LEGIT_0272,216.47,984,D_LEGIT_0156,IP_LEGIT_1422,C_LEGIT_0356,M_137,1,3,0,1,1,0,NONE
TXN_005168,U_LEGIT_1271,104.4,320,D_LEGIT_0839,IP_LEGIT_0169,C_LEGIT_1653,M_088,0,4,0,2,1,0,NONE
TXN_005975,U_LEGIT_1170,217.4,757,D_LEGIT_1636,IP_SHARED_BENIGN_07,C_LEGIT_0722,M_073,1,3,0,1,2,0,NONE
TXN_003850,U_LEGIT_1455,114.71,553,D_LEGIT_1896,IP_LEGIT_0578,C_LEGIT_0650,M_053,0,4,0,1,1,0,NONE
TXN_003042,U_LEGIT_1847,189.76,679,D_LEGIT_1988,IP_LEGIT_0033,C_LEGIT_2344,M_137,0,5,0,2,1,0,NONE
TXN_007229,U_LEGIT_1435,206.19,1013,D_LEGIT_0851,IP_LEGIT_0452,C_LEGIT_0719,M_103,0,3,0,2,2,0,NONE
TXN_004433,U_LEGIT_0763,48.82,564,D_LEGIT_1039,IP_LEGIT_0240,C_LEGIT_1459,M_104,0,4,0,1,1,0,NONE
TXN_002769,U_LEGIT_1857,24.96,324,D_LEGIT_0471,IP_LEGIT_0847,C_LEGIT_0185,M_070,1,3,0,1,2,0,NONE
TXN_009872,U_BURST_008,1333.46,1,D_BURST_016,IP_BURST_SUBNET_02,C_BURST_009,M_053,23,19,4,3,3,1,ACCOUNT_BURST
TXN_004392,U_LEGIT_2262,76.63,504,D_LEGIT_1372,IP_LEGIT_1107,C_LEGIT_1529,M_107,1,4,0,1,1,0,NONE
TXN_006925,U_LEGIT_0810,176.77,456,D_LEGIT_1482,IP_LEGIT_0965,C_LEGIT_1511,M_083,1,1,0,1,1,0,NONE
TXN_005844,U_LEGIT_0264,243.22,1117,D_LEGIT_1573,IP_LEGIT_0768,C_LEGIT_1615,M_053,0,4,0,1,2,0,NONE
TXN_001477,U_LEGIT_1002,232.79,333,D_SHARED_BENIGN_05,IP_LEGIT_0887,C_LEGIT_1247,M_098,0,2,0,1,1,0,NONE
TXN_009160,U_INDIV_0152,2081.07,5,D_INDIV_0380,IP_INDIV_0096,C_INDIV_0288,M_103,6,18,6,4,5,1,INDIVIDUAL_FRAUD
TXN_003725,U_LEGIT_0355,216.8,775,D_LEGIT_0767,IP_LEGIT_0332,C_LEGIT_0655,M_067,0,5,1,1,2,0,NONE
TXN_004705,U_LEGIT_2426,79.9,203,D_LEGIT_0524,IP_LEGIT_0051,C_LEGIT_2121,M_036,0,5,0,2,2,0,NONE
TXN_006746,U_LEGIT_1448,222.7,1171,D_LEGIT_1202,IP_LEGIT_0430,C_LEGIT_0717,M_011,1,5,0,1,1,0,NONE
TXN_003380,U_LEGIT_0930,120.27,852,D_LEGIT_1080,IP_LEGIT_0215,C_LEGIT_1765,M_122,0,1,0,1,1,0,NONE
TXN_001038,U_LEGIT_1685,155.71,1116,D_LEGIT_0504,IP_LEGIT_0268,C_LEGIT_1994,M_081,0,1,0,1,1,0,NONE
TXN_003157,U_LEGIT_1223,220.74,687,D_LEGIT_0553,IP_LEGIT_0500,C_LEGIT_0604,M_093,0,4,0,1,1,0,NONE
TXN_002062,U_LEGIT_2031,165.32,614,D_LEGIT_1759,IP_LEGIT_0559,C_LEGIT_2803,M_074,0,3,0,1,1,0,NONE
TXN_004282,U_LEGIT_0617,37.73,309,D_LEGIT_0842,IP_LEGIT_0212,C_LEGIT_0420,M_125,0,3,1,2,1,0,NONE
TXN_005772,U_LEGIT_2260,234.27,548,D_LEGIT_1012,IP_LEGIT_0279,C_LEGIT_2828,M_081,0,4,0,1,1,0,NONE
TXN_003677,U_LEGIT_0008,37.66,961,D_SHARED_BENIGN_03,IP_LEGIT_0450,C_LEGIT_2851,M_006,0,4,0,1,2,0,NONE
TXN_000979,U_LEGIT_0483,249.2,411,D_LEGIT_1343,IP_LEGIT_1893,C_LEGIT_1382,M_087,0,4,0,2,1,0,NONE
TXN_005355,U_LEGIT_1776,175.23,689,D_LEGIT_1804,IP_LEGIT_1262,C_LEGIT_1264,M_021,2,4,0,1,1,0,NONE
TXN_009304,U_INDIV_0192,1714.66,2,D_INDIV_0067,IP_INDIV_0128,C_INDIV_0229,M_019,7,43,5,5,4,1,INDIVIDUAL_FRAUD
TXN_006990,U_LEGIT_0100,219.87,250,D_LEGIT_1552,IP_LEGIT_0187,C_LEGIT_2739,M_064,0,4,0,1,1,0,NONE
TXN_005925,U_LEGIT_0889,203.03,440,D_LEGIT_0378,IP_SHARED_BENIGN_02,C_LEGIT_1787,M_130,0,3,0,1,1,0,NONE
TXN_007922,U_LEGIT_1717,109.23,1075,D_LEGIT_0519,IP_LEGIT_0831,C_LEGIT_0578,M_111,0,1,0,2,1,0,NONE
TXN_005657,U_LEGIT_1531,19.25,525,D_LEGIT_1486,IP_LEGIT_1492,C_LEGIT_0016,M_033,0,4,0,1,1,0,NONE
TXN_005695,U_LEGIT_0265,216.57,621,D_LEGIT_1299,IP_LEGIT_0513,C_LEGIT_0039,M_002,0,3,0,1,1,0,NONE
TXN_009044,U_INDIV_0013,986.62,4,D_INDIV_0313,IP_INDIV_0164,C_INDIV_0167,M_010,15,16,4,7,3,1,INDIVIDUAL_FRAUD
TXN_000730,U_LEGIT_1236,168.14,573,D_LEGIT_0588,IP_LEGIT_0213,C_LEGIT_1111,M_128,0,1,0,1,1,0,NONE
TXN_004824,U_LEGIT_0067,169.61,140,D_LEGIT_0806,IP_LEGIT_1759,C_LEGIT_2116,M_110,0,5,0,1,2,0,NONE
TXN_006701,U_LEGIT_1288,232.55,314,D_LEGIT_1178,IP_LEGIT_1146,C_LEGIT_2642,M_091,0,4,0,2,1,0,NONE
TXN_000599,U_LEGIT_0804,129.08,379,D_LEGIT_1308,IP_LEGIT_1782,C_LEGIT_1137,M_146,0,5,0,1,1,0,NONE
TXN_009592,U_FARM_008,82.83,2,D_FARM_HUB_01,IP_FARM_PROXY_01,C_FARM_045,M_125,11,34,4,1,5,1,DEVICE_FARM
TXN_004207,U_LEGIT_1256,8.74,1148,D_LEGIT_0162,IP_LEGIT_1008,C_LEGIT_1271,M_117,2,3,0,2,2,0,NONE
TXN_006317,U_LEGIT_2277,8.94,448,D_LEGIT_0694,IP_LEGIT_0264,C_LEGIT_2685,M_107,0,4,0,1,2,0,NONE
TXN_000290,U_LEGIT_1652,29.3,1050,D_LEGIT_0162,IP_LEGIT_1641,C_LEGIT_2348,M_115,0,1,1,1,1,0,NONE
TXN_002859,U_LEGIT_1999,218.35,1180,D_LEGIT_1327,IP_LEGIT_1030,C_LEGIT_2915,M_052,0,4,0,1,1,0,NONE
TXN_003503,U_LEGIT_0406,229.32,818,D_LEGIT_0973,IP_SHARED_BENIGN_08,C_LEGIT_2007,M_027,0,3,0,1,1,0,NONE
TXN_004097,U_LEGIT_0086,159.68,637,D_LEGIT_0606,IP_LEGIT_1162,C_LEGIT_1903,M_137,0,3,0,1,1,0,NONE
TXN_005675,U_LEGIT_0002,20.71,1048,D_LEGIT_1943,IP_LEGIT_0584,C_LEGIT_1544,M_066,0,1,0,1,2,0,NONE
TXN_006182,U_LEGIT_0085,214.94,560,D_LEGIT_1445,IP_LEGIT_0984,C_LEGIT_2317,M_008,0,2,0,2,1,0,NONE
TXN_001484,U_LEGIT_0852,47.54,1175,D_LEGIT_0120,IP_LEGIT_1099,C_LEGIT_1502,M_013,0,3,0,1,1,0,NONE
TXN_001100,U_LEGIT_0816,81.15,487,D_LEGIT_0511,IP_SHARED_BENIGN_03,C_LEGIT_1544,M_012,0,5,0,1,2,0,NONE
TXN_004335,U_LEGIT_2197,110.11,672,D_SHARED_BENIGN_08,IP_LEGIT_1132,C_LEGIT_0570,M_069,0,5,0,1,1,0,NONE
TXN_001674,U_LEGIT_1317,81.21,1141,D_LEGIT_1106,IP_LEGIT_1210,C_LEGIT_0739,M_002,0,1,0,2,1,0,NONE
TXN_000246,U_LEGIT_2325,162.79,243,D_SHARED_BENIGN_10,IP_LEGIT_1657,C_LEGIT_2505,M_057,1,2,0,1,1,0,NONE
TXN_008053,U_LEGIT_2096,15.57,243,D_LEGIT_1900,IP_LEGIT_0515,C_LEGIT_0482,M_054,0,2,0,2,1,0,NONE
TXN_000514,U_LEGIT_2269,21.49,569,D_LEGIT_1172,IP_LEGIT_1152,C_LEGIT_0641,M_130,0,4,0,1,1,0,NONE
TXN_000596,U_LEGIT_2205,170.68,752,D_SHARED_BENIGN_02,IP_LEGIT_1828,C_LEGIT_2751,M_114,2,4,0,1,2,0,NONE
TXN_001020,U_LEGIT_0761,58.03,61,D_LEGIT_1460,IP_LEGIT_1463,C_LEGIT_0834,M_127,0,4,0,1,1,0,NONE
TXN_003149,U_LEGIT_1621,215.23,61,D_LEGIT_1726,IP_LEGIT_0632,C_LEGIT_0128,M_113,0,2,0,1,1,0,NONE
TXN_003394,U_LEGIT_2233,71.38,429,D_LEGIT_1565,IP_LEGIT_1710,C_LEGIT_0826,M_021,0,5,0,2,1,0,NONE
TXN_000921,U_LEGIT_1533,75.0,123,D_LEGIT_0441,IP_LEGIT_0895,C_LEGIT_1126,M_048,0,2,0,1,1,0,NONE
TXN_002026,U_LEGIT_0670,62.43,892,D_LEGIT_1536,IP_LEGIT_1057,C_LEGIT_1364,M_129,1,2,0,1,1,0,NONE
TXN_009832,U_BURST_011,928.05,0,D_BURST_015,IP_BURST_SUBNET_01,C_BURST_002,M_074,25,34,5,1,3,1,ACCOUNT_BURST
TXN_009818,U_BURST_003,796.53,1,D_BURST_002,IP_BURST_SUBNET_01,C_BURST_014,M_027,22,23,2,2,1,1,ACCOUNT_BURST
TXN_006997,U_LEGIT_0246,200.91,863,D_LEGIT_1582,IP_LEGIT_1559,C_LEGIT_1075,M_068,0,2,0,1,2,0,NONE
TXN_007942,U_LEGIT_1560,191.96,129,D_LEGIT_1442,IP_LEGIT_1177,C_LEGIT_0492,M_058,0,2,0,1,1,0,NONE
TXN_000427,U_LEGIT_1606,125.98,163,D_LEGIT_1879,IP_LEGIT_1616,C_LEGIT_1331,M_117,0,3,0,1,1,0,NONE
TXN_006779,U_LEGIT_0942,155.27,1194,D_SHARED_BENIGN_03,IP_LEGIT_1931,C_LEGIT_1175,M_090,1,2,0,2,2,0,NONE
TXN_001207,U_LEGIT_1282,190.11,564,D_LEGIT_0236,IP_LEGIT_1033,C_LEGIT_2645,M_075,0,5,0,2,1,0,NONE
TXN_004130,U_LEGIT_1144,164.83,1016,D_LEGIT_1245,IP_LEGIT_1590,C_LEGIT_0577,M_059,1,4,0,1,2,0,NONE
TXN_004151,U_LEGIT_0328,166.71,313,D_LEGIT_0078,IP_LEGIT_1540,C_LEGIT_0304,M_088,0,5,0,1,2,0,NONE
TXN_001177,U_LEGIT_1954,150.99,1179,D_SHARED_BENIGN_06,IP_LEGIT_0219,C_LEGIT_1083,M_041,1,2,0,1,1,0,NONE
TXN_002625,U_LEGIT_1595,76.85,1033,D_LEGIT_1425,IP_LEGIT_1360,C_LEGIT_1024,M_146,0,1,0,1,1,0,NONE
TXN_002254,U_LEGIT_2362,114.56,98,D_LEGIT_0255,IP_LEGIT_0987,C_LEGIT_2495,M_100,0,3,0,1,2,0,NONE
TXN_005112,U_LEGIT_0928,176.44,496,D_LEGIT_1234,IP_LEGIT_0330,C_LEGIT_0563,M_132,0,5,0,2,1,0,NONE
TXN_003280,U_LEGIT_0528,242.65,133,D_LEGIT_0868,IP_LEGIT_0715,C_LEGIT_2476,M_121,1,2,0,1,1,0,NONE
TXN_000563,U_LEGIT_1202,200.63,361,D_LEGIT_0800,IP_LEGIT_1707,C_LEGIT_2758,M_093,0,3,0,1,2,0,NONE
TXN_007589,U_LEGIT_0672,226.45,622,D_LEGIT_1488,IP_LEGIT_0170,C_LEGIT_0272,M_026,0,3,0,2,1,0,NONE
TXN_003023,U_LEGIT_1808,149.1,160,D_LEGIT_1430,IP_LEGIT_0457,C_LEGIT_2377,M_010,0,3,0,2,1,0,NONE
TXN_008865,U_LEGIT_0221,126.31,687,D_LEGIT_1969,IP_LEGIT_1721,C_LEGIT_0553,M_057,0,5,0,2,2,0,NONE
TXN_004107,U_LEGIT_1619,206.97,317,D_LEGIT_0938,IP_SHARED_BENIGN_08,C_LEGIT_0460,M_022,0,4,0,1,1,0,NONE
TXN_008874,U_LEGIT_0640,225.74,1151,D_LEGIT_0978,IP_LEGIT_1920,C_LEGIT_1002,M_111,0,3,0,2,1,0,NONE
TXN_002702,U_LEGIT_2131,27.31,735,D_LEGIT_1246,IP_LEGIT_1529,C_LEGIT_2370,M_048,0,1,0,1,2,0,NONE
TXN_002598,U_LEGIT_0126,223.98,201,D_LEGIT_0142,IP_LEGIT_1405,C_LEGIT_1422,M_093,0,5,0,1,1,0,NONE
TXN_001957,U_LEGIT_2158,89.09,398,D_LEGIT_1943,IP_LEGIT_1432,C_LEGIT_1142,M_017,0,1,0,1,1,0,NONE
TXN_002330,U_LEGIT_1915,76.97,490,D_LEGIT_1484,IP_LEGIT_0966,C_LEGIT_1169,M_015,0,5,0,2,2,0,NONE
TXN_009462,U_INDIV_0020,2451.59,6,D_INDIV_0295,IP_INDIV_0390,C_INDIV_0260,M_029,16,39,8,5,5,1,INDIVIDUAL_FRAUD
TXN_007733,U_LEGIT_2270,218.65,85,D_LEGIT_1769,IP_LEGIT_0251,C_LEGIT_0909,M_048,0,4,0,1,2,0,NONE
TXN_005541,U_LEGIT_1457,103.07,463,D_LEGIT_0041,IP_LEGIT_0353,C_LEGIT_1334,M_092,0,4,0,1,1,0,NONE
TXN_005436,U_LEGIT_1280,171.58,494,D_LEGIT_0466,IP_LEGIT_1439,C_LEGIT_0343,M_085,0,3,0,1,1,0,NONE
TXN_005875,U_LEGIT_1833,207.06,638,D_SHARED_BENIGN_07,IP_SHARED_BENIGN_07,C_LEGIT_0354,M_095,1,3,0,1,1,0,NONE
TXN_007569,U_LEGIT_2459,177.04,199,D_LEGIT_0185,IP_LEGIT_0992,C_LEGIT_2067,M_067,0,4,0,1,1,0,NONE
TXN_007141,U_LEGIT_2315,98.36,666,D_LEGIT_0472,IP_LEGIT_1671,C_LEGIT_0156,M_062,0,2,0,1,2,0,NONE
TXN_000186,U_LEGIT_0108,10.99,877,D_SHARED_BENIGN_09,IP_SHARED_BENIGN_10,C_LEGIT_1329,M_099,0,1,0,1,1,0,NONE
TXN_006949,U_LEGIT_0105,192.05,904,D_LEGIT_1457,IP_LEGIT_0590,C_LEGIT_2957,M_004,0,4,0,1,2,0,NONE
TXN_008128,U_LEGIT_1159,212.27,728,D_LEGIT_0679,IP_LEGIT_0258,C_LEGIT_1527,M_048,0,5,0,2,1,0,NONE
TXN_002011,U_LEGIT_2228,31.82,1145,D_LEGIT_0052,IP_LEGIT_1013,C_LEGIT_0850,M_118,0,5,0,1,1,0,NONE
TXN_002755,U_LEGIT_1596,60.55,291,D_LEGIT_0217,IP_LEGIT_1400,C_LEGIT_1012,M_149,0,2,0,1,1,0,NONE
TXN_007757,U_LEGIT_1858,154.0,524,D_LEGIT_0701,IP_SHARED_BENIGN_07,C_LEGIT_2401,M_058,0,4,0,1,2,0,NONE
TXN_007212,U_LEGIT_0072,65.72,463,D_LEGIT_1468,IP_LEGIT_1721,C_LEGIT_1902,M_030,0,3,0,1,1,0,NONE
TXN_008014,U_LEGIT_0314,115.7,909,D_LEGIT_1952,IP_LEGIT_1013,C_LEGIT_0031,M_097,0,5,0,1,1,0,NONE
TXN_008384,U_LEGIT_1963,141.14,484,D_LEGIT_1021,IP_LEGIT_0183,C_LEGIT_2621,M_027,0,5,0,1,2,0,NONE
TXN_002225,U_LEGIT_2309,160.73,515,D_LEGIT_1128,IP_LEGIT_1164,C_LEGIT_2032,M_103,0,4,0,2,1,0,NONE
TXN_002142,U_LEGIT_1385,32.26,473,D_LEGIT_0423,IP_LEGIT_1328,C_LEGIT_2636,M_139,0,4,0,1,1,0,NONE
TXN_004825,U_LEGIT_1367,242.08,166,D_LEGIT_0529,IP_LEGIT_0041,C_LEGIT_1367,M_058,0,5,0,1,1,0,NONE
TXN_003132,U_LEGIT_0074,15.87,747,D_LEGIT_0735,IP_LEGIT_0044,C_LEGIT_1342,M_091,0,5,0,1,1,0,NONE
TXN_003949,U_LEGIT_0578,127.79,1045,D_LEGIT_1315,IP_LEGIT_0202,C_LEGIT_0144,M_027,1,5,0,1,1,0,NONE
TXN_006205,U_LEGIT_0622,233.01,601,D_LEGIT_0829,IP_LEGIT_1562,C_LEGIT_1724,M_057,0,4,0,1,2,0,NONE
TXN_002235,U_LEGIT_2406,170.03,867,D_LEGIT_1885,IP_LEGIT_0249,C_LEGIT_2476,M_064,0,1,0,2,1,0,NONE
TXN_005317,U_LEGIT_0094,188.92,828,D_LEGIT_0247,IP_LEGIT_0540,C_LEGIT_0284,M_012,1,3,0,1,1,0,NONE
TXN_009168,U_INDIV_0097,1919.45,0,D_INDIV_0396,IP_INDIV_0124,C_INDIV_0162,M_093,12,39,9,7,6,1,INDIVIDUAL_FRAUD
TXN_008507,U_LEGIT_2317,158.97,885,D_SHARED_BENIGN_06,IP_LEGIT_1922,C_LEGIT_2458,M_083,1,3,0,1,2,0,NONE
TXN_009935,U_DIST_017,69.56,25,D_DIST_012,IP_DIST_PROXY_01,C_DIST_024,M_TARGET_HIGHVAL_99,5,16,2,1,1,1,DISTRIBUTED_ABUSE
TXN_007857,U_LEGIT_2316,112.56,134,D_LEGIT_1228,IP_LEGIT_1627,C_LEGIT_2882,M_020,0,3,0,1,1,0,NONE
TXN_000091,U_LEGIT_1389,83.63,552,D_LEGIT_0817,IP_LEGIT_0195,C_LEGIT_1281,M_110,0,2,0,2,1,0,NONE
TXN_008279,U_LEGIT_1587,162.53,842,D_LEGIT_1915,IP_LEGIT_1258,C_LEGIT_0289,M_028,0,4,0,1,1,0,NONE
TXN_009600,U_FARM_022,209.72,2,D_FARM_HUB_01,IP_FARM_PROXY_01,C_FARM_009,M_123,16,44,5,1,4,1,DEVICE_FARM
TXN_003976,U_LEGIT_1318,32.28,155,D_LEGIT_0782,IP_LEGIT_1267,C_LEGIT_2316,M_101,0,5,0,2,2,0,NONE
TXN_004045,U_LEGIT_0582,192.05,475,D_LEGIT_0742,IP_LEGIT_1013,C_LEGIT_1339,M_134,1,4,0,1,1,0,NONE
TXN_005379,U_LEGIT_1485,199.76,91,D_SHARED_BENIGN_06,IP_LEGIT_0518,C_LEGIT_0295,M_049,2,4,0,1,1,0,NONE
TXN_001108,U_LEGIT_1964,66.4,1097,D_LEGIT_1619,IP_LEGIT_0833,C_LEGIT_2647,M_041,0,1,0,1,2,0,NONE
TXN_004727,U_LEGIT_0066,224.24,241,D_LEGIT_0110,IP_LEGIT_0366,C_LEGIT_2639,M_101,0,3,0,2,1,0,NONE
TXN_007284,U_LEGIT_1270,65.76,443,D_LEGIT_1994,IP_LEGIT_0219,C_LEGIT_2713,M_018,0,5,0,1,1,0,NONE
TXN_000259,U_LEGIT_1569,105.52,852,D_LEGIT_1172,IP_LEGIT_0077,C_LEGIT_0706,M_071,0,3,0,1,2,0,NONE
TXN_009128,U_INDIV_0151,772.43,2,D_INDIV_0208,IP_INDIV_0014,C_INDIV_0147,M_092,11,31,3,6,8,1,INDIVIDUAL_FRAUD
TXN_002020,U_LEGIT_0661,140.2,868,D_LEGIT_0277,IP_LEGIT_0255,C_LEGIT_0453,M_072,0,4,0,1,1,0,NONE
TXN_003268,U_LEGIT_2126,216.65,350,D_LEGIT_1750,IP_LEGIT_1341,C_LEGIT_2011,M_077,0,1,0,1,1,0,NONE
TXN_006867,U_LEGIT_0982,143.4,886,D_LEGIT_1921,IP_SHARED_BENIGN_08,C_LEGIT_0862,M_073,0,5,0,1,1,0,NONE
TXN_006943,U_LEGIT_1540,67.54,1054,D_LEGIT_1641,IP_LEGIT_0690,C_LEGIT_0876,M_021,0,4,0,1,2,0,NONE
TXN_000238,U_LEGIT_1688,109.45,1106,D_LEGIT_0982,IP_SHARED_BENIGN_05,C_LEGIT_1569,M_036,0,5,0,2,1,0,NONE
TXN_009261,U_INDIV_0055,1032.08,4,D_INDIV_0242,IP_INDIV_0331,C_INDIV_0121,M_071,16,25,3,4,3,1,INDIVIDUAL_FRAUD
TXN_001797,U_LEGIT_2348,18.93,915,D_LEGIT_0039,IP_LEGIT_1198,C_LEGIT_2573,M_141,0,5,0,1,1,0,NONE
TXN_009034,U_INDIV_0063,983.56,5,D_INDIV_0266,IP_INDIV_0268,C_INDIV_0242,M_010,16,29,8,4,4,1,INDIVIDUAL_FRAUD
TXN_006479,U_LEGIT_1430,166.55,380,D_LEGIT_1364,IP_LEGIT_0166,C_LEGIT_1444,M_139,0,1,0,1,1,0,NONE
TXN_004072,U_LEGIT_0005,153.93,818,D_LEGIT_1946,IP_LEGIT_1764,C_LEGIT_1983,M_031,0,5,0,1,1,0,NONE
TXN_005044,U_LEGIT_1445,207.16,426,D_LEGIT_0197,IP_LEGIT_1110,C_LEGIT_2240,M_118,0,4,0,1,2,0,NONE
TXN_002208,U_LEGIT_1022,181.15,487,D_LEGIT_1501,IP_LEGIT_0708,C_LEGIT_0088,M_090,0,3,0,1,1,0,NONE
TXN_009198,U_INDIV_0013,1802.51,4,D_INDIV_0211,IP_INDIV_0370,C_INDIV_0046,M_135,13,22,6,7,6,1,INDIVIDUAL_FRAUD
TXN_007077,U_LEGIT_2414,223.07,553,D_LEGIT_1756,IP_LEGIT_0042,C_LEGIT_0165,M_033,0,1,0,1,1,0,NONE
TXN_005510,U_LEGIT_1540,111.92,1033,D_LEGIT_1790,IP_LEGIT_1854,C_LEGIT_0422,M_076,1,3,0,1,2,0,NONE
TXN_008182,U_LEGIT_2029,238.61,1011,D_LEGIT_1399,IP_SHARED_BENIGN_07,C_LEGIT_2905,M_057,0,3,0,1,1,0,NONE
TXN_007776,U_LEGIT_1234,213.48,997,D_LEGIT_0155,IP_LEGIT_0194,C_LEGIT_2671,M_083,0,3,0,1,2,0,NONE
TXN_006389,U_LEGIT_1972,41.71,606,D_LEGIT_1959,IP_LEGIT_0989,C_LEGIT_0177,M_114,0,3,0,2,2,0,NONE
TXN_001807,U_LEGIT_0830,159.08,111,D_LEGIT_0159,IP_LEGIT_1800,C_LEGIT_2231,M_139,0,2,0,1,1,0,NONE
TXN_007892,U_LEGIT_2303,225.68,502,D_LEGIT_0061,IP_LEGIT_1092,C_LEGIT_2731,M_009,0,5,0,2,1,0,NONE
TXN_001775,U_LEGIT_1959,65.61,100,D_SHARED_BENIGN_08,IP_SHARED_BENIGN_09,C_LEGIT_1481,M_014,0,3,0,1,1,0,NONE
TXN_000857,U_LEGIT_1218,130.99,903,D_LEGIT_0099,IP_LEGIT_1838,C_LEGIT_2152,M_149,0,4,0,1,1,0,NONE
TXN_000278,U_LEGIT_0936,48.89,780,D_LEGIT_0269,IP_LEGIT_0045,C_LEGIT_2416,M_130,0,1,0,1,1,0,NONE
TXN_003171,U_LEGIT_2222,217.08,290,D_LEGIT_1042,IP_LEGIT_0138,C_LEGIT_0361,M_062,0,3,0,1,2,0,NONE
TXN_002109,U_LEGIT_1438,197.8,107,D_LEGIT_1676,IP_LEGIT_1711,C_LEGIT_0452,M_102,0,3,0,1,1,0,NONE
TXN_001090,U_LEGIT_0844,139.65,1094,D_LEGIT_0812,IP_SHARED_BENIGN_07,C_LEGIT_0459,M_129,0,1,0,1,1,0,NONE
TXN_000136,U_LEGIT_1703,185.68,737,D_LEGIT_0418,IP_LEGIT_0295,C_LEGIT_1281,M_082,2,2,0,1,1,0,NONE
TXN_003792,U_LEGIT_1429,111.68,668,D_LEGIT_1916,IP_LEGIT_1041,C_LEGIT_1450,M_140,2,4,0,1,1,0,NONE
TXN_009886,U_DIST_020,52.43,23,D_DIST_025,IP_DIST_PROXY_02,C_DIST_028,M_TARGET_HIGHVAL_99,7,13,0,1,1,1,DISTRIBUTED_ABUSE
TXN_002136,U_LEGIT_2131,168.73,964,D_LEGIT_0402,IP_LEGIT_1750,C_LEGIT_2735,M_003,0,2,0,2,1,0,NONE
TXN_005266,U_LEGIT_2464,121.76,789,D_LEGIT_0860,IP_SHARED_BENIGN_10,C_LEGIT_2029,M_011,0,2,0,1,2,0,NONE
TXN_004531,U_LEGIT_1145,69.26,1087,D_LEGIT_1495,IP_SHARED_BENIGN_06,C_LEGIT_2793,M_024,0,2,0,2,1,0,NONE
TXN_001570,U_LEGIT_1062,151.26,462,D_LEGIT_0929,IP_LEGIT_1547,C_LEGIT_2372,M_059,1,5,0,1,2,0,NONE
TXN_009182,U_INDIV_0107,1173.94,4,D_INDIV_0395,IP_INDIV_0115,C_INDIV_0315,M_034,15,28,8,4,7,1,INDIVIDUAL_FRAUD
TXN_009983,U_DIST_012,33.36,5,D_DIST_027,IP_DIST_PROXY_04,C_DIST_008,M_TARGET_HIGHVAL_99,6,9,0,1,2,1,DISTRIBUTED_ABUSE
TXN_007584,U_LEGIT_0656,48.05,622,D_LEGIT_1049,IP_LEGIT_0662,C_LEGIT_1174,M_132,0,4,0,2,1,0,NONE
TXN_000715,U_LEGIT_1943,54.39,1157,D_LEGIT_0414,IP_LEGIT_0315,C_LEGIT_0180,M_033,0,5,1,1,2,0,NONE
TXN_001165,U_LEGIT_1747,249.49,1153,D_LEGIT_0336,IP_LEGIT_1567,C_LEGIT_1183,M_080,0,1,1,1,1,0,NONE
TXN_000957,U_LEGIT_1330,146.93,1180,D_LEGIT_1501,IP_LEGIT_0311,C_LEGIT_0617,M_077,0,2,0,1,1,0,NONE
TXN_002592,U_LEGIT_0606,160.0,707,D_LEGIT_0811,IP_LEGIT_0845,C_LEGIT_2165,M_086,0,5,0,1,1,0,NONE
TXN_003925,U_LEGIT_1737,118.29,990,D_LEGIT_0692,IP_LEGIT_0440,C_LEGIT_2442,M_029,0,3,0,1,2,0,NONE
TXN_005954,U_LEGIT_1814,161.34,272,D_LEGIT_1893,IP_LEGIT_1847,C_LEGIT_1211,M_046,0,1,0,1,2,0,NONE
TXN_008711,U_LEGIT_0984,68.92,373,D_LEGIT_0950,IP_SHARED_BENIGN_03,C_LEGIT_1248,M_057,2,5,0,2,1,0,NONE
TXN_001973,U_LEGIT_0082,41.61,954,D_LEGIT_1664,IP_LEGIT_0354,C_LEGIT_1577,M_109,0,4,0,1,1,0,NONE
TXN_000911,U_LEGIT_0317,113.37,725,D_LEGIT_0283,IP_LEGIT_0091,C_LEGIT_0866,M_078,0,2,0,1,1,0,NONE
TXN_000977,U_LEGIT_0540,160.92,435,D_LEGIT_0768,IP_LEGIT_1187,C_LEGIT_0141,M_099,2,1,0,1,1,0,NONE
TXN_003445,U_LEGIT_1840,62.74,703,D_LEGIT_1492,IP_LEGIT_1169,C_LEGIT_0809,M_062,0,5,0,1,1,0,NONE
TXN_008891,U_LEGIT_2084,41.22,1034,D_LEGIT_1439,IP_LEGIT_0064,C_LEGIT_2710,M_142,0,2,0,2,1,0,NONE
TXN_000662,U_LEGIT_0812,52.92,150,D_LEGIT_1030,IP_LEGIT_0923,C_LEGIT_2323,M_055,0,2,0,2,2,0,NONE
TXN_002299,U_LEGIT_2329,156.95,638,D_SHARED_BENIGN_01,IP_LEGIT_1017,C_LEGIT_2406,M_073,0,3,0,1,1,0,NONE
TXN_009227,U_INDIV_0071,1148.24,3,D_INDIV_0379,IP_INDIV_0379,C_INDIV_0181,M_019,6,19,4,7,6,1,INDIVIDUAL_FRAUD
TXN_007336,U_LEGIT_1868,26.8,291,D_LEGIT_0909,IP_LEGIT_0163,C_LEGIT_2689,M_103,0,4,0,1,1,0,NONE
TXN_003729,U_LEGIT_1151,224.54,956,D_LEGIT_0012,IP_LEGIT_1148,C_LEGIT_0147,M_061,0,3,0,1,1,0,NONE
TXN_001631,U_LEGIT_2051,201.21,306,D_SHARED_BENIGN_03,IP_LEGIT_1371,C_LEGIT_1201,M_050,0,4,1,1,1,0,NONE
TXN_009867,U_BURST_017,861.03,1,D_BURST_009,IP_BURST_SUBNET_01,C_BURST_024,M_088,21,20,4,1,2,1,ACCOUNT_BURST
TXN_005673,U_LEGIT_1954,130.89,585,D_SHARED_BENIGN_07,IP_LEGIT_1460,C_LEGIT_1476,M_050,0,3,0,1,2,0,NONE
TXN_005008,U_LEGIT_0187,225.21,1140,D_LEGIT_1817,IP_LEGIT_0682,C_LEGIT_2711,M_143,0,4,0,1,1,0,NONE
TXN_001924,U_LEGIT_1620,56.51,261,D_LEGIT_1291,IP_LEGIT_0288,C_LEGIT_2131,M_110,0,2,0,1,1,0,NONE
TXN_002043,U_LEGIT_1055,113.56,551,D_LEGIT_0760,IP_LEGIT_1961,C_LEGIT_2158,M_098,0,5,0,1,1,0,NONE
TXN_007945,U_LEGIT_2209,247.23,782,D_LEGIT_1462,IP_LEGIT_0779,C_LEGIT_1148,M_035,0,3,0,1,1,0,NONE
TXN_006642,U_LEGIT_1743,147.12,287,D_LEGIT_1395,IP_LEGIT_0879,C_LEGIT_2130,M_117,0,4,0,1,1,0,NONE
TXN_002640,U_LEGIT_0122,127.43,903,D_LEGIT_0276,IP_LEGIT_1499,C_LEGIT_0811,M_138,0,4,0,2,2,0,NONE
TXN_004063,U_LEGIT_2329,55.43,806,D_LEGIT_0156,IP_LEGIT_0781,C_LEGIT_2624,M_088,0,1,0,1,2,0,NONE
TXN_004147,U_LEGIT_0777,213.54,1105,D_LEGIT_1281,IP_LEGIT_1874,C_LEGIT_1225,M_101,0,5,0,1,1,0,NONE
TXN_003569,U_LEGIT_0922,9.08,892,D_LEGIT_1430,IP_LEGIT_0029,C_LEGIT_0024,M_124,1,1,0,1,1,0,NONE
TXN_009761,U_BURST_007,1238.82,0,D_BURST_020,IP_BURST_SUBNET_01,C_BURST_018,M_033,10,26,5,1,3,1,ACCOUNT_BURST
TXN_006330,U_LEGIT_0818,104.1,776,D_LEGIT_0313,IP_LEGIT_0167,C_LEGIT_2104,M_045,0,5,0,1,1,0,NONE
TXN_004350,U_LEGIT_2014,12.39,369,D_LEGIT_1728,IP_LEGIT_1056,C_LEGIT_0215,M_061,2,5,0,1,1,0,NONE
TXN_007081,U_LEGIT_0777,28.22,711,D_LEGIT_0906,IP_LEGIT_0578,C_LEGIT_1069,M_047,0,1,1,2,1,0,NONE
TXN_006057,U_LEGIT_0793,68.27,191,D_LEGIT_1927,IP_LEGIT_0884,C_LEGIT_1835,M_039,0,1,0,1,1,0,NONE
TXN_006710,U_LEGIT_1561,111.29,331,D_LEGIT_0944,IP_LEGIT_0676,C_LEGIT_1716,M_048,0,5,0,1,1,0,NONE
TXN_005182,U_LEGIT_1718,95.52,788,D_LEGIT_0718,IP_LEGIT_1360,C_LEGIT_1370,M_109,0,1,0,1,2,0,NONE
TXN_000202,U_LEGIT_1985,107.01,1037,D_LEGIT_1670,IP_LEGIT_1151,C_LEGIT_2071,M_127,0,4,0,1,1,0,NONE
TXN_009177,U_INDIV_0087,2587.04,0,D_INDIV_0173,IP_INDIV_0233,C_INDIV_0010,M_099,15,33,9,3,7,1,INDIVIDUAL_FRAUD
TXN_000826,U_LEGIT_2121,176.8,257,D_LEGIT_1025,IP_LEGIT_1267,C_LEGIT_0233,M_140,0,3,0,1,1,0,NONE
TXN_005887,U_LEGIT_0100,215.52,1002,D_LEGIT_0003,IP_LEGIT_0503,C_LEGIT_1397,M_035,0,1,0,1,2,0,NONE
TXN_008856,U_LEGIT_0222,157.49,632,D_LEGIT_0247,IP_LEGIT_1525,C_LEGIT_1656,M_004,0,2,0,2,1,0,NONE
TXN_003471,U_LEGIT_1943,117.92,515,D_LEGIT_0780,IP_SHARED_BENIGN_07,C_LEGIT_0252,M_111,0,4,0,1,1,0,NONE
TXN_004527,U_LEGIT_1615,137.56,89,D_SHARED_BENIGN_08,IP_LEGIT_1191,C_LEGIT_1340,M_132,0,2,0,1,1,0,NONE
TXN_005789,U_LEGIT_1712,72.49,1080,D_SHARED_BENIGN_03,IP_LEGIT_0868,C_LEGIT_2592,M_113,0,5,0,1,1,0,NONE
TXN_006993,U_LEGIT_1589,16.65,1144,D_LEGIT_0913,IP_LEGIT_1238,C_LEGIT_1305,M_136,0,1,0,2,1,0,NONE
TXN_006820,U_LEGIT_1101,64.23,1059,D_LEGIT_0113,IP_LEGIT_0368,C_LEGIT_1886,M_109,0,5,0,1,1,0,NONE
TXN_009309,U_INDIV_0186,2417.14,2,D_INDIV_0373,IP_INDIV_0091,C_INDIV_0203,M_140,9,34,4,3,3,1,INDIVIDUAL_FRAUD
TXN_002353,U_LEGIT_1222,39.47,186,D_LEGIT_1791,IP_LEGIT_0386,C_LEGIT_0257,M_027,0,1,0,1,2,0,NONE
TXN_003897,U_LEGIT_1251,51.2,619,D_LEGIT_1244,IP_LEGIT_1155,C_LEGIT_2277,M_140,0,3,0,1,1,0,NONE
TXN_001853,U_LEGIT_0653,113.1,680,D_LEGIT_0905,IP_LEGIT_1944,C_LEGIT_1110,M_101,0,3,0,2,1,0,NONE
TXN_002412,U_LEGIT_0050,164.9,945,D_LEGIT_1981,IP_LEGIT_1821,C_LEGIT_2943,M_018,0,3,0,1,1,0,NONE
TXN_005830,U_LEGIT_0399,103.84,637,D_LEGIT_0184,IP_LEGIT_1783,C_LEGIT_0036,M_002,0,4,0,1,1,0,NONE
TXN_002619,U_LEGIT_0808,203.19,1129,D_LEGIT_0206,IP_LEGIT_0774,C_LEGIT_1887,M_002,0,1,0,1,1,0,NONE
TXN_009831,U_BURST_002,1457.64,1,D_BURST_006,IP_BURST_SUBNET_02,C_BURST_015,M_139,23,18,1,1,2,1,ACCOUNT_BURST
TXN_004686,U_LEGIT_2384,31.73,1137,D_LEGIT_1779,IP_LEGIT_1134,C_LEGIT_0124,M_019,0,1,0,1,1,0,NONE
TXN_003737,U_LEGIT_0436,237.74,728,D_LEGIT_1191,IP_LEGIT_1666,C_LEGIT_2956,M_002,0,3,0,2,2,0,NONE
TXN_009073,U_INDIV_0064,1155.23,4,D_INDIV_0223,IP_INDIV_0078,C_INDIV_0072,M_027,6,42,7,7,7,1,INDIVIDUAL_FRAUD
TXN_002978,U_LEGIT_0654,75.09,801,D_LEGIT_1921,IP_LEGIT_1564,C_LEGIT_0366,M_102,0,2,0,2,1,0,NONE
TXN_001168,U_LEGIT_0665,123.84,749,D_LEGIT_0329,IP_LEGIT_1413,C_LEGIT_2191,M_050,0,4,0,2,1,0,NONE
TXN_006686,U_LEGIT_2126,109.55,213,D_LEGIT_1576,IP_LEGIT_1968,C_LEGIT_1210,M_131,0,3,0,1,1,0,NONE
TXN_006272,U_LEGIT_0316,186.17,605,D_LEGIT_0164,IP_SHARED_BENIGN_06,C_LEGIT_1421,M_119,0,2,0,1,1,0,NONE
TXN_008672,U_LEGIT_0703,153.17,122,D_LEGIT_1435,IP_LEGIT_0147,C_LEGIT_0635,M_043,1,4,0,1,1,0,NONE
TXN_006700,U_LEGIT_2129,73.41,1013,D_LEGIT_0700,IP_SHARED_BENIGN_02,C_LEGIT_2784,M_103,0,4,0,2,2,0,NONE
TXN_000336,U_LEGIT_0263,233.23,850,D_LEGIT_0760,IP_SHARED_BENIGN_01,C_LEGIT_2968,M_099,0,5,0,1,1,0,NONE
TXN_004787,U_LEGIT_1200,227.41,1015,D_LEGIT_0118,IP_LEGIT_1365,C_LEGIT_0351,M_138,0,2,0,1,1,0,NONE
TXN_004630,U_LEGIT_1604,55.27,1162,D_LEGIT_1192,IP_LEGIT_1119,C_LEGIT_2194,M_069,0,3,0,1,1,0,NONE
TXN_008846,U_LEGIT_2097,57.74,217,D_LEGIT_0987,IP_SHARED_BENIGN_06,C_LEGIT_0960,M_002,0,2,0,1,1,0,NONE
TXN_005930,U_LEGIT_1609,137.64,357,D_LEGIT_1754,IP_LEGIT_0576,C_LEGIT_0983,M_105,0,5,0,1,2,0,NONE
TXN_002210,U_LEGIT_2110,211.25,911,D_LEGIT_0270,IP_LEGIT_0839,C_LEGIT_1008,M_005,0,4,0,1,1,0,NONE
TXN_007591,U_LEGIT_2302,164.11,676,D_LEGIT_0439,IP_LEGIT_0499,C_LEGIT_0264,M_056,0,4,0,2,1,0,NONE
TXN_009820,U_BURST_020,447.81,1,D_BURST_011,IP_BURST_SUBNET_02,C_BURST_008,M_040,10,23,2,1,2,1,ACCOUNT_BURST
TXN_008342,U_LEGIT_1700,87.54,781,D_LEGIT_0517,IP_LEGIT_0347,C_LEGIT_1553,M_015,0,3,0,2,1,0,NONE
TXN_001368,U_LEGIT_0462,236.38,1190,D_LEGIT_1351,IP_LEGIT_0062,C_LEGIT_1606,M_041,0,2,0,1,1,0,NONE
TXN_006155,U_LEGIT_0007,189.74,594,D_LEGIT_0515,IP_LEGIT_0817,C_LEGIT_0097,M_037,0,1,0,1,1,0,NONE
TXN_009343,U_INDIV_0168,1466.97,3,D_INDIV_0117,IP_INDIV_0126,C_INDIV_0193,M_109,18,49,5,5,4,1,INDIVIDUAL_FRAUD
TXN_002485,U_LEGIT_1522,77.73,335,D_LEGIT_0035,IP_LEGIT_1968,C_LEGIT_2555,M_059,0,2,0,1,1,0,NONE
TXN_003869,U_LEGIT_0027,40.04,269,D_LEGIT_1699,IP_SHARED_BENIGN_01,C_LEGIT_0614,M_036,0,4,0,1,1,0,NONE
TXN_004564,U_LEGIT_1479,33.63,417,D_LEGIT_1666,IP_LEGIT_0054,C_LEGIT_2364,M_065,0,4,0,1,1,0,NONE
TXN_009252,U_INDIV_0167,1668.29,3,D_INDIV_0114,IP_INDIV_0157,C_INDIV_0318,M_137,8,23,7,6,5,1,INDIVIDUAL_FRAUD
TXN_000097,U_LEGIT_1815,190.7,263,D_LEGIT_0995,IP_LEGIT_0849,C_LEGIT_1119,M_056,0,1,0,2,1,0,NONE
TXN_008830,U_LEGIT_0531,148.47,442,D_LEGIT_0453,IP_LEGIT_0581,C_LEGIT_0450,M_002,1,1,0,1,1,0,NONE
TXN_003622,U_LEGIT_0091,200.61,1109,D_LEGIT_0955,IP_LEGIT_1635,C_LEGIT_0428,M_011,0,5,0,1,1,0,NONE
TXN_001471,U_LEGIT_1508,111.23,510,D_LEGIT_0331,IP_LEGIT_0948,C_LEGIT_1694,M_053,2,3,0,1,2,0,NONE
TXN_006046,U_LEGIT_0619,33.65,226,D_LEGIT_1987,IP_LEGIT_0373,C_LEGIT_2288,M_138,0,5,0,1,2,0,NONE
TXN_005480,U_LEGIT_0195,89.89,583,D_LEGIT_1838,IP_LEGIT_1127,C_LEGIT_2275,M_120,0,2,0,1,1,0,NONE
TXN_004904,U_LEGIT_2061,195.45,255,D_LEGIT_0259,IP_LEGIT_1325,C_LEGIT_1458,M_027,0,5,0,1,2,0,NONE
TXN_003903,U_LEGIT_0582,28.94,908,D_LEGIT_1705,IP_LEGIT_0362,C_LEGIT_0510,M_087,0,3,0,2,2,0,NONE
TXN_004901,U_LEGIT_1562,178.05,1095,D_LEGIT_0347,IP_LEGIT_0172,C_LEGIT_0189,M_114,0,3,0,1,2,0,NONE
TXN_004268,U_LEGIT_1084,83.33,1200,D_SHARED_BENIGN_10,IP_LEGIT_0686,C_LEGIT_1244,M_077,0,3,0,1,2,0,NONE
TXN_001462,U_LEGIT_2033,66.96,910,D_SHARED_BENIGN_02,IP_LEGIT_0151,C_LEGIT_0827,M_147,1,5,0,2,2,0,NONE
TXN_009824,U_BURST_009,1253.98,1,D_BURST_006,IP_BURST_SUBNET_02,C_BURST_018,M_120,13,28,1,2,1,1,ACCOUNT_BURST
TXN_004641,U_LEGIT_1584,92.04,369,D_SHARED_BENIGN_02,IP_LEGIT_0003,C_LEGIT_1768,M_101,0,2,0,1,1,0,NONE
TXN_005868,U_LEGIT_1961,38.44,371,D_LEGIT_0602,IP_LEGIT_1320,C_LEGIT_1439,M_037,0,2,0,1,1,0,NONE
TXN_001832,U_LEGIT_1124,118.82,839,D_LEGIT_1264,IP_LEGIT_0503,C_LEGIT_1436,M_017,1,4,0,1,2,0,NONE
TXN_003886,U_LEGIT_1588,205.46,1021,D_LEGIT_1657,IP_LEGIT_0272,C_LEGIT_2146,M_107,0,3,0,1,1,0,NONE
TXN_000276,U_LEGIT_0927,150.46,372,D_LEGIT_0706,IP_LEGIT_0211,C_LEGIT_1572,M_129,0,1,0,1,2,0,NONE
TXN_006204,U_LEGIT_1907,179.74,785,D_LEGIT_1832,IP_LEGIT_1410,C_LEGIT_1273,M_004,0,2,0,2,2,0,NONE
TXN_009640,U_CYCLE_006,838.9,5,D_CYCLE_016,IP_CYCLE_019,C_STOLEN_POOL_01,M_094,6,22,8,2,5,1,CARD_CYCLING
TXN_003781,U_LEGIT_0784,157.0,726,D_LEGIT_0748,IP_LEGIT_0284,C_LEGIT_2135,M_097,0,1,0,2,1,0,NONE
TXN_004814,U_LEGIT_1075,212.77,571,D_LEGIT_0350,IP_LEGIT_1993,C_LEGIT_0481,M_130,0,5,0,1,1,0,NONE
TXN_008314,U_LEGIT_0771,9.92,115,D_LEGIT_1055,IP_LEGIT_0134,C_LEGIT_2761,M_090,0,4,0,2,1,0,NONE
TXN_001860,U_LEGIT_2426,163.47,325,D_LEGIT_1604,IP_LEGIT_0813,C_LEGIT_0754,M_083,0,2,0,1,1,0,NONE
TXN_006682,U_LEGIT_2236,33.87,980,D_LEGIT_0738,IP_LEGIT_0613,C_LEGIT_1841,M_068,0,4,0,1,1,0,NONE
TXN_006922,U_LEGIT_2445,205.24,571,D_LEGIT_0939,IP_LEGIT_0587,C_LEGIT_1306,M_116,1,3,0,2,2,0,NONE
TXN_006529,U_LEGIT_1021,96.08,1008,D_LEGIT_1545,IP_LEGIT_0114,C_LEGIT_2244,M_004,0,4,0,1,1,0,NONE
TXN_009661,U_CYCLE_023,631.65,5,D_CYCLE_014,IP_CYCLE_030,C_STOLEN_POOL_03,M_097,11,15,10,5,4,1,CARD_CYCLING
TXN_006452,U_LEGIT_2453,115.17,131,D_LEGIT_1847,IP_LEGIT_1005,C_LEGIT_2097,M_058,1,2,0,2,1,0,NONE
TXN_009733,U_CYCLE_004,351.92,11,D_CYCLE_001,IP_CYCLE_024,C_STOLEN_POOL_02,M_121,8,12,10,3,9,1,CARD_CYCLING
TXN_008095,U_LEGIT_1176,20.83,455,D_SHARED_BENIGN_02,IP_SHARED_BENIGN_02,C_LEGIT_2108,M_071,0,1,0,2,2,0,NONE
TXN_008492,U_LEGIT_1676,47.02,297,D_LEGIT_0496,IP_LEGIT_0282,C_LEGIT_1230,M_139,0,3,0,2,1,0,NONE
TXN_009422,U_INDIV_0058,2155.14,1,D_INDIV_0093,IP_INDIV_0054,C_INDIV_0022,M_055,18,22,8,4,7,1,INDIVIDUAL_FRAUD
TXN_009335,U_INDIV_0133,582.78,3,D_INDIV_0156,IP_INDIV_0122,C_INDIV_0095,M_104,10,23,7,4,7,1,INDIVIDUAL_FRAUD
TXN_006298,U_LEGIT_1111,31.04,190,D_LEGIT_0503,IP_LEGIT_0752,C_LEGIT_1546,M_113,0,3,0,1,1,0,NONE
TXN_005544,U_LEGIT_1990,30.9,329,D_LEGIT_0530,IP_LEGIT_0182,C_LEGIT_0949,M_149,1,2,1,1,2,0,NONE
TXN_009220,U_INDIV_0043,1819.6,1,D_INDIV_0357,IP_INDIV_0199,C_INDIV_0152,M_021,14,27,9,5,8,1,INDIVIDUAL_FRAUD
TXN_002402,U_LEGIT_1800,223.78,178,D_LEGIT_0231,IP_LEGIT_1457,C_LEGIT_0878,M_098,0,4,0,1,2,0,NONE
TXN_000718,U_LEGIT_0754,118.22,1105,D_SHARED_BENIGN_10,IP_LEGIT_1427,C_LEGIT_0037,M_132,0,2,0,1,1,0,NONE
TXN_009369,U_INDIV_0171,1910.03,5,D_INDIV_0102,IP_INDIV_0253,C_INDIV_0009,M_102,16,34,5,7,8,1,INDIVIDUAL_FRAUD
TXN_001057,U_LEGIT_1446,218.22,981,D_LEGIT_1803,IP_LEGIT_1892,C_LEGIT_1652,M_119,0,2,0,2,2,0,NONE
TXN_001538,U_LEGIT_1743,88.29,471,D_LEGIT_0378,IP_LEGIT_0371,C_LEGIT_0512,M_003,1,3,0,1,1,0,NONE
TXN_003955,U_LEGIT_0001,162.18,111,D_LEGIT_0022,IP_LEGIT_1117,C_LEGIT_2036,M_129,0,3,0,1,1,0,NONE
TXN_007568,U_LEGIT_0777,155.63,402,D_LEGIT_1461,IP_LEGIT_0981,C_LEGIT_2056,M_029,0,4,0,1,2,0,NONE
TXN_006021,U_LEGIT_2500,158.26,132,D_LEGIT_1732,IP_SHARED_BENIGN_04,C_LEGIT_2643,M_093,0,1,0,2,1,0,NONE
TXN_005399,U_LEGIT_1202,94.71,1028,D_LEGIT_0095,IP_LEGIT_1876,C_LEGIT_1827,M_102,0,4,0,1,1,0,NONE
TXN_003133,U_LEGIT_1831,187.32,382,D_LEGIT_0800,IP_LEGIT_0102,C_LEGIT_1625,M_053,0,4,0,1,1,0,NONE
TXN_009677,U_CYCLE_018,334.79,10,D_CYCLE_028,IP_CYCLE_005,C_STOLEN_POOL_02,M_016,13,37,8,3,8,1,CARD_CYCLING
TXN_001687,U_LEGIT_1131,51.24,992,D_LEGIT_0590,IP_LEGIT_1534,C_LEGIT_0806,M_118,0,4,0,2,2,0,NONE
TXN_005194,U_LEGIT_1410,23.43,1132,D_LEGIT_1542,IP_LEGIT_1062,C_LEGIT_0286,M_085,0,1,0,2,2,0,NONE
TXN_006660,U_LEGIT_2494,64.15,261,D_SHARED_BENIGN_02,IP_SHARED_BENIGN_05,C_LEGIT_0217,M_100,0,4,0,1,1,0,NONE
TXN_001088,U_LEGIT_1915,171.52,865,D_LEGIT_1572,IP_LEGIT_1668,C_LEGIT_2756,M_127,0,4,0,1,1,0,NONE
TXN_007182,U_LEGIT_0236,81.9,610,D_LEGIT_0855,IP_LEGIT_0772,C_LEGIT_1134,M_047,2,5,0,2,1,0,NONE
TXN_008389,U_LEGIT_1455,82.45,889,D_LEGIT_1190,IP_LEGIT_0763,C_LEGIT_0811,M_129,0,2,0,1,1,0,NONE
TXN_006125,U_LEGIT_2046,227.12,875,D_LEGIT_1022,IP_LEGIT_0007,C_LEGIT_1765,M_064,0,5,0,1,1,0,NONE
TXN_002651,U_LEGIT_1647,68.94,1036,D_LEGIT_1504,IP_LEGIT_1931,C_LEGIT_1373,M_008,0,2,0,1,1,0,NONE
TXN_001352,U_LEGIT_0276,30.34,1060,D_LEGIT_0213,IP_SHARED_BENIGN_05,C_LEGIT_2905,M_026,0,3,0,2,1,0,NONE
TXN_002535,U_LEGIT_2457,145.94,290,D_LEGIT_1809,IP_LEGIT_1890,C_LEGIT_0389,M_056,0,4,0,1,1,0,NONE
TXN_005135,U_LEGIT_1526,61.76,1044,D_SHARED_BENIGN_05,IP_LEGIT_1676,C_LEGIT_1063,M_132,1,3,0,1,2,0,NONE
TXN_009340,U_INDIV_0191,547.75,6,D_INDIV_0321,IP_INDIV_0352,C_INDIV_0139,M_074,16,48,5,3,7,1,INDIVIDUAL_FRAUD
TXN_005817,U_LEGIT_1035,137.87,964,D_LEGIT_1418,IP_SHARED_BENIGN_04,C_LEGIT_1170,M_046,0,4,0,1,1,0,NONE
TXN_000969,U_LEGIT_1453,63.5,202,D_LEGIT_0635,IP_LEGIT_0890,C_LEGIT_2671,M_077,0,4,0,1,1,0,NONE
TXN_001676,U_LEGIT_1775,185.93,1116,D_LEGIT_1810,IP_LEGIT_1304,C_LEGIT_2063,M_092,0,5,0,1,2,0,NONE
TXN_003560,U_LEGIT_0002,99.17,293,D_LEGIT_0082,IP_LEGIT_0804,C_LEGIT_1008,M_061,0,2,0,1,2,0,NONE
TXN_005206,U_LEGIT_1499,214.12,970,D_LEGIT_1911,IP_LEGIT_1385,C_LEGIT_1497,M_132,0,1,0,1,1,0,NONE
TXN_001672,U_LEGIT_1450,73.56,315,D_LEGIT_1762,IP_LEGIT_0021,C_LEGIT_1302,M_025,0,1,0,1,2,0,NONE
TXN_004889,U_LEGIT_2271,147.53,454,D_LEGIT_0076,IP_SHARED_BENIGN_08,C_LEGIT_1585,M_139,0,2,0,1,1,0,NONE
TXN_000450,U_LEGIT_1858,70.28,181,D_LEGIT_0567,IP_LEGIT_1418,C_LEGIT_2735,M_083,0,1,0,1,1,0,NONE
TXN_006742,U_LEGIT_1113,213.96,77,D_LEGIT_1925,IP_LEGIT_1354,C_LEGIT_1993,M_060,0,4,0,1,1,0,NONE
TXN_008523,U_LEGIT_0608,214.89,1038,D_LEGIT_1911,IP_LEGIT_1584,C_LEGIT_2839,M_100,0,4,0,1,1,0,NONE
TXN_004754,U_LEGIT_1654,146.27,624,D_LEGIT_0928,IP_LEGIT_1350,C_LEGIT_0411,M_098,0,2,0,1,1,0,NONE
TXN_005411,U_LEGIT_0781,73.36,662,D_LEGIT_0505,IP_LEGIT_0839,C_LEGIT_1081,M_021,0,4,0,1,2,0,NONE
TXN_001699,U_LEGIT_0866,205.82,994,D_SHARED_BENIGN_08,IP_LEGIT_1364,C_LEGIT_0865,M_006,0,1,0,1,1,0,NONE
TXN_003398,U_LEGIT_1496,56.42,1026,D_LEGIT_1096,IP_LEGIT_1910,C_LEGIT_0717,M_023,0,1,0,1,1,0,NONE
TXN_007441,U_LEGIT_0306,196.58,35,D_LEGIT_0603,IP_SHARED_BENIGN_02,C_LEGIT_0767,M_129,0,2,0,1,1,0,NONE
TXN_006004,U_LEGIT_2338,93.13,667,D_SHARED_BENIGN_10,IP_LEGIT_0685,C_LEGIT_1268,M_035,0,5,0,1,1,0,NONE
TXN_007731,U_LEGIT_0616,38.43,945,D_LEGIT_0963,IP_LEGIT_0190,C_LEGIT_1114,M_112,0,1,0,1,2,0,NONE
TXN_001588,U_LEGIT_1628,190.79,320,D_SHARED_BENIGN_06,IP_LEGIT_1867,C_LEGIT_2408,M_070,1,1,0,1,2,0,NONE
TXN_007505,U_LEGIT_1526,188.41,562,D_LEGIT_0905,IP_LEGIT_1599,C_LEGIT_2656,M_127,0,4,0,1,1,0,NONE
TXN_002411,U_LEGIT_2360,211.9,754,D_LEGIT_0284,IP_LEGIT_1520,C_LEGIT_2854,M_122,0,2,0,1,1,0,NONE
TXN_005637,U_LEGIT_2092,34.64,581,D_LEGIT_0883,IP_SHARED_BENIGN_01,C_LEGIT_0999,M_085,0,2,0,1,1,0,NONE
TXN_008592,U_LEGIT_0911,208.87,369,D_LEGIT_1167,IP_LEGIT_0696,C_LEGIT_2573,M_117,0,1,0,1,1,0,NONE
TXN_006590,U_LEGIT_0685,188.05,220,D_LEGIT_1344,IP_LEGIT_1715,C_LEGIT_1032,M_115,0,1,0,1,1,0,NONE
TXN_006180,U_LEGIT_2023,98.28,257,D_LEGIT_0537,IP_LEGIT_1447,C_LEGIT_1774,M_048,1,3,0,1,1,0,NONE
TXN_005140,U_LEGIT_0069,224.36,773,D_LEGIT_1303,IP_LEGIT_1639,C_LEGIT_0579,M_050,0,4,0,2,2,0,NONE
TXN_002906,U_LEGIT_2133,186.07,1005,D_LEGIT_0214,IP_LEGIT_0211,C_LEGIT_0460,M_081,1,2,0,1,1,0,NONE
TXN_006011,U_LEGIT_0401,27.15,1111,D_LEGIT_1788,IP_LEGIT_0871,C_LEGIT_0481,M_023,0,3,0,2,1,0,NONE
TXN_004222,U_LEGIT_0866,206.01,830,D_LEGIT_1385,IP_LEGIT_0311,C_LEGIT_2699,M_063,0,5,1,1,2,0,NONE
TXN_005067,U_LEGIT_0481,36.21,1038,D_LEGIT_0804,IP_SHARED_BENIGN_02,C_LEGIT_0840,M_027,0,1,0,2,2,0,NONE
TXN_009125,U_INDIV_0078,1990.36,6,D_INDIV_0373,IP_INDIV_0198,C_INDIV_0382,M_033,10,15,8,6,3,1,INDIVIDUAL_FRAUD
TXN_006963,U_LEGIT_1054,167.2,948,D_LEGIT_1827,IP_SHARED_BENIGN_06,C_LEGIT_1371,M_098,1,3,0,1,1,0,NONE
TXN_004432,U_LEGIT_0354,185.62,927,D_LEGIT_1081,IP_LEGIT_0132,C_LEGIT_1999,M_019,0,5,0,1,1,0,NONE
TXN_006295,U_LEGIT_2039,43.36,431,D_LEGIT_1319,IP_LEGIT_1272,C_LEGIT_0837,M_045,0,4,0,1,1,0,NONE
TXN_000027,U_LEGIT_0970,51.41,710,D_LEGIT_1639,IP_LEGIT_1806,C_LEGIT_1689,M_007,0,4,0,1,1,0,NONE
TXN_006869,U_LEGIT_0782,78.43,499,D_LEGIT_0780,IP_LEGIT_1738,C_LEGIT_1426,M_015,2,3,0,2,2,0,NONE
TXN_004391,U_LEGIT_1854,224.68,976,D_LEGIT_1567,IP_LEGIT_0652,C_LEGIT_1890,M_074,0,1,0,1,1,0,NONE
TXN_001717,U_LEGIT_0045,80.18,795,D_LEGIT_0605,IP_LEGIT_1906,C_LEGIT_2695,M_037,0,5,0,1,1,0,NONE
TXN_008878,U_LEGIT_1887,53.46,687,D_LEGIT_1130,IP_LEGIT_0280,C_LEGIT_1890,M_127,0,2,0,1,2,0,NONE
TXN_008630,U_LEGIT_2003,200.55,31,D_LEGIT_0525,IP_LEGIT_1463,C_LEGIT_0210,M_052,0,3,0,1,1,0,NONE
TXN_008789,U_LEGIT_2298,30.92,782,D_LEGIT_0053,IP_LEGIT_1505,C_LEGIT_0302,M_012,0,2,0,1,2,0,NONE
TXN_005407,U_LEGIT_0717,108.59,266,D_LEGIT_0932,IP_LEGIT_1315,C_LEGIT_1271,M_119,0,5,0,2,1,0,NONE
TXN_007402,U_LEGIT_0668,87.65,71,D_LEGIT_0529,IP_LEGIT_0852,C_LEGIT_2521,M_049,0,3,0,1,1,0,NONE
TXN_006436,U_LEGIT_2106,8.64,477,D_LEGIT_1455,IP_LEGIT_0908,C_LEGIT_2998,M_017,0,5,0,2,2,0,NONE
TXN_000208,U_LEGIT_0583,161.34,220,D_LEGIT_0551,IP_LEGIT_0769,C_LEGIT_1852,M_020,0,3,0,1,2,0,NONE
TXN_001214,U_LEGIT_1638,157.82,634,D_LEGIT_0318,IP_LEGIT_0290,C_LEGIT_2854,M_103,0,5,0,1,2,0,NONE
TXN_001562,U_LEGIT_2176,18.34,701,D_LEGIT_1096,IP_LEGIT_1753,C_LEGIT_2058,M_032,0,2,0,2,1,0,NONE
TXN_002218,U_LEGIT_1640,160.17,1196,D_LEGIT_1951,IP_LEGIT_1557,C_LEGIT_2452,M_150,0,3,0,1,1,0,NONE
TXN_008249,U_LEGIT_1210,112.44,679,D_LEGIT_0183,IP_LEGIT_0808,C_LEGIT_0178,M_112,0,3,0,1,1,0,NONE
TXN_006003,U_LEGIT_1566,82.52,875,D_LEGIT_0296,IP_LEGIT_1024,C_LEGIT_2223,M_150,0,2,0,1,1,0,NONE
TXN_006961,U_LEGIT_0613,39.67,1154,D_LEGIT_1687,IP_LEGIT_0166,C_LEGIT_1772,M_115,0,5,0,1,2,0,NONE
TXN_002649,U_LEGIT_1519,187.68,167,D_LEGIT_0690,IP_LEGIT_1674,C_LEGIT_0774,M_009,0,1,0,1,1,0,NONE
TXN_006892,U_LEGIT_1811,145.11,253,D_LEGIT_0346,IP_LEGIT_1071,C_LEGIT_2534,M_125,0,4,0,1,2,0,NONE
TXN_002376,U_LEGIT_1282,236.06,1114,D_LEGIT_1748,IP_LEGIT_0752,C_LEGIT_0588,M_016,0,5,0,1,2,0,NONE
TXN_004298,U_LEGIT_2456,234.23,1185,D_SHARED_BENIGN_10,IP_LEGIT_1125,C_LEGIT_0648,M_133,0,5,0,1,1,0,NONE
TXN_000315,U_LEGIT_1036,119.63,1155,D_LEGIT_0372,IP_LEGIT_1162,C_LEGIT_0223,M_141,0,1,0,1,2,0,NONE
TXN_008768,U_LEGIT_0912,133.51,658,D_SHARED_BENIGN_05,IP_SHARED_BENIGN_07,C_LEGIT_1912,M_045,0,3,0,1,2,0,NONE
TXN_007921,U_LEGIT_0873,45.93,1078,D_LEGIT_1744,IP_SHARED_BENIGN_01,C_LEGIT_1449,M_038,0,3,0,1,1,0,NONE
TXN_001315,U_LEGIT_0806,171.68,945,D_SHARED_BENIGN_10,IP_LEGIT_0715,C_LEGIT_2178,M_136,0,4,0,2,1,0,NONE
TXN_009760,U_BURST_005,993.99,0,D_BURST_005,IP_BURST_SUBNET_02,C_BURST_010,M_069,22,22,3,2,3,1,ACCOUNT_BURST
TXN_004734,U_LEGIT_1573,220.92,661,D_LEGIT_1414,IP_LEGIT_1663,C_LEGIT_0520,M_116,0,3,0,1,1,0,NONE
TXN_005497,U_LEGIT_1748,91.35,799,D_LEGIT_1200,IP_LEGIT_1528,C_LEGIT_1498,M_049,0,1,0,1,1,0,NONE
TXN_006751,U_LEGIT_1441,149.71,101,D_LEGIT_1600,IP_LEGIT_1082,C_LEGIT_0167,M_059,0,5,0,1,1,0,NONE
TXN_003727,U_LEGIT_0461,134.43,813,D_LEGIT_1300,IP_LEGIT_1745,C_LEGIT_1594,M_107,0,1,0,1,2,0,NONE
TXN_002113,U_LEGIT_0065,125.26,577,D_LEGIT_1200,IP_LEGIT_0805,C_LEGIT_0168,M_112,1,4,0,1,2,0,NONE
TXN_005664,U_LEGIT_0260,52.43,513,D_SHARED_BENIGN_06,IP_LEGIT_0772,C_LEGIT_2068,M_142,0,3,0,1,1,0,NONE
TXN_002298,U_LEGIT_2298,195.06,558,D_LEGIT_1049,IP_LEGIT_1336,C_LEGIT_0430,M_140,0,5,0,1,1,0,NONE
TXN_002023,U_LEGIT_1999,214.41,139,D_LEGIT_1039,IP_SHARED_BENIGN_10,C_LEGIT_0866,M_135,0,2,0,1,1,0,NONE
TXN_003805,U_LEGIT_1313,86.51,101,D_LEGIT_0074,IP_LEGIT_1121,C_LEGIT_1815,M_045,0,3,0,1,1,0,NONE
TXN_005597,U_LEGIT_0766,152.33,503,D_LEGIT_0979,IP_LEGIT_1048,C_LEGIT_0482,M_099,0,3,0,2,1,0,NONE
TXN_001486,U_LEGIT_0067,220.43,500,D_LEGIT_0822,IP_LEGIT_0221,C_LEGIT_0883,M_053,0,2,0,2,2,0,NONE
TXN_004721,U_LEGIT_0363,23.98,398,D_LEGIT_0067,IP_LEGIT_0438,C_LEGIT_0923,M_137,0,3,0,1,1,0,NONE
TXN_005579,U_LEGIT_0291,104.5,137,D_LEGIT_0686,IP_LEGIT_0330,C_LEGIT_2524,M_119,0,3,0,1,1,0,NONE
TXN_005685,U_LEGIT_1263,110.11,828,D_LEGIT_0124,IP_SHARED_BENIGN_03,C_LEGIT_0061,M_114,0,1,0,2,1,0,NONE
TXN_005388,U_LEGIT_2474,172.03,175,D_LEGIT_0966,IP_LEGIT_0500,C_LEGIT_2261,M_060,0,4,0,1,1,0,NONE
TXN_003235,U_LEGIT_0773,131.46,737,D_LEGIT_0518,IP_LEGIT_0189,C_LEGIT_1793,M_142,0,3,0,1,1,0,NONE
TXN_009053,U_INDIV_0014,815.34,0,D_INDIV_0183,IP_INDIV_0319,C_INDIV_0335,M_008,8,32,3,3,7,1,INDIVIDUAL_FRAUD
TXN_009280,U_INDIV_0127,1727.9,5,D_INDIV_0016,IP_INDIV_0081,C_INDIV_0354,M_110,11,46,3,7,3,1,INDIVIDUAL_FRAUD
TXN_007654,U_LEGIT_1756,201.22,437,D_SHARED_BENIGN_07,IP_LEGIT_1969,C_LEGIT_1032,M_122,0,3,0,2,1,0,NONE
TXN_007236,U_LEGIT_2323,160.56,918,D_LEGIT_0504,IP_LEGIT_1808,C_LEGIT_0180,M_008,0,2,0,1,1,0,NONE
TXN_001442,U_LEGIT_1486,223.18,1065,D_LEGIT_1348,IP_LEGIT_1836,C_LEGIT_0722,M_111,0,3,0,2,1,0,NONE
TXN_003495,U_LEGIT_0029,230.65,987,D_LEGIT_0214,IP_LEGIT_1997,C_LEGIT_1034,M_067,0,2,0,1,1,0,NONE
TXN_000949,U_LEGIT_0457,121.86,364,D_LEGIT_1937,IP_LEGIT_0014,C_LEGIT_1308,M_131,0,4,0,1,2,0,NONE
TXN_004706,U_LEGIT_2098,44.07,110,D_LEGIT_0592,IP_LEGIT_1465,C_LEGIT_0981,M_115,0,4,0,2,1,0,NONE
TXN_001327,U_LEGIT_0659,132.18,507,D_LEGIT_0925,IP_LEGIT_1810,C_LEGIT_1459,M_134,0,4,1,1,2,0,NONE
TXN_009710,U_CYCLE_018,633.24,12,D_CYCLE_010,IP_CYCLE_002,C_STOLEN_POOL_01,M_051,12,33,3,3,4,1,CARD_CYCLING
TXN_000491,U_LEGIT_1243,29.4,868,D_LEGIT_1777,IP_LEGIT_0687,C_LEGIT_0271,M_097,0,3,0,2,1,0,NONE
TXN_004052,U_LEGIT_0509,198.59,1173,D_LEGIT_0619,IP_LEGIT_0598,C_LEGIT_0009,M_092,0,1,0,1,2,0,NONE
TXN_003978,U_LEGIT_2035,211.85,993,D_SHARED_BENIGN_08,IP_LEGIT_1520,C_LEGIT_0246,M_122,0,4,0,1,1,0,NONE
TXN_005809,U_LEGIT_1069,146.67,344,D_LEGIT_1705,IP_LEGIT_1006,C_LEGIT_2869,M_149,0,1,0,1,2,0,NONE
TXN_009723,U_CYCLE_008,668.12,4,D_CYCLE_009,IP_CYCLE_028,C_STOLEN_POOL_03,M_134,12,21,5,4,7,1,CARD_CYCLING
TXN_006187,U_LEGIT_2230,198.42,365,D_LEGIT_0687,IP_SHARED_BENIGN_08,C_LEGIT_2323,M_124,0,1,0,1,2,0,NONE
TXN_006421,U_LEGIT_1113,12.46,377,D_LEGIT_0261,IP_LEGIT_1331,C_LEGIT_0948,M_108,1,4,0,2,2,0,NONE
TXN_003550,U_LEGIT_0180,227.6,36,D_LEGIT_1468,IP_LEGIT_1458,C_LEGIT_0855,M_052,0,2,0,2,1,0,NONE
TXN_009455,U_INDIV_0181,1950.67,1,D_INDIV_0087,IP_INDIV_0099,C_INDIV_0281,M_083,12,44,4,7,7,1,INDIVIDUAL_FRAUD
TXN_003378,U_LEGIT_2219,216.39,1182,D_LEGIT_0691,IP_LEGIT_0242,C_LEGIT_2199,M_032,0,5,0,1,1,0,NONE
TXN_003421,U_LEGIT_1877,142.7,579,D_LEGIT_1623,IP_LEGIT_0806,C_LEGIT_0069,M_099,0,2,0,1,1,0,NONE
TXN_008676,U_LEGIT_1465,63.67,822,D_LEGIT_0556,IP_LEGIT_0085,C_LEGIT_2215,M_124,0,4,0,1,2,0,NONE
TXN_006775,U_LEGIT_2422,88.53,77,D_LEGIT_0516,IP_LEGIT_0770,C_LEGIT_0985,M_106,0,5,0,1,1,0,NONE
TXN_004869,U_LEGIT_0146,244.78,830,D_LEGIT_1984,IP_LEGIT_1811,C_LEGIT_1573,M_037,0,3,0,1,1,0,NONE
TXN_005701,U_LEGIT_0351,58.49,749,D_LEGIT_0726,IP_LEGIT_0471,C_LEGIT_1914,M_014,0,5,0,2,1,0,NONE
TXN_000348,U_LEGIT_1499,214.75,602,D_LEGIT_0869,IP_LEGIT_1436,C_LEGIT_1525,M_094,0,5,0,1,1,0,NONE
TXN_003826,U_LEGIT_1077,81.85,773,D_LEGIT_0667,IP_LEGIT_0581,C_LEGIT_1234,M_067,0,5,0,1,1,0,NONE
TXN_005988,U_LEGIT_0894,202.13,348,D_LEGIT_1695,IP_LEGIT_1317,C_LEGIT_2264,M_134,0,5,0,1,2,0,NONE
TXN_002867,U_LEGIT_1999,207.77,900,D_LEGIT_1993,IP_LEGIT_1241,C_LEGIT_0371,M_147,0,1,0,1,1,0,NONE
TXN_000867,U_LEGIT_1832,167.87,741,D_LEGIT_1357,IP_LEGIT_0361,C_LEGIT_1904,M_082,0,2,0,2,2,0,NONE
TXN_006478,U_LEGIT_2101,211.42,62,D_LEGIT_0932,IP_LEGIT_0549,C_LEGIT_0504,M_033,0,5,0,1,1,0,NONE
TXN_003386,U_LEGIT_2242,149.09,994,D_SHARED_BENIGN_07,IP_SHARED_BENIGN_06,C_LEGIT_2954,M_023,0,2,0,1,1,0,NONE
TXN_008349,U_LEGIT_1775,115.39,930,D_LEGIT_0643,IP_LEGIT_1166,C_LEGIT_0368,M_130,0,2,0,1,1,0,NONE
TXN_005297,U_LEGIT_0531,192.91,749,D_LEGIT_1710,IP_LEGIT_1231,C_LEGIT_0272,M_047,0,3,0,1,1,0,NONE
TXN_003266,U_LEGIT_0215,162.08,104,D_LEGIT_0305,IP_LEGIT_0845,C_LEGIT_1169,M_100,0,4,0,1,1,0,NONE
TXN_000947,U_LEGIT_2383,150.52,964,D_LEGIT_1854,IP_LEGIT_1816,C_LEGIT_1814,M_050,2,3,0,1,2,0,NONE
TXN_005343,U_LEGIT_2139,194.15,421,D_LEGIT_1659,IP_LEGIT_0433,C_LEGIT_2393,M_088,0,3,0,2,1,0,NONE
TXN_001712,U_LEGIT_0128,105.31,1112,D_LEGIT_1105,IP_SHARED_BENIGN_02,C_LEGIT_1861,M_041,0,4,0,1,1,0,NONE
TXN_001915,U_LEGIT_0387,47.61,906,D_SHARED_BENIGN_05,IP_LEGIT_0063,C_LEGIT_1589,M_091,0,2,0,1,1,0,NONE
TXN_004874,U_LEGIT_2153,205.11,357,D_LEGIT_1386,IP_SHARED_BENIGN_05,C_LEGIT_0260,M_084,0,1,0,1,1,0,NONE
TXN_005547,U_LEGIT_0909,24.7,134,D_LEGIT_0375,IP_LEGIT_1594,C_LEGIT_1375,M_039,0,3,0,2,1,0,NONE
TXN_008679,U_LEGIT_2380,48.36,666,D_LEGIT_0837,IP_LEGIT_0337,C_LEGIT_2321,M_150,1,3,0,2,2,0,NONE
TXN_000188,U_LEGIT_1011,40.79,43,D_LEGIT_1016,IP_LEGIT_0401,C_LEGIT_1876,M_028,1,3,0,2,1,0,NONE
TXN_002846,U_LEGIT_1869,58.34,1062,D_LEGIT_0732,IP_LEGIT_0678,C_LEGIT_2530,M_015,0,3,0,1,1,0,NONE
TXN_003845,U_LEGIT_1848,73.21,779,D_LEGIT_1674,IP_LEGIT_1526,C_LEGIT_2840,M_140,0,4,0,1,1,0,NONE
TXN_002425,U_LEGIT_0057,116.18,533,D_LEGIT_1526,IP_LEGIT_1704,C_LEGIT_2432,M_006,0,1,0,2,2,0,NONE
TXN_007111,U_LEGIT_0204,96.99,1078,D_LEGIT_0966,IP_LEGIT_1648,C_LEGIT_1373,M_128,0,3,0,1,2,0,NONE
TXN_004262,U_LEGIT_2314,199.92,870,D_LEGIT_0524,IP_LEGIT_1957,C_LEGIT_2090,M_028,0,5,0,1,2,0,NONE
TXN_008255,U_LEGIT_1776,32.69,567,D_LEGIT_1523,IP_LEGIT_1292,C_LEGIT_2623,M_090,2,5,0,2,2,0,NONE
TXN_006864,U_LEGIT_0848,23.82,419,D_SHARED_BENIGN_01,IP_LEGIT_1107,C_LEGIT_0835,M_145,1,1,0,2,1,0,NONE
TXN_005276,U_LEGIT_1217,220.75,484,D_LEGIT_1595,IP_LEGIT_1376,C_LEGIT_1471,M_009,0,2,0,2,1,0,NONE
TXN_000052,U_LEGIT_1859,36.93,1127,D_LEGIT_0515,IP_LEGIT_1478,C_LEGIT_0789,M_081,1,2,0,2,1,0,NONE
TXN_001458,U_LEGIT_0056,167.99,1071,D_LEGIT_0147,IP_LEGIT_0790,C_LEGIT_0715,M_103,0,4,0,2,1,0,NONE
TXN_000263,U_LEGIT_0790,20.24,768,D_LEGIT_0412,IP_LEGIT_0511,C_LEGIT_0136,M_117,0,3,0,2,2,0,NONE
TXN_004573,U_LEGIT_0794,161.83,282,D_LEGIT_1859,IP_LEGIT_1421,C_LEGIT_1712,M_080,0,3,0,1,1,0,NONE
TXN_003712,U_LEGIT_1108,27.04,122,D_LEGIT_0368,IP_SHARED_BENIGN_01,C_LEGIT_1175,M_056,1,4,0,1,2,0,NONE
TXN_007600,U_LEGIT_0329,222.31,992,D_LEGIT_1999,IP_SHARED_BENIGN_04,C_LEGIT_2211,M_119,0,1,0,1,1,0,NONE
TXN_007037,U_LEGIT_2118,73.12,479,D_SHARED_BENIGN_05,IP_LEGIT_0623,C_LEGIT_1619,M_048,0,1,0,1,1,0,NONE
TXN_008696,U_LEGIT_1520,181.18,495,D_LEGIT_0907,IP_LEGIT_0222,C_LEGIT_1192,M_036,0,2,0,1,1,0,NONE
TXN_004619,U_LEGIT_2411,61.01,1159,D_LEGIT_0638,IP_LEGIT_1638,C_LEGIT_2318,M_107,0,5,0,1,1,0,NONE
TXN_006754,U_LEGIT_0548,165.9,648,D_LEGIT_0486,IP_LEGIT_0614,C_LEGIT_1209,M_063,0,4,0,1,1,0,NONE
TXN_008316,U_LEGIT_1679,23.27,149,D_LEGIT_0826,IP_LEGIT_0172,C_LEGIT_2925,M_048,0,1,0,1,2,0,NONE
TXN_002674,U_LEGIT_1060,129.5,984,D_LEGIT_0849,IP_LEGIT_0236,C_LEGIT_0065,M_031,0,2,0,1,2,0,NONE
TXN_008968,U_LEGIT_2111,19.7,152,D_SHARED_BENIGN_01,IP_LEGIT_1615,C_LEGIT_0413,M_150,2,2,0,2,2,0,NONE
TXN_000388,U_LEGIT_1407,58.58,1131,D_LEGIT_0228,IP_LEGIT_0965,C_LEGIT_0094,M_085,0,5,0,1,2,0,NONE
TXN_001960,U_LEGIT_0362,10.02,916,D_SHARED_BENIGN_06,IP_LEGIT_1940,C_LEGIT_0869,M_063,0,2,0,1,1,0,NONE
TXN_000509,U_LEGIT_0821,75.4,589,D_LEGIT_0828,IP_LEGIT_1717,C_LEGIT_1740,M_128,0,4,0,2,2,0,NONE
TXN_002804,U_LEGIT_1098,45.09,223,D_LEGIT_1512,IP_SHARED_BENIGN_08,C_LEGIT_0160,M_146,0,3,0,2,2,0,NONE
TXN_009562,U_FARM_022,387.1,4,D_FARM_HUB_01,IP_FARM_PROXY_01,C_FARM_004,M_018,12,59,4,1,5,1,DEVICE_FARM
TXN_000930,U_LEGIT_1681,249.74,1198,D_LEGIT_0060,IP_LEGIT_0284,C_LEGIT_2498,M_129,0,1,0,1,1,0,NONE
TXN_005101,U_LEGIT_0274,105.13,123,D_LEGIT_1069,IP_SHARED_BENIGN_04,C_LEGIT_2972,M_070,0,4,0,2,1,0,NONE
TXN_007169,U_LEGIT_2152,218.15,1085,D_LEGIT_0898,IP_LEGIT_0720,C_LEGIT_0833,M_107,0,4,0,2,1,0,NONE
TXN_001692,U_LEGIT_1916,165.99,36,D_LEGIT_1057,IP_LEGIT_1447,C_LEGIT_1091,M_017,0,2,0,1,1,0,NONE
TXN_007939,U_LEGIT_1202,52.77,332,D_LEGIT_1314,IP_LEGIT_1371,C_LEGIT_0837,M_124,0,1,0,1,1,0,NONE
TXN_002956,U_LEGIT_0090,140.48,225,D_LEGIT_0253,IP_LEGIT_1275,C_LEGIT_1047,M_066,0,3,0,1,1,0,NONE
TXN_007252,U_LEGIT_1227,107.12,715,D_SHARED_BENIGN_10,IP_LEGIT_1263,C_LEGIT_1850,M_081,1,3,0,2,2,0,NONE
TXN_003787,U_LEGIT_0616,205.85,947,D_LEGIT_1805,IP_LEGIT_0353,C_LEGIT_2439,M_088,0,3,0,1,1,0,NONE
TXN_005747,U_LEGIT_1285,72.87,849,D_LEGIT_0936,IP_LEGIT_1192,C_LEGIT_0868,M_048,0,5,0,2,1,0,NONE
TXN_003459,U_LEGIT_0294,93.54,941,D_SHARED_BENIGN_06,IP_SHARED_BENIGN_09,C_LEGIT_2067,M_131,0,5,0,1,1,0,NONE
TXN_002078,U_LEGIT_2160,141.19,701,D_LEGIT_0747,IP_LEGIT_1421,C_LEGIT_0488,M_126,0,5,0,1,1,0,NONE
TXN_008096,U_LEGIT_2303,61.7,743,D_LEGIT_1475,IP_LEGIT_1048,C_LEGIT_2542,M_090,0,4,0,1,1,0,NONE
TXN_001596,U_LEGIT_0481,53.37,49,D_LEGIT_1978,IP_LEGIT_0653,C_LEGIT_1124,M_111,0,2,0,2,1,0,NONE
TXN_007659,U_LEGIT_0891,129.16,537,D_LEGIT_0546,IP_LEGIT_0656,C_LEGIT_1797,M_105,0,1,0,1,2,0,NONE
TXN_000414,U_LEGIT_2296,69.57,168,D_LEGIT_0435,IP_SHARED_BENIGN_04,C_LEGIT_2827,M_073,0,5,0,1,1,0,NONE
TXN_000012,U_LEGIT_0351,167.66,1155,D_LEGIT_1672,IP_SHARED_BENIGN_09,C_LEGIT_0516,M_033,0,5,0,2,1,0,NONE
TXN_003455,U_LEGIT_0524,149.44,367,D_LEGIT_1409,IP_LEGIT_1378,C_LEGIT_0070,M_016,0,2,0,1,1,0,NONE
TXN_002227,U_LEGIT_0645,33.74,1193,D_LEGIT_1267,IP_LEGIT_0037,C_LEGIT_2015,M_072,0,4,0,1,2,0,NONE
TXN_009371,U_INDIV_0001,772.0,5,D_INDIV_0028,IP_INDIV_0381,C_INDIV_0019,M_043,12,42,5,6,3,1,INDIVIDUAL_FRAUD
TXN_005987,U_LEGIT_1934,210.82,1109,D_LEGIT_0078,IP_LEGIT_1986,C_LEGIT_2019,M_131,0,2,0,2,1,0,NONE
TXN_004987,U_LEGIT_0958,99.6,1018,D_LEGIT_1644,IP_LEGIT_1999,C_LEGIT_1083,M_099,0,4,0,1,1,0,NONE
TXN_003400,U_LEGIT_2174,109.02,1129,D_LEGIT_0008,IP_LEGIT_0063,C_LEGIT_1017,M_023,0,5,0,1,2,0,NONE
TXN_003660,U_LEGIT_2353,147.86,1000,D_LEGIT_1294,IP_LEGIT_1325,C_LEGIT_2554,M_034,0,1,0,1,1,0,NONE
TXN_009384,U_INDIV_0022,1439.08,1,D_INDIV_0274,IP_INDIV_0179,C_INDIV_0059,M_135,15,38,9,6,3,1,INDIVIDUAL_FRAUD
TXN_003182,U_LEGIT_1940,66.57,722,D_LEGIT_1707,IP_LEGIT_1379,C_LEGIT_1680,M_054,0,2,0,1,1,0,NONE
TXN_009515,U_FARM_021,275.77,5,D_FARM_HUB_01,IP_FARM_PROXY_01,C_FARM_039,M_003,21,64,7,1,4,1,DEVICE_FARM
TXN_000830,U_LEGIT_2264,177.72,1155,D_LEGIT_0793,IP_LEGIT_1425,C_LEGIT_0513,M_111,0,4,0,1,1,0,NONE
TXN_002110,U_LEGIT_1151,194.89,372,D_LEGIT_1074,IP_LEGIT_1109,C_LEGIT_0881,M_079,0,4,0,1,2,0,NONE
TXN_005344,U_LEGIT_0548,190.51,783,D_LEGIT_0584,IP_SHARED_BENIGN_04,C_LEGIT_2078,M_068,0,5,0,1,1,0,NONE
TXN_009223,U_INDIV_0137,1243.67,4,D_INDIV_0226,IP_INDIV_0226,C_INDIV_0087,M_035,6,45,3,7,3,1,INDIVIDUAL_FRAUD
TXN_006503,U_LEGIT_1471,112.28,571,D_LEGIT_1397,IP_LEGIT_1182,C_LEGIT_1924,M_045,0,3,0,1,1,0,NONE
TXN_006132,U_LEGIT_0146,88.1,787,D_LEGIT_1816,IP_LEGIT_0186,C_LEGIT_0390,M_036,0,2,0,1,1,0,NONE
TXN_001067,U_LEGIT_2448,201.32,608,D_LEGIT_0606,IP_LEGIT_1507,C_LEGIT_0799,M_135,0,4,0,1,1,0,NONE
TXN_003809,U_LEGIT_1704,170.82,545,D_LEGIT_1345,IP_LEGIT_0768,C_LEGIT_1592,M_145,0,4,0,1,2,0,NONE
TXN_008296,U_LEGIT_2329,50.8,604,D_SHARED_BENIGN_05,IP_LEGIT_0442,C_LEGIT_2646,M_031,0,4,0,2,2,0,NONE
TXN_005102,U_LEGIT_2212,67.37,39,D_LEGIT_1005,IP_LEGIT_0150,C_LEGIT_0121,M_102,1,4,0,1,1,0,NONE
TXN_004764,U_LEGIT_2300,169.55,644,D_LEGIT_0902,IP_LEGIT_1765,C_LEGIT_0284,M_081,0,3,0,1,1,0,NONE
TXN_001111,U_LEGIT_1031,63.14,693,D_LEGIT_1914,IP_LEGIT_0592,C_LEGIT_2435,M_132,1,5,0,1,1,0,NONE
TXN_005790,U_LEGIT_0121,129.5,93,D_LEGIT_1770,IP_LEGIT_1098,C_LEGIT_2191,M_117,0,5,0,1,2,0,NONE
TXN_008051,U_LEGIT_1998,188.56,155,D_LEGIT_0605,IP_LEGIT_1222,C_LEGIT_1456,M_147,0,5,0,1,2,0,NONE
TXN_002255,U_LEGIT_0938,102.04,724,D_LEGIT_0948,IP_LEGIT_0243,C_LEGIT_2938,M_032,0,5,0,1,1,0,NONE
TXN_007760,U_LEGIT_0189,27.95,389,D_LEGIT_1300,IP_LEGIT_1500,C_LEGIT_0416,M_009,0,4,0,2,2,0,NONE
TXN_002371,U_LEGIT_0989,139.72,537,D_LEGIT_1034,IP_LEGIT_1776,C_LEGIT_1540,M_037,0,5,0,1,1,0,NONE
TXN_002203,U_LEGIT_1136,51.75,501,D_LEGIT_1289,IP_LEGIT_1392,C_LEGIT_0853,M_013,0,1,0,1,1,0,NONE
TXN_001299,U_LEGIT_0862,19.72,339,D_LEGIT_1024,IP_SHARED_BENIGN_02,C_LEGIT_0595,M_102,0,1,0,1,2,0,NONE
TXN_005658,U_LEGIT_1705,132.5,163,D_LEGIT_1979,IP_LEGIT_0266,C_LEGIT_2372,M_081,1,4,0,2,2,0,NONE
TXN_000118,U_LEGIT_0258,147.16,324,D_LEGIT_1854,IP_LEGIT_1098,C_LEGIT_0068,M_132,0,1,0,1,2,0,NONE
TXN_003942,U_LEGIT_0914,123.29,138,D_LEGIT_0365,IP_LEGIT_0579,C_LEGIT_2459,M_096,0,5,0,1,1,0,NONE
TXN_007092,U_LEGIT_1633,197.94,947,D_LEGIT_1836,IP_LEGIT_0872,C_LEGIT_1884,M_125,1,4,0,1,1,0,NONE
TXN_003005,U_LEGIT_1571,135.35,524,D_LEGIT_1951,IP_LEGIT_0501,C_LEGIT_2796,M_046,0,1,0,1,1,0,NONE
TXN_005296,U_LEGIT_2401,78.76,1108,D_LEGIT_0341,IP_SHARED_BENIGN_10,C_LEGIT_1598,M_073,0,1,0,1,1,0,NONE
TXN_004983,U_LEGIT_1671,59.56,398,D_LEGIT_0167,IP_SHARED_BENIGN_02,C_LEGIT_0994,M_042,0,2,0,2,1,0,NONE
TXN_007637,U_LEGIT_0053,48.31,138,D_LEGIT_1092,IP_LEGIT_0728,C_LEGIT_0207,M_013,1,4,0,1,1,0,NONE
TXN_000070,U_LEGIT_2058,135.28,965,D_LEGIT_0680,IP_LEGIT_1791,C_LEGIT_1804,M_026,0,2,0,1,1,0,NONE
TXN_009095,U_INDIV_0188,2132.99,2,D_INDIV_0280,IP_INDIV_0273,C_INDIV_0291,M_098,7,16,3,3,5,1,INDIVIDUAL_FRAUD
TXN_001363,U_LEGIT_1415,71.32,905,D_LEGIT_0572,IP_LEGIT_1878,C_LEGIT_2745,M_093,0,5,0,1,1,0,NONE
TXN_003462,U_LEGIT_1916,203.35,1069,D_SHARED_BENIGN_04,IP_LEGIT_0917,C_LEGIT_0408,M_137,0,5,0,1,1,0,NONE
TXN_001162,U_LEGIT_1627,205.09,1149,D_SHARED_BENIGN_01,IP_LEGIT_1644,C_LEGIT_1121,M_138,1,1,0,1,1,0,NONE
TXN_006408,U_LEGIT_1883,89.85,995,D_LEGIT_1988,IP_LEGIT_1981,C_LEGIT_0821,M_098,0,4,0,1,1,0,NONE
TXN_004058,U_LEGIT_0318,21.28,747,D_SHARED_BENIGN_06,IP_LEGIT_0483,C_LEGIT_0481,M_113,1,2,0,2,1,0,NONE
TXN_009010,U_INDIV_0165,2430.84,4,D_INDIV_0399,IP_INDIV_0116,C_INDIV_0251,M_034,6,39,5,5,7,1,INDIVIDUAL_FRAUD
TXN_004788,U_LEGIT_1315,139.39,1049,D_LEGIT_1104,IP_LEGIT_0524,C_LEGIT_0374,M_005,0,5,0,1,1,0,NONE
TXN_004839,U_LEGIT_1332,240.52,470,D_LEGIT_1046,IP_LEGIT_0561,C_LEGIT_1799,M_014,1,5,0,2,1,0,NONE
TXN_001434,U_LEGIT_0143,128.88,87,D_LEGIT_0494,IP_SHARED_BENIGN_06,C_LEGIT_2739,M_136,0,3,0,2,2,0,NONE
TXN_009751,U_BURST_018,1157.5,0,D_BURST_008,IP_BURST_SUBNET_02,C_BURST_030,M_090,20,29,4,2,2,1,ACCOUNT_BURST
TXN_004136,U_LEGIT_0792,125.72,1194,D_SHARED_BENIGN_09,IP_LEGIT_1590,C_LEGIT_0734,M_128,1,1,0,2,2,0,NONE
TXN_009716,U_CYCLE_023,693.91,11,D_CYCLE_029,IP_CYCLE_007,C_STOLEN_POOL_03,M_045,13,40,5,5,4,1,CARD_CYCLING
TXN_007459,U_LEGIT_2168,89.56,436,D_LEGIT_1087,IP_LEGIT_0580,C_LEGIT_0957,M_102,0,5,0,1,1,0,NONE
TXN_002680,U_LEGIT_0117,99.95,675,D_LEGIT_1627,IP_LEGIT_1411,C_LEGIT_1355,M_054,0,2,0,1,1,0,NONE
TXN_002297,U_LEGIT_1614,134.05,1024,D_LEGIT_1869,IP_LEGIT_1739,C_LEGIT_0903,M_055,0,5,0,1,1,0,NONE
TXN_000114,U_LEGIT_2114,227.08,331,D_LEGIT_0584,IP_SHARED_BENIGN_03,C_LEGIT_1118,M_116,0,1,0,1,2,0,NONE
TXN_000231,U_LEGIT_1195,84.97,586,D_LEGIT_0646,IP_LEGIT_0805,C_LEGIT_2871,M_084,0,2,0,1,1,0,NONE
TXN_007068,U_LEGIT_1025,170.56,990,D_LEGIT_1213,IP_LEGIT_1339,C_LEGIT_2235,M_149,1,1,0,1,2,0,NONE
TXN_004128,U_LEGIT_0641,47.63,953,D_LEGIT_0889,IP_LEGIT_1812,C_LEGIT_0768,M_006,0,5,0,1,1,0,NONE
TXN_008383,U_LEGIT_0494,231.65,276,D_LEGIT_0048,IP_LEGIT_0697,C_LEGIT_2176,M_051,0,2,0,1,1,0,NONE
TXN_004244,U_LEGIT_0205,164.36,1074,D_LEGIT_0240,IP_LEGIT_0173,C_LEGIT_0766,M_036,0,4,1,1,2,0,NONE
TXN_007860,U_LEGIT_0763,246.13,671,D_LEGIT_0902,IP_LEGIT_1635,C_LEGIT_2254,M_071,0,2,0,1,2,0,NONE
TXN_002811,U_LEGIT_1684,175.26,302,D_LEGIT_0504,IP_LEGIT_0122,C_LEGIT_0478,M_068,0,4,0,1,1,0,NONE
TXN_003272,U_LEGIT_1005,89.9,912,D_LEGIT_1179,IP_LEGIT_1563,C_LEGIT_2751,M_106,0,3,0,1,1,0,NONE
TXN_002673,U_LEGIT_2261,44.04,917,D_LEGIT_0991,IP_SHARED_BENIGN_07,C_LEGIT_1054,M_070,0,3,0,2,1,0,NONE
TXN_002960,U_LEGIT_1671,131.11,975,D_LEGIT_1797,IP_LEGIT_0565,C_LEGIT_1825,M_094,0,2,0,2,1,0,NONE
TXN_008253,U_LEGIT_1157,244.53,603,D_LEGIT_0291,IP_LEGIT_1937,C_LEGIT_2524,M_116,1,1,0,1,2,0,NONE
TXN_008036,U_LEGIT_1863,18.4,152,D_LEGIT_0430,IP_LEGIT_0690,C_LEGIT_1227,M_120,0,4,0,1,1,0,NONE
TXN_007949,U_LEGIT_2392,15.34,444,D_LEGIT_1399,IP_LEGIT_1616,C_LEGIT_0829,M_045,2,2,0,1,1,0,NONE
TXN_009138,U_INDIV_0086,1972.64,4,D_INDIV_0266,IP_INDIV_0030,C_INDIV_0330,M_030,7,41,8,6,6,1,INDIVIDUAL_FRAUD
TXN_000685,U_LEGIT_2126,190.35,454,D_LEGIT_1104,IP_LEGIT_1619,C_LEGIT_2670,M_032,1,1,0,1,1,0,NONE
TXN_003341,U_LEGIT_1006,165.62,880,D_LEGIT_0391,IP_LEGIT_0738,C_LEGIT_1543,M_086,1,3,0,2,1,0,NONE
TXN_006958,U_LEGIT_1472,206.42,575,D_LEGIT_1665,IP_LEGIT_0737,C_LEGIT_1018,M_040,0,3,0,2,1,0,NONE
TXN_008537,U_LEGIT_1697,168.6,623,D_SHARED_BENIGN_05,IP_LEGIT_1353,C_LEGIT_2313,M_047,0,4,0,1,1,0,NONE
TXN_003791,U_LEGIT_2451,128.63,456,D_SHARED_BENIGN_10,IP_LEGIT_0609,C_LEGIT_0308,M_077,0,4,0,2,1,0,NONE
TXN_006118,U_LEGIT_0447,242.77,875,D_LEGIT_0707,IP_LEGIT_0139,C_LEGIT_2631,M_130,0,1,0,1,2,0,NONE
TXN_002748,U_LEGIT_1709,106.74,512,D_LEGIT_0309,IP_SHARED_BENIGN_07,C_LEGIT_1379,M_109,0,3,0,1,1,0,NONE
TXN_006736,U_LEGIT_1853,79.45,69,D_LEGIT_1619,IP_SHARED_BENIGN_06,C_LEGIT_2173,M_025,0,5,0,2,1,0,NONE
TXN_008059,U_LEGIT_1299,149.05,343,D_LEGIT_0353,IP_LEGIT_0246,C_LEGIT_2387,M_052,0,1,0,1,1,0,NONE
TXN_006826,U_LEGIT_0348,78.79,1006,D_LEGIT_1293,IP_LEGIT_1066,C_LEGIT_2580,M_063,0,1,0,1,1,0,NONE
TXN_002740,U_LEGIT_1310,33.25,183,D_LEGIT_1427,IP_LEGIT_0315,C_LEGIT_2333,M_101,0,4,0,1,1,0,NONE
TXN_005546,U_LEGIT_0828,222.82,413,D_LEGIT_0947,IP_LEGIT_1900,C_LEGIT_2401,M_066,0,3,0,1,2,0,NONE
TXN_008517,U_LEGIT_1410,199.37,690,D_LEGIT_1233,IP_LEGIT_0187,C_LEGIT_2011,M_043,0,1,0,2,2,0,NONE
TXN_005309,U_LEGIT_1502,148.7,299,D_LEGIT_1325,IP_LEGIT_0070,C_LEGIT_2268,M_051,0,2,0,1,1,0,NONE
TXN_005286,U_LEGIT_1759,176.28,1183,D_LEGIT_0548,IP_LEGIT_0637,C_LEGIT_1766,M_093,1,2,0,1,1,0,NONE
TXN_005588,U_LEGIT_2466,16.59,509,D_SHARED_BENIGN_07,IP_LEGIT_0029,C_LEGIT_2512,M_110,0,2,0,1,1,0,NONE
TXN_001866,U_LEGIT_1779,33.1,51,D_LEGIT_0444,IP_SHARED_BENIGN_05,C_LEGIT_2230,M_024,2,5,0,1,1,0,NONE
TXN_001812,U_LEGIT_1863,42.84,1163,D_LEGIT_0450,IP_LEGIT_0301,C_LEGIT_2415,M_143,0,2,0,2,1,0,NONE
TXN_006955,U_LEGIT_0794,239.54,341,D_LEGIT_0375,IP_LEGIT_1425,C_LEGIT_1606,M_019,0,2,0,1,1,0,NONE
TXN_008032,U_LEGIT_1751,106.1,594,D_LEGIT_1951,IP_LEGIT_1087,C_LEGIT_2556,M_006,0,2,0,1,1,0,NONE
TXN_007164,U_LEGIT_1264,72.81,69,D_LEGIT_0875,IP_LEGIT_1407,C_LEGIT_2796,M_016,0,5,0,2,1,0,NONE
TXN_003250,U_LEGIT_0670,232.79,894,D_LEGIT_1115,IP_LEGIT_0773,C_LEGIT_1322,M_129,0,1,0,1,1,0,NONE
TXN_002630,U_LEGIT_2122,226.96,684,D_LEGIT_1926,IP_LEGIT_1887,C_LEGIT_0276,M_085,0,4,0,1,1,0,NONE
TXN_003536,U_LEGIT_0775,227.06,945,D_SHARED_BENIGN_10,IP_LEGIT_0652,C_LEGIT_0666,M_018,0,1,0,1,1,0,NONE
TXN_002495,U_LEGIT_1623,70.18,569,D_LEGIT_1345,IP_LEGIT_0985,C_LEGIT_1211,M_022,0,1,0,2,1,0,NONE
TXN_005877,U_LEGIT_2399,41.91,266,D_LEGIT_1147,IP_LEGIT_1341,C_LEGIT_2716,M_133,0,3,0,2,1,0,NONE
TXN_004999,U_LEGIT_0731,235.21,726,D_LEGIT_0867,IP_LEGIT_1893,C_LEGIT_0131,M_047,1,4,0,2,1,0,NONE
TXN_002944,U_LEGIT_2144,24.23,722,D_SHARED_BENIGN_06,IP_LEGIT_1709,C_LEGIT_2653,M_142,0,4,0,1,1,0,NONE
TXN_004759,U_LEGIT_0743,104.05,784,D_LEGIT_0266,IP_LEGIT_0279,C_LEGIT_0165,M_111,2,5,0,1,2,0,NONE
TXN_001398,U_LEGIT_1346,174.19,392,D_LEGIT_1443,IP_LEGIT_1397,C_LEGIT_1594,M_014,0,1,0,1,1,0,NONE
TXN_000171,U_LEGIT_0063,176.34,448,D_LEGIT_0390,IP_LEGIT_0241,C_LEGIT_1962,M_063,0,2,0,1,2,0,NONE
TXN_003145,U_LEGIT_2396,143.97,930,D_LEGIT_0215,IP_LEGIT_0025,C_LEGIT_2158,M_091,1,2,0,1,1,0,NONE
TXN_009495,U_INDIV_0020,1979.33,4,D_INDIV_0375,IP_INDIV_0354,C_INDIV_0324,M_021,14,23,7,5,8,1,INDIVIDUAL_FRAUD
TXN_009937,U_DIST_013,50.07,23,D_DIST_013,IP_DIST_PROXY_04,C_DIST_020,M_TARGET_HIGHVAL_99,8,7,1,2,1,1,DISTRIBUTED_ABUSE
TXN_002607,U_LEGIT_1509,200.89,1116,D_LEGIT_1753,IP_LEGIT_1708,C_LEGIT_2331,M_118,0,5,0,1,1,0,NONE
TXN_003753,U_LEGIT_0002,116.01,318,D_LEGIT_0795,IP_LEGIT_0924,C_LEGIT_0576,M_110,1,3,0,2,1,0,NONE
TXN_007972,U_LEGIT_0740,144.89,735,D_LEGIT_0049,IP_LEGIT_1662,C_LEGIT_2563,M_037,0,4,1,1,2,0,NONE
TXN_000754,U_LEGIT_1033,80.2,954,D_LEGIT_0172,IP_LEGIT_0561,C_LEGIT_1660,M_021,1,5,0,1,1,0,NONE
TXN_008862,U_LEGIT_1801,80.88,555,D_LEGIT_0932,IP_LEGIT_0242,C_LEGIT_0777,M_049,0,2,0,2,1,0,NONE
TXN_002878,U_LEGIT_2220,65.59,1059,D_LEGIT_1026,IP_LEGIT_1638,C_LEGIT_2963,M_130,1,1,0,1,1,0,NONE
TXN_009213,U_INDIV_0064,1166.26,2,D_INDIV_0053,IP_INDIV_0125,C_INDIV_0006,M_146,12,42,4,3,3,1,INDIVIDUAL_FRAUD
TXN_005078,U_LEGIT_1505,110.56,1084,D_SHARED_BENIGN_01,IP_LEGIT_1220,C_LEGIT_1910,M_063,0,5,0,1,1,0,NONE
TXN_000770,U_LEGIT_1695,161.32,953,D_SHARED_BENIGN_02,IP_LEGIT_0860,C_LEGIT_1538,M_081,0,2,0,1,1,0,NONE
TXN_009608,U_FARM_025,326.26,3,D_FARM_HUB_02,IP_FARM_PROXY_01,C_FARM_004,M_075,11,39,3,1,2,1,DEVICE_FARM
TXN_009936,U_DIST_022,25.37,6,D_DIST_017,IP_DIST_PROXY_04,C_DIST_009,M_TARGET_HIGHVAL_99,7,17,1,2,2,1,DISTRIBUTED_ABUSE
TXN_002486,U_LEGIT_2477,223.16,493,D_SHARED_BENIGN_03,IP_LEGIT_1186,C_LEGIT_1110,M_067,0,3,0,1,1,0,NONE
TXN_009932,U_DIST_028,64.98,3,D_DIST_002,IP_DIST_PROXY_01,C_DIST_001,M_TARGET_HIGHVAL_99,3,14,0,2,2,1,DISTRIBUTED_ABUSE
TXN_001815,U_LEGIT_0175,38.73,221,D_LEGIT_1573,IP_LEGIT_1385,C_LEGIT_0135,M_092,0,5,0,1,1,0,NONE
TXN_000268,U_LEGIT_0443,71.2,641,D_LEGIT_0689,IP_LEGIT_1312,C_LEGIT_1332,M_071,0,5,0,1,2,0,NONE
TXN_007526,U_LEGIT_1894,231.04,738,D_LEGIT_0247,IP_LEGIT_1270,C_LEGIT_0852,M_046,0,3,0,2,1,0,NONE
TXN_002772,U_LEGIT_1772,230.92,988,D_LEGIT_1368,IP_LEGIT_0673,C_LEGIT_0812,M_014,0,2,0,1,2,0,NONE
TXN_009598,U_FARM_003,150.93,0,D_FARM_HUB_02,IP_FARM_PROXY_01,C_FARM_033,M_132,13,59,4,1,5,1,DEVICE_FARM
TXN_009077,U_INDIV_0039,1247.49,7,D_INDIV_0165,IP_INDIV_0030,C_INDIV_0097,M_044,8,46,3,7,3,1,INDIVIDUAL_FRAUD
TXN_007540,U_LEGIT_0025,42.1,226,D_LEGIT_0749,IP_LEGIT_0862,C_LEGIT_0746,M_024,0,1,0,1,1,0,NONE
TXN_007585,U_LEGIT_1156,123.52,626,D_LEGIT_0857,IP_LEGIT_0304,C_LEGIT_1096,M_055,0,2,0,2,2,0,NONE
TXN_003422,U_LEGIT_0965,150.39,802,D_LEGIT_1120,IP_LEGIT_1290,C_LEGIT_1271,M_112,0,5,0,1,2,0,NONE
TXN_005553,U_LEGIT_1866,152.9,599,D_LEGIT_1397,IP_LEGIT_0088,C_LEGIT_1448,M_149,0,4,0,1,2,0,NONE
TXN_000877,U_LEGIT_2367,144.28,666,D_LEGIT_0814,IP_LEGIT_0916,C_LEGIT_1515,M_123,0,1,0,1,1,0,NONE
TXN_000950,U_LEGIT_1403,59.6,1057,D_LEGIT_1104,IP_LEGIT_0397,C_LEGIT_0446,M_060,0,5,0,1,1,0,NONE
TXN_005285,U_LEGIT_1289,220.01,524,D_LEGIT_1275,IP_LEGIT_0775,C_LEGIT_0638,M_038,0,5,1,2,1,0,NONE
TXN_007283,U_LEGIT_1663,152.21,758,D_LEGIT_1610,IP_LEGIT_1463,C_LEGIT_1776,M_077,0,3,0,2,1,0,NONE
TXN_008427,U_LEGIT_1412,119.11,1122,D_LEGIT_0254,IP_LEGIT_0830,C_LEGIT_0386,M_084,0,2,0,1,1,0,NONE
TXN_001332,U_LEGIT_1164,182.93,755,D_LEGIT_1656,IP_LEGIT_1144,C_LEGIT_0919,M_086,0,4,0,2,1,0,NONE
TXN_005978,U_LEGIT_1194,152.97,1075,D_LEGIT_0803,IP_LEGIT_0640,C_LEGIT_1988,M_047,0,2,0,1,1,0,NONE
TXN_003692,U_LEGIT_0567,35.03,182,D_LEGIT_1131,IP_SHARED_BENIGN_05,C_LEGIT_0952,M_055,0,4,0,2,1,0,NONE
TXN_004004,U_LEGIT_0691,224.36,1179,D_LEGIT_0565,IP_LEGIT_1585,C_LEGIT_0544,M_060,0,4,0,2,2,0,NONE
TXN_002806,U_LEGIT_1886,157.38,753,D_LEGIT_0661,IP_LEGIT_1493,C_LEGIT_0610,M_016,0,2,0,2,1,0,NONE
TXN_001393,U_LEGIT_1049,136.25,860,D_LEGIT_1805,IP_LEGIT_0691,C_LEGIT_0621,M_108,1,5,0,2,2,0,NONE
TXN_003111,U_LEGIT_1297,95.6,1164,D_LEGIT_1513,IP_LEGIT_0685,C_LEGIT_0452,M_147,0,1,0,1,2,0,NONE
TXN_005319,U_LEGIT_1014,155.15,1091,D_LEGIT_0006,IP_LEGIT_0447,C_LEGIT_2096,M_121,0,2,0,1,1,0,NONE
TXN_005189,U_LEGIT_0609,104.39,421,D_LEGIT_0349,IP_LEGIT_1208,C_LEGIT_2926,M_008,0,2,0,1,1,0,NONE
TXN_001109,U_LEGIT_0272,97.42,835,D_LEGIT_1443,IP_LEGIT_0299,C_LEGIT_2628,M_011,0,3,0,1,1,0,NONE
TXN_006286,U_LEGIT_0103,151.83,1104,D_LEGIT_1963,IP_LEGIT_1471,C_LEGIT_2590,M_047,0,2,0,1,1,0,NONE
TXN_001247,U_LEGIT_0533,231.32,127,D_LEGIT_0706,IP_SHARED_BENIGN_02,C_LEGIT_2016,M_122,2,5,0,1,1,0,NONE
TXN_003438,U_LEGIT_0275,107.5,856,D_LEGIT_0372,IP_LEGIT_1498,C_LEGIT_1801,M_136,1,2,0,2,1,0,NONE
TXN_005167,U_LEGIT_0075,188.26,942,D_LEGIT_1349,IP_SHARED_BENIGN_02,C_LEGIT_2783,M_146,1,4,0,2,1,0,NONE
TXN_006517,U_LEGIT_0514,57.56,905,D_LEGIT_0223,IP_LEGIT_0160,C_LEGIT_1641,M_127,0,3,0,2,2,0,NONE
TXN_007129,U_LEGIT_0548,142.99,1060,D_LEGIT_1635,IP_LEGIT_1139,C_LEGIT_1680,M_025,0,1,0,2,1,0,NONE
TXN_008031,U_LEGIT_0113,142.09,829,D_LEGIT_1009,IP_LEGIT_1978,C_LEGIT_1339,M_055,0,4,0,1,1,0,NONE
TXN_006644,U_LEGIT_1104,19.57,922,D_SHARED_BENIGN_10,IP_LEGIT_1777,C_LEGIT_0673,M_065,0,4,0,1,2,0,NONE
TXN_004711,U_LEGIT_2351,140.08,906,D_LEGIT_0207,IP_LEGIT_0729,C_LEGIT_0069,M_136,0,3,0,1,1,0,NONE
TXN_006914,U_LEGIT_0256,196.67,909,D_LEGIT_0199,IP_LEGIT_0790,C_LEGIT_2188,M_022,0,1,0,2,1,0,NONE
TXN_001372,U_LEGIT_1977,55.19,663,D_LEGIT_1604,IP_LEGIT_1754,C_LEGIT_2255,M_036,0,5,0,1,1,0,NONE
TXN_009236,U_INDIV_0084,966.43,0,D_INDIV_0088,IP_INDIV_0008,C_INDIV_0247,M_009,6,37,5,7,4,1,INDIVIDUAL_FRAUD
TXN_000482,U_LEGIT_1246,125.19,620,D_LEGIT_1840,IP_LEGIT_0352,C_LEGIT_1065,M_059,0,1,0,1,2,0,NONE
TXN_005310,U_LEGIT_0222,211.42,868,D_LEGIT_1753,IP_LEGIT_1284,C_LEGIT_2036,M_017,0,2,0,1,2,0,NONE
TXN_004140,U_LEGIT_0443,127.58,746,D_LEGIT_0520,IP_LEGIT_0840,C_LEGIT_0218,M_027,0,5,0,1,1,0,NONE
TXN_005477,U_LEGIT_2080,40.67,975,D_LEGIT_0022,IP_LEGIT_0335,C_LEGIT_2126,M_024,0,1,0,2,1,0,NONE
TXN_000309,U_LEGIT_0269,210.23,451,D_LEGIT_1290,IP_LEGIT_1772,C_LEGIT_2808,M_109,0,4,0,1,1,0,NONE
TXN_009491,U_INDIV_0077,2900.3,5,D_INDIV_0338,IP_INDIV_0336,C_INDIV_0371,M_083,12,39,8,5,3,1,INDIVIDUAL_FRAUD
TXN_008268,U_LEGIT_0627,11.0,1029,D_LEGIT_1354,IP_LEGIT_1171,C_LEGIT_2792,M_077,0,3,0,2,1,0,NONE
TXN_005306,U_LEGIT_0141,234.14,773,D_LEGIT_0207,IP_LEGIT_1313,C_LEGIT_0488,M_134,0,2,0,1,1,0,NONE
TXN_009412,U_INDIV_0063,1765.85,4,D_INDIV_0014,IP_INDIV_0230,C_INDIV_0110,M_059,13,38,7,5,8,1,INDIVIDUAL_FRAUD
TXN_006296,U_LEGIT_0611,192.73,1179,D_LEGIT_0501,IP_SHARED_BENIGN_01,C_LEGIT_1273,M_147,0,4,0,1,1,0,NONE
TXN_005894,U_LEGIT_1007,12.07,616,D_LEGIT_1569,IP_LEGIT_1783,C_LEGIT_0214,M_085,0,5,0,1,1,0,NONE
TXN_004110,U_LEGIT_2065,189.95,547,D_LEGIT_1557,IP_LEGIT_1302,C_LEGIT_2116,M_049,0,2,0,2,1,0,NONE
TXN_001059,U_LEGIT_0389,128.35,354,D_SHARED_BENIGN_08,IP_LEGIT_0691,C_LEGIT_0811,M_006,0,5,0,1,2,0,NONE
TXN_003339,U_LEGIT_0182,154.46,568,D_LEGIT_0886,IP_LEGIT_1634,C_LEGIT_2672,M_052,0,1,0,1,1,0,NONE
TXN_005134,U_LEGIT_1937,11.14,804,D_SHARED_BENIGN_08,IP_LEGIT_0366,C_LEGIT_2637,M_089,0,2,0,1,2,0,NONE
TXN_009459,U_INDIV_0071,2596.13,1,D_INDIV_0396,IP_INDIV_0197,C_INDIV_0050,M_019,16,40,5,7,3,1,INDIVIDUAL_FRAUD
TXN_005374,U_LEGIT_1259,224.7,1174,D_LEGIT_0694,IP_LEGIT_0681,C_LEGIT_1216,M_074,0,5,0,1,1,0,NONE
TXN_005368,U_LEGIT_1324,74.97,798,D_LEGIT_1804,IP_LEGIT_0328,C_LEGIT_1570,M_077,0,1,0,1,1,0,NONE
TXN_006192,U_LEGIT_0023,149.88,471,D_LEGIT_1178,IP_LEGIT_1804,C_LEGIT_2477,M_065,0,2,0,2,1,0,NONE
TXN_004419,U_LEGIT_1683,136.32,699,D_LEGIT_0989,IP_LEGIT_1595,C_LEGIT_0123,M_064,0,1,0,1,1,0,NONE
TXN_001574,U_LEGIT_1250,127.41,1153,D_LEGIT_1210,IP_LEGIT_1071,C_LEGIT_0267,M_130,0,3,1,1,1,0,NONE
TXN_009286,U_INDIV_0001,582.12,6,D_INDIV_0118,IP_INDIV_0382,C_INDIV_0316,M_060,8,44,5,6,6,1,INDIVIDUAL_FRAUD
TXN_000297,U_LEGIT_1630,107.88,1079,D_LEGIT_1988,IP_LEGIT_1649,C_LEGIT_0547,M_036,0,5,0,1,1,0,NONE
TXN_003494,U_LEGIT_0843,39.61,1177,D_LEGIT_1765,IP_LEGIT_0692,C_LEGIT_2135,M_025,1,4,1,1,1,0,NONE
TXN_003124,U_LEGIT_1743,110.3,1076,D_LEGIT_1807,IP_LEGIT_1521,C_LEGIT_0301,M_021,0,1,0,1,1,0,NONE
TXN_001135,U_LEGIT_1624,125.8,985,D_LEGIT_0034,IP_LEGIT_1851,C_LEGIT_1799,M_065,0,3,0,2,1,0,NONE
TXN_005880,U_LEGIT_2426,10.95,724,D_LEGIT_0604,IP_LEGIT_1268,C_LEGIT_2649,M_125,1,3,0,1,1,0,NONE
TXN_000060,U_LEGIT_1920,127.5,194,D_LEGIT_1434,IP_LEGIT_0558,C_LEGIT_2050,M_139,0,4,0,1,1,0,NONE
TXN_004640,U_LEGIT_1920,238.39,553,D_LEGIT_0031,IP_SHARED_BENIGN_10,C_LEGIT_2225,M_055,0,3,0,2,1,0,NONE
TXN_008716,U_LEGIT_1352,79.57,641,D_LEGIT_0877,IP_LEGIT_0671,C_LEGIT_0998,M_069,0,3,0,1,1,0,NONE
TXN_005002,U_LEGIT_2450,235.9,1121,D_LEGIT_1051,IP_LEGIT_0325,C_LEGIT_1970,M_108,0,1,0,1,2,0,NONE
TXN_002970,U_LEGIT_0960,175.37,873,D_LEGIT_0367,IP_LEGIT_1285,C_LEGIT_2671,M_030,2,3,0,1,1,0,NONE
TXN_001698,U_LEGIT_1189,89.67,104,D_LEGIT_0745,IP_LEGIT_1807,C_LEGIT_1755,M_009,0,2,0,2,1,0,NONE
TXN_003614,U_LEGIT_0956,81.49,488,D_LEGIT_1140,IP_LEGIT_0173,C_LEGIT_2618,M_078,0,2,0,2,1,0,NONE
TXN_001689,U_LEGIT_1394,53.69,643,D_LEGIT_1128,IP_LEGIT_0178,C_LEGIT_2026,M_145,0,1,0,1,1,0,NONE
TXN_005826,U_LEGIT_0882,205.72,706,D_LEGIT_0376,IP_LEGIT_0956,C_LEGIT_2108,M_029,0,1,0,1,1,0,NONE
TXN_001517,U_LEGIT_0835,89.37,263,D_LEGIT_0991,IP_LEGIT_1530,C_LEGIT_0342,M_130,1,5,0,2,1,0,NONE
TXN_003401,U_LEGIT_2497,62.04,148,D_LEGIT_1233,IP_LEGIT_0674,C_LEGIT_2598,M_146,0,2,1,1,2,0,NONE
TXN_008890,U_LEGIT_2123,189.24,794,D_LEGIT_0165,IP_LEGIT_1263,C_LEGIT_2204,M_125,0,2,0,2,1,0,NONE
TXN_007582,U_LEGIT_1914,249.95,1158,D_LEGIT_0626,IP_LEGIT_0399,C_LEGIT_2619,M_045,0,3,0,1,1,0,NONE
TXN_000634,U_LEGIT_2154,17.46,216,D_LEGIT_1166,IP_LEGIT_0943,C_LEGIT_1896,M_148,0,4,0,1,2,0,NONE
TXN_006123,U_LEGIT_0377,16.16,313,D_LEGIT_1172,IP_LEGIT_0504,C_LEGIT_1485,M_078,0,4,0,1,2,0,NONE
TXN_001362,U_LEGIT_0941,181.07,841,D_LEGIT_0025,IP_SHARED_BENIGN_02,C_LEGIT_2109,M_018,0,5,0,1,2,0,NONE
TXN_003523,U_LEGIT_1473,136.9,1022,D_LEGIT_0969,IP_LEGIT_1839,C_LEGIT_0653,M_074,0,4,0,1,1,0,NONE
TXN_009651,U_CYCLE_017,646.02,4,D_CYCLE_024,IP_CYCLE_022,C_STOLEN_POOL_05,M_054,9,21,8,3,5,1,CARD_CYCLING
TXN_009642,U_CYCLE_025,582.48,5,D_CYCLE_026,IP_CYCLE_017,C_STOLEN_POOL_02,M_081,6,20,7,4,6,1,CARD_CYCLING
TXN_006025,U_LEGIT_0657,38.0,161,D_LEGIT_1064,IP_LEGIT_1583,C_LEGIT_2562,M_091,0,2,0,2,1,0,NONE
TXN_003245,U_LEGIT_1757,102.06,358,D_LEGIT_0958,IP_SHARED_BENIGN_08,C_LEGIT_2672,M_040,0,4,0,2,2,0,NONE
TXN_004923,U_LEGIT_2404,174.7,1115,D_LEGIT_1598,IP_LEGIT_1558,C_LEGIT_0031,M_010,0,2,0,1,1,0,NONE
TXN_009279,U_INDIV_0078,2281.2,4,D_INDIV_0308,IP_INDIV_0085,C_INDIV_0307,M_025,7,32,4,7,7,1,INDIVIDUAL_FRAUD
TXN_009862,U_BURST_014,1414.83,1,D_BURST_011,IP_BURST_SUBNET_01,C_BURST_017,M_119,18,30,3,3,3,1,ACCOUNT_BURST
TXN_009527,U_FARM_024,98.7,0,D_FARM_HUB_01,IP_FARM_PROXY_01,C_FARM_027,M_092,11,65,2,1,3,1,DEVICE_FARM
TXN_005120,U_LEGIT_0525,249.61,288,D_LEGIT_0171,IP_LEGIT_0933,C_LEGIT_0936,M_139,0,1,1,2,2,0,NONE
TXN_009216,U_INDIV_0102,2422.37,1,D_INDIV_0233,IP_INDIV_0366,C_INDIV_0389,M_059,8,44,6,3,4,1,INDIVIDUAL_FRAUD
TXN_007387,U_LEGIT_0590,165.1,109,D_LEGIT_1926,IP_LEGIT_1958,C_LEGIT_2207,M_055,0,4,0,1,1,0,NONE
TXN_006052,U_LEGIT_0069,141.76,1088,D_LEGIT_1794,IP_LEGIT_1007,C_LEGIT_1831,M_022,0,2,0,2,2,0,NONE
TXN_003698,U_LEGIT_2489,82.91,843,D_LEGIT_0832,IP_LEGIT_1960,C_LEGIT_0214,M_074,0,4,0,1,2,0,NONE
TXN_003231,U_LEGIT_1158,206.79,148,D_LEGIT_1251,IP_LEGIT_1302,C_LEGIT_1290,M_142,0,1,0,1,1,0,NONE
TXN_007267,U_LEGIT_0567,99.35,1184,D_LEGIT_1653,IP_LEGIT_0704,C_LEGIT_2106,M_089,0,5,0,1,1,0,NONE
TXN_002186,U_LEGIT_2399,241.45,791,D_LEGIT_0331,IP_LEGIT_0212,C_LEGIT_1408,M_138,1,1,0,1,2,0,NONE
TXN_001089,U_LEGIT_1364,223.32,733,D_LEGIT_1322,IP_LEGIT_1544,C_LEGIT_2209,M_043,0,2,0,1,1,0,NONE
TXN_008299,U_LEGIT_0327,27.8,447,D_LEGIT_1243,IP_LEGIT_1103,C_LEGIT_1875,M_013,0,3,0,2,2,0,NONE
TXN_003193,U_LEGIT_0889,182.48,761,D_LEGIT_1899,IP_LEGIT_0387,C_LEGIT_2285,M_054,1,3,0,1,2,0,NONE
TXN_009165,U_INDIV_0137,1453.08,6,D_INDIV_0131,IP_INDIV_0064,C_INDIV_0003,M_123,6,48,7,6,7,1,INDIVIDUAL_FRAUD
TXN_009979,U_DIST_005,33.68,8,D_DIST_002,IP_DIST_PROXY_04,C_DIST_008,M_TARGET_HIGHVAL_99,3,12,1,1,1,1,DISTRIBUTED_ABUSE
TXN_003335,U_LEGIT_1998,9.91,93,D_SHARED_BENIGN_08,IP_LEGIT_1204,C_LEGIT_2201,M_121,1,3,0,1,1,0,NONE
TXN_005848,U_LEGIT_2042,189.67,505,D_LEGIT_1072,IP_LEGIT_0099,C_LEGIT_0737,M_091,0,5,0,1,2,0,NONE
TXN_000653,U_LEGIT_1808,12.79,811,D_LEGIT_1249,IP_LEGIT_1558,C_LEGIT_0639,M_124,0,1,0,1,1,0,NONE
TXN_006563,U_LEGIT_2099,38.43,844,D_LEGIT_0255,IP_LEGIT_1345,C_LEGIT_0921,M_033,0,1,1,1,1,0,NONE
TXN_007829,U_LEGIT_0279,169.31,166,D_LEGIT_1240,IP_LEGIT_1614,C_LEGIT_0174,M_016,0,2,0,1,1,0,NONE
TXN_004636,U_LEGIT_1717,107.81,342,D_LEGIT_1683,IP_LEGIT_1682,C_LEGIT_1145,M_015,0,5,0,2,1,0,NONE
TXN_000059,U_LEGIT_0471,22.43,659,D_LEGIT_1327,IP_LEGIT_0545,C_LEGIT_0583,M_019,0,5,0,2,1,0,NONE
TXN_009625,U_FARM_022,102.42,1,D_FARM_HUB_02,IP_FARM_PROXY_01,C_FARM_032,M_050,14,51,7,1,2,1,DEVICE_FARM
TXN_003907,U_LEGIT_1972,19.41,930,D_LEGIT_0645,IP_LEGIT_1347,C_LEGIT_1802,M_036,1,3,0,2,2,0,NONE
TXN_009072,U_INDIV_0187,1536.92,4,D_INDIV_0069,IP_INDIV_0336,C_INDIV_0267,M_012,16,25,3,5,4,1,INDIVIDUAL_FRAUD
TXN_006333,U_LEGIT_2486,107.28,1118,D_LEGIT_0149,IP_LEGIT_1080,C_LEGIT_0853,M_011,0,1,1,1,1,0,NONE
TXN_003564,U_LEGIT_1384,194.68,626,D_LEGIT_0058,IP_LEGIT_0994,C_LEGIT_2792,M_008,1,1,0,1,1,0,NONE
TXN_009758,U_BURST_014,1429.4,1,D_BURST_006,IP_BURST_SUBNET_02,C_BURST_014,M_103,11,26,2,2,2,1,ACCOUNT_BURST
TXN_000062,U_LEGIT_0744,92.21,712,D_LEGIT_0893,IP_LEGIT_1008,C_LEGIT_0374,M_121,0,1,0,1,2,0,NONE
TXN_009039,U_INDIV_0035,2225.37,5,D_INDIV_0090,IP_INDIV_0235,C_INDIV_0374,M_025,10,47,5,3,3,1,INDIVIDUAL_FRAUD
TXN_009960,U_DIST_005,32.86,21,D_DIST_029,IP_DIST_PROXY_03,C_DIST_018,M_TARGET_HIGHVAL_99,3,14,2,2,2,1,DISTRIBUTED_ABUSE
TXN_008534,U_LEGIT_1825,47.19,516,D_LEGIT_0285,IP_LEGIT_1260,C_LEGIT_1975,M_105,0,5,0,1,1,0,NONE
TXN_007171,U_LEGIT_2154,190.26,245,D_LEGIT_0218,IP_LEGIT_1760,C_LEGIT_1704,M_123,0,4,0,2,1,0,NONE
TXN_001132,U_LEGIT_1546,141.18,857,D_LEGIT_0589,IP_LEGIT_1637,C_LEGIT_2007,M_102,1,4,1,1,2,0,NONE
TXN_009242,U_INDIV_0026,1908.66,7,D_INDIV_0089,IP_INDIV_0319,C_INDIV_0282,M_114,17,31,4,4,7,1,INDIVIDUAL_FRAUD
TXN_004174,U_LEGIT_0985,212.99,1140,D_LEGIT_0366,IP_LEGIT_0370,C_LEGIT_0604,M_084,0,2,0,1,1,0,NONE
TXN_008519,U_LEGIT_0859,66.02,826,D_LEGIT_0263,IP_SHARED_BENIGN_02,C_LEGIT_0708,M_116,0,2,0,1,1,0,NONE
TXN_008750,U_LEGIT_2421,167.78,1122,D_LEGIT_0018,IP_LEGIT_1049,C_LEGIT_0838,M_107,0,3,0,2,1,0,NONE
TXN_002757,U_LEGIT_1180,209.19,118,D_LEGIT_0970,IP_LEGIT_1444,C_LEGIT_2315,M_018,0,1,0,1,1,0,NONE
TXN_009583,U_FARM_011,424.46,2,D_FARM_HUB_02,IP_FARM_PROXY_01,C_FARM_029,M_101,7,66,2,1,2,1,DEVICE_FARM
TXN_005408,U_LEGIT_2078,94.27,319,D_LEGIT_0020,IP_SHARED_BENIGN_02,C_LEGIT_0308,M_016,0,3,0,2,2,0,NONE
TXN_008995,U_LEGIT_1973,133.73,390,D_LEGIT_0551,IP_LEGIT_0778,C_LEGIT_0992,M_109,0,3,0,2,2,0,NONE
TXN_003702,U_LEGIT_1811,242.43,84,D_LEGIT_1705,IP_LEGIT_1311,C_LEGIT_1529,M_087,2,1,0,1,1,0,NONE
TXN_000116,U_LEGIT_0599,191.64,990,D_LEGIT_0588,IP_LEGIT_0968,C_LEGIT_2852,M_036,0,1,0,1,1,0,NONE
TXN_000228,U_LEGIT_2239,64.39,739,D_LEGIT_0503,IP_LEGIT_1910,C_LEGIT_1680,M_007,0,1,0,1,2,0,NONE
TXN_005594,U_LEGIT_0034,70.29,1173,D_SHARED_BENIGN_09,IP_SHARED_BENIGN_05,C_LEGIT_2655,M_015,0,1,0,1,1,0,NONE
TXN_009059,U_INDIV_0115,2722.35,5,D_INDIV_0221,IP_INDIV_0284,C_INDIV_0247,M_060,17,17,4,5,7,1,INDIVIDUAL_FRAUD
TXN_008603,U_LEGIT_0956,70.04,74,D_LEGIT_0294,IP_SHARED_BENIGN_07,C_LEGIT_0080,M_027,0,2,0,1,1,0,NONE
TXN_009536,U_FARM_027,409.2,1,D_FARM_HUB_01,IP_FARM_PROXY_01,C_FARM_002,M_069,19,62,4,1,3,1,DEVICE_FARM
TXN_009126,U_INDIV_0079,2366.87,6,D_INDIV_0067,IP_INDIV_0133,C_INDIV_0077,M_030,12,37,9,3,7,1,INDIVIDUAL_FRAUD
TXN_002588,U_LEGIT_0569,42.84,673,D_LEGIT_1382,IP_LEGIT_1289,C_LEGIT_1938,M_015,0,1,0,1,2,0,NONE
TXN_009025,U_INDIV_0065,2554.75,7,D_INDIV_0355,IP_INDIV_0248,C_INDIV_0341,M_049,6,39,4,5,6,1,INDIVIDUAL_FRAUD
TXN_009346,U_INDIV_0052,647.16,5,D_INDIV_0375,IP_INDIV_0321,C_INDIV_0098,M_045,9,45,8,3,4,1,INDIVIDUAL_FRAUD
TXN_006159,U_LEGIT_1196,158.47,93,D_LEGIT_0805,IP_SHARED_BENIGN_03,C_LEGIT_1284,M_012,0,5,0,1,1,0,NONE
TXN_005398,U_LEGIT_0429,49.62,651,D_LEGIT_0046,IP_LEGIT_0721,C_LEGIT_1326,M_010,0,2,0,1,2,0,NONE
TXN_001033,U_LEGIT_0086,214.11,853,D_LEGIT_0615,IP_LEGIT_0942,C_LEGIT_1681,M_139,0,3,0,2,2,0,NONE
TXN_008076,U_LEGIT_1487,176.96,788,D_LEGIT_1459,IP_LEGIT_1932,C_LEGIT_2028,M_083,1,4,0,1,1,0,NONE
TXN_008713,U_LEGIT_2117,124.71,1115,D_LEGIT_1670,IP_LEGIT_1941,C_LEGIT_1301,M_064,0,3,0,1,1,0,NONE
TXN_004751,U_LEGIT_2255,166.45,779,D_LEGIT_0413,IP_LEGIT_1908,C_LEGIT_1506,M_038,0,3,0,1,1,0,NONE
TXN_006757,U_LEGIT_0761,123.42,835,D_SHARED_BENIGN_10,IP_LEGIT_1426,C_LEGIT_2755,M_086,0,1,0,1,1,0,NONE
TXN_008793,U_LEGIT_2200,32.42,1039,D_SHARED_BENIGN_10,IP_LEGIT_0399,C_LEGIT_2793,M_058,0,2,0,1,2,0,NONE
TXN_000045,U_LEGIT_2482,34.16,82,D_LEGIT_1532,IP_LEGIT_1593,C_LEGIT_0671,M_080,1,5,0,2,2,0,NONE
TXN_003497,U_LEGIT_0589,180.23,699,D_LEGIT_0609,IP_LEGIT_1316,C_LEGIT_1861,M_008,0,1,0,2,1,0,NONE
TXN_005328,U_LEGIT_0214,40.67,70,D_LEGIT_0883,IP_LEGIT_1665,C_LEGIT_1159,M_132,0,3,0,2,1,0,NONE
TXN_008272,U_LEGIT_1507,71.65,1099,D_LEGIT_0310,IP_LEGIT_0360,C_LEGIT_0579,M_105,0,5,0,2,1,0,NONE
TXN_009666,U_CYCLE_012,681.1,7,D_CYCLE_026,IP_CYCLE_022,C_STOLEN_POOL_04,M_113,7,28,4,2,5,1,CARD_CYCLING
TXN_008558,U_LEGIT_0080,8.33,703,D_SHARED_BENIGN_04,IP_LEGIT_1154,C_LEGIT_2688,M_125,0,3,0,1,1,0,NONE
TXN_001990,U_LEGIT_2339,231.35,718,D_LEGIT_1236,IP_LEGIT_0493,C_LEGIT_0083,M_061,1,4,0,1,1,0,NONE
TXN_007425,U_LEGIT_0481,57.41,558,D_LEGIT_1317,IP_LEGIT_0669,C_LEGIT_0266,M_118,1,4,0,1,2,0,NONE
TXN_004312,U_LEGIT_2180,130.32,1112,D_LEGIT_1145,IP_LEGIT_1458,C_LEGIT_1665,M_100,0,1,0,1,1,0,NONE
TXN_001092,U_LEGIT_0436,181.32,1063,D_LEGIT_1319,IP_LEGIT_1709,C_LEGIT_2843,M_049,0,4,0,1,1,0,NONE
TXN_002997,U_LEGIT_1863,176.56,179,D_LEGIT_0748,IP_LEGIT_0569,C_LEGIT_0392,M_073,0,2,0,1,1,0,NONE
TXN_009500,U_INDIV_0094,1337.49,7,D_INDIV_0252,IP_INDIV_0047,C_INDIV_0112,M_107,12,40,9,6,6,1,INDIVIDUAL_FRAUD
TXN_000939,U_LEGIT_1802,155.0,816,D_LEGIT_0317,IP_LEGIT_1424,C_LEGIT_0527,M_038,0,2,0,1,1,0,NONE
TXN_000418,U_LEGIT_0768,179.78,586,D_LEGIT_1771,IP_LEGIT_0632,C_LEGIT_2889,M_081,0,4,0,1,2,0,NONE
TXN_004481,U_LEGIT_1869,68.82,877,D_LEGIT_0826,IP_LEGIT_1414,C_LEGIT_0601,M_011,0,3,0,2,2,0,NONE
TXN_009116,U_INDIV_0074,1615.19,4,D_INDIV_0182,IP_INDIV_0049,C_INDIV_0008,M_016,13,21,6,5,6,1,INDIVIDUAL_FRAUD
TXN_005900,U_LEGIT_0948,227.82,210,D_LEGIT_0760,IP_LEGIT_1253,C_LEGIT_0639,M_061,0,5,0,1,1,0,NONE
TXN_009463,U_INDIV_0134,2061.18,3,D_INDIV_0045,IP_INDIV_0376,C_INDIV_0302,M_125,14,35,8,3,6,1,INDIVIDUAL_FRAUD
TXN_002751,U_LEGIT_1999,186.48,535,D_LEGIT_0030,IP_LEGIT_1528,C_LEGIT_2459,M_055,1,5,0,2,1,0,NONE
TXN_007457,U_LEGIT_2402,42.74,594,D_LEGIT_0383,IP_LEGIT_0037,C_LEGIT_1581,M_109,0,5,0,1,1,0,NONE
TXN_000420,U_LEGIT_1394,194.21,231,D_LEGIT_1501,IP_LEGIT_0636,C_LEGIT_1341,M_037,0,5,0,1,1,0,NONE
TXN_008024,U_LEGIT_1245,127.29,659,D_LEGIT_1058,IP_LEGIT_1802,C_LEGIT_1071,M_091,0,5,0,1,2,0,NONE
TXN_001354,U_LEGIT_2367,115.96,866,D_LEGIT_1929,IP_LEGIT_1907,C_LEGIT_0056,M_070,0,2,0,2,1,0,NONE
TXN_002761,U_LEGIT_0641,160.28,368,D_LEGIT_1891,IP_LEGIT_1294,C_LEGIT_0231,M_119,1,4,0,1,1,0,NONE
TXN_002470,U_LEGIT_2494,219.71,1070,D_LEGIT_0401,IP_SHARED_BENIGN_06,C_LEGIT_1463,M_150,0,5,0,1,1,0,NONE
TXN_000157,U_LEGIT_0655,175.05,634,D_LEGIT_1030,IP_LEGIT_1819,C_LEGIT_2882,M_080,0,2,0,1,2,0,NONE
TXN_009624,U_FARM_020,229.81,2,D_FARM_HUB_02,IP_FARM_PROXY_01,C_FARM_012,M_077,21,38,5,1,2,1,DEVICE_FARM
TXN_004714,U_LEGIT_1262,171.73,284,D_LEGIT_0374,IP_LEGIT_0743,C_LEGIT_1073,M_126,1,2,0,1,1,0,NONE
TXN_007783,U_LEGIT_1272,154.24,183,D_LEGIT_1513,IP_LEGIT_1357,C_LEGIT_2102,M_078,0,4,0,1,2,0,NONE
TXN_009013,U_INDIV_0089,866.3,3,D_INDIV_0351,IP_INDIV_0188,C_INDIV_0011,M_041,6,39,4,6,3,1,INDIVIDUAL_FRAUD
TXN_009878,U_DIST_009,42.78,8,D_DIST_025,IP_DIST_PROXY_01,C_DIST_017,M_TARGET_HIGHVAL_99,8,10,0,1,1,1,DISTRIBUTED_ABUSE
TXN_009448,U_INDIV_0073,2923.54,2,D_INDIV_0125,IP_INDIV_0039,C_INDIV_0366,M_019,8,22,8,7,5,1,INDIVIDUAL_FRAUD
TXN_003659,U_LEGIT_1124,71.4,410,D_LEGIT_0493,IP_LEGIT_1876,C_LEGIT_1466,M_127,0,1,0,1,1,0,NONE
TXN_004259,U_LEGIT_0012,75.3,1086,D_LEGIT_1677,IP_LEGIT_0056,C_LEGIT_2685,M_111,0,4,0,1,1,0,NONE
TXN_006976,U_LEGIT_1055,12.83,677,D_SHARED_BENIGN_08,IP_LEGIT_1955,C_LEGIT_2513,M_092,0,5,1,1,1,0,NONE
TXN_004989,U_LEGIT_2150,72.29,720,D_LEGIT_0343,IP_LEGIT_0924,C_LEGIT_0126,M_073,0,3,0,1,1,0,NONE
TXN_004178,U_LEGIT_0354,19.58,68,D_LEGIT_1987,IP_LEGIT_1298,C_LEGIT_1438,M_135,0,3,0,1,2,0,NONE
TXN_004021,U_LEGIT_0946,180.91,314,D_LEGIT_0059,IP_LEGIT_1307,C_LEGIT_1547,M_062,0,4,0,1,2,0,NONE
TXN_007671,U_LEGIT_0229,208.45,610,D_LEGIT_1609,IP_SHARED_BENIGN_06,C_LEGIT_0871,M_147,0,3,0,1,1,0,NONE
TXN_001463,U_LEGIT_0149,126.71,1020,D_LEGIT_1072,IP_LEGIT_0152,C_LEGIT_0676,M_110,0,5,1,1,1,0,NONE
TXN_007561,U_LEGIT_1971,56.32,247,D_SHARED_BENIGN_05,IP_LEGIT_1459,C_LEGIT_1792,M_041,0,5,0,1,1,0,NONE
TXN_007900,U_LEGIT_1918,189.11,751,D_LEGIT_0552,IP_LEGIT_1151,C_LEGIT_1398,M_066,0,4,0,1,1,0,NONE
TXN_004366,U_LEGIT_0815,219.42,572,D_LEGIT_1381,IP_LEGIT_0973,C_LEGIT_1058,M_075,0,3,0,1,1,0,NONE
TXN_006220,U_LEGIT_0418,55.3,74,D_LEGIT_1613,IP_LEGIT_0615,C_LEGIT_1988,M_029,0,1,0,1,1,0,NONE
TXN_002750,U_LEGIT_2439,22.83,609,D_LEGIT_1717,IP_LEGIT_1378,C_LEGIT_1121,M_041,0,2,0,1,1,0,NONE
TXN_007409,U_LEGIT_1147,127.69,136,D_LEGIT_0017,IP_LEGIT_0590,C_LEGIT_1223,M_046,0,4,0,1,1,0,NONE
TXN_002854,U_LEGIT_1317,242.39,377,D_LEGIT_1689,IP_LEGIT_0062,C_LEGIT_1057,M_019,0,2,1,2,2,0,NONE
TXN_006562,U_LEGIT_1264,178.73,489,D_LEGIT_0826,IP_LEGIT_0322,C_LEGIT_0738,M_083,0,3,0,2,2,0,NONE
TXN_005066,U_LEGIT_1382,119.84,994,D_LEGIT_1176,IP_LEGIT_1743,C_LEGIT_2529,M_041,2,4,0,1,2,0,NONE
TXN_008491,U_LEGIT_1487,220.67,1017,D_LEGIT_1579,IP_LEGIT_0155,C_LEGIT_2827,M_003,1,1,0,2,1,0,NONE
TXN_009653,U_CYCLE_017,563.4,4,D_CYCLE_008,IP_CYCLE_022,C_STOLEN_POOL_03,M_097,12,16,9,5,7,1,CARD_CYCLING
TXN_004621,U_LEGIT_2330,28.62,1108,D_LEGIT_0535,IP_LEGIT_1311,C_LEGIT_2675,M_129,0,2,0,1,2,0,NONE
TXN_003447,U_LEGIT_0268,222.83,399,D_SHARED_BENIGN_02,IP_LEGIT_0130,C_LEGIT_2607,M_125,0,3,0,1,1,0,NONE
TXN_008257,U_LEGIT_0309,132.72,556,D_LEGIT_1802,IP_LEGIT_1749,C_LEGIT_2777,M_137,0,1,0,2,1,0,NONE
TXN_000285,U_LEGIT_1404,174.96,1009,D_LEGIT_0821,IP_LEGIT_0935,C_LEGIT_1114,M_099,0,2,0,1,1,0,NONE
TXN_008704,U_LEGIT_1149,31.72,977,D_LEGIT_1640,IP_SHARED_BENIGN_06,C_LEGIT_2820,M_106,0,3,0,1,1,0,NONE
TXN_006219,U_LEGIT_0017,107.1,151,D_LEGIT_1895,IP_SHARED_BENIGN_01,C_LEGIT_1152,M_102,0,3,0,1,2,0,NONE
TXN_006928,U_LEGIT_0043,222.45,211,D_LEGIT_0535,IP_LEGIT_0602,C_LEGIT_0002,M_118,0,1,1,1,2,0,NONE
TXN_007036,U_LEGIT_1740,203.52,168,D_LEGIT_1297,IP_LEGIT_1674,C_LEGIT_0855,M_076,0,4,0,2,1,0,NONE
TXN_001817,U_LEGIT_0625,104.94,939,D_LEGIT_1328,IP_LEGIT_1743,C_LEGIT_0202,M_051,0,4,0,1,1,0,NONE
TXN_002039,U_LEGIT_0112,189.34,389,D_LEGIT_0652,IP_LEGIT_1263,C_LEGIT_1095,M_047,0,2,0,2,2,0,NONE
TXN_009269,U_INDIV_0003,1800.54,4,D_INDIV_0088,IP_INDIV_0336,C_INDIV_0148,M_068,7,19,3,6,8,1,INDIVIDUAL_FRAUD
TXN_003970,U_LEGIT_0136,46.2,554,D_LEGIT_1418,IP_LEGIT_0088,C_LEGIT_2739,M_109,0,1,0,1,1,0,NONE
TXN_000039,U_LEGIT_0264,209.56,827,D_LEGIT_0678,IP_LEGIT_0852,C_LEGIT_0256,M_053,1,5,0,1,2,0,NONE
TXN_000317,U_LEGIT_2317,83.8,483,D_LEGIT_1655,IP_LEGIT_0878,C_LEGIT_0691,M_002,0,4,0,1,1,0,NONE
TXN_002124,U_LEGIT_0547,105.11,242,D_LEGIT_1931,IP_LEGIT_1971,C_LEGIT_2050,M_087,0,3,0,2,1,0,NONE
TXN_008978,U_LEGIT_0339,209.39,388,D_LEGIT_0538,IP_LEGIT_0200,C_LEGIT_2813,M_107,0,2,0,1,1,0,NONE
TXN_006863,U_LEGIT_1449,13.52,839,D_LEGIT_0309,IP_LEGIT_1796,C_LEGIT_2377,M_007,0,1,0,1,1,0,NONE
TXN_006092,U_LEGIT_0027,203.07,992,D_LEGIT_1449,IP_LEGIT_0252,C_LEGIT_0530,M_122,0,2,0,1,2,0,NONE
TXN_007680,U_LEGIT_1339,38.34,1061,D_LEGIT_0034,IP_LEGIT_1522,C_LEGIT_0413,M_109,0,3,0,1,1,0,NONE
TXN_005866,U_LEGIT_0017,199.51,1127,D_LEGIT_0380,IP_SHARED_BENIGN_02,C_LEGIT_0499,M_003,0,1,0,1,1,0,NONE
TXN_004571,U_LEGIT_1378,181.98,1068,D_LEGIT_1375,IP_LEGIT_1024,C_LEGIT_1364,M_020,0,5,0,1,1,0,NONE
TXN_000989,U_LEGIT_2397,62.36,241,D_LEGIT_1454,IP_LEGIT_1628,C_LEGIT_1996,M_075,0,5,0,1,1,0,NONE
TXN_000086,U_LEGIT_1136,34.6,82,D_LEGIT_0297,IP_LEGIT_1107,C_LEGIT_1027,M_045,0,3,0,1,1,0,NONE
TXN_007917,U_LEGIT_0671,47.92,464,D_LEGIT_0133,IP_LEGIT_0239,C_LEGIT_2775,M_137,0,2,0,1,1,0,NONE
TXN_003264,U_LEGIT_2053,22.62,768,D_LEGIT_0383,IP_LEGIT_1830,C_LEGIT_1765,M_023,0,4,0,1,1,0,NONE
TXN_009322,U_INDIV_0061,1367.78,5,D_INDIV_0065,IP_INDIV_0127,C_INDIV_0203,M_129,7,41,5,7,8,1,INDIVIDUAL_FRAUD
TXN_003721,U_LEGIT_1848,245.68,843,D_LEGIT_1543,IP_LEGIT_1368,C_LEGIT_1100,M_084,0,5,0,1,1,0,NONE
TXN_004172,U_LEGIT_1286,103.97,550,D_LEGIT_0614,IP_LEGIT_0852,C_LEGIT_1552,M_120,0,1,0,1,1,0,NONE
TXN_000626,U_LEGIT_0933,191.34,974,D_LEGIT_1535,IP_LEGIT_0479,C_LEGIT_2113,M_142,0,1,0,1,2,0,NONE
TXN_000793,U_LEGIT_0928,61.21,579,D_LEGIT_1433,IP_LEGIT_0803,C_LEGIT_1610,M_026,0,2,0,1,1,0,NONE
TXN_008609,U_LEGIT_0358,17.16,307,D_LEGIT_1443,IP_LEGIT_0499,C_LEGIT_0439,M_009,0,2,0,1,1,0,NONE
TXN_001107,U_LEGIT_0924,196.91,86,D_LEGIT_0833,IP_SHARED_BENIGN_07,C_LEGIT_0176,M_083,0,3,0,1,1,0,NONE
TXN_006761,U_LEGIT_1504,49.28,1029,D_LEGIT_0289,IP_LEGIT_1110,C_LEGIT_0986,M_146,0,1,0,1,2,0,NONE
TXN_001080,U_LEGIT_1876,143.72,614,D_LEGIT_1233,IP_LEGIT_1886,C_LEGIT_2014,M_123,0,2,0,1,1,0,NONE
TXN_005757,U_LEGIT_0711,223.25,1049,D_LEGIT_0563,IP_SHARED_BENIGN_09,C_LEGIT_1208,M_005,0,2,0,1,1,0,NONE
TXN_007564,U_LEGIT_0815,169.07,612,D_LEGIT_0721,IP_LEGIT_0456,C_LEGIT_1438,M_021,0,5,0,2,2,0,NONE
TXN_003240,U_LEGIT_0561,224.25,827,D_LEGIT_1097,IP_LEGIT_0143,C_LEGIT_2325,M_057,0,2,0,1,2,0,NONE
TXN_006198,U_LEGIT_0344,80.13,804,D_LEGIT_0244,IP_LEGIT_1955,C_LEGIT_1924,M_037,0,5,0,1,1,0,NONE
TXN_002886,U_LEGIT_0274,214.29,907,D_LEGIT_1554,IP_LEGIT_1266,C_LEGIT_1749,M_102,2,4,0,1,1,0,NONE
TXN_006473,U_LEGIT_0386,43.06,899,D_LEGIT_1427,IP_LEGIT_0003,C_LEGIT_2982,M_030,0,4,1,2,1,0,NONE
TXN_008726,U_LEGIT_0501,71.54,889,D_LEGIT_0379,IP_LEGIT_0913,C_LEGIT_2082,M_127,0,5,0,2,1,0,NONE
TXN_002648,U_LEGIT_0514,94.73,556,D_LEGIT_0487,IP_LEGIT_0024,C_LEGIT_1333,M_149,0,3,0,1,1,0,NONE
TXN_000335,U_LEGIT_0411,46.9,40,D_LEGIT_0821,IP_LEGIT_1641,C_LEGIT_2256,M_014,0,2,0,2,1,0,NONE
TXN_007306,U_LEGIT_1524,19.41,772,D_LEGIT_0312,IP_LEGIT_0426,C_LEGIT_1176,M_094,1,2,0,1,2,0,NONE
TXN_009470,U_INDIV_0020,1467.79,5,D_INDIV_0156,IP_INDIV_0349,C_INDIV_0207,M_053,14,38,3,6,4,1,INDIVIDUAL_FRAUD
TXN_003283,U_LEGIT_0887,65.75,951,D_SHARED_BENIGN_04,IP_LEGIT_1250,C_LEGIT_2657,M_075,0,3,0,1,2,0,NONE
TXN_003664,U_LEGIT_0478,61.35,734,D_LEGIT_0686,IP_LEGIT_1292,C_LEGIT_0119,M_092,1,2,0,1,1,0,NONE
TXN_009087,U_INDIV_0097,1553.95,6,D_INDIV_0293,IP_INDIV_0235,C_INDIV_0267,M_025,10,44,4,3,7,1,INDIVIDUAL_FRAUD
TXN_002347,U_LEGIT_1928,241.89,512,D_LEGIT_0571,IP_LEGIT_0529,C_LEGIT_1852,M_076,0,1,0,1,1,0,NONE
TXN_000280,U_LEGIT_0842,168.32,582,D_LEGIT_1291,IP_SHARED_BENIGN_07,C_LEGIT_2711,M_026,0,2,0,1,1,0,NONE
TXN_000839,U_LEGIT_1737,121.09,517,D_LEGIT_1164,IP_LEGIT_0533,C_LEGIT_0666,M_098,0,1,0,1,1,0,NONE
TXN_000282,U_LEGIT_0851,227.46,1041,D_LEGIT_0985,IP_LEGIT_0006,C_LEGIT_0053,M_023,0,1,0,1,1,0,NONE
TXN_001597,U_LEGIT_0060,22.75,67,D_LEGIT_0674,IP_SHARED_BENIGN_04,C_LEGIT_0893,M_001,0,4,0,1,2,0,NONE
TXN_006601,U_LEGIT_0909,66.46,404,D_LEGIT_0222,IP_LEGIT_1547,C_LEGIT_1799,M_081,0,5,0,1,1,0,NONE
TXN_000252,U_LEGIT_1478,56.32,82,D_SHARED_BENIGN_02,IP_LEGIT_1356,C_LEGIT_2561,M_123,0,3,1,2,1,0,NONE
TXN_007380,U_LEGIT_1750,146.75,88,D_LEGIT_0230,IP_LEGIT_0719,C_LEGIT_2768,M_115,0,2,0,2,2,0,NONE
TXN_002224,U_LEGIT_1076,85.74,148,D_LEGIT_0284,IP_LEGIT_1957,C_LEGIT_1189,M_087,2,3,0,1,1,0,NONE
TXN_002111,U_LEGIT_0202,9.96,447,D_LEGIT_1648,IP_LEGIT_1037,C_LEGIT_0138,M_071,0,3,0,1,1,0,NONE
TXN_002856,U_LEGIT_1540,110.49,323,D_LEGIT_0090,IP_LEGIT_1262,C_LEGIT_2782,M_059,0,3,0,1,1,0,NONE
TXN_006179,U_LEGIT_0467,225.81,184,D_LEGIT_1877,IP_LEGIT_1246,C_LEGIT_1431,M_093,0,4,0,1,1,0,NONE
TXN_002216,U_LEGIT_1558,45.9,33,D_LEGIT_1074,IP_SHARED_BENIGN_08,C_LEGIT_0640,M_125,0,5,0,1,2,0,NONE
TXN_001615,U_LEGIT_2236,122.54,194,D_LEGIT_1754,IP_LEGIT_1619,C_LEGIT_2555,M_076,0,5,0,1,1,0,NONE
TXN_006268,U_LEGIT_1467,42.0,649,D_LEGIT_1567,IP_LEGIT_1405,C_LEGIT_0601,M_136,1,3,0,1,1,0,NONE
TXN_000888,U_LEGIT_2096,191.92,523,D_LEGIT_0872,IP_LEGIT_0670,C_LEGIT_1240,M_129,0,4,0,2,1,0,NONE
TXN_008362,U_LEGIT_0579,203.95,864,D_LEGIT_0037,IP_LEGIT_1824,C_LEGIT_2734,M_089,0,4,0,1,1,0,NONE
TXN_004011,U_LEGIT_1987,225.37,622,D_LEGIT_1659,IP_LEGIT_0789,C_LEGIT_0511,M_130,0,3,0,1,1,0,NONE
TXN_001825,U_LEGIT_0261,132.3,222,D_LEGIT_0690,IP_SHARED_BENIGN_03,C_LEGIT_0679,M_020,0,5,0,1,1,0,NONE
TXN_006804,U_LEGIT_1648,231.22,1177,D_LEGIT_0707,IP_LEGIT_0445,C_LEGIT_1314,M_089,0,1,0,1,1,0,NONE
TXN_000610,U_LEGIT_1265,21.87,1068,D_LEGIT_0597,IP_LEGIT_0017,C_LEGIT_2121,M_038,0,5,0,2,1,0,NONE
TXN_007687,U_LEGIT_0980,49.15,668,D_LEGIT_0557,IP_LEGIT_0269,C_LEGIT_0012,M_065,0,2,1,2,2,0,NONE
TXN_009966,U_DIST_015,67.71,17,D_DIST_004,IP_DIST_PROXY_03,C_DIST_034,M_TARGET_HIGHVAL_99,5,8,1,1,2,1,DISTRIBUTED_ABUSE
TXN_000963,U_LEGIT_0035,171.24,698,D_LEGIT_0875,IP_LEGIT_1753,C_LEGIT_0913,M_150,0,2,0,1,1,0,NONE
TXN_003382,U_LEGIT_1788,201.23,994,D_LEGIT_0239,IP_LEGIT_0507,C_LEGIT_2089,M_117,0,3,0,1,1,0,NONE
TXN_002958,U_LEGIT_2394,168.14,706,D_LEGIT_1517,IP_LEGIT_1502,C_LEGIT_2302,M_129,0,3,0,1,1,0,NONE
TXN_005458,U_LEGIT_1611,112.51,985,D_LEGIT_0023,IP_LEGIT_1894,C_LEGIT_1994,M_033,1,5,0,1,1,0,NONE
TXN_001224,U_LEGIT_2038,229.83,467,D_LEGIT_0581,IP_LEGIT_1221,C_LEGIT_0491,M_107,0,5,0,1,1,0,NONE
TXN_004002,U_LEGIT_0453,212.11,840,D_LEGIT_0073,IP_SHARED_BENIGN_07,C_LEGIT_1489,M_107,0,5,0,1,1,0,NONE
TXN_002131,U_LEGIT_1796,147.06,1031,D_LEGIT_1926,IP_LEGIT_1174,C_LEGIT_2647,M_070,0,5,0,1,1,0,NONE
TXN_003835,U_LEGIT_0409,128.25,1177,D_LEGIT_1233,IP_LEGIT_0372,C_LEGIT_2300,M_031,0,2,0,1,2,0,NONE
TXN_006872,U_LEGIT_0485,60.0,255,D_LEGIT_1606,IP_LEGIT_1466,C_LEGIT_0573,M_146,0,5,0,1,1,0,NONE
TXN_009538,U_FARM_023,134.76,3,D_FARM_HUB_02,IP_FARM_PROXY_01,C_FARM_016,M_112,11,46,7,1,2,1,DEVICE_FARM
TXN_001900,U_LEGIT_2479,115.11,233,D_LEGIT_0377,IP_LEGIT_1414,C_LEGIT_2529,M_024,0,2,0,1,1,0,NONE
TXN_007263,U_LEGIT_0797,114.95,795,D_LEGIT_0215,IP_LEGIT_0366,C_LEGIT_1645,M_108,0,5,0,1,1,0,NONE
TXN_007551,U_LEGIT_0467,183.1,521,D_LEGIT_0656,IP_LEGIT_0871,C_LEGIT_0019,M_025,1,5,0,1,2,0,NONE
TXN_008647,U_LEGIT_2021,117.61,522,D_LEGIT_0654,IP_LEGIT_1617,C_LEGIT_0344,M_120,1,3,0,1,1,0,NONE
TXN_002421,U_LEGIT_2115,66.36,1018,D_LEGIT_1758,IP_LEGIT_0690,C_LEGIT_2910,M_048,2,5,0,2,2,0,NONE
TXN_008946,U_LEGIT_1201,167.03,299,D_LEGIT_0230,IP_SHARED_BENIGN_06,C_LEGIT_0044,M_146,0,5,0,2,1,0,NONE
TXN_005828,U_LEGIT_0889,95.47,1007,D_LEGIT_0129,IP_LEGIT_0448,C_LEGIT_1183,M_055,1,5,0,1,1,0,NONE
TXN_004910,U_LEGIT_0993,182.16,1056,D_LEGIT_1036,IP_LEGIT_0657,C_LEGIT_1390,M_067,0,1,0,1,1,0,NONE
TXN_001377,U_LEGIT_1591,143.04,1095,D_LEGIT_1608,IP_SHARED_BENIGN_04,C_LEGIT_2212,M_111,1,5,0,2,1,0,NONE
TXN_005609,U_LEGIT_1328,45.88,93,D_LEGIT_0408,IP_LEGIT_0434,C_LEGIT_0092,M_046,1,4,0,1,1,0,NONE
TXN_005026,U_LEGIT_0939,27.62,66,D_SHARED_BENIGN_10,IP_LEGIT_0269,C_LEGIT_2058,M_029,0,5,0,1,1,0,NONE
TXN_003600,U_LEGIT_0082,140.71,118,D_LEGIT_0055,IP_LEGIT_0696,C_LEGIT_0200,M_014,0,5,0,1,1,0,NONE
TXN_007618,U_LEGIT_1371,76.82,178,D_LEGIT_1197,IP_LEGIT_1059,C_LEGIT_2238,M_103,0,5,0,2,1,0,NONE
TXN_001833,U_LEGIT_0216,60.8,1192,D_LEGIT_0786,IP_LEGIT_1540,C_LEGIT_0526,M_098,0,3,0,2,1,0,NONE
TXN_002979,U_LEGIT_1017,17.47,1074,D_LEGIT_0290,IP_LEGIT_1383,C_LEGIT_1072,M_116,0,1,0,1,1,0,NONE
TXN_000558,U_LEGIT_1785,194.27,333,D_LEGIT_1758,IP_LEGIT_0391,C_LEGIT_0353,M_078,0,1,0,1,2,0,NONE
TXN_001713,U_LEGIT_2157,132.95,724,D_LEGIT_1939,IP_SHARED_BENIGN_01,C_LEGIT_1875,M_038,1,2,0,2,1,0,NONE
TXN_001001,U_LEGIT_1005,79.82,72,D_LEGIT_0902,IP_LEGIT_0443,C_LEGIT_0596,M_004,1,4,0,2,1,0,NONE
TXN_004855,U_LEGIT_0124,161.48,469,D_LEGIT_1896,IP_LEGIT_0016,C_LEGIT_0721,M_141,1,4,0,1,1,0,NONE
TXN_006999,U_LEGIT_0059,96.96,632,D_LEGIT_0328,IP_LEGIT_1902,C_LEGIT_2731,M_027,0,5,0,1,1,0,NONE
TXN_002736,U_LEGIT_1918,26.64,1164,D_LEGIT_1517,IP_LEGIT_0342,C_LEGIT_0021,M_111,0,1,0,1,2,0,NONE
TXN_000242,U_LEGIT_2307,82.79,1034,D_LEGIT_1714,IP_LEGIT_1806,C_LEGIT_2017,M_139,0,1,0,1,1,0,NONE
TXN_009746,U_CYCLE_023,760.95,9,D_CYCLE_007,IP_CYCLE_001,C_STOLEN_POOL_05,M_085,11,24,5,2,5,1,CARD_CYCLING
TXN_003876,U_LEGIT_0735,115.12,285,D_LEGIT_1351,IP_LEGIT_0657,C_LEGIT_1178,M_129,0,2,0,1,1,0,NONE
TXN_005012,U_LEGIT_2461,13.78,637,D_LEGIT_0636,IP_LEGIT_1169,C_LEGIT_0247,M_038,0,4,0,1,1,0,NONE
TXN_006781,U_LEGIT_1856,74.59,1085,D_LEGIT_1775,IP_LEGIT_0313,C_LEGIT_2475,M_100,0,5,0,1,1,0,NONE
TXN_001295,U_LEGIT_0710,133.51,1066,D_SHARED_BENIGN_01,IP_LEGIT_1136,C_LEGIT_2003,M_120,1,4,0,1,1,0,NONE
TXN_000862,U_LEGIT_1449,45.93,716,D_LEGIT_1525,IP_LEGIT_1490,C_LEGIT_0305,M_084,0,5,0,1,1,0,NONE
TXN_005783,U_LEGIT_1693,158.01,611,D_LEGIT_1551,IP_LEGIT_1751,C_LEGIT_2375,M_016,0,4,0,1,1,0,NONE
TXN_001120,U_LEGIT_0992,33.99,519,D_LEGIT_0340,IP_LEGIT_1880,C_LEGIT_0903,M_072,0,4,0,2,2,0,NONE
TXN_002423,U_LEGIT_0680,169.13,873,D_LEGIT_1171,IP_LEGIT_0124,C_LEGIT_2518,M_105,0,2,0,1,1,0,NONE
TXN_009685,U_CYCLE_020,443.31,4,D_CYCLE_021,IP_CYCLE_006,C_STOLEN_POOL_03,M_060,6,39,9,4,4,1,CARD_CYCLING
TXN_006771,U_LEGIT_0502,136.43,503,D_LEGIT_0206,IP_LEGIT_1070,C_LEGIT_1960,M_024,0,2,0,1,1,0,NONE
TXN_004479,U_LEGIT_2338,231.96,843,D_LEGIT_0258,IP_LEGIT_0045,C_LEGIT_1016,M_139,2,3,0,1,1,0,NONE
TXN_006550,U_LEGIT_1689,223.03,412,D_LEGIT_0756,IP_SHARED_BENIGN_10,C_LEGIT_2691,M_032,1,1,0,1,1,0,NONE
TXN_002670,U_LEGIT_2115,219.64,1131,D_LEGIT_1388,IP_LEGIT_0959,C_LEGIT_2862,M_129,2,5,0,1,1,0,NONE
TXN_000961,U_LEGIT_2104,189.96,912,D_LEGIT_0180,IP_LEGIT_0960,C_LEGIT_2499,M_049,0,4,0,1,1,0,NONE
TXN_000799,U_LEGIT_0581,94.98,212,D_LEGIT_0064,IP_LEGIT_1518,C_LEGIT_2851,M_111,0,4,0,1,2,0,NONE
TXN_002302,U_LEGIT_2483,117.01,486,D_LEGIT_1173,IP_LEGIT_0746,C_LEGIT_2074,M_081,1,4,0,1,2,0,NONE
TXN_005005,U_LEGIT_2349,129.85,174,D_LEGIT_1525,IP_LEGIT_1526,C_LEGIT_1828,M_017,0,4,0,1,2,0,NONE
TXN_001844,U_LEGIT_1185,84.24,554,D_LEGIT_0056,IP_LEGIT_0984,C_LEGIT_0151,M_027,0,5,0,1,1,0,NONE
TXN_000572,U_LEGIT_1647,228.03,46,D_LEGIT_1436,IP_LEGIT_0624,C_LEGIT_2956,M_081,0,5,0,1,2,0,NONE
TXN_004974,U_LEGIT_0255,26.14,597,D_LEGIT_1212,IP_LEGIT_0661,C_LEGIT_0542,M_102,0,4,0,1,1,0,NONE
TXN_004697,U_LEGIT_0558,127.8,628,D_LEGIT_0275,IP_SHARED_BENIGN_09,C_LEGIT_0419,M_138,0,4,0,2,1,0,NONE
TXN_004016,U_LEGIT_2013,98.59,239,D_LEGIT_0032,IP_LEGIT_0998,C_LEGIT_0456,M_147,0,3,0,1,1,0,NONE
TXN_006434,U_LEGIT_0395,231.03,878,D_LEGIT_1740,IP_LEGIT_1651,C_LEGIT_2523,M_027,0,4,0,1,1,0,NONE
TXN_006594,U_LEGIT_1800,72.88,363,D_SHARED_BENIGN_04,IP_LEGIT_1052,C_LEGIT_0258,M_079,0,2,0,1,1,0,NONE
TXN_005234,U_LEGIT_0253,27.18,182,D_LEGIT_1570,IP_LEGIT_0750,C_LEGIT_1192,M_083,0,4,0,1,1,0,NONE
TXN_007823,U_LEGIT_2378,13.28,182,D_LEGIT_1295,IP_SHARED_BENIGN_05,C_LEGIT_2290,M_137,0,5,0,1,1,0,NONE
TXN_003672,U_LEGIT_0308,81.67,253,D_LEGIT_0069,IP_SHARED_BENIGN_05,C_LEGIT_2109,M_092,0,2,0,1,1,0,NONE
TXN_004372,U_LEGIT_2490,78.33,1027,D_LEGIT_0650,IP_LEGIT_1633,C_LEGIT_2079,M_074,0,5,0,1,1,0,NONE
TXN_003340,U_LEGIT_0578,11.56,409,D_SHARED_BENIGN_03,IP_LEGIT_1058,C_LEGIT_2993,M_097,0,3,0,1,1,0,NONE
TXN_002937,U_LEGIT_1363,214.9,246,D_LEGIT_1545,IP_LEGIT_1920,C_LEGIT_2749,M_131,0,1,0,1,1,0,NONE
TXN_003623,U_LEGIT_1471,25.05,1110,D_SHARED_BENIGN_04,IP_LEGIT_0489,C_LEGIT_1136,M_082,0,3,0,1,1,0,NONE
TXN_000922,U_LEGIT_1668,119.91,681,D_LEGIT_1602,IP_LEGIT_0266,C_LEGIT_1126,M_069,0,2,0,1,1,0,NONE
TXN_005879,U_LEGIT_2297,247.52,395,D_LEGIT_1209,IP_LEGIT_0619,C_LEGIT_2402,M_021,0,2,0,2,1,0,NONE
TXN_004071,U_LEGIT_0020,126.14,1178,D_LEGIT_0183,IP_LEGIT_0423,C_LEGIT_0904,M_034,0,5,0,1,2,0,NONE
TXN_005193,U_LEGIT_1602,223.76,126,D_LEGIT_0233,IP_LEGIT_0787,C_LEGIT_0709,M_050,0,4,0,1,2,0,NONE
TXN_007789,U_LEGIT_1459,78.98,421,D_LEGIT_1593,IP_LEGIT_1057,C_LEGIT_1929,M_014,0,1,0,1,1,0,NONE
TXN_002687,U_LEGIT_0187,203.61,768,D_LEGIT_1467,IP_LEGIT_0181,C_LEGIT_2400,M_116,0,3,0,1,1,0,NONE
TXN_004656,U_LEGIT_2092,83.56,141,D_LEGIT_0687,IP_LEGIT_1433,C_LEGIT_1018,M_133,0,5,0,1,1,0,NONE
TXN_009454,U_INDIV_0056,1398.03,0,D_INDIV_0092,IP_INDIV_0260,C_INDIV_0106,M_038,8,27,9,6,7,1,INDIVIDUAL_FRAUD
TXN_000110,U_LEGIT_1266,62.82,311,D_LEGIT_0439,IP_LEGIT_1570,C_LEGIT_1992,M_050,0,3,0,1,1,0,NONE
TXN_002487,U_LEGIT_0127,72.19,433,D_LEGIT_1103,IP_LEGIT_0995,C_LEGIT_2098,M_057,0,4,0,2,1,0,NONE
TXN_002919,U_LEGIT_1796,59.04,378,D_LEGIT_1404,IP_LEGIT_1688,C_LEGIT_2205,M_045,1,5,0,1,2,0,NONE
TXN_001397,U_LEGIT_0113,249.22,977,D_LEGIT_1229,IP_LEGIT_0479,C_LEGIT_0409,M_022,0,4,0,1,1,0,NONE
TXN_001317,U_LEGIT_0324,12.59,147,D_LEGIT_0132,IP_LEGIT_1702,C_LEGIT_0567,M_122,2,4,0,1,1,0,NONE
TXN_003847,U_LEGIT_2441,20.76,809,D_LEGIT_1914,IP_SHARED_BENIGN_04,C_LEGIT_2950,M_023,0,4,0,1,2,0,NONE
TXN_002007,U_LEGIT_0331,118.53,918,D_LEGIT_1469,IP_SHARED_BENIGN_01,C_LEGIT_1942,M_003,0,5,0,1,1,0,NONE
TXN_009427,U_INDIV_0089,1567.82,6,D_INDIV_0002,IP_INDIV_0285,C_INDIV_0201,M_056,13,39,7,5,3,1,INDIVIDUAL_FRAUD
TXN_005610,U_LEGIT_1235,196.23,30,D_SHARED_BENIGN_06,IP_LEGIT_0412,C_LEGIT_2812,M_065,0,1,0,2,1,0,NONE
TXN_001417,U_LEGIT_0867,145.69,979,D_LEGIT_0681,IP_LEGIT_0168,C_LEGIT_2992,M_081,0,4,0,1,2,0,NONE
TXN_009123,U_INDIV_0088,778.82,1,D_INDIV_0001,IP_INDIV_0250,C_INDIV_0255,M_067,11,42,6,4,7,1,INDIVIDUAL_FRAUD
TXN_003082,U_LEGIT_1708,113.65,583,D_SHARED_BENIGN_08,IP_LEGIT_1385,C_LEGIT_0496,M_080,0,2,0,1,1,0,NONE
TXN_006341,U_LEGIT_2254,166.95,618,D_LEGIT_0844,IP_LEGIT_0204,C_LEGIT_1970,M_029,0,4,0,1,2,0,NONE
TXN_006167,U_LEGIT_1214,208.05,574,D_LEGIT_1554,IP_LEGIT_0355,C_LEGIT_1227,M_008,0,4,1,1,1,0,NONE
TXN_005515,U_LEGIT_1944,85.24,979,D_LEGIT_1903,IP_LEGIT_0147,C_LEGIT_2461,M_052,0,5,0,1,2,0,NONE
TXN_003736,U_LEGIT_2322,89.86,170,D_LEGIT_0907,IP_LEGIT_0198,C_LEGIT_0350,M_102,0,5,0,1,1,0,NONE
TXN_004826,U_LEGIT_0764,45.97,588,D_LEGIT_1309,IP_LEGIT_1503,C_LEGIT_0505,M_115,1,1,0,1,1,0,NONE
TXN_002190,U_LEGIT_0784,133.57,367,D_LEGIT_0405,IP_LEGIT_0702,C_LEGIT_1247,M_119,0,4,0,1,1,0,NONE
TXN_003453,U_LEGIT_1292,105.17,77,D_LEGIT_0856,IP_LEGIT_0160,C_LEGIT_0538,M_016,0,4,0,1,2,0,NONE
TXN_000796,U_LEGIT_2001,172.57,625,D_LEGIT_0968,IP_LEGIT_1678,C_LEGIT_0072,M_146,0,5,0,1,1,0,NONE
TXN_002974,U_LEGIT_2303,38.66,421,D_LEGIT_1010,IP_LEGIT_0547,C_LEGIT_1185,M_024,0,5,0,2,1,0,NONE
TXN_009275,U_INDIV_0071,2849.89,7,D_INDIV_0379,IP_INDIV_0279,C_INDIV_0204,M_048,13,27,8,5,6,1,INDIVIDUAL_FRAUD
TXN_002398,U_LEGIT_2128,143.71,452,D_LEGIT_1594,IP_LEGIT_0878,C_LEGIT_2031,M_139,0,4,0,1,1,0,NONE
TXN_001294,U_LEGIT_2374,14.79,231,D_LEGIT_1938,IP_LEGIT_0498,C_LEGIT_0536,M_039,0,3,0,1,1,0,NONE
TXN_001512,U_LEGIT_1990,29.79,944,D_LEGIT_1879,IP_LEGIT_1583,C_LEGIT_2868,M_029,0,4,0,1,1,0,NONE
TXN_004528,U_LEGIT_1560,205.17,878,D_LEGIT_0703,IP_LEGIT_1094,C_LEGIT_1252,M_112,0,5,0,1,1,0,NONE
TXN_007830,U_LEGIT_0424,224.53,376,D_LEGIT_1206,IP_LEGIT_1420,C_LEGIT_1048,M_119,1,4,0,1,1,0,NONE
TXN_005561,U_LEGIT_1157,232.57,437,D_LEGIT_1839,IP_LEGIT_1499,C_LEGIT_1818,M_005,0,5,0,1,2,0,NONE
TXN_000319,U_LEGIT_1079,160.85,859,D_LEGIT_1284,IP_SHARED_BENIGN_02,C_LEGIT_0077,M_130,0,2,0,1,2,0,NONE
TXN_009330,U_INDIV_0199,1869.47,5,D_INDIV_0391,IP_INDIV_0317,C_INDIV_0400,M_017,10,30,7,3,8,1,INDIVIDUAL_FRAUD
TXN_005119,U_LEGIT_1374,184.35,200,D_LEGIT_0625,IP_LEGIT_1587,C_LEGIT_0226,M_063,0,2,0,1,1,0,NONE
TXN_000226,U_LEGIT_0320,62.01,1086,D_LEGIT_0245,IP_LEGIT_1848,C_LEGIT_0216,M_046,2,4,0,2,1,0,NONE
TXN_007689,U_LEGIT_0606,143.23,458,D_LEGIT_1249,IP_LEGIT_1785,C_LEGIT_1549,M_149,0,1,0,1,1,0,NONE
TXN_006738,U_LEGIT_2172,59.25,53,D_LEGIT_1300,IP_LEGIT_0525,C_LEGIT_2174,M_123,0,4,1,2,1,0,NONE
TXN_006412,U_LEGIT_1807,10.86,113,D_LEGIT_1380,IP_LEGIT_1158,C_LEGIT_2090,M_087,0,5,0,1,1,0,NONE
TXN_006811,U_LEGIT_0608,210.53,239,D_LEGIT_0577,IP_LEGIT_0310,C_LEGIT_0211,M_128,1,4,0,2,2,0,NONE
TXN_001867,U_LEGIT_0195,136.17,884,D_LEGIT_1344,IP_LEGIT_0331,C_LEGIT_0159,M_039,1,1,0,1,1,0,NONE
TXN_005873,U_LEGIT_0121,10.91,63,D_LEGIT_1301,IP_LEGIT_1792,C_LEGIT_1865,M_004,1,4,1,1,2,0,NONE
TXN_004472,U_LEGIT_1142,46.42,767,D_LEGIT_1701,IP_LEGIT_0555,C_LEGIT_0614,M_136,0,5,0,2,2,0,NONE
TXN_005965,U_LEGIT_2197,199.09,709,D_LEGIT_0600,IP_LEGIT_1328,C_LEGIT_0039,M_106,1,2,0,1,1,0,NONE
TXN_000912,U_LEGIT_1585,104.37,1089,D_LEGIT_0985,IP_SHARED_BENIGN_07,C_LEGIT_0736,M_042,0,4,0,1,1,0,NONE
TXN_008044,U_LEGIT_2241,233.98,355,D_LEGIT_0802,IP_LEGIT_0226,C_LEGIT_0777,M_086,0,4,0,1,1,0,NONE
TXN_001731,U_LEGIT_1754,227.19,850,D_LEGIT_1640,IP_LEGIT_1932,C_LEGIT_1070,M_144,0,5,0,1,1,0,NONE
TXN_008867,U_LEGIT_0354,182.59,1074,D_LEGIT_0698,IP_LEGIT_1023,C_LEGIT_1701,M_129,1,2,0,1,2,0,NONE
TXN_009940,U_DIST_017,65.29,8,D_DIST_021,IP_DIST_PROXY_02,C_DIST_016,M_TARGET_HIGHVAL_99,7,16,2,1,1,1,DISTRIBUTED_ABUSE
TXN_009217,U_INDIV_0130,1509.13,1,D_INDIV_0213,IP_INDIV_0119,C_INDIV_0166,M_017,16,33,8,3,5,1,INDIVIDUAL_FRAUD
TXN_007865,U_LEGIT_2343,31.43,689,D_LEGIT_1882,IP_LEGIT_1394,C_LEGIT_2448,M_105,1,2,0,1,2,0,NONE
TXN_007240,U_LEGIT_1797,99.62,818,D_SHARED_BENIGN_05,IP_LEGIT_0310,C_LEGIT_2666,M_128,0,2,0,1,2,0,NONE
TXN_007678,U_LEGIT_0819,98.35,321,D_LEGIT_1143,IP_LEGIT_0822,C_LEGIT_1322,M_123,0,5,0,1,1,0,NONE
TXN_001885,U_LEGIT_0796,193.41,1116,D_LEGIT_1597,IP_LEGIT_1900,C_LEGIT_0597,M_043,0,1,0,2,1,0,NONE
TXN_000723,U_LEGIT_0608,53.7,1034,D_LEGIT_0192,IP_LEGIT_0941,C_LEGIT_0758,M_046,1,2,0,1,1,0,NONE
TXN_004078,U_LEGIT_0571,43.61,123,D_LEGIT_0316,IP_LEGIT_0073,C_LEGIT_1904,M_040,0,2,0,1,1,0,NONE
TXN_003923,U_LEGIT_2004,145.78,266,D_LEGIT_0423,IP_SHARED_BENIGN_10,C_LEGIT_1888,M_075,0,2,0,2,2,0,NONE
TXN_008992,U_LEGIT_2161,236.22,301,D_LEGIT_1095,IP_LEGIT_1210,C_LEGIT_1532,M_102,0,5,0,1,1,0,NONE
TXN_000934,U_LEGIT_2129,221.77,1130,D_LEGIT_1766,IP_LEGIT_1604,C_LEGIT_1709,M_067,0,5,0,1,2,0,NONE
TXN_000891,U_LEGIT_1533,135.29,41,D_LEGIT_1532,IP_LEGIT_0402,C_LEGIT_1811,M_093,0,3,0,1,1,0,NONE
TXN_006072,U_LEGIT_1862,61.25,788,D_LEGIT_1658,IP_LEGIT_1425,C_LEGIT_1485,M_044,0,5,0,1,1,0,NONE
TXN_005746,U_LEGIT_0328,240.67,138,D_LEGIT_1979,IP_LEGIT_1492,C_LEGIT_2797,M_137,0,4,0,2,1,0,NONE
TXN_006359,U_LEGIT_1455,39.46,793,D_SHARED_BENIGN_06,IP_LEGIT_1059,C_LEGIT_2142,M_130,0,1,0,1,1,0,NONE
TXN_002091,U_LEGIT_2021,43.03,746,D_LEGIT_0521,IP_LEGIT_1140,C_LEGIT_1897,M_032,0,3,0,1,1,0,NONE
TXN_003409,U_LEGIT_1949,73.91,483,D_LEGIT_1706,IP_LEGIT_1600,C_LEGIT_0351,M_130,0,4,0,2,1,0,NONE
TXN_006932,U_LEGIT_0248,131.88,168,D_LEGIT_0840,IP_LEGIT_0040,C_LEGIT_1115,M_022,0,2,0,1,1,0,NONE
TXN_007251,U_LEGIT_0978,31.91,1047,D_LEGIT_0379,IP_LEGIT_1097,C_LEGIT_2046,M_021,0,2,0,2,1,0,NONE
TXN_009215,U_INDIV_0158,2983.63,7,D_INDIV_0375,IP_INDIV_0196,C_INDIV_0299,M_116,18,33,9,4,3,1,INDIVIDUAL_FRAUD
TXN_003834,U_LEGIT_0359,184.0,1170,D_LEGIT_0576,IP_LEGIT_1579,C_LEGIT_1514,M_026,0,5,0,1,1,0,NONE
TXN_008744,U_LEGIT_0832,80.59,357,D_LEGIT_1540,IP_LEGIT_1908,C_LEGIT_1045,M_087,1,4,0,1,2,0,NONE
TXN_004382,U_LEGIT_1746,155.35,108,D_LEGIT_1546,IP_LEGIT_1889,C_LEGIT_1225,M_004,0,4,0,1,1,0,NONE
TXN_007231,U_LEGIT_2248,112.24,148,D_LEGIT_1135,IP_LEGIT_0736,C_LEGIT_1746,M_125,0,1,0,2,1,0,NONE
TXN_002441,U_LEGIT_0329,98.54,891,D_LEGIT_0047,IP_LEGIT_0194,C_LEGIT_2433,M_131,1,3,0,1,1,0,NONE
TXN_005294,U_LEGIT_2221,171.59,841,D_LEGIT_0100,IP_LEGIT_0771,C_LEGIT_0577,M_095,0,1,0,2,2,0,NONE
TXN_001267,U_LEGIT_2432,52.94,535,D_LEGIT_0288,IP_LEGIT_1670,C_LEGIT_2505,M_076,0,2,0,1,2,0,NONE
TXN_003751,U_LEGIT_0914,32.31,52,D_LEGIT_1418,IP_LEGIT_0791,C_LEGIT_0335,M_111,0,2,0,1,2,0,NONE
TXN_002620,U_LEGIT_2373,11.79,328,D_LEGIT_0559,IP_LEGIT_0218,C_LEGIT_0248,M_018,1,5,0,1,1,0,NONE
TXN_007277,U_LEGIT_2021,70.29,420,D_LEGIT_1881,IP_LEGIT_1340,C_LEGIT_2119,M_108,0,1,0,1,1,0,NONE
TXN_006774,U_LEGIT_1486,113.61,204,D_LEGIT_1054,IP_LEGIT_1553,C_LEGIT_0316,M_007,0,5,0,1,2,0,NONE
TXN_004643,U_LEGIT_1577,82.0,266,D_LEGIT_0710,IP_LEGIT_1278,C_LEGIT_1960,M_116,0,2,0,1,1,0,NONE
TXN_005151,U_LEGIT_2335,125.5,1171,D_LEGIT_0759,IP_LEGIT_1903,C_LEGIT_1759,M_042,0,4,0,1,1,0,NONE
TXN_008090,U_LEGIT_0875,131.33,135,D_LEGIT_1423,IP_LEGIT_0291,C_LEGIT_1239,M_050,0,1,0,2,1,0,NONE
TXN_006311,U_LEGIT_1384,187.45,703,D_LEGIT_1872,IP_LEGIT_0094,C_LEGIT_1465,M_120,0,5,0,1,1,0,NONE
TXN_005736,U_LEGIT_0363,160.64,486,D_LEGIT_1250,IP_SHARED_BENIGN_06,C_LEGIT_1234,M_003,1,2,0,1,1,0,NONE
TXN_005600,U_LEGIT_0310,42.46,484,D_LEGIT_0320,IP_LEGIT_1554,C_LEGIT_2387,M_086,1,5,0,1,2,0,NONE
TXN_009912,U_DIST_015,23.83,15,D_DIST_002,IP_DIST_PROXY_01,C_DIST_036,M_TARGET_HIGHVAL_99,3,18,2,2,2,1,DISTRIBUTED_ABUSE
TXN_006215,U_LEGIT_0058,177.22,1032,D_LEGIT_0749,IP_SHARED_BENIGN_08,C_LEGIT_2425,M_006,0,3,0,1,1,0,NONE
TXN_001215,U_LEGIT_1219,97.12,1112,D_LEGIT_0498,IP_LEGIT_1550,C_LEGIT_2937,M_034,0,1,0,1,1,0,NONE
TXN_004116,U_LEGIT_1304,233.88,398,D_LEGIT_0842,IP_LEGIT_1395,C_LEGIT_2337,M_077,0,5,0,1,2,0,NONE
TXN_008004,U_LEGIT_0949,16.37,422,D_LEGIT_0098,IP_LEGIT_1347,C_LEGIT_2727,M_129,0,4,0,1,2,0,NONE
TXN_007102,U_LEGIT_2357,215.9,791,D_LEGIT_1860,IP_LEGIT_1567,C_LEGIT_0674,M_010,0,3,0,1,1,0,NONE
TXN_007729,U_LEGIT_0623,211.04,807,D_LEGIT_1460,IP_LEGIT_1610,C_LEGIT_2255,M_141,0,1,0,1,1,0,NONE
TXN_009563,U_FARM_003,370.13,2,D_FARM_HUB_01,IP_FARM_PROXY_01,C_FARM_039,M_124,11,44,4,1,3,1,DEVICE_FARM
TXN_002959,U_LEGIT_1060,224.86,797,D_LEGIT_1457,IP_LEGIT_1686,C_LEGIT_2455,M_039,0,5,0,1,2,0,NONE
TXN_009909,U_DIST_015,19.15,4,D_DIST_030,IP_DIST_PROXY_04,C_DIST_037,M_TARGET_HIGHVAL_99,6,11,1,1,2,1,DISTRIBUTED_ABUSE
TXN_009265,U_INDIV_0029,2466.38,3,D_INDIV_0169,IP_INDIV_0114,C_INDIV_0374,M_057,6,28,4,5,7,1,INDIVIDUAL_FRAUD
TXN_003855,U_LEGIT_0094,178.31,881,D_LEGIT_0535,IP_LEGIT_1310,C_LEGIT_1906,M_016,0,1,0,1,1,0,NONE
TXN_005199,U_LEGIT_0655,211.21,335,D_LEGIT_0678,IP_LEGIT_0347,C_LEGIT_2170,M_049,0,2,0,1,1,0,NONE
TXN_001930,U_LEGIT_1046,92.35,818,D_LEGIT_0126,IP_LEGIT_0557,C_LEGIT_0992,M_017,1,3,0,1,1,0,NONE
TXN_009900,U_DIST_016,46.33,5,D_DIST_023,IP_DIST_PROXY_04,C_DIST_040,M_TARGET_HIGHVAL_99,3,17,1,1,2,1,DISTRIBUTED_ABUSE
TXN_008003,U_LEGIT_1539,187.02,777,D_LEGIT_1166,IP_LEGIT_0437,C_LEGIT_2683,M_074,0,4,0,1,1,0,NONE
TXN_008471,U_LEGIT_0840,31.12,755,D_LEGIT_0718,IP_LEGIT_1333,C_LEGIT_1714,M_052,0,5,0,1,1,0,NONE
TXN_004393,U_LEGIT_0291,20.41,202,D_LEGIT_0659,IP_LEGIT_0308,C_LEGIT_1937,M_117,1,3,0,2,1,0,NONE
TXN_002580,U_LEGIT_0761,107.4,449,D_LEGIT_1454,IP_LEGIT_1778,C_LEGIT_1949,M_109,0,4,0,1,1,0,NONE
TXN_003898,U_LEGIT_0501,36.67,999,D_SHARED_BENIGN_02,IP_LEGIT_1212,C_LEGIT_2504,M_103,0,3,0,1,1,0,NONE
TXN_001780,U_LEGIT_0141,217.76,455,D_LEGIT_1271,IP_LEGIT_1667,C_LEGIT_1285,M_004,0,4,0,2,1,0,NONE
TXN_007646,U_LEGIT_0104,199.84,365,D_LEGIT_0630,IP_LEGIT_1195,C_LEGIT_0159,M_032,1,4,0,1,1,0,NONE
TXN_005570,U_LEGIT_1873,239.95,245,D_LEGIT_1463,IP_LEGIT_0312,C_LEGIT_2825,M_021,0,1,0,1,1,0,NONE
TXN_006572,U_LEGIT_1066,173.46,48,D_LEGIT_0662,IP_LEGIT_0343,C_LEGIT_0277,M_136,0,3,0,1,1,0,NONE
TXN_002248,U_LEGIT_2162,178.24,896,D_LEGIT_1908,IP_LEGIT_0906,C_LEGIT_0437,M_147,0,1,0,1,1,0,NONE
TXN_001893,U_LEGIT_0199,97.84,118,D_LEGIT_0861,IP_LEGIT_0479,C_LEGIT_1853,M_070,0,3,0,2,1,0,NONE
TXN_000088,U_LEGIT_2064,163.69,93,D_LEGIT_1260,IP_SHARED_BENIGN_09,C_LEGIT_1236,M_118,0,4,0,2,1,0,NONE
TXN_005963,U_LEGIT_0068,118.64,368,D_LEGIT_1868,IP_LEGIT_1975,C_LEGIT_1773,M_034,0,5,0,1,1,0,NONE
TXN_005803,U_LEGIT_2432,195.53,309,D_LEGIT_1588,IP_LEGIT_1994,C_LEGIT_2608,M_132,0,2,0,2,1,0,NONE
TXN_008063,U_LEGIT_2118,106.17,1042,D_LEGIT_0296,IP_LEGIT_0233,C_LEGIT_2076,M_080,0,4,0,1,2,0,NONE
TXN_002444,U_LEGIT_0947,48.87,241,D_LEGIT_0380,IP_LEGIT_1755,C_LEGIT_1924,M_098,0,5,0,1,2,0,NONE
TXN_009953,U_DIST_011,41.4,18,D_DIST_002,IP_DIST_PROXY_03,C_DIST_038,M_TARGET_HIGHVAL_99,5,14,2,1,1,1,DISTRIBUTED_ABUSE
TXN_006890,U_LEGIT_0662,16.52,819,D_LEGIT_0831,IP_LEGIT_1272,C_LEGIT_1585,M_073,0,5,0,1,2,0,NONE
TXN_006688,U_LEGIT_1963,128.67,1011,D_LEGIT_0706,IP_LEGIT_0936,C_LEGIT_2167,M_082,0,4,0,1,1,0,NONE
TXN_003331,U_LEGIT_1950,185.79,1098,D_LEGIT_1109,IP_LEGIT_0777,C_LEGIT_0767,M_094,0,2,0,2,1,0,NONE
TXN_008145,U_LEGIT_2118,244.85,1199,D_LEGIT_1619,IP_LEGIT_0796,C_LEGIT_1655,M_125,0,1,0,1,1,0,NONE
TXN_004020,U_LEGIT_1028,71.34,284,D_LEGIT_0484,IP_SHARED_BENIGN_01,C_LEGIT_1547,M_001,0,5,0,1,2,0,NONE
TXN_004864,U_LEGIT_0598,62.62,675,D_LEGIT_1710,IP_LEGIT_1587,C_LEGIT_1604,M_114,1,5,0,2,1,0,NONE
TXN_002204,U_LEGIT_1949,180.93,969,D_LEGIT_0045,IP_LEGIT_1104,C_LEGIT_1534,M_049,0,2,0,1,1,0,NONE
TXN_004763,U_LEGIT_1104,234.81,1170,D_LEGIT_0917,IP_LEGIT_0342,C_LEGIT_2838,M_136,0,2,0,2,1,0,NONE
TXN_007752,U_LEGIT_0890,111.69,511,D_LEGIT_1452,IP_LEGIT_0141,C_LEGIT_1218,M_146,1,1,0,1,1,0,NONE
TXN_008373,U_LEGIT_0721,119.24,222,D_LEGIT_0646,IP_LEGIT_1716,C_LEGIT_2163,M_076,0,2,0,1,1,0,NONE
TXN_005827,U_LEGIT_2215,233.63,468,D_LEGIT_0170,IP_LEGIT_0945,C_LEGIT_0659,M_063,0,2,0,1,2,0,NONE
TXN_001748,U_LEGIT_0988,79.46,961,D_LEGIT_0245,IP_LEGIT_1344,C_LEGIT_1652,M_009,0,2,0,1,1,0,NONE
TXN_009374,U_INDIV_0138,772.44,0,D_INDIV_0277,IP_INDIV_0044,C_INDIV_0203,M_081,13,43,4,5,5,1,INDIVIDUAL_FRAUD
TXN_001160,U_LEGIT_1166,208.75,884,D_LEGIT_0835,IP_LEGIT_1977,C_LEGIT_0258,M_122,1,5,0,1,1,0,NONE
TXN_003715,U_LEGIT_0426,44.4,455,D_SHARED_BENIGN_04,IP_SHARED_BENIGN_06,C_LEGIT_0706,M_149,0,3,0,1,1,0,NONE
TXN_005573,U_LEGIT_1935,176.22,215,D_LEGIT_1669,IP_LEGIT_0375,C_LEGIT_1414,M_103,0,2,0,2,1,0,NONE
TXN_002666,U_LEGIT_0165,131.42,424,D_LEGIT_1298,IP_LEGIT_0713,C_LEGIT_1985,M_082,1,1,0,1,1,0,NONE
TXN_007101,U_LEGIT_0824,105.91,597,D_LEGIT_1731,IP_LEGIT_0772,C_LEGIT_1612,M_109,0,2,0,1,2,0,NONE
TXN_009817,U_BURST_005,1359.34,1,D_BURST_015,IP_BURST_SUBNET_01,C_BURST_019,M_148,21,23,1,1,3,1,ACCOUNT_BURST
TXN_007826,U_LEGIT_0865,9.74,52,D_LEGIT_1136,IP_LEGIT_0988,C_LEGIT_2558,M_104,0,3,0,1,1,0,NONE
TXN_008928,U_LEGIT_0225,193.88,253,D_LEGIT_1252,IP_SHARED_BENIGN_04,C_LEGIT_0521,M_148,0,1,0,1,2,0,NONE
TXN_002576,U_LEGIT_1382,71.2,553,D_SHARED_BENIGN_03,IP_LEGIT_1305,C_LEGIT_1962,M_109,1,3,0,2,1,0,NONE
TXN_003531,U_LEGIT_0811,86.82,602,D_LEGIT_0903,IP_LEGIT_0746,C_LEGIT_2683,M_090,0,5,0,1,1,0,NONE
TXN_006836,U_LEGIT_0466,49.4,717,D_SHARED_BENIGN_02,IP_LEGIT_1731,C_LEGIT_0119,M_093,1,5,0,1,1,0,NONE
TXN_008818,U_LEGIT_2124,134.91,1033,D_LEGIT_1882,IP_LEGIT_0011,C_LEGIT_1106,M_133,0,3,0,1,1,0,NONE
TXN_000560,U_LEGIT_2031,104.72,1081,D_LEGIT_1221,IP_LEGIT_0596,C_LEGIT_0152,M_125,0,5,0,2,1,0,NONE
TXN_001708,U_LEGIT_0261,70.55,1116,D_LEGIT_1679,IP_LEGIT_0389,C_LEGIT_0009,M_095,0,3,0,1,1,0,NONE
TXN_008482,U_LEGIT_0673,134.31,275,D_LEGIT_0414,IP_LEGIT_0873,C_LEGIT_2060,M_140,0,4,0,2,1,0,NONE
TXN_000502,U_LEGIT_0272,150.2,439,D_LEGIT_0022,IP_LEGIT_1603,C_LEGIT_0508,M_053,0,3,0,1,1,0,NONE
TXN_002841,U_LEGIT_1630,135.58,1050,D_LEGIT_0419,IP_LEGIT_0835,C_LEGIT_0313,M_018,0,2,0,1,2,0,NONE
TXN_004937,U_LEGIT_2258,206.25,318,D_LEGIT_1695,IP_LEGIT_0375,C_LEGIT_0249,M_035,0,3,0,1,1,0,NONE
TXN_001374,U_LEGIT_0081,110.14,218,D_LEGIT_0095,IP_LEGIT_1992,C_LEGIT_2738,M_100,0,4,0,1,1,0,NONE
TXN_007862,U_LEGIT_0437,22.64,966,D_LEGIT_0263,IP_LEGIT_0851,C_LEGIT_2864,M_121,0,1,0,1,1,0,NONE
TXN_006056,U_LEGIT_0737,219.15,603,D_LEGIT_1778,IP_LEGIT_0124,C_LEGIT_0855,M_143,0,1,0,2,2,0,NONE
TXN_006433,U_LEGIT_1928,112.87,30,D_LEGIT_1637,IP_LEGIT_0360,C_LEGIT_1934,M_132,0,1,0,1,1,0,NONE
TXN_002626,U_LEGIT_0939,209.63,560,D_LEGIT_0785,IP_LEGIT_1881,C_LEGIT_2557,M_088,0,1,0,1,2,0,NONE
TXN_000283,U_LEGIT_1049,20.12,387,D_LEGIT_0936,IP_LEGIT_0607,C_LEGIT_1082,M_119,1,3,0,1,2,0,NONE
TXN_000479,U_LEGIT_0269,77.79,187,D_LEGIT_1811,IP_LEGIT_0165,C_LEGIT_1601,M_046,0,3,0,1,2,0,NONE
TXN_002137,U_LEGIT_2297,51.92,880,D_LEGIT_0799,IP_LEGIT_1052,C_LEGIT_0714,M_088,0,4,0,1,1,0,NONE
TXN_009750,U_CYCLE_011,574.25,12,D_CYCLE_017,IP_CYCLE_017,C_STOLEN_POOL_04,M_039,7,35,7,4,8,1,CARD_CYCLING
TXN_001325,U_LEGIT_1513,222.16,948,D_LEGIT_1538,IP_LEGIT_1051,C_LEGIT_2440,M_130,1,1,0,2,1,0,NONE
TXN_009580,U_FARM_016,62.71,0,D_FARM_HUB_02,IP_FARM_PROXY_01,C_FARM_027,M_063,7,46,6,1,2,1,DEVICE_FARM
TXN_005122,U_LEGIT_2437,237.13,376,D_LEGIT_1044,IP_LEGIT_0641,C_LEGIT_1759,M_144,0,3,0,1,1,0,NONE
TXN_000494,U_LEGIT_0274,159.98,1004,D_LEGIT_0741,IP_LEGIT_1159,C_LEGIT_1787,M_067,2,1,0,1,1,0,NONE
TXN_002363,U_LEGIT_2047,90.2,760,D_LEGIT_1572,IP_SHARED_BENIGN_05,C_LEGIT_1355,M_055,0,4,0,1,2,0,NONE
TXN_005196,U_LEGIT_0910,155.4,938,D_SHARED_BENIGN_01,IP_LEGIT_0841,C_LEGIT_1753,M_144,0,2,0,2,1,0,NONE
TXN_004300,U_LEGIT_1086,46.97,991,D_LEGIT_0944,IP_LEGIT_0684,C_LEGIT_1620,M_105,1,4,0,2,1,0,NONE
TXN_003222,U_LEGIT_1906,15.08,391,D_LEGIT_1584,IP_LEGIT_1505,C_LEGIT_2185,M_139,0,2,0,2,1,0,NONE
TXN_008440,U_LEGIT_2303,46.16,278,D_SHARED_BENIGN_07,IP_LEGIT_0437,C_LEGIT_1601,M_110,0,1,0,2,1,0,NONE
TXN_006095,U_LEGIT_1232,152.27,221,D_LEGIT_0252,IP_LEGIT_0868,C_LEGIT_2728,M_098,0,3,0,1,1,0,NONE
TXN_004558,U_LEGIT_1620,142.99,947,D_LEGIT_0160,IP_LEGIT_1570,C_LEGIT_1044,M_148,0,3,0,1,1,0,NONE
TXN_005354,U_LEGIT_2132,25.94,481,D_LEGIT_1155,IP_SHARED_BENIGN_03,C_LEGIT_0526,M_035,0,5,0,1,2,0,NONE
TXN_008804,U_LEGIT_1608,19.35,1087,D_LEGIT_0929,IP_LEGIT_0555,C_LEGIT_2334,M_076,0,2,0,1,2,0,NONE
TXN_003960,U_LEGIT_0013,64.24,616,D_LEGIT_1717,IP_LEGIT_0758,C_LEGIT_2650,M_114,0,2,0,2,2,0,NONE
TXN_000680,U_LEGIT_0860,183.68,238,D_LEGIT_1533,IP_LEGIT_1334,C_LEGIT_0038,M_093,0,2,0,2,1,0,NONE
TXN_001774,U_LEGIT_2019,222.58,1066,D_LEGIT_0957,IP_LEGIT_1924,C_LEGIT_0309,M_107,0,1,0,2,1,0,NONE
TXN_007820,U_LEGIT_0743,189.54,606,D_LEGIT_0680,IP_LEGIT_1933,C_LEGIT_1700,M_081,0,4,0,2,1,0,NONE
TXN_007450,U_LEGIT_0849,240.78,678,D_LEGIT_1665,IP_LEGIT_1613,C_LEGIT_0304,M_044,0,3,0,1,1,0,NONE
TXN_002843,U_LEGIT_0198,22.8,795,D_LEGIT_0415,IP_LEGIT_1512,C_LEGIT_2775,M_060,0,1,0,1,1,0,NONE
TXN_000614,U_LEGIT_1191,244.02,437,D_LEGIT_1293,IP_LEGIT_1568,C_LEGIT_1475,M_012,0,2,0,1,1,0,NONE
TXN_005171,U_LEGIT_1092,206.12,304,D_LEGIT_0476,IP_LEGIT_1405,C_LEGIT_2254,M_010,1,4,0,1,1,0,NONE
TXN_006698,U_LEGIT_2137,157.11,398,D_LEGIT_1286,IP_LEGIT_0776,C_LEGIT_0734,M_058,0,3,0,1,1,0,NONE
TXN_008360,U_LEGIT_1090,51.37,129,D_LEGIT_0354,IP_LEGIT_0924,C_LEGIT_0455,M_063,0,5,0,1,1,0,NONE
TXN_003547,U_LEGIT_0972,156.3,38,D_SHARED_BENIGN_07,IP_LEGIT_1969,C_LEGIT_0475,M_058,0,5,0,1,2,0,NONE
TXN_006086,U_LEGIT_1103,227.17,938,D_LEGIT_0499,IP_LEGIT_1234,C_LEGIT_2933,M_041,1,1,0,2,1,0,NONE
TXN_003893,U_LEGIT_1709,27.16,155,D_LEGIT_1424,IP_LEGIT_0180,C_LEGIT_1268,M_064,0,2,0,2,1,0,NONE
TXN_006319,U_LEGIT_2160,248.37,393,D_SHARED_BENIGN_06,IP_LEGIT_0278,C_LEGIT_0425,M_112,0,5,0,1,1,0,NONE
TXN_000025,U_LEGIT_2298,16.72,786,D_SHARED_BENIGN_02,IP_LEGIT_1416,C_LEGIT_0611,M_140,0,2,0,1,1,0,NONE
TXN_000637,U_LEGIT_0431,58.18,121,D_LEGIT_1597,IP_LEGIT_0924,C_LEGIT_0676,M_065,0,1,0,2,2,0,NONE
TXN_005190,U_LEGIT_0305,50.27,1109,D_LEGIT_0096,IP_SHARED_BENIGN_10,C_LEGIT_2473,M_028,0,3,0,2,1,0,NONE
TXN_005242,U_LEGIT_2301,179.34,1084,D_LEGIT_0803,IP_LEGIT_1554,C_LEGIT_0178,M_001,0,3,0,1,1,0,NONE
TXN_007603,U_LEGIT_1657,110.94,956,D_LEGIT_0609,IP_LEGIT_0178,C_LEGIT_0923,M_043,0,4,0,1,1,0,NONE
TXN_008708,U_LEGIT_2191,210.01,885,D_LEGIT_0994,IP_LEGIT_0949,C_LEGIT_0716,M_043,1,1,0,1,1,0,NONE
TXN_002567,U_LEGIT_2227,187.77,858,D_LEGIT_1050,IP_LEGIT_0381,C_LEGIT_1205,M_048,0,4,0,2,1,0,NONE
TXN_003035,U_LEGIT_0041,135.37,130,D_LEGIT_0252,IP_LEGIT_1944,C_LEGIT_1448,M_013,1,4,0,1,1,0,NONE
TXN_003243,U_LEGIT_0528,204.73,1091,D_LEGIT_0576,IP_LEGIT_1689,C_LEGIT_0861,M_062,0,2,0,2,1,0,NONE
TXN_000234,U_LEGIT_1225,189.03,541,D_LEGIT_0357,IP_SHARED_BENIGN_07,C_LEGIT_1853,M_143,0,1,0,1,1,0,NONE
TXN_004796,U_LEGIT_0757,39.01,257,D_LEGIT_0523,IP_LEGIT_0781,C_LEGIT_1555,M_100,1,4,1,1,1,0,NONE
TXN_009415,U_INDIV_0080,1978.49,1,D_INDIV_0079,IP_INDIV_0123,C_INDIV_0286,M_091,10,47,5,3,6,1,INDIVIDUAL_FRAUD
TXN_009298,U_INDIV_0165,1624.26,4,D_INDIV_0021,IP_INDIV_0359,C_INDIV_0259,M_046,18,47,3,3,5,1,INDIVIDUAL_FRAUD
TXN_004679,U_LEGIT_1101,23.08,637,D_LEGIT_1728,IP_LEGIT_0951,C_LEGIT_0489,M_056,0,4,0,1,2,0,NONE
TXN_007154,U_LEGIT_1712,129.88,1124,D_LEGIT_0269,IP_SHARED_BENIGN_09,C_LEGIT_1831,M_038,0,3,0,1,1,0,NONE
TXN_004930,U_LEGIT_1326,159.21,1199,D_LEGIT_1458,IP_LEGIT_1327,C_LEGIT_1248,M_032,0,5,0,1,2,0,NONE
TXN_005056,U_LEGIT_0501,84.97,868,D_LEGIT_1443,IP_LEGIT_1626,C_LEGIT_0496,M_127,0,5,0,1,1,0,NONE
TXN_008827,U_LEGIT_1580,93.88,798,D_LEGIT_0265,IP_LEGIT_1424,C_LEGIT_0563,M_107,0,2,0,1,1,0,NONE
TXN_005404,U_LEGIT_1091,65.28,725,D_LEGIT_0962,IP_LEGIT_0449,C_LEGIT_0816,M_143,0,1,0,2,2,0,NONE
TXN_001706,U_LEGIT_0703,174.25,510,D_LEGIT_0598,IP_LEGIT_0423,C_LEGIT_2941,M_138,2,1,0,1,1,0,NONE
TXN_000147,U_LEGIT_2499,235.84,639,D_LEGIT_1961,IP_LEGIT_1143,C_LEGIT_1223,M_058,0,2,0,2,1,0,NONE
TXN_004466,U_LEGIT_1114,80.41,1124,D_SHARED_BENIGN_02,IP_LEGIT_1753,C_LEGIT_2400,M_150,0,1,0,2,1,0,NONE
TXN_004418,U_LEGIT_1382,226.14,310,D_SHARED_BENIGN_04,IP_LEGIT_0432,C_LEGIT_1866,M_061,1,2,0,1,1,0,NONE
TXN_003116,U_LEGIT_1643,84.77,262,D_LEGIT_1135,IP_LEGIT_0203,C_LEGIT_1956,M_028,0,3,0,1,1,0,NONE
TXN_002278,U_LEGIT_0285,192.41,458,D_LEGIT_1468,IP_LEGIT_1256,C_LEGIT_2860,M_111,0,3,0,1,1,0,NONE
TXN_001720,U_LEGIT_1505,208.15,587,D_LEGIT_0571,IP_LEGIT_1989,C_LEGIT_0996,M_103,0,5,0,1,1,0,NONE
TXN_006227,U_LEGIT_1271,86.84,462,D_LEGIT_0602,IP_LEGIT_0642,C_LEGIT_2515,M_011,1,3,0,1,1,0,NONE
TXN_001590,U_LEGIT_0324,242.86,304,D_LEGIT_1235,IP_LEGIT_1475,C_LEGIT_2283,M_007,0,3,0,1,1,0,NONE
TXN_007089,U_LEGIT_0624,135.24,286,D_LEGIT_1638,IP_LEGIT_1772,C_LEGIT_1413,M_138,0,5,0,2,1,0,NONE
TXN_009947,U_DIST_006,22.53,24,D_DIST_019,IP_DIST_PROXY_01,C_DIST_018,M_TARGET_HIGHVAL_99,5,11,1,1,1,1,DISTRIBUTED_ABUSE
TXN_001145,U_LEGIT_0607,227.05,231,D_LEGIT_1730,IP_LEGIT_1804,C_LEGIT_1019,M_119,0,5,0,2,2,0,NONE
TXN_000994,U_LEGIT_1769,31.91,874,D_LEGIT_0053,IP_LEGIT_0371,C_LEGIT_0099,M_085,0,4,0,1,1,0,NONE
TXN_002184,U_LEGIT_0438,14.71,294,D_LEGIT_1017,IP_LEGIT_1735,C_LEGIT_1980,M_034,0,5,0,1,1,0,NONE
TXN_003207,U_LEGIT_1389,146.47,701,D_SHARED_BENIGN_06,IP_LEGIT_1890,C_LEGIT_0287,M_029,0,4,0,1,2,0,NONE
TXN_009596,U_FARM_013,334.5,4,D_FARM_HUB_01,IP_FARM_PROXY_01,C_FARM_027,M_088,11,68,2,1,3,1,DEVICE_FARM
TXN_000607,U_LEGIT_1858,90.19,83,D_LEGIT_1629,IP_LEGIT_1271,C_LEGIT_2537,M_026,0,3,0,1,1,0,NONE
TXN_006611,U_LEGIT_1259,195.65,331,D_LEGIT_0149,IP_LEGIT_1471,C_LEGIT_0431,M_014,0,4,0,1,1,0,NONE
TXN_006982,U_LEGIT_0402,237.31,1016,D_LEGIT_1874,IP_SHARED_BENIGN_10,C_LEGIT_1802,M_012,0,1,0,1,1,0,NONE
TXN_008693,U_LEGIT_0239,126.05,1026,D_LEGIT_0830,IP_SHARED_BENIGN_02,C_LEGIT_1444,M_046,1,4,0,1,1,0,NONE
TXN_000165,U_LEGIT_2433,187.21,853,D_SHARED_BENIGN_10,IP_LEGIT_1787,C_LEGIT_0200,M_063,0,5,0,1,1,0,NONE
TXN_000510,U_LEGIT_2095,128.34,305,D_LEGIT_1573,IP_LEGIT_0251,C_LEGIT_1027,M_126,0,1,0,2,1,0,NONE
TXN_007291,U_LEGIT_0999,140.7,389,D_LEGIT_0411,IP_SHARED_BENIGN_09,C_LEGIT_0638,M_098,0,1,1,2,1,0,NONE
TXN_001732,U_LEGIT_1648,67.53,35,D_LEGIT_1801,IP_SHARED_BENIGN_08,C_LEGIT_2699,M_094,0,4,0,2,1,0,NONE
TXN_008167,U_LEGIT_1301,193.07,164,D_LEGIT_1252,IP_LEGIT_0647,C_LEGIT_2417,M_092,0,2,0,2,1,0,NONE
TXN_006426,U_LEGIT_2349,164.84,814,D_LEGIT_1633,IP_LEGIT_1280,C_LEGIT_1880,M_120,0,5,0,1,1,0,NONE
TXN_000601,U_LEGIT_0009,112.68,863,D_LEGIT_1313,IP_LEGIT_1332,C_LEGIT_0213,M_083,0,5,0,1,1,0,NONE
TXN_002790,U_LEGIT_1087,180.16,817,D_LEGIT_1119,IP_LEGIT_1400,C_LEGIT_1435,M_048,0,2,0,1,1,0,NONE
TXN_001994,U_LEGIT_1931,34.67,708,D_LEGIT_0760,IP_LEGIT_0956,C_LEGIT_0757,M_017,0,1,0,1,1,0,NONE
TXN_007619,U_LEGIT_1601,237.18,79,D_LEGIT_1524,IP_LEGIT_0511,C_LEGIT_1876,M_102,0,5,0,1,1,0,NONE
TXN_004804,U_LEGIT_0343,145.95,360,D_LEGIT_1737,IP_LEGIT_1245,C_LEGIT_0782,M_059,1,2,0,1,1,0,NONE
TXN_008817,U_LEGIT_0609,60.69,800,D_LEGIT_1188,IP_LEGIT_0989,C_LEGIT_2118,M_142,1,2,0,1,1,0,NONE
TXN_005933,U_LEGIT_0399,188.45,295,D_LEGIT_1817,IP_LEGIT_0500,C_LEGIT_2749,M_005,1,1,0,2,1,0,NONE
TXN_001175,U_LEGIT_2361,211.64,1156,D_LEGIT_1640,IP_SHARED_BENIGN_01,C_LEGIT_1133,M_080,0,1,0,1,1,0,NONE
TXN_002743,U_LEGIT_1026,226.76,281,D_SHARED_BENIGN_09,IP_LEGIT_0670,C_LEGIT_2796,M_100,0,5,1,2,1,0,NONE
TXN_001255,U_LEGIT_2210,106.84,723,D_LEGIT_0236,IP_LEGIT_0363,C_LEGIT_2227,M_082,0,4,0,1,2,0,NONE
TXN_005334,U_LEGIT_1507,222.57,126,D_LEGIT_0933,IP_LEGIT_1657,C_LEGIT_0642,M_009,0,2,0,1,2,0,NONE
TXN_008369,U_LEGIT_1175,189.98,1142,D_LEGIT_1162,IP_LEGIT_0589,C_LEGIT_1673,M_141,0,2,0,1,1,0,NONE
TXN_002839,U_LEGIT_1159,210.59,1142,D_LEGIT_1156,IP_LEGIT_0963,C_LEGIT_1312,M_057,0,2,0,2,2,0,NONE
TXN_008681,U_LEGIT_2483,13.73,347,D_LEGIT_0571,IP_LEGIT_1280,C_LEGIT_1913,M_021,1,3,0,1,1,0,NONE
TXN_003908,U_LEGIT_2429,241.73,840,D_LEGIT_1912,IP_LEGIT_1501,C_LEGIT_2239,M_081,0,5,0,1,1,0,NONE
TXN_003619,U_LEGIT_1727,68.63,115,D_LEGIT_0268,IP_LEGIT_0448,C_LEGIT_2281,M_085,0,3,0,1,1,0,NONE
TXN_007530,U_LEGIT_0657,60.08,255,D_SHARED_BENIGN_07,IP_LEGIT_1805,C_LEGIT_1034,M_042,1,4,0,1,1,0,NONE
TXN_005656,U_LEGIT_2097,12.95,1046,D_SHARED_BENIGN_02,IP_LEGIT_1004,C_LEGIT_0138,M_077,0,4,0,1,1,0,NONE
TXN_000748,U_LEGIT_1939,243.15,1029,D_LEGIT_1563,IP_LEGIT_1332,C_LEGIT_0576,M_032,0,3,0,1,2,0,NONE
TXN_003025,U_LEGIT_2091,218.8,1056,D_LEGIT_1518,IP_LEGIT_1659,C_LEGIT_2918,M_015,0,2,0,1,1,0,NONE
TXN_009614,U_FARM_001,431.06,1,D_FARM_HUB_01,IP_FARM_PROXY_01,C_FARM_010,M_125,12,35,7,1,4,1,DEVICE_FARM
TXN_002367,U_LEGIT_1886,155.31,638,D_LEGIT_0801,IP_LEGIT_1790,C_LEGIT_1407,M_098,1,3,0,1,2,0,NONE
TXN_004940,U_LEGIT_1160,171.88,1020,D_LEGIT_1999,IP_SHARED_BENIGN_07,C_LEGIT_1234,M_119,0,1,0,1,1,0,NONE
TXN_005262,U_LEGIT_0416,178.84,82,D_LEGIT_0725,IP_LEGIT_0884,C_LEGIT_1216,M_055,0,1,0,2,2,0,NONE
TXN_004144,U_LEGIT_1475,44.22,399,D_LEGIT_0996,IP_LEGIT_1407,C_LEGIT_2643,M_056,0,5,0,1,1,0,NONE
TXN_008773,U_LEGIT_2265,74.47,657,D_SHARED_BENIGN_02,IP_LEGIT_0750,C_LEGIT_0478,M_146,0,2,0,1,1,0,NONE
TXN_009188,U_INDIV_0045,1096.28,2,D_INDIV_0196,IP_INDIV_0323,C_INDIV_0027,M_077,16,37,6,7,8,1,INDIVIDUAL_FRAUD
TXN_007362,U_LEGIT_2181,206.66,469,D_LEGIT_0340,IP_LEGIT_1887,C_LEGIT_2198,M_064,0,3,0,1,2,0,NONE
TXN_000908,U_LEGIT_0370,123.52,735,D_LEGIT_0316,IP_LEGIT_1732,C_LEGIT_1533,M_002,0,5,0,1,2,0,NONE
TXN_003055,U_LEGIT_1457,11.8,653,D_LEGIT_1059,IP_LEGIT_0594,C_LEGIT_1581,M_061,0,3,0,1,1,0,NONE
TXN_009290,U_INDIV_0148,1845.76,0,D_INDIV_0009,IP_INDIV_0074,C_INDIV_0201,M_058,6,22,8,3,4,1,INDIVIDUAL_FRAUD
TXN_003629,U_LEGIT_1818,57.12,822,D_LEGIT_1425,IP_LEGIT_0741,C_LEGIT_2030,M_122,0,4,0,2,1,0,NONE
TXN_001017,U_LEGIT_1747,85.81,1021,D_LEGIT_0773,IP_SHARED_BENIGN_01,C_LEGIT_2013,M_027,0,3,0,1,1,0,NONE
TXN_001079,U_LEGIT_2322,10.99,400,D_LEGIT_1728,IP_LEGIT_1047,C_LEGIT_0098,M_080,1,2,0,2,1,0,NONE
TXN_003203,U_LEGIT_1848,52.74,242,D_LEGIT_1949,IP_SHARED_BENIGN_08,C_LEGIT_0956,M_002,0,4,0,1,1,0,NONE
TXN_008326,U_LEGIT_2227,9.36,321,D_SHARED_BENIGN_05,IP_LEGIT_0648,C_LEGIT_2464,M_079,0,4,0,1,1,0,NONE
TXN_003865,U_LEGIT_0318,14.77,971,D_LEGIT_1812,IP_SHARED_BENIGN_04,C_LEGIT_2896,M_125,0,3,0,2,1,0,NONE
TXN_003695,U_LEGIT_0745,90.02,1073,D_LEGIT_0267,IP_LEGIT_1782,C_LEGIT_0729,M_078,0,3,0,1,2,0,NONE
TXN_009708,U_CYCLE_012,553.1,7,D_CYCLE_016,IP_CYCLE_005,C_STOLEN_POOL_04,M_105,12,38,3,2,6,1,CARD_CYCLING
TXN_002440,U_LEGIT_1078,17.2,965,D_LEGIT_0272,IP_LEGIT_1139,C_LEGIT_0875,M_147,0,5,0,1,1,0,NONE
TXN_008763,U_LEGIT_0572,188.27,726,D_LEGIT_0050,IP_LEGIT_0991,C_LEGIT_2436,M_083,0,1,0,2,1,0,NONE
TXN_006104,U_LEGIT_0603,61.39,1109,D_LEGIT_0593,IP_LEGIT_0830,C_LEGIT_2629,M_144,0,5,0,1,1,0,NONE
TXN_008315,U_LEGIT_0416,245.88,963,D_LEGIT_0522,IP_LEGIT_0339,C_LEGIT_2167,M_090,0,3,1,2,1,0,NONE
TXN_005203,U_LEGIT_0726,200.31,966,D_LEGIT_1276,IP_SHARED_BENIGN_07,C_LEGIT_2367,M_058,0,4,0,1,2,0,NONE
TXN_009839,U_BURST_014,942.85,1,D_BURST_013,IP_BURST_SUBNET_01,C_BURST_026,M_112,19,21,1,1,2,1,ACCOUNT_BURST
TXN_007844,U_LEGIT_2472,180.87,806,D_LEGIT_0527,IP_LEGIT_1185,C_LEGIT_2356,M_150,0,5,0,2,2,0,NONE
TXN_000083,U_LEGIT_1700,175.05,474,D_LEGIT_1708,IP_LEGIT_0836,C_LEGIT_1146,M_009,0,2,0,1,1,0,NONE
TXN_001314,U_LEGIT_1893,242.73,594,D_LEGIT_0681,IP_SHARED_BENIGN_01,C_LEGIT_1179,M_093,0,2,0,1,1,0,NONE
TXN_004170,U_LEGIT_0749,208.65,743,D_LEGIT_1884,IP_LEGIT_0870,C_LEGIT_0082,M_062,0,3,0,1,1,0,NONE
TXN_000196,U_LEGIT_1427,80.66,265,D_LEGIT_0898,IP_LEGIT_0927,C_LEGIT_1307,M_018,0,3,0,1,1,0,NONE
TXN_000492,U_LEGIT_0817,209.97,652,D_LEGIT_0782,IP_LEGIT_1005,C_LEGIT_0173,M_078,0,4,0,1,1,0,NONE
TXN_000236,U_LEGIT_0265,37.65,974,D_LEGIT_1323,IP_LEGIT_0264,C_LEGIT_0377,M_085,0,5,0,2,2,0,NONE
TXN_009511,U_FARM_007,404.53,4,D_FARM_HUB_02,IP_FARM_PROXY_01,C_FARM_021,M_082,9,43,7,1,4,1,DEVICE_FARM
TXN_007268,U_LEGIT_2059,150.78,228,D_LEGIT_1520,IP_LEGIT_1557,C_LEGIT_0043,M_040,0,1,0,1,1,0,NONE
TXN_000767,U_LEGIT_0114,14.12,297,D_LEGIT_1114,IP_LEGIT_0162,C_LEGIT_2343,M_098,2,3,0,1,1,0,NONE
TXN_008008,U_LEGIT_2206,42.1,531,D_LEGIT_1460,IP_LEGIT_0188,C_LEGIT_2882,M_049,0,5,0,1,1,0,NONE
TXN_001771,U_LEGIT_1202,44.14,48,D_LEGIT_1970,IP_LEGIT_1352,C_LEGIT_0290,M_135,0,4,0,1,1,0,NONE
TXN_000837,U_LEGIT_0843,15.58,742,D_LEGIT_1352,IP_LEGIT_0108,C_LEGIT_2706,M_079,1,5,0,1,1,0,NONE
TXN_002792,U_LEGIT_0342,200.31,1129,D_LEGIT_1036,IP_LEGIT_1645,C_LEGIT_1774,M_120,0,2,0,1,1,0,NONE
TXN_005264,U_LEGIT_0256,216.44,178,D_LEGIT_1299,IP_LEGIT_1397,C_LEGIT_0636,M_072,0,4,0,1,1,0,NONE
TXN_003004,U_LEGIT_0065,67.67,1060,D_LEGIT_1630,IP_LEGIT_0947,C_LEGIT_1357,M_144,0,3,0,2,1,0,NONE
TXN_007513,U_LEGIT_0731,235.08,41,D_LEGIT_1859,IP_LEGIT_1303,C_LEGIT_1965,M_052,0,2,0,1,2,0,NONE
TXN_004806,U_LEGIT_0077,134.45,354,D_LEGIT_1112,IP_SHARED_BENIGN_04,C_LEGIT_1382,M_128,0,5,0,1,1,0,NONE
TXN_003719,U_LEGIT_0207,71.78,199,D_LEGIT_1251,IP_LEGIT_1356,C_LEGIT_2657,M_094,0,1,0,1,1,0,NONE
TXN_002317,U_LEGIT_1788,184.2,1158,D_LEGIT_1832,IP_LEGIT_0235,C_LEGIT_1567,M_047,0,2,0,1,1,0,NONE
TXN_002001,U_LEGIT_0227,65.53,127,D_LEGIT_0648,IP_LEGIT_0927,C_LEGIT_1625,M_013,0,5,0,1,1,0,NONE
TXN_006427,U_LEGIT_0697,41.38,889,D_LEGIT_1580,IP_LEGIT_0195,C_LEGIT_0980,M_120,0,1,1,1,1,0,NONE
TXN_006679,U_LEGIT_0198,90.4,582,D_LEGIT_1128,IP_LEGIT_0083,C_LEGIT_1522,M_113,0,1,0,2,2,0,NONE
TXN_008069,U_LEGIT_0822,133.9,876,D_LEGIT_0680,IP_LEGIT_1818,C_LEGIT_1075,M_061,0,1,0,1,1,0,NONE
TXN_001552,U_LEGIT_2497,19.67,1164,D_LEGIT_1200,IP_LEGIT_1413,C_LEGIT_0152,M_029,0,2,0,1,1,0,NONE
TXN_005353,U_LEGIT_0409,238.21,370,D_SHARED_BENIGN_01,IP_LEGIT_1000,C_LEGIT_0286,M_059,0,2,0,1,2,0,NONE
TXN_002311,U_LEGIT_1793,165.08,84,D_LEGIT_0212,IP_LEGIT_0346,C_LEGIT_0613,M_139,0,3,0,1,1,0,NONE
TXN_002364,U_LEGIT_0904,205.43,947,D_LEGIT_1371,IP_LEGIT_0349,C_LEGIT_2256,M_089,1,1,0,1,1,0,NONE
TXN_001229,U_LEGIT_0791,104.27,211,D_LEGIT_0114,IP_LEGIT_0417,C_LEGIT_1480,M_100,0,1,0,2,1,0,NONE
TXN_002500,U_LEGIT_0891,149.18,122,D_LEGIT_1881,IP_LEGIT_0262,C_LEGIT_2012,M_074,1,2,0,1,1,0,NONE
TXN_005401,U_LEGIT_1015,211.13,753,D_LEGIT_1847,IP_LEGIT_0246,C_LEGIT_0745,M_002,2,4,0,2,2,0,NONE
TXN_000397,U_LEGIT_0539,156.19,505,D_LEGIT_1562,IP_LEGIT_1264,C_LEGIT_1094,M_146,0,1,0,2,1,0,NONE
TXN_002548,U_LEGIT_1991,233.5,299,D_LEGIT_1390,IP_LEGIT_1056,C_LEGIT_0566,M_112,0,1,0,1,1,0,NONE
TXN_009407,U_INDIV_0040,716.7,6,D_INDIV_0390,IP_INDIV_0373,C_INDIV_0101,M_045,17,45,7,6,6,1,INDIVIDUAL_FRAUD
TXN_003177,U_LEGIT_1559,35.4,921,D_LEGIT_0259,IP_LEGIT_1348,C_LEGIT_2657,M_054,1,4,0,1,1,0,NONE
TXN_002652,U_LEGIT_1720,248.32,436,D_LEGIT_0998,IP_LEGIT_1612,C_LEGIT_1910,M_011,1,2,0,1,1,0,NONE
TXN_005293,U_LEGIT_1513,43.24,387,D_LEGIT_0181,IP_LEGIT_0690,C_LEGIT_1979,M_135,0,5,0,2,1,0,NONE
TXN_004708,U_LEGIT_2186,90.42,674,D_LEGIT_0506,IP_LEGIT_0663,C_LEGIT_2603,M_147,0,3,0,1,1,0,NONE
TXN_000371,U_LEGIT_0003,195.8,519,D_LEGIT_1037,IP_LEGIT_0380,C_LEGIT_0077,M_094,0,1,0,2,1,0,NONE
TXN_009700,U_CYCLE_010,742.75,4,D_CYCLE_018,IP_CYCLE_026,C_STOLEN_POOL_01,M_102,13,19,6,3,6,1,CARD_CYCLING
TXN_000344,U_LEGIT_0831,230.69,1038,D_LEGIT_1713,IP_LEGIT_0320,C_LEGIT_0437,M_031,0,5,0,2,1,0,NONE
TXN_004403,U_LEGIT_0199,119.55,631,D_LEGIT_0972,IP_LEGIT_0092,C_LEGIT_0474,M_113,0,1,0,1,2,0,NONE
TXN_009530,U_FARM_021,255.23,3,D_FARM_HUB_02,IP_FARM_PROXY_01,C_FARM_011,M_108,11,28,5,1,5,1,DEVICE_FARM
TXN_009737,U_CYCLE_006,253.48,7,D_CYCLE_026,IP_CYCLE_020,C_STOLEN_POOL_05,M_028,7,31,8,5,9,1,CARD_CYCLING
TXN_006079,U_LEGIT_1594,80.24,865,D_LEGIT_0506,IP_LEGIT_1132,C_LEGIT_1679,M_132,0,5,0,1,1,0,NONE
TXN_008998,U_LEGIT_2458,100.33,1123,D_LEGIT_1906,IP_LEGIT_1925,C_LEGIT_2264,M_143,2,3,0,2,1,0,NONE
TXN_000943,U_LEGIT_1490,24.26,1163,D_LEGIT_0817,IP_LEGIT_1950,C_LEGIT_1350,M_130,1,5,0,1,2,0,NONE
TXN_000547,U_LEGIT_0500,14.99,972,D_LEGIT_1210,IP_LEGIT_0218,C_LEGIT_1326,M_040,0,4,0,1,1,0,NONE
TXN_007960,U_LEGIT_1070,100.91,292,D_LEGIT_0811,IP_LEGIT_1306,C_LEGIT_2984,M_093,0,5,0,1,2,0,NONE
TXN_002737,U_LEGIT_0951,99.94,1010,D_LEGIT_0885,IP_LEGIT_0565,C_LEGIT_0143,M_016,0,4,0,2,1,0,NONE
TXN_005971,U_LEGIT_0036,246.76,887,D_LEGIT_1798,IP_LEGIT_0890,C_LEGIT_1868,M_144,0,1,0,1,1,0,NONE
TXN_006325,U_LEGIT_1755,51.77,1008,D_LEGIT_1628,IP_LEGIT_1099,C_LEGIT_0167,M_139,0,4,0,2,1,0,NONE
TXN_007001,U_LEGIT_1634,170.72,1084,D_LEGIT_1667,IP_LEGIT_0247,C_LEGIT_2147,M_062,0,5,0,1,2,0,NONE
TXN_000818,U_LEGIT_1543,195.65,1106,D_LEGIT_1241,IP_LEGIT_1180,C_LEGIT_2903,M_130,0,3,0,1,2,0,NONE
TXN_001084,U_LEGIT_0093,104.2,802,D_LEGIT_0983,IP_SHARED_BENIGN_03,C_LEGIT_0883,M_017,0,4,0,2,2,0,NONE
TXN_002525,U_LEGIT_2148,88.53,85,D_LEGIT_0645,IP_LEGIT_1315,C_LEGIT_2555,M_067,0,3,0,1,2,0,NONE
TXN_001338,U_LEGIT_0874,18.6,551,D_LEGIT_0835,IP_LEGIT_0700,C_LEGIT_0765,M_064,0,5,0,1,1,0,NONE
TXN_000693,U_LEGIT_0041,135.41,657,D_SHARED_BENIGN_04,IP_LEGIT_0216,C_LEGIT_0506,M_045,0,4,0,1,1,0,NONE
TXN_007770,U_LEGIT_0676,229.05,1155,D_LEGIT_1555,IP_LEGIT_0273,C_LEGIT_0419,M_133,2,3,0,1,2,0,NONE
TXN_009149,U_INDIV_0003,2031.64,1,D_INDIV_0231,IP_INDIV_0364,C_INDIV_0112,M_041,14,43,5,3,6,1,INDIVIDUAL_FRAUD
TXN_008975,U_LEGIT_0082,182.74,713,D_LEGIT_0830,IP_LEGIT_1330,C_LEGIT_0238,M_045,0,4,0,2,1,0,NONE
TXN_008596,U_LEGIT_1909,32.15,556,D_SHARED_BENIGN_01,IP_LEGIT_1196,C_LEGIT_0834,M_089,0,2,0,1,1,0,NONE
TXN_008290,U_LEGIT_0867,105.8,1139,D_LEGIT_0191,IP_LEGIT_0893,C_LEGIT_0884,M_056,0,2,1,1,2,0,NONE
TXN_001199,U_LEGIT_0300,180.71,1166,D_LEGIT_0223,IP_LEGIT_1433,C_LEGIT_0681,M_069,1,5,0,1,2,0,NONE
TXN_004482,U_LEGIT_0906,169.49,262,D_LEGIT_1535,IP_LEGIT_0801,C_LEGIT_0799,M_142,0,5,0,1,1,0,NONE
TXN_001758,U_LEGIT_2284,92.18,747,D_SHARED_BENIGN_09,IP_LEGIT_1123,C_LEGIT_2439,M_100,0,3,0,1,1,0,NONE
TXN_006297,U_LEGIT_1669,112.6,270,D_LEGIT_1798,IP_LEGIT_0159,C_LEGIT_2715,M_055,0,5,0,1,1,0,NONE
TXN_000505,U_LEGIT_0440,63.07,261,D_LEGIT_0727,IP_LEGIT_0869,C_LEGIT_0878,M_132,0,3,0,1,1,0,NONE
TXN_001240,U_LEGIT_0123,139.77,330,D_LEGIT_1739,IP_LEGIT_0832,C_LEGIT_2419,M_092,0,3,0,2,2,0,NONE
TXN_000185,U_LEGIT_1298,192.25,239,D_LEGIT_0188,IP_SHARED_BENIGN_05,C_LEGIT_1822,M_093,0,2,0,2,1,0,NONE
TXN_004678,U_LEGIT_0978,35.73,586,D_LEGIT_0780,IP_LEGIT_0872,C_LEGIT_0268,M_004,0,3,0,1,1,0,NONE
TXN_008850,U_LEGIT_1244,157.19,976,D_SHARED_BENIGN_06,IP_LEGIT_1250,C_LEGIT_1094,M_010,0,3,0,1,1,0,NONE
TXN_000840,U_LEGIT_1024,95.53,543,D_LEGIT_0606,IP_LEGIT_0809,C_LEGIT_0159,M_071,0,5,0,1,1,0,NONE
TXN_001046,U_LEGIT_1364,185.78,69,D_LEGIT_0268,IP_LEGIT_1898,C_LEGIT_2557,M_003,0,2,0,2,2,0,NONE
TXN_003681,U_LEGIT_2056,209.51,793,D_LEGIT_0957,IP_LEGIT_1894,C_LEGIT_0501,M_013,0,3,0,1,1,0,NONE
TXN_008180,U_LEGIT_2143,71.73,231,D_SHARED_BENIGN_03,IP_LEGIT_1396,C_LEGIT_2789,M_014,0,1,0,1,1,0,NONE
TXN_005303,U_LEGIT_2314,201.66,1152,D_LEGIT_0411,IP_LEGIT_0915,C_LEGIT_1036,M_101,0,2,0,2,1,0,NONE
TXN_001754,U_LEGIT_0033,151.35,367,D_LEGIT_1204,IP_LEGIT_1761,C_LEGIT_0887,M_012,0,2,0,1,1,0,NONE
TXN_009377,U_INDIV_0066,2008.78,3,D_INDIV_0216,IP_INDIV_0283,C_INDIV_0354,M_075,16,27,3,3,5,1,INDIVIDUAL_FRAUD
TXN_005347,U_LEGIT_0806,87.01,1103,D_LEGIT_1392,IP_LEGIT_0419,C_LEGIT_2739,M_059,0,5,0,1,1,0,NONE
TXN_004219,U_LEGIT_1088,17.5,805,D_LEGIT_0720,IP_LEGIT_0156,C_LEGIT_2133,M_071,1,5,0,1,2,0,NONE
TXN_006762,U_LEGIT_0649,130.48,486,D_LEGIT_0752,IP_LEGIT_1565,C_LEGIT_0556,M_096,0,3,0,2,1,0,NONE
TXN_004981,U_LEGIT_0122,120.5,570,D_SHARED_BENIGN_10,IP_LEGIT_1125,C_LEGIT_2352,M_112,0,3,1,1,1,0,NONE
TXN_007331,U_LEGIT_2299,49.67,778,D_LEGIT_1328,IP_LEGIT_1735,C_LEGIT_0688,M_040,0,2,0,2,1,0,NONE
TXN_002893,U_LEGIT_1608,76.5,853,D_LEGIT_1553,IP_LEGIT_1292,C_LEGIT_1266,M_128,0,2,0,1,1,0,NONE
TXN_001399,U_LEGIT_1291,249.57,199,D_LEGIT_1910,IP_LEGIT_1927,C_LEGIT_0341,M_046,0,2,0,1,1,0,NONE
TXN_008034,U_LEGIT_1450,208.0,1150,D_LEGIT_0008,IP_LEGIT_1414,C_LEGIT_2472,M_029,0,4,0,1,2,0,NONE
TXN_002690,U_LEGIT_1874,198.01,1181,D_LEGIT_0748,IP_LEGIT_1018,C_LEGIT_1895,M_059,0,3,0,2,1,0,NONE
TXN_004261,U_LEGIT_2373,28.59,776,D_LEGIT_1415,IP_LEGIT_1092,C_LEGIT_0802,M_049,1,4,0,1,1,0,NONE
TXN_007346,U_LEGIT_0987,28.03,956,D_LEGIT_1880,IP_LEGIT_0727,C_LEGIT_1609,M_021,0,3,0,2,1,0,NONE
TXN_002720,U_LEGIT_2415,121.65,456,D_LEGIT_0103,IP_LEGIT_1585,C_LEGIT_0904,M_041,1,4,0,1,2,0,NONE
TXN_003029,U_LEGIT_0528,12.77,161,D_LEGIT_1172,IP_LEGIT_1670,C_LEGIT_1073,M_108,0,5,0,1,1,0,NONE
TXN_003630,U_LEGIT_0353,87.23,1076,D_LEGIT_0628,IP_SHARED_BENIGN_01,C_LEGIT_0252,M_040,0,3,0,2,1,0,NONE
TXN_004588,U_LEGIT_1586,132.64,1135,D_LEGIT_0627,IP_LEGIT_1607,C_LEGIT_2248,M_122,1,5,0,1,1,0,NONE
TXN_002245,U_LEGIT_0154,238.04,849,D_LEGIT_0592,IP_SHARED_BENIGN_05,C_LEGIT_1806,M_075,0,3,0,2,1,0,NONE
TXN_009513,U_FARM_017,249.85,1,D_FARM_HUB_01,IP_FARM_PROXY_01,C_FARM_023,M_058,13,70,4,1,2,1,DEVICE_FARM
TXN_005156,U_LEGIT_0793,9.38,1040,D_LEGIT_1337,IP_LEGIT_0096,C_LEGIT_1609,M_040,2,1,0,1,2,0,NONE
TXN_006081,U_LEGIT_1298,177.13,551,D_LEGIT_0114,IP_LEGIT_0487,C_LEGIT_1692,M_078,0,4,0,1,1,0,NONE
TXN_003872,U_LEGIT_0736,70.26,306,D_LEGIT_1524,IP_LEGIT_0230,C_LEGIT_2325,M_098,1,5,0,2,1,0,NONE
TXN_009707,U_CYCLE_013,721.85,7,D_CYCLE_021,IP_CYCLE_010,C_STOLEN_POOL_03,M_118,12,33,10,4,7,1,CARD_CYCLING
TXN_005882,U_LEGIT_2156,93.36,1093,D_LEGIT_1019,IP_LEGIT_1146,C_LEGIT_0652,M_113,1,4,0,1,2,0,NONE
TXN_004612,U_LEGIT_0435,75.66,1163,D_LEGIT_1508,IP_LEGIT_0874,C_LEGIT_0433,M_041,0,5,0,1,1,0,NONE
TXN_006107,U_LEGIT_0736,224.2,681,D_LEGIT_1279,IP_LEGIT_0769,C_LEGIT_2298,M_059,0,4,0,1,1,0,NONE
TXN_001804,U_LEGIT_2307,232.54,512,D_LEGIT_1276,IP_LEGIT_1713,C_LEGIT_0096,M_108,0,2,0,2,1,0,NONE
TXN_006874,U_LEGIT_2296,35.9,463,D_LEGIT_1409,IP_SHARED_BENIGN_06,C_LEGIT_1637,M_061,0,1,0,1,1,0,NONE
TXN_002716,U_LEGIT_2183,103.66,924,D_LEGIT_0555,IP_LEGIT_1962,C_LEGIT_0353,M_014,0,2,1,1,1,0,NONE
TXN_003587,U_LEGIT_2035,43.1,95,D_LEGIT_1837,IP_SHARED_BENIGN_03,C_LEGIT_0029,M_113,0,3,0,1,1,0,NONE
TXN_000014,U_LEGIT_2410,63.4,94,D_LEGIT_1206,IP_LEGIT_0146,C_LEGIT_2900,M_016,1,1,0,1,2,0,NONE
TXN_005759,U_LEGIT_0864,200.56,1182,D_LEGIT_0981,IP_LEGIT_0042,C_LEGIT_0848,M_047,0,4,0,1,2,0,NONE
TXN_008463,U_LEGIT_2186,240.78,302,D_LEGIT_1050,IP_LEGIT_1200,C_LEGIT_2222,M_140,1,3,0,2,2,0,NONE
TXN_005800,U_LEGIT_0721,21.31,792,D_LEGIT_1219,IP_LEGIT_0389,C_LEGIT_1065,M_081,0,5,0,1,1,0,NONE
TXN_001681,U_LEGIT_0002,95.44,427,D_LEGIT_1702,IP_LEGIT_1696,C_LEGIT_0216,M_149,0,4,0,1,1,0,NONE
TXN_002312,U_LEGIT_0018,88.58,288,D_LEGIT_0760,IP_LEGIT_1662,C_LEGIT_1394,M_149,1,2,0,2,1,0,NONE
TXN_009890,U_DIST_027,21.92,11,D_DIST_011,IP_DIST_PROXY_04,C_DIST_025,M_TARGET_HIGHVAL_99,3,18,2,1,2,1,DISTRIBUTED_ABUSE
TXN_006576,U_LEGIT_0079,92.76,842,D_LEGIT_1049,IP_LEGIT_1721,C_LEGIT_1195,M_140,1,2,0,1,1,0,NONE
TXN_001445,U_LEGIT_0625,165.08,123,D_LEGIT_1910,IP_LEGIT_0051,C_LEGIT_1506,M_084,0,2,0,1,1,0,NONE
TXN_006222,U_LEGIT_0358,84.06,1123,D_LEGIT_0544,IP_LEGIT_1800,C_LEGIT_2416,M_023,0,4,0,1,1,0,NONE
TXN_001901,U_LEGIT_1238,94.92,523,D_SHARED_BENIGN_08,IP_LEGIT_1576,C_LEGIT_0725,M_031,0,4,0,1,2,0,NONE
TXN_004255,U_LEGIT_2105,129.14,706,D_LEGIT_1345,IP_LEGIT_1315,C_LEGIT_2373,M_125,1,1,1,1,1,0,NONE
TXN_009848,U_BURST_006,999.2,0,D_BURST_015,IP_BURST_SUBNET_01,C_BURST_021,M_146,17,27,1,2,2,1,ACCOUNT_BURST
TXN_008980,U_LEGIT_0501,204.65,922,D_LEGIT_1700,IP_LEGIT_0983,C_LEGIT_0595,M_039,0,5,0,2,1,0,NONE
TXN_000952,U_LEGIT_0937,43.09,713,D_LEGIT_0967,IP_LEGIT_1709,C_LEGIT_1244,M_095,0,3,0,2,2,0,NONE
TXN_004982,U_LEGIT_1491,235.54,772,D_LEGIT_1910,IP_LEGIT_0146,C_LEGIT_1665,M_029,1,4,0,2,1,0,NONE
TXN_003871,U_LEGIT_1565,17.6,255,D_LEGIT_0894,IP_LEGIT_1846,C_LEGIT_1954,M_017,0,3,0,2,1,0,NONE
TXN_008725,U_LEGIT_0406,170.15,438,D_LEGIT_0805,IP_LEGIT_0826,C_LEGIT_0564,M_105,0,2,0,1,2,0,NONE
TXN_008284,U_LEGIT_1939,176.14,995,D_LEGIT_1954,IP_LEGIT_1616,C_LEGIT_1937,M_012,0,4,0,1,1,0,NONE
TXN_000579,U_LEGIT_2006,125.31,967,D_LEGIT_0854,IP_LEGIT_0296,C_LEGIT_2072,M_033,0,5,0,1,1,0,NONE
TXN_003504,U_LEGIT_1847,228.74,34,D_LEGIT_0999,IP_LEGIT_1933,C_LEGIT_1034,M_004,0,1,0,1,1,0,NONE
TXN_003881,U_LEGIT_2057,119.76,271,D_LEGIT_1501,IP_LEGIT_0834,C_LEGIT_1410,M_120,0,4,0,1,1,0,NONE
TXN_007955,U_LEGIT_0254,88.55,195,D_LEGIT_1470,IP_LEGIT_1864,C_LEGIT_0695,M_091,0,5,0,2,1,0,NONE
TXN_001584,U_LEGIT_0997,201.24,472,D_LEGIT_1957,IP_LEGIT_1978,C_LEGIT_0051,M_007,0,1,0,1,2,0,NONE
TXN_004589,U_LEGIT_0005,161.85,659,D_LEGIT_0300,IP_LEGIT_1188,C_LEGIT_0144,M_147,0,2,0,1,1,0,NONE
TXN_005057,U_LEGIT_2210,89.24,496,D_LEGIT_0695,IP_LEGIT_0134,C_LEGIT_0653,M_120,1,2,0,2,1,0,NONE
TXN_008934,U_LEGIT_1120,87.49,324,D_LEGIT_1003,IP_LEGIT_1371,C_LEGIT_0698,M_092,0,5,0,2,1,0,NONE
TXN_001566,U_LEGIT_1556,210.87,521,D_LEGIT_0805,IP_LEGIT_1257,C_LEGIT_0175,M_035,0,2,0,1,2,0,NONE
TXN_009533,U_FARM_019,150.63,1,D_FARM_HUB_02,IP_FARM_PROXY_01,C_FARM_011,M_024,11,61,4,1,6,1,DEVICE_FARM
TXN_008071,U_LEGIT_1608,8.06,724,D_LEGIT_0259,IP_LEGIT_1593,C_LEGIT_1432,M_030,1,4,0,1,2,0,NONE
TXN_003107,U_LEGIT_0319,8.57,425,D_LEGIT_1569,IP_LEGIT_1204,C_LEGIT_2895,M_129,0,1,0,1,2,0,NONE
TXN_004431,U_LEGIT_1422,233.26,1146,D_LEGIT_0724,IP_LEGIT_0199,C_LEGIT_0178,M_127,0,5,0,2,1,0,NONE
TXN_006005,U_LEGIT_0584,53.14,564,D_LEGIT_0687,IP_LEGIT_1790,C_LEGIT_0055,M_022,0,2,0,1,2,0,NONE
TXN_003901,U_LEGIT_1513,33.53,764,D_LEGIT_0423,IP_LEGIT_1685,C_LEGIT_1997,M_056,0,3,0,2,1,0,NONE
TXN_009771,U_BURST_001,1064.34,0,D_BURST_008,IP_BURST_SUBNET_02,C_BURST_008,M_106,10,23,2,3,2,1,ACCOUNT_BURST
TXN_006456,U_LEGIT_1983,142.12,543,D_LEGIT_1297,IP_LEGIT_1000,C_LEGIT_2179,M_105,1,2,0,1,2,0,NONE
TXN_003937,U_LEGIT_1946,135.28,1078,D_LEGIT_1041,IP_LEGIT_1856,C_LEGIT_2632,M_120,2,3,0,2,1,0,NONE
TXN_006449,U_LEGIT_0832,136.8,318,D_LEGIT_1513,IP_LEGIT_0154,C_LEGIT_0794,M_003,0,1,0,1,1,0,NONE
TXN_000508,U_LEGIT_1624,104.95,238,D_LEGIT_1349,IP_LEGIT_0245,C_LEGIT_0588,M_102,0,2,0,1,1,0,NONE
TXN_006509,U_LEGIT_1074,51.93,866,D_LEGIT_0833,IP_LEGIT_1367,C_LEGIT_2413,M_038,1,5,1,1,1,0,NONE
TXN_005098,U_LEGIT_0677,142.45,1129,D_SHARED_BENIGN_08,IP_LEGIT_1971,C_LEGIT_0362,M_099,0,5,0,1,1,0,NONE
TXN_009635,U_CYCLE_025,132.08,11,D_CYCLE_011,IP_CYCLE_011,C_STOLEN_POOL_04,M_070,10,26,3,2,9,1,CARD_CYCLING
TXN_005107,U_LEGIT_2031,59.3,488,D_LEGIT_1544,IP_LEGIT_0337,C_LEGIT_2198,M_065,0,4,0,1,1,0,NONE
TXN_006591,U_LEGIT_0733,226.75,60,D_LEGIT_0898,IP_LEGIT_1661,C_LEGIT_2646,M_063,0,1,0,1,2,0,NONE
TXN_002451,U_LEGIT_0375,153.07,1045,D_LEGIT_0883,IP_LEGIT_1612,C_LEGIT_2525,M_006,0,4,0,1,1,0,NONE
TXN_006153,U_LEGIT_2183,17.88,604,D_LEGIT_1281,IP_LEGIT_1361,C_LEGIT_0439,M_066,0,3,0,1,1,0,NONE
TXN_001008,U_LEGIT_0798,165.16,1043,D_LEGIT_1232,IP_LEGIT_0368,C_LEGIT_0743,M_008,0,3,0,2,2,0,NONE
TXN_002385,U_LEGIT_2296,139.9,1111,D_SHARED_BENIGN_10,IP_LEGIT_1234,C_LEGIT_0208,M_143,0,5,0,2,1,0,NONE
TXN_005145,U_LEGIT_1753,52.28,357,D_LEGIT_1884,IP_LEGIT_1225,C_LEGIT_2776,M_011,0,4,0,2,1,0,NONE
TXN_000444,U_LEGIT_0686,190.83,267,D_LEGIT_1504,IP_LEGIT_0112,C_LEGIT_2631,M_068,0,4,0,1,2,0,NONE
TXN_008927,U_LEGIT_2036,178.73,393,D_LEGIT_1479,IP_LEGIT_1421,C_LEGIT_1305,M_117,0,5,0,1,1,0,NONE
TXN_005421,U_LEGIT_2450,214.71,477,D_LEGIT_0836,IP_LEGIT_0293,C_LEGIT_0486,M_098,2,3,0,2,1,0,NONE
TXN_006923,U_LEGIT_0136,69.46,186,D_LEGIT_0840,IP_SHARED_BENIGN_05,C_LEGIT_2092,M_148,0,1,0,1,2,0,NONE
TXN_007026,U_LEGIT_0930,63.18,697,D_LEGIT_0335,IP_LEGIT_0406,C_LEGIT_2511,M_050,0,4,0,1,1,0,NONE
TXN_004459,U_LEGIT_1729,178.6,467,D_LEGIT_0223,IP_LEGIT_1090,C_LEGIT_0629,M_040,0,5,0,1,2,0,NONE
TXN_007339,U_LEGIT_0430,63.38,993,D_LEGIT_1127,IP_LEGIT_1383,C_LEGIT_2219,M_076,0,1,0,1,1,0,NONE
TXN_004893,U_LEGIT_1529,121.88,130,D_LEGIT_0550,IP_LEGIT_0121,C_LEGIT_2149,M_090,0,4,0,1,1,0,NONE
TXN_009263,U_INDIV_0021,2414.48,5,D_INDIV_0359,IP_INDIV_0032,C_INDIV_0300,M_006,17,32,5,7,3,1,INDIVIDUAL_FRAUD
TXN_004655,U_LEGIT_0656,92.96,871,D_LEGIT_0228,IP_SHARED_BENIGN_09,C_LEGIT_1797,M_101,0,2,0,1,1,0,NONE
TXN_000587,U_LEGIT_1393,70.24,264,D_LEGIT_0850,IP_SHARED_BENIGN_09,C_LEGIT_1300,M_098,2,5,0,1,1,0,NONE
TXN_000674,U_LEGIT_0254,201.0,288,D_LEGIT_0389,IP_LEGIT_0868,C_LEGIT_1310,M_094,0,5,0,1,2,0,NONE
TXN_007703,U_LEGIT_2312,143.75,997,D_LEGIT_1453,IP_LEGIT_1500,C_LEGIT_1342,M_100,0,5,0,2,1,0,NONE
TXN_001845,U_LEGIT_1646,39.15,309,D_LEGIT_0512,IP_LEGIT_1516,C_LEGIT_2128,M_037,0,1,1,1,1,0,NONE
TXN_006534,U_LEGIT_0238,48.32,342,D_LEGIT_1654,IP_LEGIT_1420,C_LEGIT_2416,M_091,0,5,0,2,2,0,NONE
TXN_005881,U_LEGIT_0988,195.5,1189,D_LEGIT_0557,IP_SHARED_BENIGN_02,C_LEGIT_1827,M_009,0,4,1,1,1,0,NONE
TXN_006444,U_LEGIT_0794,213.05,1048,D_LEGIT_1028,IP_LEGIT_1858,C_LEGIT_2453,M_133,0,1,0,1,2,0,NONE
TXN_005277,U_LEGIT_2395,184.19,1003,D_LEGIT_1455,IP_LEGIT_0310,C_LEGIT_1308,M_052,0,2,0,2,2,0,NONE
TXN_000893,U_LEGIT_2489,203.4,108,D_LEGIT_1005,IP_LEGIT_1536,C_LEGIT_2653,M_140,0,5,0,1,1,0,NONE
TXN_007773,U_LEGIT_1605,178.61,251,D_LEGIT_1692,IP_LEGIT_1721,C_LEGIT_0493,M_043,0,5,0,1,1,0,NONE
TXN_008799,U_LEGIT_1878,70.82,723,D_LEGIT_1020,IP_LEGIT_1299,C_LEGIT_1908,M_075,1,1,0,2,1,0,NONE
TXN_009543,U_FARM_015,394.12,0,D_FARM_HUB_01,IP_FARM_PROXY_01,C_FARM_045,M_066,16,41,6,1,3,1,DEVICE_FARM
TXN_006423,U_LEGIT_0714,197.06,902,D_LEGIT_0759,IP_LEGIT_0719,C_LEGIT_1931,M_080,0,1,1,2,1,0,NONE
TXN_008385,U_LEGIT_1631,195.0,441,D_LEGIT_1162,IP_LEGIT_1365,C_LEGIT_1781,M_029,0,4,0,1,1,0,NONE
TXN_005709,U_LEGIT_0001,135.81,72,D_LEGIT_1665,IP_LEGIT_1909,C_LEGIT_1177,M_017,0,4,0,1,1,0,NONE
TXN_007458,U_LEGIT_0557,46.07,110,D_LEGIT_1170,IP_LEGIT_0605,C_LEGIT_2985,M_109,0,2,0,2,1,0,NONE
TXN_003403,U_LEGIT_1797,90.44,356,D_LEGIT_0616,IP_LEGIT_0849,C_LEGIT_0407,M_022,0,1,0,2,2,0,NONE
TXN_002211,U_LEGIT_1772,235.37,670,D_LEGIT_0270,IP_SHARED_BENIGN_01,C_LEGIT_1877,M_112,0,2,0,2,1,0,NONE
TXN_005952,U_LEGIT_0253,234.68,194,D_LEGIT_1257,IP_LEGIT_0976,C_LEGIT_2191,M_013,0,1,0,2,1,0,NONE
TXN_002955,U_LEGIT_0792,225.61,446,D_LEGIT_0465,IP_SHARED_BENIGN_05,C_LEGIT_0879,M_117,0,3,0,2,2,0,NONE
TXN_008073,U_LEGIT_1986,153.0,309,D_LEGIT_0877,IP_LEGIT_1481,C_LEGIT_0936,M_049,0,2,0,1,2,0,NONE
TXN_009439,U_INDIV_0200,710.59,3,D_INDIV_0164,IP_INDIV_0138,C_INDIV_0329,M_148,10,30,4,5,8,1,INDIVIDUAL_FRAUD
TXN_003354,U_LEGIT_0147,161.13,608,D_LEGIT_1015,IP_LEGIT_1006,C_LEGIT_0642,M_010,0,5,0,1,2,0,NONE
TXN_004887,U_LEGIT_1163,234.27,1114,D_LEGIT_0560,IP_LEGIT_0409,C_LEGIT_2688,M_089,0,4,0,1,1,0,NONE
TXN_000651,U_LEGIT_0515,130.8,902,D_SHARED_BENIGN_10,IP_LEGIT_1629,C_LEGIT_0838,M_061,0,3,0,1,1,0,NONE
TXN_004972,U_LEGIT_2171,80.63,529,D_LEGIT_0519,IP_LEGIT_1740,C_LEGIT_0220,M_044,0,1,0,1,2,0,NONE
TXN_000040,U_LEGIT_1954,188.9,1148,D_SHARED_BENIGN_06,IP_LEGIT_0799,C_LEGIT_1717,M_138,0,2,0,1,2,0,NONE
TXN_004297,U_LEGIT_0988,103.62,134,D_LEGIT_1254,IP_LEGIT_0523,C_LEGIT_1640,M_144,0,3,1,1,1,0,NONE
TXN_000154,U_LEGIT_2066,164.89,411,D_LEGIT_0395,IP_LEGIT_0678,C_LEGIT_0666,M_118,0,3,0,1,1,0,NONE
TXN_003513,U_LEGIT_0941,118.24,334,D_LEGIT_0737,IP_LEGIT_1075,C_LEGIT_2066,M_090,1,2,0,1,1,0,NONE
TXN_000345,U_LEGIT_1292,52.25,1076,D_LEGIT_1805,IP_LEGIT_1780,C_LEGIT_1126,M_126,0,2,0,1,1,0,NONE
TXN_009602,U_FARM_003,105.46,4,D_FARM_HUB_02,IP_FARM_PROXY_01,C_FARM_015,M_028,8,60,5,1,4,1,DEVICE_FARM
TXN_008638,U_LEGIT_0429,16.17,467,D_LEGIT_1078,IP_LEGIT_0557,C_LEGIT_0721,M_146,0,4,0,1,1,0,NONE
TXN_001025,U_LEGIT_2336,142.25,1049,D_LEGIT_1559,IP_LEGIT_1686,C_LEGIT_0828,M_023,0,5,1,2,2,0,NONE
TXN_008540,U_LEGIT_1088,193.41,477,D_LEGIT_0413,IP_LEGIT_0269,C_LEGIT_2852,M_034,1,4,0,2,2,0,NONE
TXN_001537,U_LEGIT_1233,86.31,734,D_LEGIT_0774,IP_LEGIT_1594,C_LEGIT_0517,M_030,0,4,0,1,1,0,NONE
TXN_005663,U_LEGIT_2120,241.32,1109,D_LEGIT_1736,IP_LEGIT_0440,C_LEGIT_1222,M_084,0,4,0,2,2,0,NONE
TXN_004638,U_LEGIT_0718,23.76,875,D_LEGIT_0365,IP_LEGIT_0426,C_LEGIT_2016,M_052,0,2,0,2,1,0,NONE
TXN_002176,U_LEGIT_2128,202.95,1192,D_LEGIT_1693,IP_LEGIT_0157,C_LEGIT_1031,M_041,0,4,0,1,2,0,NONE
TXN_006796,U_LEGIT_2462,119.62,655,D_LEGIT_0217,IP_LEGIT_1562,C_LEGIT_1804,M_019,0,4,0,2,1,0,NONE
TXN_008698,U_LEGIT_2376,166.87,755,D_LEGIT_1724,IP_LEGIT_1122,C_LEGIT_1689,M_119,0,1,0,1,1,0,NONE
TXN_005840,U_LEGIT_0517,79.85,917,D_LEGIT_0713,IP_SHARED_BENIGN_07,C_LEGIT_1003,M_087,0,3,0,1,1,0,NONE
TXN_001984,U_LEGIT_0583,94.63,973,D_LEGIT_0723,IP_LEGIT_0563,C_LEGIT_0684,M_103,0,2,0,2,1,0,NONE
TXN_006265,U_LEGIT_1469,39.39,447,D_LEGIT_1403,IP_LEGIT_1216,C_LEGIT_1814,M_038,0,5,0,1,1,0,NONE
TXN_001995,U_LEGIT_0349,221.67,792,D_LEGIT_1449,IP_LEGIT_0613,C_LEGIT_1019,M_112,0,1,0,1,2,0,NONE
TXN_006130,U_LEGIT_0502,65.34,418,D_LEGIT_0650,IP_LEGIT_0875,C_LEGIT_2624,M_117,0,1,0,1,2,0,NONE
TXN_007617,U_LEGIT_0832,208.05,419,D_LEGIT_0999,IP_LEGIT_0436,C_LEGIT_2804,M_019,1,5,0,1,2,0,NONE
TXN_000749,U_LEGIT_1503,130.44,568,D_LEGIT_1280,IP_LEGIT_0766,C_LEGIT_0342,M_106,1,1,0,1,1,0,NONE
TXN_004171,U_LEGIT_1614,233.83,745,D_LEGIT_1950,IP_LEGIT_1520,C_LEGIT_1897,M_016,0,3,0,2,1,0,NONE
TXN_007005,U_LEGIT_0893,222.43,500,D_LEGIT_0121,IP_LEGIT_0817,C_LEGIT_1017,M_056,0,2,0,1,2,0,NONE
TXN_008212,U_LEGIT_1059,132.87,1008,D_LEGIT_1748,IP_LEGIT_1865,C_LEGIT_0091,M_062,0,1,0,1,1,0,NONE
TXN_006954,U_LEGIT_1276,159.74,1195,D_LEGIT_0338,IP_LEGIT_1202,C_LEGIT_2681,M_138,0,5,0,1,2,0,NONE
TXN_008621,U_LEGIT_0983,160.34,662,D_LEGIT_1098,IP_LEGIT_0412,C_LEGIT_1116,M_034,0,4,0,1,1,0,NONE
TXN_008438,U_LEGIT_0035,182.27,34,D_LEGIT_1965,IP_LEGIT_0128,C_LEGIT_2929,M_057,0,5,0,1,1,0,NONE
TXN_009579,U_FARM_009,228.01,1,D_FARM_HUB_01,IP_FARM_PROXY_01,C_FARM_030,M_051,17,52,5,1,6,1,DEVICE_FARM
TXN_000240,U_LEGIT_1933,67.98,523,D_LEGIT_1571,IP_LEGIT_0477,C_LEGIT_0654,M_026,0,1,0,1,2,0,NONE
TXN_009389,U_INDIV_0190,1926.29,5,D_INDIV_0336,IP_INDIV_0129,C_INDIV_0258,M_126,11,38,7,5,6,1,INDIVIDUAL_FRAUD
TXN_001788,U_LEGIT_1715,106.34,598,D_LEGIT_1845,IP_LEGIT_0921,C_LEGIT_2804,M_130,0,5,0,1,1,0,NONE
TXN_001066,U_LEGIT_1941,143.97,588,D_LEGIT_1297,IP_SHARED_BENIGN_06,C_LEGIT_2543,M_124,1,4,1,1,1,0,NONE
TXN_000978,U_LEGIT_0664,160.15,860,D_LEGIT_0024,IP_LEGIT_0991,C_LEGIT_1409,M_049,0,2,0,1,2,0,NONE
TXN_003861,U_LEGIT_1378,184.22,783,D_LEGIT_0900,IP_LEGIT_0042,C_LEGIT_0035,M_038,1,4,0,1,2,0,NONE
TXN_005257,U_LEGIT_1741,9.86,349,D_LEGIT_0184,IP_SHARED_BENIGN_01,C_LEGIT_2551,M_017,1,5,0,2,1,0,NONE
TXN_000500,U_LEGIT_0486,38.33,296,D_LEGIT_1755,IP_LEGIT_1410,C_LEGIT_0929,M_079,2,4,0,1,1,0,NONE
TXN_004217,U_LEGIT_0081,125.48,232,D_LEGIT_1334,IP_LEGIT_0875,C_LEGIT_2562,M_123,0,2,0,1,1,0,NONE
TXN_009023,U_INDIV_0137,600.22,1,D_INDIV_0379,IP_INDIV_0253,C_INDIV_0023,M_077,6,25,9,7,8,1,INDIVIDUAL_FRAUD
TXN_002776,U_LEGIT_0585,181.72,875,D_LEGIT_1505,IP_LEGIT_1000,C_LEGIT_1004,M_078,1,5,0,2,1,0,NONE
TXN_006708,U_LEGIT_1803,54.99,1089,D_LEGIT_1498,IP_LEGIT_0801,C_LEGIT_0179,M_142,0,1,0,1,1,0,NONE
TXN_009948,U_DIST_018,38.35,11,D_DIST_022,IP_DIST_PROXY_02,C_DIST_029,M_TARGET_HIGHVAL_99,4,16,1,1,2,1,DISTRIBUTED_ABUSE
TXN_004461,U_LEGIT_1058,185.14,449,D_SHARED_BENIGN_07,IP_LEGIT_1188,C_LEGIT_1575,M_149,0,2,0,1,1,0,NONE
TXN_004602,U_LEGIT_2205,46.16,89,D_LEGIT_0183,IP_LEGIT_1413,C_LEGIT_1590,M_072,0,5,0,1,1,0,NONE
TXN_002884,U_LEGIT_0063,15.43,814,D_LEGIT_1187,IP_LEGIT_0179,C_LEGIT_0632,M_118,0,3,0,2,1,0,NONE
TXN_002010,U_LEGIT_2053,93.76,248,D_LEGIT_1537,IP_LEGIT_0872,C_LEGIT_0986,M_150,0,4,0,2,2,0,NONE
TXN_009099,U_INDIV_0086,1123.1,1,D_INDIV_0249,IP_INDIV_0190,C_INDIV_0184,M_008,16,17,9,5,5,1,INDIVIDUAL_FRAUD
TXN_007590,U_LEGIT_2401,237.46,203,D_SHARED_BENIGN_05,IP_LEGIT_0891,C_LEGIT_0822,M_091,0,1,0,1,1,0,NONE
TXN_004247,U_LEGIT_1103,138.92,903,D_LEGIT_1431,IP_LEGIT_1156,C_LEGIT_2807,M_114,0,1,0,1,1,0,NONE
TXN_002344,U_LEGIT_1155,116.14,821,D_LEGIT_1399,IP_LEGIT_1493,C_LEGIT_2212,M_072,0,2,0,2,1,0,NONE
TXN_002093,U_LEGIT_0053,117.18,847,D_LEGIT_0735,IP_LEGIT_1816,C_LEGIT_1955,M_068,0,5,1,1,1,0,NONE
TXN_004570,U_LEGIT_2182,152.91,321,D_LEGIT_0957,IP_LEGIT_1104,C_LEGIT_0106,M_049,0,4,0,2,1,0,NONE
TXN_003050,U_LEGIT_1286,103.82,350,D_LEGIT_1682,IP_LEGIT_1110,C_LEGIT_0083,M_147,0,1,0,1,2,0,NONE
TXN_003479,U_LEGIT_0923,233.84,56,D_LEGIT_1773,IP_SHARED_BENIGN_01,C_LEGIT_1058,M_142,0,5,0,1,1,0,NONE
TXN_001892,U_LEGIT_2469,224.31,1094,D_LEGIT_1161,IP_LEGIT_1413,C_LEGIT_1221,M_092,0,5,0,2,1,0,NONE
TXN_007833,U_LEGIT_1004,201.76,129,D_LEGIT_1371,IP_LEGIT_1152,C_LEGIT_1754,M_013,0,3,0,2,2,0,NONE
TXN_007058,U_LEGIT_0854,32.83,710,D_LEGIT_1501,IP_LEGIT_1963,C_LEGIT_1563,M_051,1,1,0,2,2,0,NONE
TXN_006157,U_LEGIT_1239,74.92,81,D_LEGIT_0358,IP_LEGIT_1487,C_LEGIT_1299,M_007,0,1,0,2,1,0,NONE
TXN_008229,U_LEGIT_2387,249.84,618,D_LEGIT_0501,IP_LEGIT_1317,C_LEGIT_0254,M_107,0,1,0,1,1,0,NONE
TXN_004776,U_LEGIT_0195,233.33,754,D_LEGIT_0798,IP_LEGIT_0432,C_LEGIT_1815,M_073,0,5,0,2,2,0,NONE
TXN_003576,U_LEGIT_2494,66.27,189,D_SHARED_BENIGN_07,IP_LEGIT_1333,C_LEGIT_0124,M_094,0,2,0,1,1,0,NONE
TXN_008043,U_LEGIT_1348,169.02,626,D_LEGIT_0609,IP_LEGIT_1457,C_LEGIT_0397,M_040,1,4,0,1,2,0,NONE
TXN_005926,U_LEGIT_0074,103.48,56,D_LEGIT_1203,IP_LEGIT_0024,C_LEGIT_1588,M_006,1,4,1,1,1,0,NONE
TXN_007791,U_LEGIT_1562,32.86,481,D_LEGIT_1349,IP_LEGIT_0210,C_LEGIT_2831,M_044,0,2,0,1,1,0,NONE
TXN_006542,U_LEGIT_1969,21.95,906,D_LEGIT_0965,IP_LEGIT_0237,C_LEGIT_2548,M_023,0,4,0,1,1,0,NONE
TXN_001682,U_LEGIT_0949,67.44,441,D_LEGIT_0103,IP_LEGIT_0173,C_LEGIT_2355,M_057,0,2,0,1,2,0,NONE
TXN_002354,U_LEGIT_2211,176.66,641,D_LEGIT_0098,IP_LEGIT_0853,C_LEGIT_0318,M_082,0,5,0,2,2,0,NONE
TXN_009163,U_INDIV_0190,2746.11,2,D_INDIV_0032,IP_INDIV_0157,C_INDIV_0185,M_076,6,48,7,3,7,1,INDIVIDUAL_FRAUD
TXN_003187,U_LEGIT_1596,202.28,732,D_LEGIT_1394,IP_LEGIT_0684,C_LEGIT_0089,M_121,0,3,0,2,1,0,NONE
TXN_001519,U_LEGIT_2494,92.54,412,D_LEGIT_1379,IP_LEGIT_1041,C_LEGIT_2995,M_058,0,5,0,1,2,0,NONE
TXN_008657,U_LEGIT_1480,105.51,1154,D_LEGIT_1667,IP_LEGIT_0814,C_LEGIT_0360,M_022,0,3,0,2,1,0,NONE
TXN_006786,U_LEGIT_2161,241.58,124,D_LEGIT_0196,IP_LEGIT_0527,C_LEGIT_0409,M_028,0,5,0,1,1,0,NONE
TXN_004561,U_LEGIT_1679,14.95,192,D_LEGIT_1004,IP_LEGIT_1464,C_LEGIT_0469,M_012,1,5,0,2,2,0,NONE
TXN_009486,U_INDIV_0092,585.93,1,D_INDIV_0094,IP_INDIV_0151,C_INDIV_0263,M_002,11,22,9,7,3,1,INDIVIDUAL_FRAUD
TXN_008786,U_LEGIT_2095,16.18,766,D_LEGIT_0403,IP_LEGIT_0310,C_LEGIT_1717,M_049,0,4,0,1,1,0,NONE
TXN_001763,U_LEGIT_0735,115.05,573,D_LEGIT_0154,IP_LEGIT_1210,C_LEGIT_1337,M_079,0,4,1,1,1,0,NONE
TXN_004047,U_LEGIT_0286,93.8,202,D_SHARED_BENIGN_03,IP_LEGIT_0122,C_LEGIT_2918,M_104,0,5,0,2,1,0,NONE
TXN_008497,U_LEGIT_0716,65.62,998,D_LEGIT_1607,IP_LEGIT_1539,C_LEGIT_0619,M_019,0,3,0,1,1,0,NONE
TXN_003491,U_LEGIT_1996,120.23,325,D_LEGIT_1848,IP_LEGIT_0193,C_LEGIT_2883,M_109,0,5,0,1,1,0,NONE
TXN_009637,U_CYCLE_014,198.76,8,D_CYCLE_007,IP_CYCLE_008,C_STOLEN_POOL_04,M_017,10,37,7,4,9,1,CARD_CYCLING
TXN_005172,U_LEGIT_1830,244.68,739,D_LEGIT_0255,IP_LEGIT_0224,C_LEGIT_0740,M_011,0,5,0,1,2,0,NONE
TXN_003015,U_LEGIT_0890,64.15,914,D_LEGIT_0525,IP_LEGIT_1932,C_LEGIT_0963,M_084,0,4,0,2,2,0,NONE
TXN_005508,U_LEGIT_1766,219.18,384,D_LEGIT_0909,IP_LEGIT_0937,C_LEGIT_0104,M_063,0,5,0,1,1,0,NONE
TXN_004360,U_LEGIT_0603,24.4,820,D_LEGIT_1773,IP_LEGIT_0546,C_LEGIT_0908,M_074,0,2,0,2,2,0,NONE
TXN_000474,U_LEGIT_1882,219.56,860,D_LEGIT_1531,IP_LEGIT_0932,C_LEGIT_1900,M_036,0,3,0,1,1,0,NONE
TXN_001336,U_LEGIT_0564,153.67,169,D_LEGIT_0810,IP_LEGIT_1542,C_LEGIT_2160,M_114,0,5,0,1,1,0,NONE
TXN_009558,U_FARM_029,174.47,3,D_FARM_HUB_02,IP_FARM_PROXY_01,C_FARM_049,M_029,10,29,3,1,5,1,DEVICE_FARM
TXN_002257,U_LEGIT_2455,183.28,839,D_LEGIT_0514,IP_LEGIT_0974,C_LEGIT_2850,M_026,0,5,1,1,1,0,NONE
TXN_000990,U_LEGIT_2026,217.37,603,D_LEGIT_1973,IP_LEGIT_0117,C_LEGIT_2614,M_027,0,3,0,1,2,0,NONE
TXN_006487,U_LEGIT_1946,100.32,1067,D_LEGIT_0655,IP_LEGIT_1331,C_LEGIT_2242,M_013,0,4,0,2,1,0,NONE
TXN_002655,U_LEGIT_0978,47.2,523,D_LEGIT_0216,IP_LEGIT_1096,C_LEGIT_2064,M_104,0,4,0,1,1,0,NONE
TXN_004032,U_LEGIT_1182,222.31,440,D_LEGIT_1079,IP_LEGIT_0474,C_LEGIT_2534,M_109,0,2,0,1,1,0,NONE
TXN_002045,U_LEGIT_0669,155.32,1012,D_LEGIT_1747,IP_LEGIT_1851,C_LEGIT_2143,M_096,0,1,0,2,2,0,NONE
TXN_005153,U_LEGIT_1322,229.22,433,D_SHARED_BENIGN_06,IP_SHARED_BENIGN_07,C_LEGIT_1308,M_065,0,3,0,1,1,0,NONE
TXN_009442,U_INDIV_0033,1371.87,0,D_INDIV_0400,IP_INDIV_0193,C_INDIV_0040,M_096,15,46,6,3,4,1,INDIVIDUAL_FRAUD
TXN_003160,U_LEGIT_1830,71.78,409,D_LEGIT_1524,IP_LEGIT_1104,C_LEGIT_0326,M_115,0,3,0,1,1,0,NONE
TXN_006508,U_LEGIT_2076,126.82,814,D_LEGIT_1797,IP_LEGIT_0521,C_LEGIT_2413,M_071,0,4,0,2,1,0,NONE
TXN_007800,U_LEGIT_0525,29.04,199,D_LEGIT_0351,IP_LEGIT_1027,C_LEGIT_1147,M_083,0,2,0,1,1,0,NONE
TXN_001034,U_LEGIT_1712,89.75,846,D_LEGIT_0927,IP_LEGIT_0796,C_LEGIT_1899,M_094,0,5,0,1,1,0,NONE
TXN_008152,U_LEGIT_2018,160.46,455,D_LEGIT_0301,IP_LEGIT_1513,C_LEGIT_0236,M_060,1,1,0,1,2,0,NONE
TXN_009986,U_DIST_027,41.13,2,D_DIST_029,IP_DIST_PROXY_03,C_DIST_036,M_TARGET_HIGHVAL_99,7,9,2,2,1,1,DISTRIBUTED_ABUSE
TXN_009402,U_INDIV_0162,1624.78,7,D_INDIV_0061,IP_INDIV_0013,C_INDIV_0054,M_147,15,22,5,6,5,1,INDIVIDUAL_FRAUD
TXN_008184,U_LEGIT_2129,148.67,687,D_LEGIT_1374,IP_LEGIT_0244,C_LEGIT_2387,M_078,1,2,0,1,2,0,NONE
TXN_006609,U_LEGIT_2152,160.59,650,D_LEGIT_0828,IP_LEGIT_1072,C_LEGIT_2435,M_116,0,2,0,1,1,0,NONE
TXN_008961,U_LEGIT_1122,195.24,538,D_LEGIT_1458,IP_LEGIT_0153,C_LEGIT_2193,M_086,0,4,0,2,1,0,NONE
TXN_009067,U_INDIV_0003,1794.52,3,D_INDIV_0296,IP_INDIV_0219,C_INDIV_0134,M_024,12,43,9,4,6,1,INDIVIDUAL_FRAUD
TXN_004801,U_LEGIT_0578,231.25,39,D_LEGIT_1393,IP_LEGIT_1068,C_LEGIT_1993,M_001,0,2,0,1,2,0,NONE
TXN_002154,U_LEGIT_1967,37.55,363,D_LEGIT_1881,IP_LEGIT_1176,C_LEGIT_0892,M_089,0,3,0,1,1,0,NONE
TXN_000798,U_LEGIT_1367,35.29,1093,D_LEGIT_1587,IP_LEGIT_1772,C_LEGIT_2441,M_124,0,1,0,2,1,0,NONE
TXN_001496,U_LEGIT_0148,150.24,545,D_LEGIT_1910,IP_LEGIT_0310,C_LEGIT_1444,M_027,0,2,0,1,2,0,NONE
TXN_003357,U_LEGIT_0121,79.01,30,D_LEGIT_0908,IP_LEGIT_1772,C_LEGIT_2403,M_039,0,1,0,1,1,0,NONE
TXN_002717,U_LEGIT_2065,60.42,998,D_LEGIT_0484,IP_LEGIT_0922,C_LEGIT_2204,M_082,0,2,0,1,1,0,NONE
TXN_006906,U_LEGIT_2315,146.68,554,D_LEGIT_0962,IP_LEGIT_0041,C_LEGIT_0177,M_102,0,1,0,2,1,0,NONE
TXN_009998,U_DIST_006,27.08,11,D_DIST_013,IP_DIST_PROXY_01,C_DIST_031,M_TARGET_HIGHVAL_99,5,17,2,1,1,1,DISTRIBUTED_ABUSE
TXN_001886,U_LEGIT_0482,245.29,981,D_LEGIT_1917,IP_LEGIT_1959,C_LEGIT_2005,M_143,0,1,0,1,1,0,NONE
TXN_005052,U_LEGIT_1118,16.33,193,D_LEGIT_1860,IP_LEGIT_1486,C_LEGIT_1426,M_014,0,4,0,1,1,0,NONE
TXN_000716,U_LEGIT_0481,48.4,591,D_LEGIT_0139,IP_LEGIT_1073,C_LEGIT_2064,M_006,0,2,0,1,1,0,NONE
TXN_008495,U_LEGIT_1127,194.18,935,D_LEGIT_0908,IP_LEGIT_1234,C_LEGIT_0302,M_086,0,2,0,1,1,0,NONE
TXN_009041,U_INDIV_0040,2251.52,1,D_INDIV_0351,IP_INDIV_0256,C_INDIV_0286,M_132,7,36,5,3,7,1,INDIVIDUAL_FRAUD
TXN_008576,U_LEGIT_1201,25.99,1167,D_LEGIT_1610,IP_LEGIT_1322,C_LEGIT_0128,M_054,0,4,0,2,1,0,NONE
TXN_004385,U_LEGIT_1344,244.08,161,D_LEGIT_0070,IP_LEGIT_0277,C_LEGIT_2431,M_060,0,4,0,2,1,0,NONE
TXN_008554,U_LEGIT_0309,223.73,889,D_LEGIT_1021,IP_LEGIT_1451,C_LEGIT_2333,M_027,0,4,0,1,1,0,NONE
TXN_002618,U_LEGIT_0647,151.15,794,D_SHARED_BENIGN_05,IP_LEGIT_1502,C_LEGIT_0771,M_098,0,3,1,1,1,0,NONE
TXN_003971,U_LEGIT_0621,92.74,1111,D_LEGIT_1139,IP_LEGIT_1021,C_LEGIT_0770,M_100,0,5,0,2,2,0,NONE
TXN_004611,U_LEGIT_1973,48.87,1074,D_LEGIT_0380,IP_LEGIT_1527,C_LEGIT_0722,M_066,0,1,0,2,2,0,NONE
TXN_001510,U_LEGIT_1155,183.26,475,D_LEGIT_0818,IP_LEGIT_1588,C_LEGIT_0487,M_112,0,2,0,1,2,0,NONE
TXN_003325,U_LEGIT_0225,130.49,510,D_LEGIT_1183,IP_LEGIT_1391,C_LEGIT_0678,M_109,0,3,0,1,1,0,NONE
TXN_006950,U_LEGIT_2120,75.03,1180,D_LEGIT_1629,IP_LEGIT_1463,C_LEGIT_1468,M_135,0,3,0,1,1,0,NONE
TXN_008415,U_LEGIT_0371,186.52,101,D_LEGIT_0626,IP_LEGIT_1358,C_LEGIT_0111,M_121,0,5,0,1,1,0,NONE
TXN_007910,U_LEGIT_0129,82.0,868,D_LEGIT_1980,IP_LEGIT_0292,C_LEGIT_0891,M_098,0,2,0,1,2,0,NONE
TXN_009709,U_CYCLE_007,799.07,5,D_CYCLE_026,IP_CYCLE_026,C_STOLEN_POOL_02,M_125,13,35,10,3,7,1,CARD_CYCLING
TXN_005405,U_LEGIT_0643,229.13,497,D_LEGIT_0790,IP_LEGIT_1385,C_LEGIT_0444,M_068,0,1,0,2,1,0,NONE
TXN_008484,U_LEGIT_1252,178.06,477,D_LEGIT_0279,IP_LEGIT_0669,C_LEGIT_0784,M_035,0,2,0,1,1,0,NONE
TXN_007271,U_LEGIT_0295,50.41,88,D_LEGIT_0589,IP_LEGIT_1511,C_LEGIT_2875,M_047,0,3,0,1,1,0,NONE
TXN_002973,U_LEGIT_1675,245.59,47,D_LEGIT_0245,IP_SHARED_BENIGN_01,C_LEGIT_1425,M_094,0,2,0,1,1,0,NONE
TXN_009102,U_INDIV_0157,816.24,4,D_INDIV_0185,IP_INDIV_0148,C_INDIV_0071,M_009,15,37,5,6,4,1,INDIVIDUAL_FRAUD
TXN_000093,U_LEGIT_1179,166.93,489,D_LEGIT_0721,IP_LEGIT_1040,C_LEGIT_0872,M_040,0,3,0,1,1,0,NONE
TXN_001958,U_LEGIT_1076,194.42,836,D_LEGIT_1298,IP_LEGIT_0870,C_LEGIT_0363,M_063,0,1,0,1,1,0,NONE
TXN_000763,U_LEGIT_1535,82.39,879,D_LEGIT_1040,IP_LEGIT_1802,C_LEGIT_2698,M_068,0,1,0,2,1,0,NONE
TXN_001134,U_LEGIT_1568,60.17,331,D_LEGIT_0766,IP_SHARED_BENIGN_08,C_LEGIT_0814,M_005,0,5,0,1,1,0,NONE
TXN_003320,U_LEGIT_0009,187.17,735,D_LEGIT_1773,IP_LEGIT_1141,C_LEGIT_0123,M_088,0,3,1,1,1,0,NONE
TXN_008417,U_LEGIT_2298,119.37,106,D_LEGIT_0838,IP_LEGIT_0184,C_LEGIT_2128,M_001,1,4,0,1,1,0,NONE
TXN_001755,U_LEGIT_0555,191.19,1194,D_SHARED_BENIGN_05,IP_LEGIT_1411,C_LEGIT_0820,M_118,0,5,0,1,1,0,NONE
TXN_003125,U_LEGIT_1385,85.1,162,D_LEGIT_0488,IP_LEGIT_1412,C_LEGIT_1731,M_101,0,4,0,1,1,0,NONE
TXN_009278,U_INDIV_0116,2920.92,6,D_INDIV_0250,IP_INDIV_0207,C_INDIV_0005,M_121,10,49,6,4,4,1,INDIVIDUAL_FRAUD
TXN_008542,U_LEGIT_1423,151.82,741,D_LEGIT_1259,IP_LEGIT_1195,C_LEGIT_1429,M_081,0,1,0,1,1,0,NONE
TXN_009166,U_INDIV_0015,1531.1,3,D_INDIV_0198,IP_INDIV_0377,C_INDIV_0193,M_112,8,17,6,6,5,1,INDIVIDUAL_FRAUD
TXN_004798,U_LEGIT_2266,61.21,439,D_LEGIT_1143,IP_LEGIT_1913,C_LEGIT_1851,M_096,0,1,0,1,1,0,NONE
TXN_001286,U_LEGIT_1434,159.91,1020,D_LEGIT_0658,IP_LEGIT_1994,C_LEGIT_1488,M_144,0,2,0,1,1,0,NONE
TXN_001894,U_LEGIT_0913,41.88,480,D_LEGIT_1148,IP_SHARED_BENIGN_10,C_LEGIT_2261,M_015,0,5,0,2,2,0,NONE
TXN_007410,U_LEGIT_0201,189.81,313,D_LEGIT_0250,IP_LEGIT_0095,C_LEGIT_2101,M_080,0,1,0,1,2,0,NONE
TXN_007571,U_LEGIT_2464,203.16,749,D_LEGIT_1865,IP_LEGIT_1951,C_LEGIT_1414,M_068,0,2,0,2,1,0,NONE
TXN_002403,U_LEGIT_0128,104.72,75,D_LEGIT_1798,IP_LEGIT_0183,C_LEGIT_2116,M_043,0,3,0,1,2,0,NONE
TXN_000899,U_LEGIT_0730,221.82,392,D_LEGIT_1158,IP_LEGIT_0463,C_LEGIT_0772,M_070,2,3,0,1,1,0,NONE
TXN_007327,U_LEGIT_1408,193.31,646,D_LEGIT_1201,IP_LEGIT_0447,C_LEGIT_2574,M_136,0,2,0,2,1,0,NONE
TXN_002617,U_LEGIT_0868,24.63,706,D_LEGIT_0654,IP_LEGIT_0508,C_LEGIT_2060,M_020,0,1,0,1,2,0,NONE
TXN_005744,U_LEGIT_2175,175.3,729,D_LEGIT_0845,IP_LEGIT_1688,C_LEGIT_1518,M_052,0,5,0,1,1,0,NONE
TXN_005475,U_LEGIT_0601,188.67,1172,D_LEGIT_1782,IP_LEGIT_0175,C_LEGIT_2705,M_041,0,4,0,1,2,0,NONE
TXN_007782,U_LEGIT_0840,127.57,998,D_LEGIT_0898,IP_LEGIT_1208,C_LEGIT_0471,M_028,0,5,0,1,2,0,NONE
TXN_002712,U_LEGIT_1330,147.16,228,D_LEGIT_1109,IP_LEGIT_0011,C_LEGIT_2408,M_087,0,1,0,2,1,0,NONE
TXN_007676,U_LEGIT_1305,222.95,572,D_LEGIT_0816,IP_LEGIT_0927,C_LEGIT_2567,M_063,0,4,0,1,1,0,NONE
TXN_000735,U_LEGIT_0864,99.35,83,D_LEGIT_0115,IP_LEGIT_0241,C_LEGIT_2850,M_037,0,4,0,1,1,0,NONE
TXN_000605,U_LEGIT_2372,223.4,163,D_LEGIT_1996,IP_SHARED_BENIGN_01,C_LEGIT_1546,M_081,0,1,0,2,1,0,NONE
TXN_007041,U_LEGIT_1704,30.57,555,D_LEGIT_0951,IP_LEGIT_0053,C_LEGIT_2219,M_049,0,3,0,1,2,0,NONE
TXN_000630,U_LEGIT_2333,171.32,393,D_LEGIT_1309,IP_LEGIT_0191,C_LEGIT_0703,M_027,0,5,0,1,1,0,NONE
TXN_005533,U_LEGIT_0099,31.6,260,D_LEGIT_0641,IP_SHARED_BENIGN_04,C_LEGIT_2956,M_096,0,4,0,1,1,0,NONE
TXN_003808,U_LEGIT_2462,242.6,1022,D_LEGIT_1591,IP_LEGIT_1205,C_LEGIT_1493,M_138,0,1,0,1,1,0,NONE
TXN_008756,U_LEGIT_0427,45.85,122,D_LEGIT_0727,IP_LEGIT_1574,C_LEGIT_1773,M_115,0,5,0,1,2,0,NONE
TXN_006692,U_LEGIT_2472,114.8,985,D_LEGIT_0476,IP_SHARED_BENIGN_06,C_LEGIT_0186,M_067,0,5,0,1,1,0,NONE
TXN_009341,U_INDIV_0045,1340.3,3,D_INDIV_0119,IP_INDIV_0152,C_INDIV_0101,M_139,16,17,8,6,5,1,INDIVIDUAL_FRAUD
TXN_001622,U_LEGIT_0764,155.93,1111,D_LEGIT_0061,IP_LEGIT_0823,C_LEGIT_0209,M_080,0,2,0,1,2,0,NONE
TXN_008361,U_LEGIT_1954,29.59,122,D_SHARED_BENIGN_09,IP_LEGIT_0629,C_LEGIT_0692,M_079,0,3,0,1,2,0,NONE
TXN_007662,U_LEGIT_1940,43.89,357,D_LEGIT_0356,IP_LEGIT_1390,C_LEGIT_1647,M_128,0,2,0,1,2,0,NONE
TXN_008571,U_LEGIT_1605,43.56,393,D_LEGIT_0685,IP_LEGIT_1382,C_LEGIT_0148,M_033,0,4,0,2,1,0,NONE
TXN_003476,U_LEGIT_1084,14.3,978,D_LEGIT_0051,IP_LEGIT_1675,C_LEGIT_2231,M_045,0,1,0,2,2,0,NONE
TXN_000856,U_LEGIT_0032,114.14,1071,D_LEGIT_0758,IP_LEGIT_0929,C_LEGIT_1554,M_083,0,3,0,1,1,0,NONE
TXN_002948,U_LEGIT_1880,147.14,953,D_LEGIT_1236,IP_LEGIT_1686,C_LEGIT_1595,M_087,0,4,0,1,1,0,NONE
TXN_005968,U_LEGIT_2447,156.86,712,D_LEGIT_0446,IP_LEGIT_0394,C_LEGIT_2886,M_068,0,1,0,1,1,0,NONE
TXN_001564,U_LEGIT_2328,159.64,1145,D_LEGIT_0724,IP_LEGIT_1268,C_LEGIT_0248,M_002,0,4,0,1,2,0,NONE
TXN_005688,U_LEGIT_1460,158.43,807,D_LEGIT_1223,IP_SHARED_BENIGN_10,C_LEGIT_0425,M_049,0,5,0,1,2,0,NONE
TXN_004658,U_LEGIT_0550,206.24,821,D_SHARED_BENIGN_10,IP_LEGIT_0789,C_LEGIT_2872,M_072,0,2,0,1,1,0,NONE
TXN_009285,U_INDIV_0113,2608.28,6,D_INDIV_0392,IP_INDIV_0273,C_INDIV_0269,M_127,18,44,9,3,6,1,INDIVIDUAL_FRAUD
TXN_005014,U_LEGIT_1283,147.12,801,D_LEGIT_1814,IP_LEGIT_0057,C_LEGIT_0146,M_031,0,3,0,1,1,0,NONE
TXN_009548,U_FARM_003,404.61,0,D_FARM_HUB_02,IP_FARM_PROXY_01,C_FARM_040,M_027,16,29,2,1,3,1,DEVICE_FARM
TXN_001210,U_LEGIT_1548,63.14,688,D_LEGIT_0483,IP_LEGIT_1634,C_LEGIT_1104,M_131,0,1,0,1,2,0,NONE
TXN_009590,U_FARM_008,193.96,4,D_FARM_HUB_01,IP_FARM_PROXY_01,C_FARM_034,M_038,19,41,4,1,5,1,DEVICE_FARM
TXN_003474,U_LEGIT_0923,161.24,602,D_LEGIT_0461,IP_LEGIT_0945,C_LEGIT_2983,M_082,0,5,1,1,1,0,NONE
TXN_003948,U_LEGIT_0257,225.46,835,D_LEGIT_1283,IP_LEGIT_1643,C_LEGIT_2100,M_147,0,1,0,2,1,0,NONE
TXN_006615,U_LEGIT_2009,150.96,290,D_LEGIT_1900,IP_LEGIT_1322,C_LEGIT_0556,M_070,1,4,0,1,1,0,NONE
TXN_008390,U_LEGIT_1398,104.5,301,D_LEGIT_1742,IP_LEGIT_0151,C_LEGIT_2854,M_078,0,5,0,1,1,0,NONE
TXN_000687,U_LEGIT_1490,68.1,124,D_LEGIT_0352,IP_LEGIT_1936,C_LEGIT_2696,M_001,1,5,0,1,2,0,NONE
TXN_006544,U_LEGIT_2005,240.39,1192,D_LEGIT_0488,IP_LEGIT_1291,C_LEGIT_0164,M_042,0,1,0,1,1,0,NONE
TXN_004096,U_LEGIT_0757,176.73,1076,D_LEGIT_0338,IP_LEGIT_0442,C_LEGIT_0466,M_021,0,1,0,1,1,0,NONE
TXN_004158,U_LEGIT_2226,13.02,874,D_LEGIT_0228,IP_LEGIT_1589,C_LEGIT_1352,M_120,0,1,0,1,1,0,NONE
TXN_001667,U_LEGIT_1366,238.23,271,D_LEGIT_0805,IP_LEGIT_1792,C_LEGIT_2506,M_035,0,4,0,1,2,0,NONE
TXN_004228,U_LEGIT_2256,165.43,624,D_LEGIT_1365,IP_LEGIT_0355,C_LEGIT_0318,M_138,0,5,0,1,2,0,NONE
TXN_002240,U_LEGIT_0284,73.77,1000,D_SHARED_BENIGN_02,IP_LEGIT_1654,C_LEGIT_1449,M_100,0,2,0,2,1,0,NONE
TXN_002392,U_LEGIT_0770,110.74,975,D_LEGIT_1175,IP_LEGIT_1761,C_LEGIT_0843,M_016,0,3,0,1,2,0,NONE
TXN_009516,U_FARM_028,73.18,2,D_FARM_HUB_01,IP_FARM_PROXY_01,C_FARM_006,M_107,20,69,7,1,4,1,DEVICE_FARM
TXN_006920,U_LEGIT_0804,110.57,677,D_LEGIT_0708,IP_LEGIT_1955,C_LEGIT_0823,M_073,0,4,0,1,1,0,NONE
TXN_006665,U_LEGIT_1518,200.06,373,D_LEGIT_1452,IP_LEGIT_1395,C_LEGIT_0849,M_086,0,4,0,1,2,0,NONE
TXN_009731,U_CYCLE_005,176.48,6,D_CYCLE_008,IP_CYCLE_007,C_STOLEN_POOL_05,M_138,9,39,4,3,5,1,CARD_CYCLING
TXN_006074,U_LEGIT_0707,48.63,952,D_LEGIT_1403,IP_LEGIT_0593,C_LEGIT_1677,M_103,0,3,0,1,1,0,NONE
TXN_000468,U_LEGIT_1539,43.08,961,D_LEGIT_0151,IP_LEGIT_0993,C_LEGIT_0223,M_112,0,3,0,1,1,0,NONE
TXN_008400,U_LEGIT_0262,11.0,635,D_LEGIT_1477,IP_LEGIT_0189,C_LEGIT_0410,M_146,1,1,0,2,1,0,NONE
TXN_001378,U_LEGIT_1492,145.78,802,D_SHARED_BENIGN_10,IP_LEGIT_0744,C_LEGIT_1858,M_020,0,5,0,1,1,0,NONE
TXN_004973,U_LEGIT_2327,89.47,1138,D_LEGIT_0693,IP_LEGIT_1549,C_LEGIT_1078,M_069,1,5,0,2,1,0,NONE
TXN_002556,U_LEGIT_2309,87.83,482,D_LEGIT_0864,IP_LEGIT_1001,C_LEGIT_0481,M_040,0,1,0,2,2,0,NONE
TXN_000089,U_LEGIT_2009,23.9,593,D_LEGIT_0909,IP_SHARED_BENIGN_02,C_LEGIT_1320,M_038,0,5,0,1,2,0,NONE
TXN_009503,U_FARM_016,74.46,5,D_FARM_HUB_02,IP_FARM_PROXY_01,C_FARM_025,M_037,16,29,7,1,3,1,DEVICE_FARM
TXN_002488,U_LEGIT_1245,43.64,219,D_SHARED_BENIGN_03,IP_SHARED_BENIGN_02,C_LEGIT_1750,M_136,0,5,0,1,1,0,NONE
TXN_004485,U_LEGIT_2025,51.25,295,D_LEGIT_1451,IP_LEGIT_1223,C_LEGIT_0029,M_021,0,5,0,1,1,0,NONE
TXN_004444,U_LEGIT_0393,89.25,948,D_LEGIT_0112,IP_LEGIT_0889,C_LEGIT_1987,M_033,0,3,0,1,1,0,NONE
TXN_009494,U_INDIV_0169,636.43,7,D_INDIV_0300,IP_INDIV_0061,C_INDIV_0235,M_079,10,38,3,3,5,1,INDIVIDUAL_FRAUD
TXN_002995,U_LEGIT_1927,227.03,304,D_LEGIT_1682,IP_LEGIT_1948,C_LEGIT_0135,M_042,1,1,0,2,2,0,NONE
TXN_001394,U_LEGIT_0794,129.82,1150,D_LEGIT_0449,IP_LEGIT_0515,C_LEGIT_1228,M_139,0,2,0,1,2,0,NONE
TXN_001697,U_LEGIT_0611,196.05,660,D_LEGIT_1894,IP_LEGIT_1182,C_LEGIT_0451,M_003,0,4,0,2,1,0,NONE
TXN_007305,U_LEGIT_1503,223.04,274,D_LEGIT_1355,IP_LEGIT_1814,C_LEGIT_0621,M_105,1,5,0,1,1,0,NONE
TXN_006344,U_LEGIT_1397,156.43,117,D_LEGIT_1809,IP_SHARED_BENIGN_03,C_LEGIT_2720,M_120,0,4,0,1,1,0,NONE
TXN_005082,U_LEGIT_2350,210.31,888,D_LEGIT_0239,IP_LEGIT_0981,C_LEGIT_2194,M_041,0,1,0,1,1,0,NONE
TXN_003914,U_LEGIT_0909,17.62,965,D_LEGIT_1949,IP_LEGIT_1446,C_LEGIT_1776,M_051,0,4,0,2,2,0,NONE
TXN_004724,U_LEGIT_2340,16.54,52,D_LEGIT_1773,IP_SHARED_BENIGN_04,C_LEGIT_0748,M_058,0,5,0,2,1,0,NONE
TXN_005143,U_LEGIT_1597,123.06,1175,D_LEGIT_1059,IP_SHARED_BENIGN_03,C_LEGIT_1608,M_143,0,1,0,2,2,0,NONE
TXN_001270,U_LEGIT_0916,97.35,82,D_LEGIT_1925,IP_LEGIT_1147,C_LEGIT_2911,M_101,1,4,0,2,1,0,NONE
TXN_000602,U_LEGIT_0920,55.1,197,D_SHARED_BENIGN_07,IP_LEGIT_0648,C_LEGIT_0022,M_101,1,1,1,1,2,0,NONE
TXN_000711,U_LEGIT_0451,85.4,127,D_LEGIT_0575,IP_LEGIT_1458,C_LEGIT_1713,M_064,0,1,0,1,1,0,NONE
TXN_007038,U_LEGIT_1782,93.31,710,D_SHARED_BENIGN_05,IP_SHARED_BENIGN_05,C_LEGIT_1760,M_047,0,1,0,1,1,0,NONE
TXN_006769,U_LEGIT_2208,196.63,188,D_LEGIT_1648,IP_SHARED_BENIGN_02,C_LEGIT_0504,M_028,0,3,0,2,1,0,NONE
TXN_009310,U_INDIV_0140,644.93,2,D_INDIV_0398,IP_INDIV_0236,C_INDIV_0391,M_063,14,17,6,4,6,1,INDIVIDUAL_FRAUD
TXN_008556,U_LEGIT_2146,68.93,1019,D_LEGIT_0269,IP_LEGIT_1784,C_LEGIT_0494,M_104,0,5,0,1,1,0,NONE
TXN_004088,U_LEGIT_1206,108.28,715,D_SHARED_BENIGN_04,IP_LEGIT_1899,C_LEGIT_0651,M_045,0,1,0,1,1,0,NONE
TXN_004122,U_LEGIT_1682,167.92,53,D_LEGIT_0987,IP_LEGIT_0477,C_LEGIT_0195,M_129,0,3,0,1,2,0,NONE
TXN_002491,U_LEGIT_1289,87.12,168,D_LEGIT_1532,IP_LEGIT_1310,C_LEGIT_1319,M_052,1,5,0,1,1,0,NONE
TXN_004504,U_LEGIT_0919,35.99,502,D_LEGIT_1786,IP_LEGIT_1788,C_LEGIT_1042,M_076,0,3,0,1,1,0,NONE
TXN_008911,U_LEGIT_1571,68.26,947,D_LEGIT_0287,IP_LEGIT_1295,C_LEGIT_1054,M_097,0,4,0,1,1,0,NONE
TXN_003618,U_LEGIT_0182,222.32,942,D_SHARED_BENIGN_07,IP_LEGIT_0875,C_LEGIT_1300,M_130,0,2,0,1,1,0,NONE
TXN_002428,U_LEGIT_1618,29.73,1074,D_LEGIT_0273,IP_LEGIT_0810,C_LEGIT_1477,M_071,0,1,0,1,2,0,NONE
TXN_003953,U_LEGIT_1895,242.11,206,D_SHARED_BENIGN_08,IP_LEGIT_0135,C_LEGIT_2357,M_147,0,4,0,2,1,0,NONE
TXN_001395,U_LEGIT_1221,115.81,939,D_LEGIT_0283,IP_LEGIT_0678,C_LEGIT_1369,M_014,1,1,0,2,1,0,NONE
TXN_005779,U_LEGIT_2398,32.98,477,D_LEGIT_0708,IP_LEGIT_0435,C_LEGIT_1121,M_022,1,3,0,1,1,0,NONE
TXN_003626,U_LEGIT_0003,200.49,815,D_SHARED_BENIGN_06,IP_LEGIT_1536,C_LEGIT_1306,M_124,0,2,0,2,1,0,NONE
TXN_009078,U_INDIV_0196,2106.99,7,D_INDIV_0302,IP_INDIV_0271,C_INDIV_0132,M_108,15,27,7,7,4,1,INDIVIDUAL_FRAUD
TXN_004125,U_LEGIT_1827,30.43,111,D_LEGIT_0954,IP_SHARED_BENIGN_10,C_LEGIT_1525,M_031,0,3,0,1,1,0,NONE
TXN_003371,U_LEGIT_0461,49.09,691,D_LEGIT_1607,IP_LEGIT_0343,C_LEGIT_0711,M_093,1,2,0,1,1,0,NONE
TXN_005441,U_LEGIT_0227,32.74,63,D_LEGIT_0427,IP_LEGIT_0614,C_LEGIT_2650,M_033,0,5,0,1,1,0,NONE
TXN_006245,U_LEGIT_0654,144.49,422,D_LEGIT_0274,IP_LEGIT_0637,C_LEGIT_0128,M_107,1,1,0,2,1,0,NONE
TXN_007538,U_LEGIT_2327,192.14,1046,D_LEGIT_0022,IP_LEGIT_0619,C_LEGIT_2395,M_028,0,3,0,1,1,0,NONE
TXN_006732,U_LEGIT_0551,198.66,1188,D_LEGIT_0914,IP_SHARED_BENIGN_01,C_LEGIT_0385,M_140,1,4,0,1,2,0,NONE
TXN_003492,U_LEGIT_0085,41.89,1111,D_LEGIT_0586,IP_LEGIT_0268,C_LEGIT_2469,M_052,0,3,0,1,1,0,NONE
TXN_005724,U_LEGIT_2310,211.48,1054,D_LEGIT_1659,IP_LEGIT_1666,C_LEGIT_2379,M_060,1,3,0,1,1,0,NONE
TXN_009720,U_CYCLE_010,715.16,11,D_CYCLE_014,IP_CYCLE_025,C_STOLEN_POOL_01,M_146,5,36,4,5,7,1,CARD_CYCLING
TXN_003745,U_LEGIT_0061,80.22,454,D_LEGIT_0422,IP_LEGIT_0971,C_LEGIT_0415,M_007,0,3,0,1,1,0,NONE
TXN_002727,U_LEGIT_0764,201.6,42,D_LEGIT_1857,IP_LEGIT_0979,C_LEGIT_2900,M_126,0,3,1,2,2,0,NONE
TXN_001925,U_LEGIT_0201,38.61,548,D_LEGIT_1475,IP_LEGIT_0599,C_LEGIT_2062,M_069,0,5,0,1,2,0,NONE
TXN_006208,U_LEGIT_0460,118.95,492,D_LEGIT_0570,IP_LEGIT_0215,C_LEGIT_2940,M_105,0,2,0,1,2,0,NONE
TXN_008281,U_LEGIT_0626,144.95,278,D_LEGIT_1014,IP_LEGIT_1672,C_LEGIT_1958,M_003,0,1,0,2,1,0,NONE
TXN_007330,U_LEGIT_1099,90.1,263,D_LEGIT_1574,IP_LEGIT_0378,C_LEGIT_2265,M_089,0,1,0,1,2,0,NONE
TXN_000466,U_LEGIT_1370,231.82,390,D_LEGIT_1823,IP_LEGIT_0089,C_LEGIT_0428,M_014,0,1,0,1,1,0,NONE
TXN_005665,U_LEGIT_2173,40.84,198,D_LEGIT_1308,IP_LEGIT_1866,C_LEGIT_0068,M_085,0,4,0,1,1,0,NONE
TXN_006608,U_LEGIT_1166,183.72,898,D_SHARED_BENIGN_04,IP_LEGIT_1292,C_LEGIT_0949,M_074,0,4,0,1,1,0,NONE
TXN_007137,U_LEGIT_1781,130.19,851,D_LEGIT_0067,IP_LEGIT_1052,C_LEGIT_0412,M_018,0,1,0,1,1,0,NONE
TXN_003069,U_LEGIT_1271,186.86,1066,D_LEGIT_0631,IP_LEGIT_0681,C_LEGIT_1791,M_090,1,2,0,2,1,0,NONE
TXN_007903,U_LEGIT_0951,141.35,1115,D_LEGIT_0791,IP_LEGIT_0213,C_LEGIT_2748,M_045,0,1,1,1,2,0,NONE
TXN_008174,U_LEGIT_2320,121.52,282,D_LEGIT_1031,IP_LEGIT_0124,C_LEGIT_0372,M_117,0,4,0,2,1,0,NONE
TXN_003483,U_LEGIT_2188,78.38,511,D_LEGIT_1321,IP_LEGIT_0859,C_LEGIT_1259,M_026,0,5,0,2,1,0,NONE
TXN_008114,U_LEGIT_0037,202.97,298,D_LEGIT_1496,IP_LEGIT_1014,C_LEGIT_0686,M_041,0,4,0,1,2,0,NONE
TXN_004307,U_LEGIT_0759,42.15,475,D_LEGIT_1699,IP_LEGIT_1211,C_LEGIT_0075,M_030,0,2,0,1,1,0,NONE
TXN_004486,U_LEGIT_0279,221.53,44,D_LEGIT_0910,IP_SHARED_BENIGN_05,C_LEGIT_1316,M_122,0,3,0,2,1,0,NONE
TXN_000661,U_LEGIT_0027,135.04,620,D_LEGIT_1672,IP_LEGIT_0199,C_LEGIT_0287,M_107,0,2,0,1,1,0,NONE
TXN_000167,U_LEGIT_1231,142.52,126,D_LEGIT_1141,IP_LEGIT_1802,C_LEGIT_0718,M_110,2,4,0,1,2,0,NONE
TXN_006488,U_LEGIT_0106,102.88,387,D_LEGIT_0797,IP_LEGIT_0859,C_LEGIT_0860,M_138,0,5,0,1,1,0,NONE
TXN_002600,U_LEGIT_0612,13.19,1048,D_LEGIT_0685,IP_LEGIT_1908,C_LEGIT_1510,M_120,1,4,0,1,1,0,NONE
TXN_001819,U_LEGIT_1747,13.99,504,D_LEGIT_0540,IP_LEGIT_0969,C_LEGIT_2354,M_076,0,4,0,2,1,0,NONE
TXN_007396,U_LEGIT_1961,152.49,476,D_LEGIT_0800,IP_LEGIT_0169,C_LEGIT_0283,M_125,0,5,0,1,1,0,NONE
TXN_003117,U_LEGIT_0644,114.38,182,D_LEGIT_1651,IP_LEGIT_0747,C_LEGIT_1251,M_107,1,2,0,2,1,0,NONE
TXN_007273,U_LEGIT_1019,13.48,998,D_LEGIT_0807,IP_LEGIT_1603,C_LEGIT_2831,M_061,0,1,0,1,1,0,NONE
TXN_000822,U_LEGIT_0664,13.87,227,D_LEGIT_1083,IP_LEGIT_0394,C_LEGIT_0353,M_150,0,2,0,1,2,0,NONE
TXN_005446,U_LEGIT_1842,95.43,531,D_LEGIT_1850,IP_LEGIT_1640,C_LEGIT_0533,M_003,1,3,0,1,1,0,NONE
TXN_008775,U_LEGIT_0601,118.25,592,D_LEGIT_1871,IP_LEGIT_1403,C_LEGIT_0368,M_089,0,1,0,1,1,0,NONE
TXN_009644,U_CYCLE_003,412.28,2,D_CYCLE_025,IP_CYCLE_023,C_STOLEN_POOL_02,M_111,4,18,9,2,4,1,CARD_CYCLING
TXN_001921,U_LEGIT_0803,77.42,736,D_LEGIT_1011,IP_LEGIT_1756,C_LEGIT_2825,M_002,2,5,0,1,1,0,NONE
TXN_005165,U_LEGIT_0120,91.25,157,D_LEGIT_1371,IP_LEGIT_1112,C_LEGIT_0407,M_036,0,2,0,1,1,0,NONE
TXN_008602,U_LEGIT_0180,32.12,306,D_LEGIT_1039,IP_LEGIT_0661,C_LEGIT_0023,M_147,0,1,0,1,2,0,NONE
TXN_008176,U_LEGIT_2444,17.31,1011,D_LEGIT_0777,IP_LEGIT_0780,C_LEGIT_2503,M_104,0,1,0,2,2,0,NONE
TXN_008405,U_LEGIT_1264,241.43,748,D_LEGIT_1825,IP_LEGIT_1867,C_LEGIT_0529,M_125,0,5,0,1,1,0,NONE
TXN_009036,U_INDIV_0061,2160.66,0,D_INDIV_0065,IP_INDIV_0331,C_INDIV_0143,M_140,6,36,6,4,8,1,INDIVIDUAL_FRAUD
TXN_007834,U_LEGIT_1097,223.99,483,D_LEGIT_0984,IP_LEGIT_1450,C_LEGIT_1116,M_078,0,4,0,1,1,0,NONE
TXN_001237,U_LEGIT_0579,158.58,77,D_LEGIT_0881,IP_LEGIT_1147,C_LEGIT_0225,M_105,2,4,0,1,2,0,NONE
TXN_004333,U_LEGIT_1202,86.96,739,D_LEGIT_0938,IP_LEGIT_0541,C_LEGIT_1173,M_117,0,4,0,1,2,0,NONE
TXN_009383,U_INDIV_0013,2151.75,5,D_INDIV_0076,IP_INDIV_0190,C_INDIV_0141,M_138,13,35,4,4,6,1,INDIVIDUAL_FRAUD
TXN_009301,U_INDIV_0131,725.47,1,D_INDIV_0059,IP_INDIV_0356,C_INDIV_0135,M_029,11,29,7,7,7,1,INDIVIDUAL_FRAUD
TXN_002721,U_LEGIT_1982,141.72,729,D_LEGIT_0149,IP_LEGIT_0511,C_LEGIT_0020,M_007,0,5,0,1,1,0,NONE
TXN_006407,U_LEGIT_2261,142.0,289,D_LEGIT_1297,IP_SHARED_BENIGN_10,C_LEGIT_0173,M_141,0,1,0,1,1,0,NONE
TXN_004023,U_LEGIT_0958,70.96,451,D_LEGIT_0671,IP_LEGIT_0337,C_LEGIT_1714,M_094,0,3,0,2,1,0,NONE
TXN_005572,U_LEGIT_1822,93.03,269,D_LEGIT_1317,IP_LEGIT_0556,C_LEGIT_0805,M_024,0,5,0,2,1,0,NONE
TXN_001051,U_LEGIT_0376,181.51,822,D_LEGIT_0188,IP_SHARED_BENIGN_04,C_LEGIT_0862,M_013,0,5,0,1,2,0,NONE
TXN_001877,U_LEGIT_1745,245.44,92,D_LEGIT_0579,IP_LEGIT_1945,C_LEGIT_2449,M_057,0,5,1,1,2,0,NONE
TXN_004077,U_LEGIT_0754,226.76,1111,D_SHARED_BENIGN_08,IP_LEGIT_1703,C_LEGIT_2663,M_036,0,3,0,1,1,0,NONE
TXN_005087,U_LEGIT_2192,32.65,1122,D_LEGIT_1319,IP_LEGIT_0090,C_LEGIT_0396,M_057,1,2,0,1,1,0,NONE
TXN_000299,U_LEGIT_2388,220.35,895,D_LEGIT_1367,IP_LEGIT_1381,C_LEGIT_2187,M_074,0,5,0,2,1,0,NONE
TXN_001204,U_LEGIT_0573,159.21,176,D_LEGIT_0452,IP_LEGIT_0184,C_LEGIT_2122,M_038,0,5,0,1,2,0,NONE
TXN_003478,U_LEGIT_0427,54.58,744,D_LEGIT_1677,IP_LEGIT_1300,C_LEGIT_0829,M_014,0,1,0,1,2,0,NONE
TXN_006636,U_LEGIT_0962,242.38,564,D_LEGIT_0896,IP_LEGIT_0616,C_LEGIT_0705,M_147,0,2,0,1,2,0,NONE
TXN_002504,U_LEGIT_0496,217.38,1130,D_LEGIT_1901,IP_LEGIT_1754,C_LEGIT_2063,M_107,0,5,0,2,1,0,NONE
TXN_007357,U_LEGIT_1541,188.61,807,D_LEGIT_0668,IP_LEGIT_0160,C_LEGIT_2859,M_063,0,1,0,1,1,0,NONE
TXN_001527,U_LEGIT_1662,212.97,260,D_LEGIT_1953,IP_LEGIT_1644,C_LEGIT_2492,M_130,0,2,0,2,1,0,NONE
TXN_007750,U_LEGIT_1678,38.12,858,D_LEGIT_1669,IP_LEGIT_1454,C_LEGIT_0778,M_124,0,5,0,1,2,0,NONE
TXN_007063,U_LEGIT_1768,88.46,552,D_LEGIT_0032,IP_LEGIT_1577,C_LEGIT_2343,M_063,0,4,0,1,2,0,NONE
TXN_007827,U_LEGIT_0460,62.44,407,D_LEGIT_1753,IP_SHARED_BENIGN_07,C_LEGIT_1215,M_112,0,2,0,1,1,0,NONE
TXN_004676,U_LEGIT_2489,148.52,442,D_LEGIT_1783,IP_LEGIT_0524,C_LEGIT_1168,M_108,0,5,0,1,1,0,NONE
TXN_007307,U_LEGIT_1702,227.82,801,D_LEGIT_0802,IP_LEGIT_1068,C_LEGIT_2101,M_039,0,4,0,1,2,0,NONE
TXN_004328,U_LEGIT_1181,22.7,382,D_LEGIT_0563,IP_LEGIT_0635,C_LEGIT_2781,M_119,0,1,0,1,2,0,NONE
TXN_002835,U_LEGIT_1033,87.92,379,D_LEGIT_1535,IP_LEGIT_0723,C_LEGIT_2980,M_040,0,3,0,1,2,0,NONE
TXN_009961,U_DIST_014,29.7,5,D_DIST_012,IP_DIST_PROXY_04,C_DIST_018,M_TARGET_HIGHVAL_99,7,17,0,2,1,1,DISTRIBUTED_ABUSE
TXN_004810,U_LEGIT_2386,35.58,391,D_LEGIT_1224,IP_LEGIT_1797,C_LEGIT_1273,M_133,0,4,0,1,1,0,NONE
TXN_003465,U_LEGIT_1102,27.53,1138,D_SHARED_BENIGN_08,IP_LEGIT_0208,C_LEGIT_2352,M_124,0,1,0,1,1,0,NONE
TXN_009357,U_INDIV_0152,2993.31,4,D_INDIV_0032,IP_INDIV_0082,C_INDIV_0246,M_002,14,38,9,5,8,1,INDIVIDUAL_FRAUD
TXN_002791,U_LEGIT_0362,48.08,470,D_LEGIT_0203,IP_LEGIT_1156,C_LEGIT_1419,M_075,0,4,0,1,1,0,NONE
TXN_002758,U_LEGIT_1809,119.79,209,D_LEGIT_0497,IP_LEGIT_1613,C_LEGIT_1486,M_081,1,2,0,1,2,0,NONE
TXN_003130,U_LEGIT_1019,129.48,767,D_LEGIT_1235,IP_LEGIT_0193,C_LEGIT_2724,M_110,0,3,0,1,2,0,NONE
TXN_001823,U_LEGIT_2253,200.9,79,D_LEGIT_1514,IP_LEGIT_0507,C_LEGIT_2389,M_111,1,2,0,2,2,0,NONE
TXN_006098,U_LEGIT_0171,59.02,511,D_LEGIT_1159,IP_LEGIT_1682,C_LEGIT_1971,M_011,0,1,0,1,1,0,NONE
TXN_004692,U_LEGIT_1016,155.72,750,D_SHARED_BENIGN_06,IP_SHARED_BENIGN_03,C_LEGIT_1858,M_022,1,5,0,2,2,0,NONE
TXN_001055,U_LEGIT_1410,171.12,943,D_LEGIT_0124,IP_LEGIT_1675,C_LEGIT_1762,M_021,0,1,0,1,1,0,NONE
TXN_008546,U_LEGIT_1346,117.62,537,D_LEGIT_1319,IP_LEGIT_1274,C_LEGIT_0864,M_050,1,5,0,2,2,0,NONE
TXN_005227,U_LEGIT_0027,105.35,176,D_LEGIT_0107,IP_SHARED_BENIGN_05,C_LEGIT_2132,M_004,0,4,0,1,1,0,NONE
TXN_002833,U_LEGIT_1415,85.84,794,D_LEGIT_0125,IP_LEGIT_1611,C_LEGIT_2485,M_060,0,2,0,1,2,0,NONE
TXN_001660,U_LEGIT_1859,72.08,795,D_LEGIT_1133,IP_LEGIT_0729,C_LEGIT_0842,M_126,0,1,0,2,1,0,NONE
TXN_003458,U_LEGIT_1522,209.9,499,D_LEGIT_0707,IP_LEGIT_0907,C_LEGIT_2238,M_057,0,5,0,1,1,0,NONE
TXN_003585,U_LEGIT_1372,212.75,554,D_LEGIT_0163,IP_LEGIT_0890,C_LEGIT_0714,M_121,0,3,0,1,1,0,NONE
TXN_001568,U_LEGIT_1325,107.12,573,D_LEGIT_0420,IP_LEGIT_1787,C_LEGIT_2601,M_077,0,3,1,1,1,0,NONE
TXN_001521,U_LEGIT_2384,215.22,575,D_LEGIT_1301,IP_LEGIT_1103,C_LEGIT_2141,M_026,0,1,0,2,2,0,NONE
TXN_000807,U_LEGIT_0568,121.35,905,D_LEGIT_1422,IP_LEGIT_1915,C_LEGIT_2807,M_092,0,4,0,1,2,0,NONE
TXN_002424,U_LEGIT_2250,107.19,854,D_LEGIT_1698,IP_LEGIT_0740,C_LEGIT_1882,M_017,0,5,0,1,1,0,NONE
TXN_003361,U_LEGIT_2366,181.42,624,D_LEGIT_1297,IP_LEGIT_0759,C_LEGIT_1478,M_131,0,3,0,1,1,0,NONE
TXN_007909,U_LEGIT_1892,101.91,37,D_LEGIT_1327,IP_LEGIT_0575,C_LEGIT_0155,M_057,0,2,0,1,2,0,NONE
TXN_008702,U_LEGIT_1414,86.61,59,D_SHARED_BENIGN_01,IP_LEGIT_1227,C_LEGIT_2008,M_054,0,4,0,1,1,0,NONE
TXN_001816,U_LEGIT_1148,33.33,186,D_LEGIT_0638,IP_LEGIT_1043,C_LEGIT_2202,M_054,0,3,0,1,1,0,NONE
TXN_005121,U_LEGIT_2279,11.99,876,D_LEGIT_1317,IP_LEGIT_0472,C_LEGIT_0004,M_124,0,5,1,2,1,0,NONE
TXN_002814,U_LEGIT_1087,163.25,371,D_LEGIT_0543,IP_LEGIT_1163,C_LEGIT_1362,M_123,0,1,0,1,1,0,NONE
TXN_005100,U_LEGIT_2488,192.3,664,D_LEGIT_0743,IP_LEGIT_0616,C_LEGIT_0480,M_150,0,3,0,1,1,0,NONE
TXN_003261,U_LEGIT_1232,50.23,395,D_LEGIT_0685,IP_LEGIT_0865,C_LEGIT_1647,M_117,0,1,1,1,1,0,NONE
TXN_005490,U_LEGIT_1307,211.4,42,D_LEGIT_0242,IP_LEGIT_1433,C_LEGIT_2065,M_015,0,2,0,1,1,0,NONE
TXN_009018,U_INDIV_0112,1172.34,7,D_INDIV_0215,IP_INDIV_0141,C_INDIV_0333,M_022,10,21,3,7,3,1,INDIVIDUAL_FRAUD
TXN_002939,U_LEGIT_0512,179.83,760,D_LEGIT_0515,IP_LEGIT_0021,C_LEGIT_0122,M_052,0,5,0,2,1,0,NONE
TXN_009691,U_CYCLE_005,826.97,11,D_CYCLE_021,IP_CYCLE_024,C_STOLEN_POOL_04,M_021,5,37,4,2,5,1,CARD_CYCLING
TXN_001916,U_LEGIT_0261,61.39,539,D_LEGIT_1000,IP_LEGIT_0573,C_LEGIT_1295,M_089,0,3,0,1,2,0,NONE
TXN_007404,U_LEGIT_0910,79.28,199,D_LEGIT_0482,IP_LEGIT_1030,C_LEGIT_1127,M_048,0,1,0,1,1,0,NONE
TXN_002034,U_LEGIT_1108,204.2,155,D_SHARED_BENIGN_10,IP_LEGIT_1622,C_LEGIT_2957,M_059,0,2,0,1,2,0,NONE
TXN_002923,U_LEGIT_1688,74.34,681,D_LEGIT_0769,IP_LEGIT_1540,C_LEGIT_0589,M_135,0,3,0,1,2,0,NONE
TXN_009148,U_INDIV_0112,568.55,4,D_INDIV_0296,IP_INDIV_0351,C_INDIV_0050,M_071,9,39,5,5,5,1,INDIVIDUAL_FRAUD
TXN_002360,U_LEGIT_0558,122.03,1113,D_LEGIT_1110,IP_LEGIT_1593,C_LEGIT_1385,M_048,0,4,1,1,1,0,NONE
TXN_007361,U_LEGIT_1576,185.13,718,D_LEGIT_1965,IP_LEGIT_1644,C_LEGIT_1830,M_081,0,2,0,1,1,0,NONE
TXN_001531,U_LEGIT_1352,71.38,247,D_LEGIT_1366,IP_LEGIT_1129,C_LEGIT_0971,M_122,0,4,1,1,1,0,NONE
TXN_000332,U_LEGIT_2451,147.87,271,D_LEGIT_0837,IP_LEGIT_0012,C_LEGIT_2905,M_002,0,4,0,1,2,0,NONE
TXN_003682,U_LEGIT_1391,48.53,898,D_LEGIT_1131,IP_LEGIT_0732,C_LEGIT_2942,M_095,0,3,0,1,2,0,NONE
TXN_001554,U_LEGIT_2388,87.52,1199,D_LEGIT_0350,IP_LEGIT_1796,C_LEGIT_1520,M_126,0,5,0,1,1,0,NONE
TXN_009736,U_CYCLE_006,369.54,9,D_CYCLE_016,IP_CYCLE_007,C_STOLEN_POOL_02,M_140,14,12,5,2,4,1,CARD_CYCLING
TXN_008027,U_LEGIT_1518,112.54,777,D_LEGIT_1321,IP_LEGIT_0626,C_LEGIT_0255,M_093,0,1,0,1,2,0,NONE
TXN_002552,U_LEGIT_1420,216.35,1071,D_LEGIT_1232,IP_LEGIT_1585,C_LEGIT_0862,M_095,0,1,0,1,1,0,NONE
TXN_004069,U_LEGIT_1694,53.37,861,D_LEGIT_0343,IP_LEGIT_0313,C_LEGIT_2992,M_019,1,3,0,1,1,0,NONE
TXN_007529,U_LEGIT_1612,123.61,280,D_LEGIT_1272,IP_LEGIT_0487,C_LEGIT_0309,M_113,0,2,0,2,1,0,NONE
TXN_006912,U_LEGIT_2022,199.81,625,D_SHARED_BENIGN_09,IP_LEGIT_0441,C_LEGIT_0227,M_124,1,4,0,1,1,0,NONE
TXN_006480,U_LEGIT_2139,202.04,467,D_LEGIT_1693,IP_LEGIT_0593,C_LEGIT_1160,M_108,0,1,0,1,2,0,NONE
TXN_000423,U_LEGIT_0646,57.99,747,D_LEGIT_0032,IP_LEGIT_1147,C_LEGIT_2106,M_027,0,3,0,1,1,0,NONE
TXN_001843,U_LEGIT_0757,228.21,68,D_LEGIT_0379,IP_LEGIT_0885,C_LEGIT_1374,M_086,0,2,0,1,1,0,NONE
TXN_000956,U_LEGIT_1148,74.8,786,D_LEGIT_1201,IP_LEGIT_0208,C_LEGIT_0230,M_088,0,3,0,1,1,0,NONE
TXN_007685,U_LEGIT_1484,242.89,522,D_LEGIT_1051,IP_LEGIT_1944,C_LEGIT_1595,M_139,0,5,0,1,1,0,NONE
TXN_004245,U_LEGIT_1187,98.33,157,D_LEGIT_1881,IP_LEGIT_1596,C_LEGIT_1811,M_029,0,3,0,2,1,0,NONE
TXN_005170,U_LEGIT_2045,110.18,1110,D_LEGIT_1201,IP_LEGIT_0705,C_LEGIT_0502,M_054,0,3,0,1,1,0,NONE
TXN_004820,U_LEGIT_0558,233.88,256,D_LEGIT_0078,IP_LEGIT_1493,C_LEGIT_2057,M_116,0,5,0,2,2,0,NONE
TXN_000390,U_LEGIT_1905,217.16,69,D_LEGIT_0018,IP_SHARED_BENIGN_05,C_LEGIT_2716,M_093,0,4,0,2,1,0,NONE
TXN_008493,U_LEGIT_0201,95.23,99,D_LEGIT_0810,IP_LEGIT_0203,C_LEGIT_1409,M_090,0,3,0,1,1,0,NONE
TXN_009158,U_INDIV_0102,2977.01,4,D_INDIV_0376,IP_INDIV_0383,C_INDIV_0014,M_025,12,24,3,5,5,1,INDIVIDUAL_FRAUD
TXN_009441,U_INDIV_0058,981.3,4,D_INDIV_0398,IP_INDIV_0373,C_INDIV_0143,M_082,18,16,5,7,4,1,INDIVIDUAL_FRAUD
TXN_001542,U_LEGIT_2196,180.39,687,D_LEGIT_1499,IP_LEGIT_0710,C_LEGIT_2277,M_083,0,2,0,1,1,0,NONE
TXN_003788,U_LEGIT_1767,194.37,463,D_LEGIT_0115,IP_LEGIT_1012,C_LEGIT_2488,M_110,0,1,0,1,1,0,NONE
TXN_007405,U_LEGIT_0361,147.54,1076,D_LEGIT_1788,IP_LEGIT_0258,C_LEGIT_0663,M_131,0,5,0,1,1,0,NONE
TXN_002234,U_LEGIT_1891,210.7,255,D_LEGIT_0158,IP_LEGIT_0086,C_LEGIT_0928,M_019,1,1,0,2,2,0,NONE
TXN_001978,U_LEGIT_2081,194.69,1178,D_LEGIT_0596,IP_LEGIT_1584,C_LEGIT_2665,M_105,0,3,0,2,1,0,NONE
TXN_000738,U_LEGIT_2062,180.16,558,D_LEGIT_0812,IP_LEGIT_1393,C_LEGIT_1861,M_142,1,5,0,1,2,0,NONE
TXN_002396,U_LEGIT_0997,53.13,1104,D_LEGIT_1229,IP_LEGIT_1722,C_LEGIT_2367,M_127,1,3,0,1,1,0,NONE
TXN_003678,U_LEGIT_1904,101.95,659,D_LEGIT_0383,IP_LEGIT_1489,C_LEGIT_2651,M_050,0,2,0,2,1,0,NONE
TXN_002542,U_LEGIT_1482,100.23,478,D_LEGIT_1707,IP_LEGIT_0078,C_LEGIT_0534,M_103,0,5,0,1,1,0,NONE
TXN_004231,U_LEGIT_1395,235.82,1138,D_LEGIT_0602,IP_LEGIT_0280,C_LEGIT_2136,M_125,0,3,0,1,1,0,NONE
TXN_009029,U_INDIV_0036,1060.24,1,D_INDIV_0304,IP_INDIV_0313,C_INDIV_0195,M_020,9,46,3,3,7,1,INDIVIDUAL_FRAUD
TXN_000456,U_LEGIT_1472,16.64,81,D_LEGIT_1813,IP_LEGIT_1506,C_LEGIT_0777,M_036,0,5,0,2,1,0,NONE
TXN_007274,U_LEGIT_0933,187.85,937,D_LEGIT_1489,IP_LEGIT_1356,C_LEGIT_0291,M_134,0,2,0,2,1,0,NONE
TXN_003875,U_LEGIT_1912,79.24,545,D_LEGIT_1266,IP_LEGIT_0674,C_LEGIT_0009,M_044,0,2,0,1,1,0,NONE
TXN_006020,U_LEGIT_0077,159.11,750,D_LEGIT_0320,IP_LEGIT_1774,C_LEGIT_1751,M_094,0,3,0,1,1,0,NONE
TXN_004134,U_LEGIT_1633,34.1,1157,D_LEGIT_0376,IP_LEGIT_1005,C_LEGIT_0852,M_084,0,5,0,1,1,0,NONE
TXN_005585,U_LEGIT_1046,216.52,918,D_SHARED_BENIGN_05,IP_LEGIT_1037,C_LEGIT_1915,M_029,0,4,0,1,1,0,NONE
TXN_005599,U_LEGIT_2085,128.11,666,D_LEGIT_0484,IP_LEGIT_0573,C_LEGIT_1260,M_093,0,3,0,1,1,0,NONE
TXN_008691,U_LEGIT_0996,147.01,1080,D_LEGIT_0397,IP_LEGIT_0851,C_LEGIT_1303,M_094,0,4,0,1,1,0,NONE
TXN_009181,U_INDIV_0034,980.66,2,D_INDIV_0314,IP_INDIV_0142,C_INDIV_0267,M_046,10,29,3,7,4,1,INDIVIDUAL_FRAUD
TXN_001884,U_LEGIT_1118,98.27,238,D_SHARED_BENIGN_09,IP_LEGIT_1240,C_LEGIT_0475,M_059,0,2,0,1,1,0,NONE
TXN_006396,U_LEGIT_0793,31.92,472,D_LEGIT_0464,IP_LEGIT_1465,C_LEGIT_0826,M_097,0,3,0,1,2,0,NONE
TXN_004230,U_LEGIT_0892,117.62,1169,D_LEGIT_1962,IP_LEGIT_0326,C_LEGIT_1773,M_052,0,4,0,1,1,0,NONE
TXN_002448,U_LEGIT_0762,72.83,467,D_LEGIT_1495,IP_LEGIT_1881,C_LEGIT_2069,M_116,0,1,0,2,1,0,NONE
TXN_005443,U_LEGIT_1683,103.83,679,D_LEGIT_0048,IP_LEGIT_0460,C_LEGIT_1469,M_044,1,3,0,1,1,0,NONE
TXN_007615,U_LEGIT_1246,223.0,109,D_LEGIT_1580,IP_LEGIT_0898,C_LEGIT_2394,M_142,1,2,0,1,1,0,NONE
TXN_006091,U_LEGIT_2226,21.81,1052,D_LEGIT_1808,IP_LEGIT_0436,C_LEGIT_1703,M_020,0,4,0,2,2,0,NONE
TXN_004689,U_LEGIT_0309,93.71,512,D_LEGIT_0636,IP_SHARED_BENIGN_08,C_LEGIT_1999,M_062,0,5,0,1,2,0,NONE
TXN_006075,U_LEGIT_1519,80.78,797,D_LEGIT_1214,IP_LEGIT_0383,C_LEGIT_1768,M_054,0,3,0,1,1,0,NONE
TXN_009999,U_DIST_023,20.37,14,D_DIST_021,IP_DIST_PROXY_02,C_DIST_006,M_TARGET_HIGHVAL_99,7,12,2,1,2,1,DISTRIBUTED_ABUSE
TXN_008239,U_LEGIT_1274,235.93,186,D_SHARED_BENIGN_06,IP_SHARED_BENIGN_03,C_LEGIT_1704,M_072,1,5,0,1,1,0,NONE
TXN_006894,U_LEGIT_0744,227.58,668,D_LEGIT_1135,IP_LEGIT_0188,C_LEGIT_0759,M_128,0,2,0,1,1,0,NONE
TXN_004525,U_LEGIT_2340,69.07,655,D_LEGIT_1624,IP_LEGIT_0148,C_LEGIT_1706,M_056,0,3,0,1,1,0,NONE
TXN_009633,U_CYCLE_013,839.67,12,D_CYCLE_012,IP_CYCLE_030,C_STOLEN_POOL_02,M_076,14,33,10,2,8,1,CARD_CYCLING
TXN_008933,U_LEGIT_1084,108.15,217,D_LEGIT_1691,IP_LEGIT_0944,C_LEGIT_0274,M_146,0,2,0,1,1,0,NONE
TXN_002024,U_LEGIT_0054,35.81,484,D_LEGIT_0873,IP_LEGIT_0713,C_LEGIT_0773,M_044,0,2,0,1,1,0,NONE
TXN_009861,U_BURST_020,448.82,0,D_BURST_002,IP_BURST_SUBNET_02,C_BURST_019,M_108,17,29,1,3,2,1,ACCOUNT_BURST
TXN_000434,U_LEGIT_1156,180.25,861,D_LEGIT_0482,IP_LEGIT_1209,C_LEGIT_1615,M_082,0,5,0,1,2,0,NONE
TXN_002817,U_LEGIT_2335,84.49,274,D_LEGIT_0738,IP_LEGIT_0005,C_LEGIT_0251,M_119,0,1,0,1,1,0,NONE
TXN_003360,U_LEGIT_2000,164.91,578,D_LEGIT_0190,IP_LEGIT_0882,C_LEGIT_2128,M_062,0,1,1,1,1,0,NONE
TXN_001852,U_LEGIT_1515,108.79,245,D_LEGIT_1787,IP_LEGIT_0125,C_LEGIT_2538,M_107,0,3,0,2,1,0,NONE
TXN_007435,U_LEGIT_1354,160.35,1013,D_LEGIT_1148,IP_LEGIT_0427,C_LEGIT_2047,M_128,1,3,0,1,1,0,NONE
TXN_003716,U_LEGIT_0862,104.2,525,D_LEGIT_0687,IP_SHARED_BENIGN_05,C_LEGIT_2148,M_008,0,3,0,2,1,0,NONE
TXN_006974,U_LEGIT_1731,93.31,554,D_LEGIT_1283,IP_LEGIT_0727,C_LEGIT_2123,M_128,0,1,1,1,1,0,NONE
TXN_003038,U_LEGIT_1574,64.62,939,D_LEGIT_0606,IP_LEGIT_0677,C_LEGIT_0993,M_057,0,5,0,1,1,0,NONE
TXN_002605,U_LEGIT_1580,111.29,851,D_LEGIT_1805,IP_LEGIT_0216,C_LEGIT_2307,M_086,0,1,1,2,1,0,NONE
TXN_003687,U_LEGIT_1521,241.72,78,D_LEGIT_1861,IP_LEGIT_1514,C_LEGIT_0546,M_123,1,2,0,1,2,0,NONE
TXN_008584,U_LEGIT_0177,224.97,459,D_LEGIT_1808,IP_LEGIT_0009,C_LEGIT_2658,M_035,0,3,0,1,1,0,NONE
TXN_002263,U_LEGIT_0086,124.33,159,D_LEGIT_1538,IP_SHARED_BENIGN_07,C_LEGIT_1178,M_032,0,2,0,1,1,0,NONE
TXN_007918,U_LEGIT_1580,34.31,246,D_LEGIT_1436,IP_SHARED_BENIGN_08,C_LEGIT_2269,M_085,0,4,0,1,1,0,NONE
TXN_000488,U_LEGIT_0802,244.15,837,D_SHARED_BENIGN_09,IP_LEGIT_1387,C_LEGIT_2751,M_023,0,3,0,1,1,0,NONE
TXN_001116,U_LEGIT_2439,37.75,141,D_LEGIT_0896,IP_LEGIT_0245,C_LEGIT_0573,M_047,0,1,0,1,1,0,NONE
TXN_005397,U_LEGIT_2045,199.07,428,D_LEGIT_1547,IP_LEGIT_1515,C_LEGIT_2201,M_007,0,4,0,1,2,0,NONE
TXN_009150,U_INDIV_0055,1037.97,1,D_INDIV_0064,IP_INDIV_0067,C_INDIV_0237,M_077,18,17,8,3,8,1,INDIVIDUAL_FRAUD
TXN_007295,U_LEGIT_1426,205.75,512,D_LEGIT_0208,IP_LEGIT_1133,C_LEGIT_0666,M_134,0,5,0,1,2,0,NONE
TXN_008399,U_LEGIT_0469,99.5,627,D_SHARED_BENIGN_03,IP_LEGIT_0866,C_LEGIT_1203,M_003,2,5,0,1,1,0,NONE
TXN_005893,U_LEGIT_1899,172.25,817,D_LEGIT_1794,IP_LEGIT_0445,C_LEGIT_1376,M_131,0,2,0,2,1,0,NONE
TXN_006263,U_LEGIT_1576,199.98,102,D_LEGIT_0669,IP_LEGIT_1078,C_LEGIT_2722,M_016,0,5,0,2,1,0,NONE
TXN_001478,U_LEGIT_1458,215.75,759,D_LEGIT_1595,IP_LEGIT_1503,C_LEGIT_1891,M_086,0,5,0,1,1,0,NONE
TXN_007496,U_LEGIT_1241,249.38,60,D_LEGIT_0993,IP_LEGIT_1931,C_LEGIT_0467,M_059,0,3,0,2,1,0,NONE
TXN_006626,U_LEGIT_1284,23.4,1169,D_SHARED_BENIGN_09,IP_LEGIT_0997,C_LEGIT_0166,M_005,0,3,0,1,1,0,NONE
TXN_009133,U_INDIV_0007,1900.23,5,D_INDIV_0137,IP_INDIV_0054,C_INDIV_0386,M_028,12,36,7,3,6,1,INDIVIDUAL_FRAUD
TXN_000932,U_LEGIT_1935,224.46,453,D_LEGIT_1887,IP_LEGIT_0272,C_LEGIT_1201,M_017,0,4,0,2,1,0,NONE
TXN_009350,U_INDIV_0098,2712.74,0,D_INDIV_0011,IP_INDIV_0310,C_INDIV_0125,M_129,9,33,7,7,5,1,INDIVIDUAL_FRAUD
TXN_002870,U_LEGIT_0653,50.14,940,D_LEGIT_0038,IP_LEGIT_0262,C_LEGIT_1264,M_135,0,4,0,1,1,0,NONE
TXN_001115,U_LEGIT_0014,206.72,1076,D_SHARED_BENIGN_05,IP_LEGIT_0932,C_LEGIT_2256,M_150,0,2,0,2,2,0,NONE
TXN_000100,U_LEGIT_2349,241.82,381,D_LEGIT_1312,IP_LEGIT_0236,C_LEGIT_1660,M_006,0,5,0,1,1,0,NONE
TXN_002909,U_LEGIT_1544,44.48,645,D_LEGIT_0494,IP_LEGIT_1593,C_LEGIT_2214,M_148,0,3,0,1,2,0,NONE
TXN_003688,U_LEGIT_1637,176.39,749,D_LEGIT_1333,IP_LEGIT_1196,C_LEGIT_2123,M_116,0,5,0,1,1,0,NONE
TXN_007165,U_LEGIT_2441,157.95,489,D_LEGIT_1387,IP_LEGIT_1306,C_LEGIT_1693,M_090,2,4,0,1,2,0,NONE
TXN_000776,U_LEGIT_1632,67.37,470,D_SHARED_BENIGN_03,IP_LEGIT_0880,C_LEGIT_0762,M_092,0,3,0,1,1,0,NONE
TXN_005846,U_LEGIT_1276,163.99,66,D_SHARED_BENIGN_09,IP_LEGIT_0477,C_LEGIT_1719,M_086,0,2,0,1,1,0,NONE
TXN_009306,U_INDIV_0076,826.03,6,D_INDIV_0279,IP_INDIV_0107,C_INDIV_0090,M_014,15,45,7,5,4,1,INDIVIDUAL_FRAUD
TXN_000745,U_LEGIT_2055,198.06,724,D_LEGIT_1493,IP_LEGIT_1072,C_LEGIT_1399,M_115,0,5,0,2,1,0,NONE
TXN_000010,U_LEGIT_1859,228.86,641,D_SHARED_BENIGN_05,IP_LEGIT_1561,C_LEGIT_0732,M_130,0,5,0,1,1,0,NONE
TXN_001950,U_LEGIT_1306,153.23,250,D_LEGIT_1025,IP_LEGIT_0734,C_LEGIT_2016,M_023,0,4,0,1,1,0,NONE
TXN_009908,U_DIST_009,62.48,23,D_DIST_013,IP_DIST_PROXY_01,C_DIST_007,M_TARGET_HIGHVAL_99,6,10,2,2,1,1,DISTRIBUTED_ABUSE
TXN_000254,U_LEGIT_1079,44.57,228,D_LEGIT_0540,IP_LEGIT_0551,C_LEGIT_2312,M_016,0,3,0,2,1,0,NONE
TXN_009175,U_INDIV_0087,2796.18,0,D_INDIV_0018,IP_INDIV_0327,C_INDIV_0303,M_002,6,40,3,3,5,1,INDIVIDUAL_FRAUD
TXN_000026,U_LEGIT_1494,173.06,240,D_LEGIT_1631,IP_LEGIT_0082,C_LEGIT_1466,M_054,0,5,0,2,1,0,NONE
TXN_004943,U_LEGIT_0775,94.26,776,D_LEGIT_0107,IP_LEGIT_1655,C_LEGIT_1468,M_112,0,4,0,1,1,0,NONE
TXN_002358,U_LEGIT_1345,205.11,1136,D_LEGIT_0497,IP_SHARED_BENIGN_04,C_LEGIT_2763,M_043,0,4,0,1,1,0,NONE
TXN_006653,U_LEGIT_1854,133.68,52,D_LEGIT_1826,IP_LEGIT_0188,C_LEGIT_0134,M_054,0,5,0,2,1,0,NONE
TXN_004805,U_LEGIT_1439,79.12,389,D_LEGIT_0754,IP_LEGIT_1556,C_LEGIT_1565,M_004,0,4,0,2,2,0,NONE
TXN_004153,U_LEGIT_1951,46.34,912,D_LEGIT_1259,IP_SHARED_BENIGN_01,C_LEGIT_0843,M_046,0,2,0,2,1,0,NONE
TXN_007220,U_LEGIT_1173,28.11,917,D_LEGIT_0133,IP_LEGIT_1695,C_LEGIT_2101,M_084,0,4,0,1,2,0,NONE
TXN_004768,U_LEGIT_1467,97.24,1165,D_LEGIT_1227,IP_LEGIT_1454,C_LEGIT_1625,M_133,0,4,0,1,2,0,NONE
TXN_002614,U_LEGIT_0764,78.27,784,D_LEGIT_0826,IP_LEGIT_1361,C_LEGIT_2414,M_051,0,2,0,1,1,0,NONE
TXN_007747,U_LEGIT_0868,135.59,208,D_SHARED_BENIGN_02,IP_LEGIT_1114,C_LEGIT_1327,M_029,0,4,0,1,1,0,NONE
TXN_006096,U_LEGIT_0593,168.13,912,D_LEGIT_0285,IP_LEGIT_1727,C_LEGIT_2465,M_106,0,4,0,2,1,0,NONE
TXN_005118,U_LEGIT_1482,64.22,839,D_LEGIT_0178,IP_LEGIT_0457,C_LEGIT_0943,M_058,0,3,0,1,1,0,NONE
TXN_009130,U_INDIV_0048,632.76,5,D_INDIV_0348,IP_INDIV_0321,C_INDIV_0360,M_064,9,21,7,4,3,1,INDIVIDUAL_FRAUD
TXN_007448,U_LEGIT_0612,151.36,466,D_LEGIT_0514,IP_LEGIT_1476,C_LEGIT_0332,M_038,0,5,0,1,1,0,NONE
TXN_007032,U_LEGIT_0621,226.44,555,D_LEGIT_1427,IP_LEGIT_1837,C_LEGIT_0597,M_129,0,1,0,2,1,0,NONE
TXN_004628,U_LEGIT_1930,44.16,1049,D_LEGIT_0927,IP_LEGIT_1109,C_LEGIT_2947,M_008,0,2,0,2,1,0,NONE
TXN_008805,U_LEGIT_0908,28.48,1071,D_LEGIT_1316,IP_LEGIT_0567,C_LEGIT_1231,M_029,2,5,0,2,1,0,NONE
TXN_005806,U_LEGIT_1376,163.85,149,D_LEGIT_1943,IP_LEGIT_0203,C_LEGIT_1764,M_142,0,4,0,1,2,0,NONE
TXN_001992,U_LEGIT_0882,239.66,661,D_LEGIT_0470,IP_LEGIT_1088,C_LEGIT_2278,M_136,0,1,0,1,1,0,NONE
TXN_001119,U_LEGIT_1570,187.19,582,D_LEGIT_1263,IP_SHARED_BENIGN_03,C_LEGIT_0374,M_147,0,1,0,2,1,0,NONE
TXN_007940,U_LEGIT_0148,164.8,496,D_LEGIT_1396,IP_LEGIT_1556,C_LEGIT_2013,M_109,0,5,0,2,2,0,NONE
TXN_002553,U_LEGIT_1830,233.97,586,D_LEGIT_0676,IP_LEGIT_1573,C_LEGIT_1852,M_128,0,2,0,1,1,0,NONE
TXN_008123,U_LEGIT_0544,146.47,799,D_LEGIT_0531,IP_LEGIT_0905,C_LEGIT_0038,M_059,1,2,0,2,1,0,NONE
TXN_009780,U_BURST_019,1303.95,0,D_BURST_015,IP_BURST_SUBNET_02,C_BURST_012,M_120,17,26,1,3,3,1,ACCOUNT_BURST
TXN_002744,U_LEGIT_1081,178.29,374,D_LEGIT_1914,IP_LEGIT_1299,C_LEGIT_1928,M_108,0,4,0,1,1,0,NONE
TXN_007024,U_LEGIT_0301,20.33,404,D_LEGIT_1083,IP_SHARED_BENIGN_07,C_LEGIT_1107,M_012,1,5,0,2,1,0,NONE
TXN_004018,U_LEGIT_0717,137.49,524,D_LEGIT_0874,IP_LEGIT_1731,C_LEGIT_2120,M_013,1,5,0,2,1,0,NONE
TXN_008418,U_LEGIT_0435,215.24,815,D_LEGIT_0065,IP_SHARED_BENIGN_06,C_LEGIT_0440,M_112,0,5,0,1,2,0,NONE
TXN_001619,U_LEGIT_0415,27.43,330,D_LEGIT_1255,IP_LEGIT_0401,C_LEGIT_2240,M_141,0,1,0,2,1,0,NONE
TXN_006184,U_LEGIT_1590,233.72,794,D_LEGIT_0098,IP_LEGIT_0419,C_LEGIT_0323,M_044,1,5,1,1,2,0,NONE
TXN_003057,U_LEGIT_2073,193.09,1157,D_LEGIT_0623,IP_SHARED_BENIGN_06,C_LEGIT_2916,M_081,0,3,0,2,1,0,NONE
TXN_000657,U_LEGIT_0237,16.35,770,D_LEGIT_1898,IP_LEGIT_0506,C_LEGIT_0993,M_123,0,1,0,1,1,0,NONE
TXN_004387,U_LEGIT_1535,138.95,568,D_LEGIT_0165,IP_LEGIT_0865,C_LEGIT_0269,M_009,0,2,0,1,1,0,NONE
TXN_007904,U_LEGIT_2346,81.16,1047,D_SHARED_BENIGN_09,IP_LEGIT_1683,C_LEGIT_2095,M_035,0,4,0,1,1,0,NONE
TXN_006336,U_LEGIT_0920,179.83,614,D_LEGIT_1900,IP_LEGIT_0787,C_LEGIT_1390,M_004,0,3,0,1,1,0,NONE
TXN_003685,U_LEGIT_2113,182.64,495,D_LEGIT_0501,IP_LEGIT_0744,C_LEGIT_1556,M_036,0,1,0,1,1,0,NONE
TXN_001602,U_LEGIT_1351,243.41,417,D_LEGIT_1555,IP_LEGIT_1649,C_LEGIT_1266,M_039,0,1,0,1,1,0,NONE
TXN_002461,U_LEGIT_0006,48.5,723,D_LEGIT_0458,IP_LEGIT_0647,C_LEGIT_0002,M_007,0,4,0,1,1,0,NONE
TXN_000782,U_LEGIT_1612,234.92,240,D_LEGIT_0931,IP_LEGIT_1313,C_LEGIT_0498,M_096,0,1,0,1,1,0,NONE
TXN_009475,U_INDIV_0173,908.66,1,D_INDIV_0020,IP_INDIV_0167,C_INDIV_0308,M_024,6,45,8,3,6,1,INDIVIDUAL_FRAUD
TXN_002325,U_LEGIT_2236,132.06,330,D_LEGIT_0817,IP_LEGIT_1630,C_LEGIT_2453,M_035,1,1,0,2,1,0,NONE
TXN_007002,U_LEGIT_0873,145.46,475,D_LEGIT_0972,IP_LEGIT_1328,C_LEGIT_2973,M_023,0,3,0,1,1,0,NONE
TXN_006395,U_LEGIT_0373,72.47,39,D_LEGIT_1822,IP_LEGIT_1330,C_LEGIT_2006,M_044,0,5,0,2,1,0,NONE
TXN_005643,U_LEGIT_0474,113.91,842,D_LEGIT_0689,IP_LEGIT_1063,C_LEGIT_1350,M_144,0,2,0,2,2,0,NONE
TXN_003794,U_LEGIT_1381,219.39,708,D_SHARED_BENIGN_06,IP_LEGIT_0011,C_LEGIT_1283,M_036,0,4,0,1,2,0,NONE
TXN_006790,U_LEGIT_0050,143.01,759,D_SHARED_BENIGN_05,IP_LEGIT_1227,C_LEGIT_0376,M_105,0,3,0,2,1,0,NONE
TXN_009444,U_INDIV_0017,1893.56,3,D_INDIV_0210,IP_INDIV_0067,C_INDIV_0064,M_110,9,42,9,3,7,1,INDIVIDUAL_FRAUD
TXN_007809,U_LEGIT_0424,62.45,1011,D_LEGIT_1671,IP_LEGIT_0500,C_LEGIT_2774,M_074,1,1,0,1,1,0,NONE
TXN_007503,U_LEGIT_0436,227.68,616,D_LEGIT_1781,IP_LEGIT_1543,C_LEGIT_2939,M_027,0,2,0,1,1,0,NONE
TXN_004990,U_LEGIT_2097,148.7,508,D_LEGIT_0982,IP_LEGIT_0353,C_LEGIT_0400,M_013,1,1,0,1,2,0,NONE
TXN_006230,U_LEGIT_2412,25.23,1115,D_LEGIT_1963,IP_LEGIT_1474,C_LEGIT_2503,M_131,0,4,0,1,1,0,NONE
TXN_003168,U_LEGIT_0290,124.41,1021,D_LEGIT_0526,IP_SHARED_BENIGN_07,C_LEGIT_2801,M_071,1,4,0,1,1,0,NONE
TXN_006304,U_LEGIT_1073,51.7,989,D_LEGIT_1263,IP_LEGIT_1435,C_LEGIT_1450,M_106,0,4,1,2,1,0,NONE
TXN_002179,U_LEGIT_2004,136.22,311,D_LEGIT_0751,IP_LEGIT_0137,C_LEGIT_1632,M_071,0,1,0,1,2,0,NONE
TXN_001578,U_LEGIT_2424,97.84,521,D_LEGIT_0558,IP_SHARED_BENIGN_04,C_LEGIT_0654,M_070,0,1,0,2,1,0,NONE
TXN_003022,U_LEGIT_1701,29.34,449,D_LEGIT_1977,IP_LEGIT_0376,C_LEGIT_2785,M_097,0,2,0,2,1,0,NONE
TXN_003858,U_LEGIT_1338,87.33,957,D_LEGIT_0524,IP_LEGIT_1014,C_LEGIT_2753,M_136,0,4,0,2,1,0,NONE
TXN_006375,U_LEGIT_2442,99.04,588,D_LEGIT_1321,IP_LEGIT_0198,C_LEGIT_1131,M_009,0,1,0,1,2,0,NONE
TXN_005683,U_LEGIT_1794,148.66,550,D_LEGIT_1850,IP_LEGIT_0099,C_LEGIT_0064,M_125,0,4,0,2,1,0,NONE
TXN_003756,U_LEGIT_1602,212.65,586,D_LEGIT_0890,IP_LEGIT_1446,C_LEGIT_0959,M_139,0,5,0,1,2,0,NONE
TXN_008724,U_LEGIT_0742,225.43,54,D_LEGIT_0631,IP_LEGIT_1348,C_LEGIT_1641,M_074,1,5,0,1,1,0,NONE
TXN_004371,U_LEGIT_1295,113.11,183,D_LEGIT_1975,IP_LEGIT_1138,C_LEGIT_0458,M_094,0,4,0,1,1,0,NONE
TXN_002895,U_LEGIT_1204,94.75,168,D_LEGIT_1353,IP_LEGIT_0519,C_LEGIT_2682,M_045,0,5,0,1,1,0,NONE
TXN_008062,U_LEGIT_0689,48.96,705,D_LEGIT_0527,IP_SHARED_BENIGN_10,C_LEGIT_0559,M_132,0,1,1,1,1,0,NONE
TXN_000741,U_LEGIT_0115,191.08,663,D_LEGIT_0334,IP_LEGIT_0134,C_LEGIT_0868,M_003,0,2,0,1,1,0,NONE
TXN_005346,U_LEGIT_0576,242.1,1190,D_LEGIT_0505,IP_LEGIT_0053,C_LEGIT_2766,M_094,0,2,0,1,1,0,NONE
TXN_003651,U_LEGIT_1931,111.72,287,D_SHARED_BENIGN_02,IP_LEGIT_0984,C_LEGIT_0008,M_093,0,2,0,1,1,0,NONE
TXN_002076,U_LEGIT_2201,83.04,1047,D_LEGIT_1397,IP_LEGIT_1761,C_LEGIT_1665,M_106,0,1,0,1,1,0,NONE
TXN_005070,U_LEGIT_0008,185.66,1065,D_LEGIT_1162,IP_SHARED_BENIGN_03,C_LEGIT_1489,M_095,0,5,0,2,1,0,NONE
TXN_008200,U_LEGIT_1361,62.3,968,D_LEGIT_0922,IP_LEGIT_0300,C_LEGIT_1750,M_041,0,1,0,1,1,0,NONE
TXN_000589,U_LEGIT_0584,57.02,514,D_LEGIT_0664,IP_LEGIT_1929,C_LEGIT_0496,M_014,0,5,0,1,1,0,NONE
TXN_003074,U_LEGIT_0302,242.65,1122,D_LEGIT_0029,IP_LEGIT_1027,C_LEGIT_0474,M_102,1,1,0,1,1,0,NONE
TXN_000132,U_LEGIT_2120,193.8,294,D_LEGIT_1799,IP_LEGIT_1130,C_LEGIT_2621,M_047,0,1,0,1,1,0,NONE
TXN_002464,U_LEGIT_2181,124.89,1128,D_LEGIT_1028,IP_LEGIT_1353,C_LEGIT_2018,M_020,0,3,0,1,1,0,NONE
TXN_003594,U_LEGIT_1579,175.26,305,D_LEGIT_1040,IP_SHARED_BENIGN_08,C_LEGIT_0013,M_131,0,1,0,1,1,0,NONE
TXN_001306,U_LEGIT_2211,70.76,183,D_LEGIT_0629,IP_LEGIT_0267,C_LEGIT_0869,M_007,1,2,0,2,1,0,NONE
TXN_006753,U_LEGIT_1979,94.67,677,D_LEGIT_1287,IP_LEGIT_0362,C_LEGIT_1773,M_132,1,3,0,1,1,0,NONE
TXN_000900,U_LEGIT_2007,208.74,379,D_LEGIT_0745,IP_LEGIT_1315,C_LEGIT_2143,M_116,0,5,0,1,2,0,NONE
TXN_000644,U_LEGIT_0876,10.9,465,D_LEGIT_0663,IP_LEGIT_0824,C_LEGIT_2679,M_081,0,1,0,1,1,0,NONE
TXN_006548,U_LEGIT_0311,115.06,751,D_LEGIT_1025,IP_LEGIT_1746,C_LEGIT_1253,M_030,0,2,0,2,1,0,NONE
TXN_006973,U_LEGIT_1395,168.94,97,D_LEGIT_1001,IP_LEGIT_0847,C_LEGIT_0244,M_021,0,2,0,1,1,0,NONE
TXN_008191,U_LEGIT_2168,51.52,811,D_LEGIT_1807,IP_LEGIT_1108,C_LEGIT_2813,M_042,0,1,0,1,1,0,NONE
TXN_008917,U_LEGIT_0297,190.85,216,D_LEGIT_1222,IP_LEGIT_0571,C_LEGIT_1939,M_010,0,5,0,2,1,0,NONE
TXN_002693,U_LEGIT_1477,56.71,837,D_LEGIT_1829,IP_LEGIT_1448,C_LEGIT_1954,M_076,0,2,0,1,1,0,NONE
TXN_003337,U_LEGIT_1106,45.43,376,D_LEGIT_0681,IP_LEGIT_1283,C_LEGIT_1343,M_099,0,5,1,1,1,0,NONE
TXN_001420,U_LEGIT_2258,168.32,348,D_LEGIT_0604,IP_LEGIT_1281,C_LEGIT_0937,M_035,0,1,0,2,1,0,NONE
TXN_007914,U_LEGIT_0136,204.8,873,D_LEGIT_0886,IP_LEGIT_1752,C_LEGIT_2894,M_058,0,4,0,1,1,0,NONE
TXN_001174,U_LEGIT_1343,95.73,224,D_LEGIT_0191,IP_LEGIT_1908,C_LEGIT_2151,M_026,2,3,0,1,1,0,NONE
TXN_008938,U_LEGIT_1959,28.12,186,D_LEGIT_0127,IP_SHARED_BENIGN_04,C_LEGIT_0855,M_132,0,1,0,1,1,0,NONE
TXN_000460,U_LEGIT_0831,86.46,1147,D_LEGIT_1662,IP_LEGIT_1512,C_LEGIT_2779,M_103,0,2,0,1,1,0,NONE
TXN_008310,U_LEGIT_0199,235.06,798,D_LEGIT_1846,IP_LEGIT_0837,C_LEGIT_0344,M_098,0,4,0,1,1,0,NONE
TXN_003081,U_LEGIT_1756,67.66,833,D_LEGIT_1235,IP_LEGIT_1122,C_LEGIT_0788,M_114,1,2,0,1,2,0,NONE
TXN_004506,U_LEGIT_0713,224.32,1117,D_LEGIT_1371,IP_SHARED_BENIGN_06,C_LEGIT_1939,M_014,0,5,1,1,1,0,NONE
TXN_003592,U_LEGIT_1660,159.34,836,D_LEGIT_1321,IP_LEGIT_0498,C_LEGIT_2182,M_111,0,3,0,1,1,0,NONE
TXN_007717,U_LEGIT_1421,217.03,243,D_LEGIT_1058,IP_SHARED_BENIGN_03,C_LEGIT_2492,M_150,0,2,0,1,1,0,NONE
TXN_004970,U_LEGIT_1663,87.35,1107,D_LEGIT_1383,IP_SHARED_BENIGN_01,C_LEGIT_1628,M_052,0,5,0,1,1,0,NONE
TXN_000935,U_LEGIT_1970,95.94,1077,D_LEGIT_0123,IP_LEGIT_0816,C_LEGIT_2971,M_011,0,4,0,1,1,0,NONE
TXN_000417,U_LEGIT_2275,242.65,604,D_LEGIT_0427,IP_LEGIT_0680,C_LEGIT_1449,M_017,0,3,1,1,2,0,NONE
TXN_005536,U_LEGIT_0533,87.93,172,D_LEGIT_0620,IP_LEGIT_0034,C_LEGIT_2407,M_126,0,2,0,1,1,0,NONE
TXN_002368,U_LEGIT_2046,241.49,363,D_LEGIT_0425,IP_LEGIT_0366,C_LEGIT_2555,M_019,0,5,0,2,2,0,NONE
TXN_003757,U_LEGIT_1953,148.81,212,D_LEGIT_0708,IP_LEGIT_1677,C_LEGIT_2413,M_015,0,3,0,1,1,0,NONE
TXN_009702,U_CYCLE_021,639.37,5,D_CYCLE_025,IP_CYCLE_016,C_STOLEN_POOL_02,M_057,13,25,8,4,9,1,CARD_CYCLING
TXN_006117,U_LEGIT_0908,116.58,631,D_SHARED_BENIGN_01,IP_LEGIT_1249,C_LEGIT_0186,M_076,0,4,0,1,2,0,NONE
TXN_001908,U_LEGIT_1849,22.14,392,D_LEGIT_0877,IP_LEGIT_1458,C_LEGIT_1754,M_088,0,4,0,1,1,0,NONE
TXN_001783,U_LEGIT_0791,80.64,360,D_LEGIT_1992,IP_LEGIT_1875,C_LEGIT_1246,M_128,0,4,0,2,1,0,NONE
TXN_005316,U_LEGIT_0089,60.9,671,D_LEGIT_0309,IP_SHARED_BENIGN_05,C_LEGIT_0495,M_105,0,2,0,1,1,0,NONE
TXN_007795,U_LEGIT_0594,113.17,175,D_LEGIT_0026,IP_LEGIT_1111,C_LEGIT_1511,M_058,0,3,0,1,2,0,NONE
TXN_008790,U_LEGIT_1784,72.42,337,D_LEGIT_1545,IP_LEGIT_1053,C_LEGIT_2107,M_092,0,2,0,2,1,0,NONE
TXN_003919,U_LEGIT_2176,160.8,327,D_LEGIT_0250,IP_LEGIT_1456,C_LEGIT_2774,M_149,0,5,0,1,1,0,NONE
TXN_004592,U_LEGIT_0591,42.71,481,D_LEGIT_1426,IP_LEGIT_1295,C_LEGIT_0426,M_058,1,2,0,1,1,0,NONE
TXN_006394,U_LEGIT_2391,126.85,613,D_LEGIT_0605,IP_LEGIT_1110,C_LEGIT_1267,M_111,0,1,0,1,1,0,NONE
TXN_001335,U_LEGIT_1666,72.35,849,D_LEGIT_1120,IP_LEGIT_1030,C_LEGIT_2351,M_057,0,5,0,1,2,0,NONE
TXN_001146,U_LEGIT_2321,195.54,146,D_LEGIT_0167,IP_LEGIT_1277,C_LEGIT_1971,M_017,0,4,0,2,1,0,NONE
TXN_003343,U_LEGIT_2152,229.21,448,D_SHARED_BENIGN_01,IP_LEGIT_0579,C_LEGIT_2441,M_045,0,1,0,2,1,0,NONE
TXN_000546,U_LEGIT_2391,230.74,534,D_LEGIT_0009,IP_LEGIT_1169,C_LEGIT_0740,M_107,0,1,0,1,1,0,NONE
TXN_009045,U_INDIV_0153,2681.97,3,D_INDIV_0311,IP_INDIV_0161,C_INDIV_0212,M_113,12,24,8,6,3,1,INDIVIDUAL_FRAUD
TXN_006519,U_LEGIT_0461,55.49,959,D_SHARED_BENIGN_09,IP_LEGIT_1439,C_LEGIT_2441,M_140,1,2,0,1,2,0,NONE
TXN_009101,U_INDIV_0091,2702.76,7,D_INDIV_0145,IP_INDIV_0172,C_INDIV_0117,M_067,8,23,6,6,7,1,INDIVIDUAL_FRAUD
TXN_008359,U_LEGIT_2227,145.52,1072,D_LEGIT_0980,IP_LEGIT_1147,C_LEGIT_0993,M_078,0,3,0,1,2,0,NONE
TXN_000249,U_LEGIT_1849,25.96,378,D_SHARED_BENIGN_01,IP_LEGIT_0653,C_LEGIT_1070,M_027,1,2,0,1,1,0,NONE
TXN_007520,U_LEGIT_0170,54.43,534,D_LEGIT_1122,IP_LEGIT_1712,C_LEGIT_0103,M_109,0,1,0,2,1,0,NONE
TXN_005590,U_LEGIT_1299,115.52,124,D_SHARED_BENIGN_02,IP_LEGIT_1748,C_LEGIT_2580,M_138,0,4,0,2,2,0,NONE
TXN_009249,U_INDIV_0094,1226.87,2,D_INDIV_0217,IP_INDIV_0224,C_INDIV_0211,M_041,8,44,5,3,8,1,INDIVIDUAL_FRAUD
TXN_007649,U_LEGIT_1780,115.5,220,D_LEGIT_1804,IP_LEGIT_1968,C_LEGIT_2893,M_056,0,1,0,1,1,0,NONE
TXN_007217,U_LEGIT_2029,168.34,254,D_SHARED_BENIGN_06,IP_LEGIT_1794,C_LEGIT_0981,M_079,0,5,0,2,2,0,NONE
TXN_001156,U_LEGIT_0545,239.85,1190,D_LEGIT_1527,IP_LEGIT_0865,C_LEGIT_2697,M_081,1,2,0,1,1,0,NONE
TXN_003975,U_LEGIT_1339,188.93,736,D_SHARED_BENIGN_05,IP_LEGIT_0636,C_LEGIT_2062,M_120,0,4,0,1,1,0,NONE
TXN_002462,U_LEGIT_0128,241.07,219,D_SHARED_BENIGN_05,IP_LEGIT_1754,C_LEGIT_1908,M_025,1,5,0,1,1,0,NONE
TXN_000490,U_LEGIT_1820,184.32,878,D_LEGIT_0852,IP_LEGIT_0592,C_LEGIT_0671,M_109,0,5,0,1,1,0,NONE
TXN_007973,U_LEGIT_1365,201.88,265,D_LEGIT_0055,IP_LEGIT_0925,C_LEGIT_2891,M_102,1,4,0,1,1,0,NONE
TXN_004916,U_LEGIT_1497,129.21,1168,D_LEGIT_0783,IP_LEGIT_1070,C_LEGIT_2133,M_074,0,1,0,1,1,0,NONE
TXN_005084,U_LEGIT_0444,83.85,32,D_LEGIT_1699,IP_LEGIT_1491,C_LEGIT_2794,M_064,0,5,0,2,1,0,NONE
TXN_005996,U_LEGIT_2400,26.65,155,D_LEGIT_0274,IP_LEGIT_1934,C_LEGIT_2839,M_117,0,4,1,1,2,0,NONE
TXN_007838,U_LEGIT_2006,35.18,1009,D_LEGIT_0914,IP_LEGIT_0404,C_LEGIT_1053,M_056,0,2,1,1,1,0,NONE
TXN_007308,U_LEGIT_2450,67.54,833,D_LEGIT_0784,IP_LEGIT_1985,C_LEGIT_2505,M_076,0,3,0,1,1,0,NONE
TXN_007842,U_LEGIT_0121,29.73,284,D_LEGIT_0386,IP_LEGIT_1822,C_LEGIT_1670,M_071,0,2,0,1,2,0,NONE
TXN_005075,U_LEGIT_0894,10.58,555,D_LEGIT_0203,IP_LEGIT_1509,C_LEGIT_2899,M_008,0,2,0,1,2,0,NONE
TXN_004084,U_LEGIT_2373,150.99,540,D_LEGIT_0238,IP_LEGIT_0155,C_LEGIT_2871,M_113,1,1,0,1,2,0,NONE
TXN_008425,U_LEGIT_1262,98.82,611,D_LEGIT_0868,IP_LEGIT_0023,C_LEGIT_0795,M_067,0,5,0,1,1,0,NONE
TXN_008892,U_LEGIT_1481,125.44,79,D_LEGIT_1359,IP_SHARED_BENIGN_02,C_LEGIT_0760,M_123,0,5,0,2,1,0,NONE
TXN_008737,U_LEGIT_0584,189.88,806,D_LEGIT_1542,IP_LEGIT_0792,C_LEGIT_1896,M_030,0,1,1,1,1,0,NONE
TXN_005378,U_LEGIT_1405,199.03,759,D_LEGIT_0970,IP_LEGIT_0430,C_LEGIT_2884,M_044,1,4,0,1,1,0,NONE
TXN_004918,U_LEGIT_0720,22.55,281,D_LEGIT_0583,IP_LEGIT_1031,C_LEGIT_2702,M_132,0,4,0,1,1,0,NONE
TXN_003512,U_LEGIT_0821,164.06,581,D_LEGIT_1580,IP_LEGIT_1680,C_LEGIT_2215,M_125,0,3,0,1,1,0,NONE
TXN_002473,U_LEGIT_0201,198.22,241,D_LEGIT_1624,IP_LEGIT_1063,C_LEGIT_0502,M_104,1,5,0,1,1,0,NONE
TXN_005016,U_LEGIT_1737,197.38,140,D_LEGIT_0718,IP_LEGIT_1879,C_LEGIT_1699,M_108,1,4,1,2,1,0,NONE
TXN_001630,U_LEGIT_1833,201.18,1150,D_LEGIT_1147,IP_LEGIT_1843,C_LEGIT_0029,M_047,0,5,0,1,2,0,NONE
TXN_003284,U_LEGIT_0858,25.74,236,D_LEGIT_1492,IP_LEGIT_0320,C_LEGIT_2143,M_042,0,2,0,1,1,0,NONE
TXN_009320,U_INDIV_0188,2051.46,3,D_INDIV_0060,IP_INDIV_0328,C_INDIV_0306,M_139,14,36,4,5,5,1,INDIVIDUAL_FRAUD
TXN_007801,U_LEGIT_1001,33.81,116,D_LEGIT_1911,IP_LEGIT_1680,C_LEGIT_0428,M_070,0,3,0,1,1,0,NONE
TXN_005825,U_LEGIT_1312,45.23,764,D_LEGIT_0579,IP_LEGIT_0429,C_LEGIT_0728,M_024,0,3,0,1,1,0,NONE
TXN_003219,U_LEGIT_1776,201.21,392,D_LEGIT_0269,IP_LEGIT_1238,C_LEGIT_2975,M_041,0,2,0,1,1,0,NONE
TXN_003670,U_LEGIT_0212,133.69,450,D_LEGIT_1131,IP_LEGIT_0839,C_LEGIT_2322,M_079,0,4,0,2,1,0,NONE
TXN_004173,U_LEGIT_0072,71.67,946,D_SHARED_BENIGN_01,IP_LEGIT_0225,C_LEGIT_0868,M_114,0,4,0,1,2,0,NONE
TXN_007616,U_LEGIT_0197,230.5,400,D_LEGIT_1044,IP_LEGIT_1093,C_LEGIT_2281,M_023,0,3,0,1,2,0,NONE
TXN_002460,U_LEGIT_2307,134.11,483,D_LEGIT_0091,IP_SHARED_BENIGN_05,C_LEGIT_0503,M_081,0,3,0,2,2,0,NONE
TXN_009864,U_BURST_015,1058.77,1,D_BURST_020,IP_BURST_SUBNET_01,C_BURST_018,M_016,23,24,1,1,1,1,ACCOUNT_BURST
TXN_001917,U_LEGIT_1923,46.66,600,D_LEGIT_0533,IP_LEGIT_1048,C_LEGIT_1203,M_110,0,5,0,1,1,0,NONE
TXN_002334,U_LEGIT_2455,209.2,372,D_LEGIT_1219,IP_LEGIT_0925,C_LEGIT_1267,M_066,0,4,0,1,1,0,NONE
TXN_009398,U_INDIV_0120,2943.36,7,D_INDIV_0350,IP_INDIV_0379,C_INDIV_0135,M_033,9,17,9,7,3,1,INDIVIDUAL_FRAUD
TXN_003655,U_LEGIT_0367,20.13,1019,D_LEGIT_0359,IP_LEGIT_0538,C_LEGIT_0871,M_088,0,2,0,1,2,0,NONE
TXN_001787,U_LEGIT_0632,146.89,318,D_LEGIT_1647,IP_LEGIT_1720,C_LEGIT_2225,M_016,0,4,0,1,1,0,NONE
TXN_009224,U_INDIV_0032,2087.39,1,D_INDIV_0194,IP_INDIV_0131,C_INDIV_0264,M_123,11,17,6,4,5,1,INDIVIDUAL_FRAUD
TXN_007663,U_LEGIT_1382,145.74,690,D_LEGIT_0886,IP_LEGIT_1138,C_LEGIT_2304,M_019,1,4,0,1,2,0,NONE
TXN_004362,U_LEGIT_1615,156.53,1132,D_LEGIT_0679,IP_LEGIT_0902,C_LEGIT_1174,M_016,0,5,0,2,1,0,NONE
TXN_007672,U_LEGIT_2271,91.11,1165,D_LEGIT_1902,IP_LEGIT_1940,C_LEGIT_2312,M_059,0,4,0,1,1,0,NONE
TXN_001030,U_LEGIT_0158,144.18,823,D_LEGIT_0213,IP_LEGIT_0013,C_LEGIT_1562,M_001,0,1,0,1,1,0,NONE
TXN_001349,U_LEGIT_2075,201.34,810,D_LEGIT_0060,IP_LEGIT_0497,C_LEGIT_1514,M_067,0,2,0,1,1,0,NONE
TXN_006719,U_LEGIT_0621,106.48,799,D_LEGIT_0748,IP_LEGIT_1943,C_LEGIT_2525,M_125,0,2,0,1,1,0,NONE
TXN_009893,U_DIST_002,55.85,8,D_DIST_017,IP_DIST_PROXY_01,C_DIST_006,M_TARGET_HIGHVAL_99,8,8,1,1,1,1,DISTRIBUTED_ABUSE
TXN_009739,U_CYCLE_018,186.61,6,D_CYCLE_014,IP_CYCLE_005,C_STOLEN_POOL_01,M_022,14,25,10,4,9,1,CARD_CYCLING
TXN_008632,U_LEGIT_1813,27.36,722,D_LEGIT_1704,IP_LEGIT_0591,C_LEGIT_1690,M_132,0,3,1,2,2,0,NONE
TXN_003347,U_LEGIT_0481,213.27,997,D_LEGIT_1139,IP_LEGIT_0068,C_LEGIT_0270,M_135,0,2,0,1,1,0,NONE
TXN_009687,U_CYCLE_004,644.01,12,D_CYCLE_025,IP_CYCLE_018,C_STOLEN_POOL_03,M_141,14,37,4,2,6,1,CARD_CYCLING
TXN_002672,U_LEGIT_0712,138.05,61,D_LEGIT_0217,IP_LEGIT_0752,C_LEGIT_2739,M_126,1,3,0,1,1,0,NONE
TXN_002541,U_LEGIT_2407,119.6,791,D_LEGIT_0410,IP_LEGIT_1991,C_LEGIT_2563,M_009,0,3,0,1,1,0,NONE
TXN_009754,U_BURST_019,1095.02,0,D_BURST_012,IP_BURST_SUBNET_01,C_BURST_011,M_124,17,17,5,1,2,1,ACCOUNT_BURST
TXN_008156,U_LEGIT_1629,138.39,72,D_LEGIT_0912,IP_LEGIT_1206,C_LEGIT_1889,M_061,0,3,0,1,1,0,NONE
TXN_003505,U_LEGIT_2320,86.84,635,D_LEGIT_1766,IP_LEGIT_1696,C_LEGIT_0397,M_100,0,5,0,2,1,0,NONE
TXN_001556,U_LEGIT_0336,229.65,567,D_LEGIT_1897,IP_LEGIT_1190,C_LEGIT_2168,M_077,1,1,0,1,2,0,NONE
TXN_008532,U_LEGIT_0953,90.84,960,D_LEGIT_0781,IP_LEGIT_0141,C_LEGIT_0077,M_010,0,3,0,1,1,0,NONE
TXN_001956,U_LEGIT_2414,134.09,37,D_SHARED_BENIGN_10,IP_LEGIT_0136,C_LEGIT_2266,M_114,0,3,0,1,1,0,NONE
TXN_004266,U_LEGIT_1781,202.68,736,D_LEGIT_1632,IP_LEGIT_0126,C_LEGIT_1041,M_036,0,4,0,1,1,0,NONE
TXN_005938,U_LEGIT_0837,188.33,1187,D_LEGIT_1384,IP_LEGIT_1693,C_LEGIT_0857,M_145,0,4,0,1,1,0,NONE
TXN_007317,U_LEGIT_1360,78.86,815,D_LEGIT_0653,IP_LEGIT_0635,C_LEGIT_2839,M_004,0,4,0,1,1,0,NONE
TXN_007544,U_LEGIT_0045,17.68,710,D_LEGIT_0162,IP_LEGIT_0962,C_LEGIT_0262,M_028,0,5,0,1,2,0,NONE
TXN_001669,U_LEGIT_0401,32.17,792,D_LEGIT_0371,IP_LEGIT_0156,C_LEGIT_2880,M_059,0,4,0,2,1,0,NONE
TXN_007696,U_LEGIT_1456,148.26,530,D_LEGIT_1518,IP_SHARED_BENIGN_04,C_LEGIT_1684,M_124,0,5,0,2,2,0,NONE
TXN_000737,U_LEGIT_0574,115.44,57,D_LEGIT_1431,IP_LEGIT_0963,C_LEGIT_1686,M_087,0,2,0,1,1,0,NONE
TXN_003384,U_LEGIT_0686,171.69,191,D_LEGIT_1942,IP_LEGIT_1549,C_LEGIT_0176,M_049,0,1,0,2,1,0,NONE
TXN_008489,U_LEGIT_0923,141.73,316,D_LEGIT_0966,IP_LEGIT_1308,C_LEGIT_0653,M_052,0,2,0,1,1,0,NONE
TXN_009229,U_INDIV_0013,2414.37,0,D_INDIV_0185,IP_INDIV_0330,C_INDIV_0343,M_086,10,24,5,6,3,1,INDIVIDUAL_FRAUD
TXN_005776,U_LEGIT_2486,165.39,1128,D_LEGIT_1992,IP_LEGIT_0815,C_LEGIT_0684,M_148,0,5,0,2,1,0,NONE
TXN_009186,U_INDIV_0111,1943.23,4,D_INDIV_0018,IP_INDIV_0012,C_INDIV_0244,M_020,12,21,6,4,4,1,INDIVIDUAL_FRAUD
TXN_002006,U_LEGIT_1559,164.82,907,D_LEGIT_0955,IP_LEGIT_1214,C_LEGIT_2894,M_079,0,1,0,1,1,0,NONE
TXN_008264,U_LEGIT_2237,83.27,855,D_LEGIT_0819,IP_LEGIT_0797,C_LEGIT_2155,M_130,1,2,0,2,1,0,NONE
TXN_008521,U_LEGIT_1656,34.1,554,D_LEGIT_1694,IP_LEGIT_1768,C_LEGIT_2552,M_150,0,1,0,1,1,0,NONE
TXN_002231,U_LEGIT_0285,60.64,290,D_LEGIT_0884,IP_SHARED_BENIGN_09,C_LEGIT_0471,M_047,0,5,0,1,2,0,NONE
TXN_001641,U_LEGIT_1783,195.11,989,D_LEGIT_1726,IP_LEGIT_1581,C_LEGIT_1148,M_109,0,3,0,1,1,0,NONE
TXN_004897,U_LEGIT_2078,61.42,757,D_LEGIT_0976,IP_LEGIT_1950,C_LEGIT_0959,M_013,1,1,0,1,2,0,NONE
TXN_007233,U_LEGIT_0819,226.74,428,D_LEGIT_0637,IP_LEGIT_1910,C_LEGIT_0162,M_119,0,2,0,1,1,0,NONE
TXN_006760,U_LEGIT_1645,247.93,1003,D_LEGIT_1555,IP_LEGIT_1969,C_LEGIT_1602,M_014,0,3,0,2,2,0,NONE
TXN_001198,U_LEGIT_0260,16.5,388,D_LEGIT_0326,IP_LEGIT_0016,C_LEGIT_0702,M_096,0,4,0,1,1,0,NONE
TXN_009858,U_BURST_016,501.94,0,D_BURST_013,IP_BURST_SUBNET_02,C_BURST_018,M_046,24,25,2,1,2,1,ACCOUNT_BURST
TXN_003131,U_LEGIT_1310,27.99,266,D_SHARED_BENIGN_01,IP_LEGIT_0439,C_LEGIT_1941,M_005,0,5,0,2,1,0,NONE
TXN_006935,U_LEGIT_1977,93.33,781,D_SHARED_BENIGN_02,IP_LEGIT_0571,C_LEGIT_1342,M_095,1,2,1,1,1,0,NONE
TXN_002988,U_LEGIT_2012,77.07,737,D_LEGIT_1883,IP_LEGIT_0198,C_LEGIT_0865,M_006,0,3,0,2,1,0,NONE
TXN_009759,U_BURST_012,872.92,0,D_BURST_014,IP_BURST_SUBNET_01,C_BURST_017,M_058,22,23,5,2,1,1,ACCOUNT_BURST
TXN_000778,U_LEGIT_0422,146.9,893,D_LEGIT_1467,IP_LEGIT_1810,C_LEGIT_2750,M_020,0,4,0,1,1,0,NONE
TXN_004622,U_LEGIT_0230,242.95,118,D_LEGIT_0220,IP_LEGIT_1534,C_LEGIT_1600,M_104,0,5,0,1,1,0,NONE
TXN_006068,U_LEGIT_0527,178.92,1180,D_LEGIT_0095,IP_LEGIT_0445,C_LEGIT_1531,M_120,0,2,0,1,1,0,NONE
TXN_009118,U_INDIV_0107,2697.21,5,D_INDIV_0063,IP_INDIV_0296,C_INDIV_0204,M_122,11,31,7,5,7,1,INDIVIDUAL_FRAUD
TXN_009417,U_INDIV_0172,1797.96,0,D_INDIV_0091,IP_INDIV_0155,C_INDIV_0274,M_148,7,46,9,3,5,1,INDIVIDUAL_FRAUD
TXN_008668,U_LEGIT_0354,174.94,1189,D_LEGIT_0565,IP_LEGIT_1239,C_LEGIT_0702,M_034,2,2,0,1,1,0,NONE
TXN_007125,U_LEGIT_1381,181.99,241,D_LEGIT_0748,IP_LEGIT_0259,C_LEGIT_2241,M_028,0,3,0,1,2,0,NONE
TXN_009740,U_CYCLE_007,493.0,9,D_CYCLE_011,IP_CYCLE_028,C_STOLEN_POOL_01,M_085,5,40,4,4,7,1,CARD_CYCLING
TXN_006535,U_LEGIT_1274,225.92,1036,D_LEGIT_0024,IP_LEGIT_1035,C_LEGIT_1412,M_145,0,3,0,1,1,0,NONE
TXN_001734,U_LEGIT_1303,213.8,228,D_LEGIT_0149,IP_LEGIT_0988,C_LEGIT_2706,M_081,0,4,0,1,1,0,NONE
TXN_006680,U_LEGIT_0640,105.3,203,D_SHARED_BENIGN_04,IP_LEGIT_0404,C_LEGIT_2177,M_031,0,2,0,1,1,0,NONE
TXN_004066,U_LEGIT_1420,79.2,917,D_LEGIT_1371,IP_LEGIT_0001,C_LEGIT_2800,M_100,0,2,0,1,1,0,NONE
TXN_006788,U_LEGIT_0138,234.0,443,D_LEGIT_1483,IP_SHARED_BENIGN_03,C_LEGIT_2194,M_114,0,3,0,1,2,0,NONE
TXN_001520,U_LEGIT_1333,238.55,1017,D_LEGIT_1566,IP_LEGIT_1435,C_LEGIT_0082,M_104,0,1,0,2,1,0,NONE
TXN_008412,U_LEGIT_1209,161.43,679,D_LEGIT_1992,IP_LEGIT_1599,C_LEGIT_2512,M_031,0,4,0,1,1,0,NONE
TXN_009968,U_DIST_012,50.12,6,D_DIST_027,IP_DIST_PROXY_02,C_DIST_040,M_TARGET_HIGHVAL_99,6,10,2,1,1,1,DISTRIBUTED_ABUSE
TXN_004813,U_LEGIT_1832,173.49,802,D_LEGIT_0004,IP_LEGIT_1983,C_LEGIT_0816,M_023,0,2,0,1,1,0,NONE
TXN_005207,U_LEGIT_1182,85.37,625,D_LEGIT_0370,IP_LEGIT_0784,C_LEGIT_1925,M_071,0,2,0,1,1,0,NONE
TXN_004166,U_LEGIT_0317,174.13,38,D_LEGIT_1808,IP_LEGIT_1042,C_LEGIT_1932,M_002,0,2,0,1,1,0,NONE
TXN_007264,U_LEGIT_1953,80.38,845,D_LEGIT_1496,IP_LEGIT_1040,C_LEGIT_2022,M_061,0,5,0,1,1,0,NONE
TXN_008102,U_LEGIT_2455,81.06,407,D_SHARED_BENIGN_03,IP_LEGIT_0821,C_LEGIT_1505,M_024,2,2,0,2,1,0,NONE
TXN_005623,U_LEGIT_0206,85.74,1074,D_LEGIT_1578,IP_LEGIT_1635,C_LEGIT_0584,M_004,0,2,0,1,1,0,NONE
TXN_005452,U_LEGIT_0663,139.49,677,D_LEGIT_1176,IP_LEGIT_0093,C_LEGIT_2222,M_123,0,4,0,1,2,0,NONE
TXN_003385,U_LEGIT_0448,13.1,948,D_LEGIT_0544,IP_SHARED_BENIGN_04,C_LEGIT_1263,M_049,0,2,0,2,2,0,NONE
TXN_005019,U_LEGIT_0257,143.58,703,D_LEGIT_0968,IP_LEGIT_1120,C_LEGIT_0332,M_129,1,5,0,1,1,0,NONE
TXN_009984,U_DIST_007,57.68,15,D_DIST_002,IP_DIST_PROXY_03,C_DIST_007,M_TARGET_HIGHVAL_99,7,18,0,1,2,1,DISTRIBUTED_ABUSE
TXN_006061,U_LEGIT_1189,215.53,1073,D_LEGIT_1077,IP_LEGIT_0293,C_LEGIT_2150,M_002,0,4,0,1,1,0,NONE
TXN_003351,U_LEGIT_0367,31.44,117,D_LEGIT_1161,IP_LEGIT_1178,C_LEGIT_1410,M_058,0,1,0,1,1,0,NONE
TXN_004672,U_LEGIT_0841,238.84,708,D_LEGIT_0085,IP_LEGIT_1470,C_LEGIT_2280,M_130,1,1,0,1,1,0,NONE
TXN_000064,U_LEGIT_2223,159.35,135,D_LEGIT_0112,IP_LEGIT_0741,C_LEGIT_2551,M_128,0,5,0,1,2,0,NONE
TXN_004074,U_LEGIT_0120,118.94,671,D_LEGIT_1056,IP_LEGIT_1722,C_LEGIT_0646,M_129,0,1,0,1,1,0,NONE
TXN_001261,U_LEGIT_0533,141.96,165,D_LEGIT_1241,IP_LEGIT_1507,C_LEGIT_2498,M_132,0,3,0,2,1,0,NONE
TXN_002151,U_LEGIT_0718,162.3,845,D_LEGIT_0681,IP_LEGIT_0138,C_LEGIT_2451,M_064,0,3,0,2,1,0,NONE
TXN_002341,U_LEGIT_2444,36.5,459,D_LEGIT_0340,IP_SHARED_BENIGN_06,C_LEGIT_2363,M_106,0,4,0,1,1,0,NONE
TXN_005677,U_LEGIT_0383,68.98,1180,D_LEGIT_1060,IP_SHARED_BENIGN_03,C_LEGIT_2813,M_084,1,3,0,1,1,0,NONE
TXN_002169,U_LEGIT_0587,13.46,851,D_LEGIT_1208,IP_LEGIT_0517,C_LEGIT_1147,M_098,0,1,0,2,1,0,NONE
TXN_001476,U_LEGIT_1235,97.67,997,D_LEGIT_1063,IP_LEGIT_0588,C_LEGIT_2582,M_106,0,2,0,1,1,0,NONE
TXN_004665,U_LEGIT_0619,31.6,1124,D_LEGIT_0599,IP_SHARED_BENIGN_03,C_LEGIT_1712,M_042,0,5,0,1,1,0,NONE
TXN_002998,U_LEGIT_2166,162.19,899,D_LEGIT_1358,IP_LEGIT_1980,C_LEGIT_1920,M_147,0,4,0,1,2,0,NONE
TXN_005542,U_LEGIT_0480,214.03,44,D_LEGIT_1079,IP_LEGIT_0618,C_LEGIT_0947,M_127,0,3,0,1,2,0,NONE
TXN_007393,U_LEGIT_0692,34.15,803,D_LEGIT_0251,IP_LEGIT_0734,C_LEGIT_2135,M_107,0,2,0,2,1,0,NONE
TXN_006524,U_LEGIT_1347,127.38,1175,D_LEGIT_1341,IP_LEGIT_0932,C_LEGIT_0032,M_043,0,5,0,1,1,0,NONE
TXN_001356,U_LEGIT_1890,237.41,388,D_LEGIT_1995,IP_LEGIT_0346,C_LEGIT_1510,M_068,0,1,0,1,1,0,NONE
TXN_003866,U_LEGIT_2261,243.88,1199,D_LEGIT_1638,IP_LEGIT_0975,C_LEGIT_0886,M_028,0,4,0,1,2,0,NONE
TXN_005629,U_LEGIT_1083,135.32,330,D_LEGIT_0101,IP_LEGIT_0617,C_LEGIT_2945,M_128,0,3,0,2,2,0,NONE
TXN_005794,U_LEGIT_1479,176.05,1165,D_LEGIT_0945,IP_LEGIT_1098,C_LEGIT_1136,M_138,0,3,0,2,2,0,NONE
TXN_005088,U_LEGIT_0506,89.22,399,D_LEGIT_1546,IP_LEGIT_1117,C_LEGIT_0571,M_100,1,1,0,2,1,0,NONE
TXN_009613,U_FARM_027,105.99,5,D_FARM_HUB_02,IP_FARM_PROXY_01,C_FARM_011,M_143,14,48,4,1,2,1,DEVICE_FARM
TXN_009466,U_INDIV_0092,2766.99,5,D_INDIV_0083,IP_INDIV_0269,C_INDIV_0004,M_069,17,44,5,4,3,1,INDIVIDUAL_FRAUD
TXN_005095,U_LEGIT_1498,46.07,965,D_LEGIT_1558,IP_LEGIT_1107,C_LEGIT_1037,M_122,0,1,0,1,1,0,NONE
TXN_005872,U_LEGIT_2023,137.43,161,D_LEGIT_0770,IP_LEGIT_0350,C_LEGIT_2753,M_103,1,3,0,1,1,0,NONE
TXN_005792,U_LEGIT_1410,180.98,869,D_LEGIT_0237,IP_LEGIT_1794,C_LEGIT_0258,M_087,0,2,0,1,1,0,NONE
TXN_002840,U_LEGIT_1015,182.97,373,D_LEGIT_1260,IP_LEGIT_0145,C_LEGIT_1280,M_034,0,1,0,1,1,0,NONE
TXN_008535,U_LEGIT_0472,83.0,809,D_LEGIT_0038,IP_LEGIT_1068,C_LEGIT_0329,M_132,0,3,0,1,1,0,NONE
TXN_007491,U_LEGIT_0318,133.57,613,D_LEGIT_0264,IP_LEGIT_1488,C_LEGIT_1422,M_126,1,5,0,1,1,0,NONE
TXN_007176,U_LEGIT_0920,51.65,996,D_SHARED_BENIGN_01,IP_LEGIT_1575,C_LEGIT_0013,M_009,0,4,0,2,1,0,NONE
TXN_003554,U_LEGIT_1009,212.52,331,D_LEGIT_0496,IP_LEGIT_0161,C_LEGIT_2752,M_024,0,2,0,1,1,0,NONE
TXN_009368,U_INDIV_0087,2980.42,7,D_INDIV_0150,IP_INDIV_0142,C_INDIV_0393,M_066,13,36,8,5,5,1,INDIVIDUAL_FRAUD
TXN_006706,U_LEGIT_1097,123.35,211,D_LEGIT_0640,IP_LEGIT_1552,C_LEGIT_2974,M_008,0,5,0,1,1,0,NONE
TXN_009957,U_DIST_017,73.51,3,D_DIST_024,IP_DIST_PROXY_03,C_DIST_027,M_TARGET_HIGHVAL_99,8,12,2,2,2,1,DISTRIBUTED_ABUSE
TXN_000724,U_LEGIT_0668,42.73,903,D_LEGIT_1675,IP_LEGIT_1245,C_LEGIT_0770,M_018,0,4,0,1,1,0,NONE
TXN_009334,U_INDIV_0121,741.48,3,D_INDIV_0169,IP_INDIV_0196,C_INDIV_0386,M_100,18,21,9,4,6,1,INDIVIDUAL_FRAUD
TXN_006398,U_LEGIT_0047,16.14,728,D_LEGIT_1580,IP_LEGIT_1194,C_LEGIT_0208,M_124,1,1,0,1,2,0,NONE
TXN_001799,U_LEGIT_2309,119.39,778,D_LEGIT_1362,IP_LEGIT_0586,C_LEGIT_2182,M_112,1,1,0,1,2,0,NONE
TXN_009834,U_BURST_002,545.54,0,D_BURST_017,IP_BURST_SUBNET_02,C_BURST_015,M_090,13,15,5,3,3,1,ACCOUNT_BURST
TXN_003246,U_LEGIT_0830,136.24,1166,D_LEGIT_0060,IP_LEGIT_1989,C_LEGIT_1989,M_050,0,2,0,1,2,0,NONE
TXN_004460,U_LEGIT_1643,28.27,589,D_SHARED_BENIGN_10,IP_LEGIT_0837,C_LEGIT_1492,M_111,0,5,0,1,1,0,NONE
TXN_009793,U_BURST_014,373.78,0,D_BURST_016,IP_BURST_SUBNET_01,C_BURST_016,M_107,15,19,1,3,3,1,ACCOUNT_BURST
TXN_009505,U_FARM_025,240.38,3,D_FARM_HUB_01,IP_FARM_PROXY_01,C_FARM_040,M_137,12,30,2,1,3,1,DEVICE_FARM
TXN_002900,U_LEGIT_2089,27.32,697,D_LEGIT_0010,IP_LEGIT_0714,C_LEGIT_1266,M_144,0,2,0,1,1,0,NONE
TXN_001178,U_LEGIT_2331,184.36,289,D_LEGIT_0213,IP_LEGIT_0035,C_LEGIT_1927,M_056,0,5,0,2,1,0,NONE
TXN_000625,U_LEGIT_1155,191.39,54,D_LEGIT_1604,IP_LEGIT_1938,C_LEGIT_1662,M_149,0,5,1,1,2,0,NONE
TXN_001648,U_LEGIT_0025,122.77,886,D_LEGIT_0053,IP_LEGIT_1933,C_LEGIT_2474,M_038,0,3,0,2,2,0,NONE
TXN_008428,U_LEGIT_0865,194.17,1141,D_LEGIT_1125,IP_LEGIT_0385,C_LEGIT_1477,M_094,0,1,0,1,1,0,NONE
TXN_003581,U_LEGIT_1161,222.94,205,D_LEGIT_0426,IP_SHARED_BENIGN_07,C_LEGIT_1185,M_015,0,1,0,1,1,0,NONE
TXN_006358,U_LEGIT_2463,237.91,38,D_LEGIT_0008,IP_LEGIT_1686,C_LEGIT_2692,M_024,0,3,1,1,1,0,NONE
TXN_008129,U_LEGIT_1992,112.82,805,D_LEGIT_0226,IP_LEGIT_0807,C_LEGIT_0853,M_053,0,1,0,1,1,0,NONE
TXN_008469,U_LEGIT_2023,44.32,963,D_LEGIT_1444,IP_LEGIT_1114,C_LEGIT_2967,M_063,0,1,0,1,2,0,NONE
TXN_007389,U_LEGIT_0281,197.34,339,D_LEGIT_0139,IP_LEGIT_1078,C_LEGIT_2929,M_119,0,1,0,1,1,0,NONE
TXN_001757,U_LEGIT_1120,188.81,606,D_LEGIT_1210,IP_LEGIT_0090,C_LEGIT_1307,M_074,0,3,0,1,1,0,NONE
TXN_004921,U_LEGIT_1574,63.88,202,D_SHARED_BENIGN_03,IP_LEGIT_1016,C_LEGIT_2671,M_010,0,2,0,1,1,0,NONE
TXN_005834,U_LEGIT_2332,203.24,512,D_SHARED_BENIGN_01,IP_LEGIT_1544,C_LEGIT_0477,M_042,0,3,0,1,1,0,NONE
TXN_002072,U_LEGIT_0673,178.46,1046,D_LEGIT_1417,IP_LEGIT_1496,C_LEGIT_0740,M_148,0,3,0,1,1,0,NONE
TXN_006547,U_LEGIT_0420,164.12,711,D_LEGIT_0368,IP_LEGIT_0271,C_LEGIT_0333,M_090,0,1,0,1,1,0,NONE
TXN_000851,U_LEGIT_0942,195.9,864,D_LEGIT_1694,IP_LEGIT_1896,C_LEGIT_2203,M_063,0,2,0,1,1,0,NONE
TXN_004587,U_LEGIT_1039,241.53,118,D_LEGIT_0820,IP_LEGIT_1709,C_LEGIT_1466,M_075,0,3,0,1,1,0,NONE
TXN_000808,U_LEGIT_0363,131.95,290,D_LEGIT_1260,IP_LEGIT_1612,C_LEGIT_0994,M_149,0,5,0,1,2,0,NONE
TXN_005606,U_LEGIT_1013,122.76,826,D_LEGIT_0996,IP_LEGIT_1683,C_LEGIT_2063,M_053,0,1,0,1,2,0,NONE
TXN_007399,U_LEGIT_2112,113.95,479,D_SHARED_BENIGN_09,IP_LEGIT_0117,C_LEGIT_1614,M_034,0,3,0,2,1,0,NONE
TXN_007768,U_LEGIT_1535,62.17,242,D_SHARED_BENIGN_03,IP_LEGIT_0293,C_LEGIT_1978,M_140,0,5,0,1,1,0,NONE
TXN_008317,U_LEGIT_0655,151.99,430,D_LEGIT_1803,IP_LEGIT_0304,C_LEGIT_1891,M_026,0,1,0,1,2,0,NONE
TXN_007893,U_LEGIT_1081,71.29,844,D_LEGIT_0352,IP_LEGIT_0345,C_LEGIT_0954,M_110,0,3,0,1,1,0,NONE
TXN_004277,U_LEGIT_2276,139.39,514,D_LEGIT_0696,IP_LEGIT_0219,C_LEGIT_2086,M_067,0,3,0,1,1,0,NONE
TXN_001608,U_LEGIT_1341,221.78,154,D_LEGIT_0037,IP_LEGIT_1775,C_LEGIT_1629,M_030,0,2,0,1,2,0,NONE
TXN_004377,U_LEGIT_1435,17.49,855,D_LEGIT_1051,IP_LEGIT_1857,C_LEGIT_2335,M_068,0,3,0,1,1,0,NONE
TXN_005702,U_LEGIT_2289,246.67,995,D_LEGIT_1299,IP_LEGIT_0206,C_LEGIT_1876,M_132,0,2,0,1,2,0,NONE
TXN_002264,U_LEGIT_1694,110.5,417,D_LEGIT_0239,IP_LEGIT_0894,C_LEGIT_2489,M_062,0,5,0,2,2,0,NONE
TXN_007966,U_LEGIT_1444,166.9,1037,D_LEGIT_0026,IP_LEGIT_1149,C_LEGIT_0363,M_012,0,3,0,2,1,0,NONE
TXN_003229,U_LEGIT_2111,64.01,85,D_LEGIT_1967,IP_LEGIT_0494,C_LEGIT_2915,M_145,0,3,0,1,1,0,NONE
TXN_001293,U_LEGIT_1803,191.86,1049,D_SHARED_BENIGN_01,IP_LEGIT_1366,C_LEGIT_2441,M_120,0,2,0,1,1,0,NONE
TXN_006801,U_LEGIT_0031,168.5,534,D_LEGIT_0573,IP_SHARED_BENIGN_07,C_LEGIT_2090,M_021,0,4,0,1,1,0,NONE
TXN_002593,U_LEGIT_0282,139.74,97,D_LEGIT_1337,IP_LEGIT_0662,C_LEGIT_2909,M_079,0,1,0,1,1,0,NONE
TXN_000360,U_LEGIT_0773,208.48,481,D_LEGIT_1149,IP_LEGIT_0512,C_LEGIT_0669,M_100,0,4,0,1,1,0,NONE
TXN_006413,U_LEGIT_2379,233.7,554,D_LEGIT_1691,IP_LEGIT_0018,C_LEGIT_2454,M_017,0,1,1,1,1,0,NONE
TXN_001185,U_LEGIT_0252,57.33,256,D_LEGIT_1708,IP_SHARED_BENIGN_08,C_LEGIT_2148,M_075,1,2,0,1,2,0,NONE
TXN_002321,U_LEGIT_2124,109.98,1163,D_LEGIT_1531,IP_LEGIT_1967,C_LEGIT_0325,M_043,0,3,0,2,1,0,NONE
TXN_008833,U_LEGIT_1546,228.32,463,D_LEGIT_0425,IP_SHARED_BENIGN_03,C_LEGIT_2577,M_026,1,5,0,1,1,0,NONE
TXN_009245,U_INDIV_0079,1986.23,1,D_INDIV_0189,IP_INDIV_0240,C_INDIV_0255,M_020,16,29,4,7,4,1,INDIVIDUAL_FRAUD
TXN_009756,U_BURST_007,715.45,0,D_BURST_010,IP_BURST_SUBNET_02,C_BURST_008,M_066,19,33,5,3,3,1,ACCOUNT_BURST
TXN_001391,U_LEGIT_1935,232.02,1001,D_LEGIT_0847,IP_LEGIT_0181,C_LEGIT_2558,M_132,0,3,0,1,1,0,NONE
TXN_009609,U_FARM_014,253.57,2,D_FARM_HUB_02,IP_FARM_PROXY_01,C_FARM_010,M_001,16,57,4,1,3,1,DEVICE_FARM
TXN_007372,U_LEGIT_1735,67.71,117,D_LEGIT_1962,IP_LEGIT_1003,C_LEGIT_2870,M_019,0,2,0,2,1,0,NONE
TXN_001279,U_LEGIT_1754,18.38,658,D_LEGIT_0053,IP_LEGIT_1743,C_LEGIT_0026,M_011,0,2,0,1,1,0,NONE
TXN_004039,U_LEGIT_1446,53.06,388,D_LEGIT_0206,IP_LEGIT_0866,C_LEGIT_2199,M_077,0,4,0,1,1,0,NONE
TXN_006800,U_LEGIT_1090,239.82,803,D_LEGIT_1833,IP_LEGIT_0676,C_LEGIT_2472,M_064,0,2,0,1,2,0,NONE
TXN_004750,U_LEGIT_1991,135.28,910,D_SHARED_BENIGN_06,IP_LEGIT_0101,C_LEGIT_2767,M_148,0,5,0,1,2,0,NONE
TXN_006194,U_LEGIT_0015,198.89,245,D_SHARED_BENIGN_02,IP_LEGIT_0880,C_LEGIT_1994,M_008,0,1,0,1,1,0,NONE
TXN_000410,U_LEGIT_0382,212.08,162,D_LEGIT_0662,IP_LEGIT_0777,C_LEGIT_0278,M_110,0,2,0,1,1,0,NONE
TXN_006120,U_LEGIT_0959,194.59,172,D_LEGIT_0868,IP_LEGIT_1977,C_LEGIT_2689,M_116,0,3,0,1,1,0,NONE
TXN_001216,U_LEGIT_1893,45.91,795,D_LEGIT_1684,IP_LEGIT_1937,C_LEGIT_2588,M_100,0,1,0,1,1,0,NONE
TXN_007953,U_LEGIT_0955,198.38,580,D_LEGIT_1283,IP_LEGIT_1993,C_LEGIT_0058,M_108,0,5,0,1,2,0,NONE
TXN_008241,U_LEGIT_1266,141.29,267,D_LEGIT_1613,IP_LEGIT_0242,C_LEGIT_2282,M_014,2,4,0,1,2,0,NONE
TXN_007850,U_LEGIT_1854,237.51,329,D_LEGIT_1963,IP_LEGIT_0420,C_LEGIT_2490,M_087,0,5,0,1,2,0,NONE
TXN_009928,U_DIST_028,36.61,6,D_DIST_015,IP_DIST_PROXY_03,C_DIST_014,M_TARGET_HIGHVAL_99,5,11,1,2,1,1,DISTRIBUTED_ABUSE
TXN_001975,U_LEGIT_0854,87.93,164,D_LEGIT_0623,IP_LEGIT_0764,C_LEGIT_0897,M_066,0,4,0,2,1,0,NONE
TXN_007407,U_LEGIT_0340,238.83,1178,D_LEGIT_0239,IP_LEGIT_1342,C_LEGIT_0027,M_138,0,2,0,1,1,0,NONE
TXN_008739,U_LEGIT_1027,247.94,45,D_LEGIT_1615,IP_LEGIT_1131,C_LEGIT_0622,M_136,0,1,0,2,1,0,NONE
TXN_002905,U_LEGIT_0728,136.71,691,D_LEGIT_1473,IP_LEGIT_1653,C_LEGIT_1218,M_133,0,4,0,1,1,0,NONE
TXN_007516,U_LEGIT_0895,248.68,133,D_LEGIT_1066,IP_LEGIT_0976,C_LEGIT_0709,M_127,2,3,0,1,1,0,NONE
TXN_009308,U_INDIV_0115,1461.69,3,D_INDIV_0168,IP_INDIV_0031,C_INDIV_0352,M_024,18,41,7,4,7,1,INDIVIDUAL_FRAUD
TXN_004276,U_LEGIT_2231,191.96,726,D_LEGIT_1472,IP_LEGIT_0451,C_LEGIT_0953,M_029,0,5,0,2,1,0,NONE
TXN_002885,U_LEGIT_2176,169.88,89,D_LEGIT_0086,IP_LEGIT_0898,C_LEGIT_0557,M_001,1,2,0,1,1,0,NONE
TXN_009238,U_INDIV_0092,939.58,6,D_INDIV_0204,IP_INDIV_0150,C_INDIV_0156,M_062,13,22,3,3,7,1,INDIVIDUAL_FRAUD
TXN_008298,U_LEGIT_2116,154.78,349,D_LEGIT_1412,IP_LEGIT_0629,C_LEGIT_0388,M_043,0,3,0,2,1,0,NONE
TXN_006614,U_LEGIT_2133,178.92,431,D_LEGIT_1319,IP_LEGIT_1394,C_LEGIT_2640,M_124,0,2,0,2,1,0,NONE
TXN_005469,U_LEGIT_1491,117.8,662,D_LEGIT_1264,IP_LEGIT_0540,C_LEGIT_0159,M_117,0,5,0,1,2,0,NONE
TXN_004035,U_LEGIT_1315,17.41,466,D_LEGIT_0216,IP_SHARED_BENIGN_01,C_LEGIT_2722,M_020,0,2,0,1,1,0,NONE
TXN_006964,U_LEGIT_0474,91.71,274,D_LEGIT_0892,IP_LEGIT_1879,C_LEGIT_2491,M_131,0,2,0,1,2,0,NONE
TXN_003820,U_LEGIT_0915,129.2,362,D_LEGIT_1888,IP_LEGIT_0236,C_LEGIT_0953,M_105,0,3,0,2,2,0,NONE
TXN_004299,U_LEGIT_0054,90.21,773,D_LEGIT_1275,IP_LEGIT_1090,C_LEGIT_2616,M_083,0,5,0,1,1,0,NONE
TXN_004994,U_LEGIT_0886,60.54,871,D_LEGIT_1053,IP_LEGIT_0017,C_LEGIT_2995,M_094,0,4,0,1,2,0,NONE
TXN_009003,U_INDIV_0128,2440.96,6,D_INDIV_0136,IP_INDIV_0064,C_INDIV_0396,M_135,16,35,9,4,3,1,INDIVIDUAL_FRAUD
TXN_002828,U_LEGIT_2430,167.74,1124,D_LEGIT_0697,IP_LEGIT_0979,C_LEGIT_2355,M_121,0,2,0,2,1,0,NONE
TXN_007855,U_LEGIT_1534,171.13,799,D_SHARED_BENIGN_05,IP_LEGIT_1679,C_LEGIT_0609,M_052,0,2,0,1,2,0,NONE
TXN_003627,U_LEGIT_0890,75.96,759,D_LEGIT_0140,IP_LEGIT_1991,C_LEGIT_1038,M_121,0,1,0,1,1,0,NONE
TXN_003506,U_LEGIT_1319,134.97,375,D_LEGIT_0852,IP_LEGIT_1137,C_LEGIT_1855,M_034,0,4,0,1,2,0,NONE
TXN_005731,U_LEGIT_1713,42.77,1076,D_SHARED_BENIGN_09,IP_LEGIT_0680,C_LEGIT_1661,M_124,0,2,0,1,1,0,NONE
TXN_005865,U_LEGIT_1223,17.1,48,D_LEGIT_0001,IP_LEGIT_1326,C_LEGIT_0251,M_137,1,1,0,1,2,0,NONE
TXN_003147,U_LEGIT_0277,80.99,1145,D_LEGIT_1280,IP_LEGIT_1896,C_LEGIT_1840,M_140,0,2,0,1,2,0,NONE
TXN_007338,U_LEGIT_1861,201.21,1036,D_LEGIT_1435,IP_LEGIT_1765,C_LEGIT_0570,M_003,0,5,0,1,1,0,NONE
TXN_002872,U_LEGIT_2387,144.05,439,D_LEGIT_1365,IP_LEGIT_1980,C_LEGIT_0569,M_018,1,1,0,1,1,0,NONE
TXN_006850,U_LEGIT_0801,107.51,240,D_LEGIT_1374,IP_LEGIT_1426,C_LEGIT_0557,M_098,0,4,0,2,1,0,NONE
TXN_003196,U_LEGIT_1251,103.49,1173,D_LEGIT_1440,IP_LEGIT_1416,C_LEGIT_1909,M_037,0,4,0,1,1,0,NONE
TXN_000469,U_LEGIT_1105,41.03,983,D_LEGIT_0261,IP_SHARED_BENIGN_10,C_LEGIT_0245,M_072,0,2,0,1,1,0,NONE
TXN_000890,U_LEGIT_0493,215.0,738,D_LEGIT_0892,IP_LEGIT_0365,C_LEGIT_0104,M_094,0,2,0,1,2,0,NONE
TXN_006723,U_LEGIT_1880,10.03,868,D_SHARED_BENIGN_09,IP_LEGIT_0142,C_LEGIT_1064,M_094,1,3,0,1,1,0,NONE
TXN_009096,U_INDIV_0042,2997.02,7,D_INDIV_0249,IP_INDIV_0151,C_INDIV_0241,M_112,12,15,8,4,5,1,INDIVIDUAL_FRAUD
TXN_006191,U_LEGIT_0197,184.99,1063,D_LEGIT_0163,IP_LEGIT_0494,C_LEGIT_1814,M_149,1,1,0,2,1,0,NONE
TXN_002913,U_LEGIT_1693,51.28,604,D_LEGIT_1169,IP_LEGIT_0388,C_LEGIT_0504,M_040,0,2,0,1,1,0,NONE
TXN_007599,U_LEGIT_0402,173.3,675,D_LEGIT_0637,IP_LEGIT_0515,C_LEGIT_0996,M_074,0,3,0,2,1,0,NONE
TXN_001756,U_LEGIT_1608,216.86,979,D_SHARED_BENIGN_10,IP_LEGIT_0882,C_LEGIT_0177,M_035,0,4,0,1,1,0,NONE
TXN_003040,U_LEGIT_0743,67.26,671,D_LEGIT_0595,IP_LEGIT_1815,C_LEGIT_2617,M_128,0,2,0,1,1,0,NONE
TXN_008336,U_LEGIT_2448,184.66,183,D_LEGIT_1216,IP_SHARED_BENIGN_04,C_LEGIT_2084,M_011,0,2,0,1,1,0,NONE
TXN_007515,U_LEGIT_2316,167.11,1152,D_LEGIT_0713,IP_LEGIT_1033,C_LEGIT_2154,M_103,0,2,0,1,1,0,NONE
TXN_000008,U_LEGIT_0899,44.99,357,D_LEGIT_0284,IP_LEGIT_0187,C_LEGIT_0193,M_029,0,4,0,2,2,0,NONE
TXN_006275,U_LEGIT_0264,121.12,38,D_LEGIT_1738,IP_LEGIT_1346,C_LEGIT_2565,M_087,0,5,0,1,1,0,NONE
TXN_006419,U_LEGIT_1161,13.96,138,D_LEGIT_1747,IP_LEGIT_1411,C_LEGIT_1841,M_053,1,1,0,1,1,0,NONE
TXN_000555,U_LEGIT_2406,241.95,413,D_LEGIT_1552,IP_LEGIT_1278,C_LEGIT_1086,M_088,0,1,0,1,1,0,NONE
TXN_008694,U_LEGIT_0593,214.16,734,D_LEGIT_0820,IP_LEGIT_0055,C_LEGIT_1912,M_106,1,1,0,1,2,0,NONE
TXN_009314,U_INDIV_0167,2935.82,0,D_INDIV_0085,IP_INDIV_0259,C_INDIV_0363,M_097,6,39,4,6,8,1,INDIVIDUAL_FRAUD
TXN_004550,U_LEGIT_1633,217.18,113,D_LEGIT_1913,IP_LEGIT_0204,C_LEGIT_1590,M_106,0,5,0,1,2,0,NONE
TXN_001909,U_LEGIT_2269,200.91,152,D_SHARED_BENIGN_06,IP_LEGIT_0113,C_LEGIT_1667,M_019,0,2,0,1,2,0,NONE
TXN_005923,U_LEGIT_1161,37.88,568,D_LEGIT_0723,IP_SHARED_BENIGN_04,C_LEGIT_0733,M_051,0,5,1,1,1,0,NONE
TXN_002148,U_LEGIT_1759,86.14,502,D_LEGIT_0224,IP_LEGIT_0171,C_LEGIT_1644,M_010,0,1,0,1,1,0,NONE
TXN_004240,U_LEGIT_0204,10.72,675,D_LEGIT_1004,IP_LEGIT_1190,C_LEGIT_0536,M_149,0,1,0,1,1,0,NONE
TXN_007187,U_LEGIT_0334,30.11,316,D_LEGIT_1705,IP_LEGIT_0513,C_LEGIT_0142,M_001,0,5,0,1,1,0,NONE
TXN_003158,U_LEGIT_1374,39.31,952,D_LEGIT_0449,IP_LEGIT_1875,C_LEGIT_1807,M_031,2,1,0,2,1,0,NONE
TXN_002509,U_LEGIT_1034,148.21,770,D_LEGIT_1084,IP_SHARED_BENIGN_07,C_LEGIT_2977,M_087,0,5,0,1,1,0,NONE
TXN_007118,U_LEGIT_2379,93.55,283,D_LEGIT_0871,IP_LEGIT_0076,C_LEGIT_1022,M_029,0,4,0,1,1,0,NONE
TXN_004175,U_LEGIT_0857,36.7,1041,D_LEGIT_0551,IP_LEGIT_0237,C_LEGIT_1403,M_071,0,4,0,2,2,0,NONE
TXN_007366,U_LEGIT_0912,153.16,770,D_SHARED_BENIGN_06,IP_LEGIT_0179,C_LEGIT_1476,M_028,0,2,0,1,1,0,NONE
TXN_002788,U_LEGIT_0547,20.88,516,D_LEGIT_1092,IP_LEGIT_1856,C_LEGIT_0136,M_066,0,5,0,1,1,0,NONE
TXN_004111,U_LEGIT_0889,180.3,478,D_LEGIT_1778,IP_LEGIT_1413,C_LEGIT_0014,M_017,1,5,0,1,1,0,NONE
TXN_005557,U_LEGIT_2151,71.44,169,D_LEGIT_1302,IP_LEGIT_0794,C_LEGIT_2813,M_085,0,2,1,2,1,0,NONE
TXN_001947,U_LEGIT_1059,175.77,1009,D_LEGIT_1278,IP_LEGIT_0940,C_LEGIT_0088,M_093,0,4,0,1,1,0,NONE
TXN_008118,U_LEGIT_0354,101.43,488,D_LEGIT_1564,IP_LEGIT_0089,C_LEGIT_2071,M_112,0,4,0,1,2,0,NONE
TXN_009717,U_CYCLE_008,822.59,4,D_CYCLE_029,IP_CYCLE_003,C_STOLEN_POOL_04,M_062,10,18,8,5,6,1,CARD_CYCLING
TXN_000968,U_LEGIT_0783,131.11,965,D_LEGIT_0186,IP_LEGIT_0737,C_LEGIT_1958,M_066,0,4,0,2,1,0,NONE
TXN_007247,U_LEGIT_1277,55.32,743,D_LEGIT_0819,IP_LEGIT_0976,C_LEGIT_0114,M_004,0,2,0,2,1,0,NONE
TXN_000515,U_LEGIT_1313,14.51,728,D_SHARED_BENIGN_10,IP_SHARED_BENIGN_06,C_LEGIT_1429,M_150,0,4,0,1,2,0,NONE
TXN_003323,U_LEGIT_1082,233.59,400,D_LEGIT_0206,IP_LEGIT_1208,C_LEGIT_1419,M_130,2,1,0,1,1,0,NONE
TXN_007244,U_LEGIT_0385,242.74,851,D_SHARED_BENIGN_02,IP_LEGIT_1393,C_LEGIT_0629,M_002,0,3,0,1,2,0,NONE
TXN_000498,U_LEGIT_0893,212.75,1158,D_LEGIT_0453,IP_LEGIT_1629,C_LEGIT_2289,M_135,0,1,0,1,1,0,NONE
TXN_004286,U_LEGIT_1728,184.1,221,D_LEGIT_0879,IP_LEGIT_0258,C_LEGIT_0195,M_030,0,2,0,1,1,0,NONE
TXN_002759,U_LEGIT_0766,152.73,123,D_LEGIT_0069,IP_LEGIT_1447,C_LEGIT_1604,M_084,0,3,0,1,2,0,NONE
TXN_006279,U_LEGIT_2225,98.76,396,D_LEGIT_1286,IP_LEGIT_0861,C_LEGIT_1006,M_128,0,3,0,2,1,0,NONE
TXN_002784,U_LEGIT_2432,37.57,903,D_LEGIT_0163,IP_LEGIT_0094,C_LEGIT_0752,M_063,0,1,0,1,1,0,NONE
TXN_003785,U_LEGIT_0774,87.43,141,D_LEGIT_0349,IP_LEGIT_1335,C_LEGIT_1852,M_117,0,3,0,1,1,0,NONE
TXN_008449,U_LEGIT_1527,207.33,1026,D_LEGIT_1717,IP_LEGIT_0114,C_LEGIT_0523,M_034,0,5,0,1,2,0,NONE
TXN_003789,U_LEGIT_0424,36.58,366,D_LEGIT_0880,IP_LEGIT_1091,C_LEGIT_2552,M_045,0,4,0,1,1,0,NONE
TXN_002059,U_LEGIT_2084,33.4,177,D_LEGIT_0774,IP_LEGIT_1472,C_LEGIT_1002,M_060,0,2,0,1,2,0,NONE
TXN_007990,U_LEGIT_1706,95.32,560,D_LEGIT_1390,IP_LEGIT_0518,C_LEGIT_2711,M_040,0,3,0,1,1,0,NONE
TXN_000387,U_LEGIT_1805,35.19,141,D_SHARED_BENIGN_04,IP_LEGIT_0766,C_LEGIT_0639,M_022,0,5,0,1,1,0,NONE
TXN_001772,U_LEGIT_1345,229.39,936,D_LEGIT_1414,IP_LEGIT_1837,C_LEGIT_1594,M_015,0,5,0,1,1,0,NONE
TXN_004819,U_LEGIT_0642,52.05,1159,D_LEGIT_1230,IP_LEGIT_0899,C_LEGIT_1977,M_009,0,5,0,1,1,0,NONE
TXN_000324,U_LEGIT_1542,199.82,43,D_LEGIT_0457,IP_LEGIT_0723,C_LEGIT_1414,M_125,0,2,0,1,1,0,NONE
TXN_000550,U_LEGIT_0632,94.89,226,D_LEGIT_1006,IP_LEGIT_1508,C_LEGIT_1271,M_034,0,5,0,2,2,0,NONE
TXN_003358,U_LEGIT_2323,20.07,816,D_LEGIT_0860,IP_LEGIT_0490,C_LEGIT_0969,M_145,0,5,0,1,2,0,NONE
TXN_007067,U_LEGIT_0053,79.62,629,D_LEGIT_1078,IP_LEGIT_1530,C_LEGIT_2259,M_021,0,1,0,1,2,0,NONE
TXN_008964,U_LEGIT_2003,68.22,926,D_LEGIT_1154,IP_LEGIT_0738,C_LEGIT_2235,M_137,1,2,0,1,2,0,NONE
TXN_007083,U_LEGIT_0592,200.22,1168,D_LEGIT_1797,IP_LEGIT_0266,C_LEGIT_1432,M_045,0,1,0,1,1,0,NONE
TXN_004530,U_LEGIT_0656,96.74,133,D_LEGIT_0703,IP_LEGIT_1264,C_LEGIT_0740,M_068,0,2,0,1,1,0,NONE
TXN_009522,U_FARM_026,372.45,5,D_FARM_HUB_01,IP_FARM_PROXY_01,C_FARM_011,M_001,11,59,4,1,6,1,DEVICE_FARM
TXN_002531,U_LEGIT_0286,124.87,1122,D_SHARED_BENIGN_02,IP_SHARED_BENIGN_08,C_LEGIT_1787,M_012,0,5,0,2,1,0,NONE
TXN_008611,U_LEGIT_0429,182.62,1013,D_LEGIT_1937,IP_LEGIT_0874,C_LEGIT_0358,M_099,0,2,0,1,1,0,NONE
TXN_006240,U_LEGIT_0324,94.74,578,D_LEGIT_0925,IP_LEGIT_1929,C_LEGIT_2083,M_135,0,1,0,1,2,0,NONE
TXN_009704,U_CYCLE_008,344.98,10,D_CYCLE_009,IP_CYCLE_008,C_STOLEN_POOL_02,M_028,9,25,4,4,8,1,CARD_CYCLING
TXN_001379,U_LEGIT_0544,147.71,412,D_LEGIT_1437,IP_LEGIT_0735,C_LEGIT_1862,M_134,0,3,1,1,1,0,NONE
TXN_000075,U_LEGIT_1810,118.55,648,D_LEGIT_1204,IP_LEGIT_1971,C_LEGIT_1738,M_065,0,4,0,1,1,0,NONE
TXN_007168,U_LEGIT_0349,84.13,328,D_LEGIT_1158,IP_LEGIT_1908,C_LEGIT_2549,M_058,0,3,0,1,2,0,NONE
TXN_003043,U_LEGIT_1986,164.22,1109,D_LEGIT_0475,IP_LEGIT_0748,C_LEGIT_0840,M_113,0,4,0,1,1,0,NONE
TXN_001101,U_LEGIT_0476,13.73,1046,D_LEGIT_0286,IP_LEGIT_1939,C_LEGIT_2479,M_145,0,4,0,1,1,0,NONE
TXN_003348,U_LEGIT_0504,101.81,474,D_LEGIT_0792,IP_LEGIT_1417,C_LEGIT_1806,M_080,0,2,0,1,2,0,NONE
TXN_000951,U_LEGIT_2339,214.27,351,D_LEGIT_0664,IP_LEGIT_1570,C_LEGIT_1623,M_044,0,5,1,2,1,0,NONE
TXN_007454,U_LEGIT_2351,44.72,410,D_LEGIT_0150,IP_LEGIT_1577,C_LEGIT_2851,M_135,0,3,0,1,1,0,NONE
TXN_003078,U_LEGIT_1910,30.76,898,D_LEGIT_1336,IP_LEGIT_1554,C_LEGIT_1380,M_127,0,3,0,1,1,0,NONE
TXN_009085,U_INDIV_0112,1957.61,3,D_INDIV_0356,IP_INDIV_0129,C_INDIV_0378,M_021,13,15,4,3,5,1,INDIVIDUAL_FRAUD
TXN_000288,U_LEGIT_2127,124.63,818,D_LEGIT_1435,IP_LEGIT_0887,C_LEGIT_2711,M_064,0,5,0,1,1,0,NONE
TXN_006737,U_LEGIT_0582,152.45,939,D_LEGIT_0742,IP_LEGIT_1347,C_LEGIT_2952,M_109,0,2,0,1,1,0,NONE
TXN_007245,U_LEGIT_2084,194.94,455,D_LEGIT_0420,IP_LEGIT_1701,C_LEGIT_0253,M_017,0,2,0,1,1,0,NONE
TXN_002498,U_LEGIT_1915,62.76,647,D_SHARED_BENIGN_01,IP_LEGIT_1529,C_LEGIT_0844,M_078,0,4,0,1,2,0,NONE
TXN_003470,U_LEGIT_0100,104.27,317,D_LEGIT_0304,IP_LEGIT_1359,C_LEGIT_0964,M_025,0,3,0,1,1,0,NONE
TXN_001750,U_LEGIT_0328,90.03,529,D_LEGIT_0131,IP_LEGIT_1528,C_LEGIT_0301,M_147,0,4,0,2,2,0,NONE
TXN_008193,U_LEGIT_0191,204.83,928,D_LEGIT_0620,IP_LEGIT_0070,C_LEGIT_2444,M_050,1,2,0,1,1,0,NONE
TXN_006464,U_LEGIT_2352,183.02,721,D_LEGIT_1994,IP_LEGIT_1491,C_LEGIT_1907,M_068,0,4,0,2,1,0,NONE
TXN_000018,U_LEGIT_0682,99.71,829,D_LEGIT_0986,IP_LEGIT_0822,C_LEGIT_0241,M_043,0,4,0,2,1,0,NONE
TXN_008757,U_LEGIT_1525,169.96,1054,D_SHARED_BENIGN_10,IP_LEGIT_0965,C_LEGIT_0389,M_040,0,3,0,1,1,0,NONE
TXN_007805,U_LEGIT_0523,241.81,426,D_SHARED_BENIGN_03,IP_LEGIT_1181,C_LEGIT_1157,M_095,0,5,0,1,1,0,NONE
TXN_008055,U_LEGIT_1971,236.94,574,D_LEGIT_0014,IP_LEGIT_0890,C_LEGIT_2328,M_041,0,5,0,2,1,0,NONE
TXN_003632,U_LEGIT_1160,196.65,1118,D_LEGIT_1815,IP_LEGIT_0559,C_LEGIT_2699,M_002,0,2,0,1,2,0,NONE
TXN_004603,U_LEGIT_1085,243.83,947,D_LEGIT_1279,IP_LEGIT_1170,C_LEGIT_1769,M_079,0,4,0,1,1,0,NONE
TXN_004414,U_LEGIT_2040,190.48,97,D_LEGIT_1500,IP_LEGIT_0444,C_LEGIT_2859,M_106,0,1,0,1,2,0,NONE
TXN_002496,U_LEGIT_1137,233.39,751,D_LEGIT_0729,IP_LEGIT_1615,C_LEGIT_2448,M_098,0,3,0,1,1,0,NONE
TXN_003640,U_LEGIT_1998,115.79,964,D_LEGIT_0900,IP_LEGIT_0213,C_LEGIT_0457,M_090,0,5,0,2,1,0,NONE
TXN_007785,U_LEGIT_1521,23.15,873,D_LEGIT_1057,IP_LEGIT_0674,C_LEGIT_0741,M_090,0,5,0,1,1,0,NONE
TXN_003906,U_LEGIT_0511,233.87,891,D_LEGIT_1572,IP_LEGIT_1320,C_LEGIT_2456,M_037,0,4,0,1,2,0,NONE
TXN_007859,U_LEGIT_2020,100.07,587,D_SHARED_BENIGN_02,IP_LEGIT_0579,C_LEGIT_2839,M_028,0,2,0,1,1,0,NONE
TXN_007091,U_LEGIT_0080,87.03,204,D_LEGIT_0141,IP_LEGIT_1840,C_LEGIT_0018,M_060,0,3,0,1,1,0,NONE
TXN_006172,U_LEGIT_0851,187.54,374,D_LEGIT_0196,IP_LEGIT_0053,C_LEGIT_0451,M_059,0,5,0,1,1,0,NONE
TXN_003247,U_LEGIT_0122,20.19,985,D_SHARED_BENIGN_10,IP_LEGIT_0604,C_LEGIT_1902,M_128,0,5,0,2,1,0,NONE
TXN_004292,U_LEGIT_2229,163.58,575,D_LEGIT_0247,IP_LEGIT_0297,C_LEGIT_0670,M_055,0,5,0,1,2,0,NONE
TXN_008565,U_LEGIT_1277,139.8,975,D_LEGIT_1191,IP_LEGIT_1167,C_LEGIT_2399,M_136,0,2,0,1,1,0,NONE
TXN_005123,U_LEGIT_0074,135.3,419,D_LEGIT_1917,IP_LEGIT_1192,C_LEGIT_2662,M_054,0,5,0,2,1,0,NONE
TXN_006839,U_LEGIT_0881,45.38,330,D_LEGIT_0769,IP_LEGIT_0214,C_LEGIT_1758,M_014,0,3,0,1,2,0,NONE
TXN_006862,U_LEGIT_1969,93.71,1148,D_LEGIT_0144,IP_LEGIT_0914,C_LEGIT_2694,M_043,0,2,0,1,2,0,NONE
TXN_001553,U_LEGIT_0671,78.3,618,D_SHARED_BENIGN_02,IP_LEGIT_0839,C_LEGIT_2718,M_134,0,3,0,1,2,0,NONE
TXN_001633,U_LEGIT_0272,29.65,142,D_LEGIT_1414,IP_LEGIT_1184,C_LEGIT_1494,M_037,0,4,0,1,2,0,NONE
TXN_002601,U_LEGIT_1606,110.94,403,D_LEGIT_0026,IP_LEGIT_1804,C_LEGIT_2655,M_083,0,5,0,1,2,0,NONE
TXN_007656,U_LEGIT_1966,181.08,1186,D_LEGIT_0768,IP_LEGIT_1528,C_LEGIT_2435,M_042,0,3,0,2,1,0,NONE
TXN_000367,U_LEGIT_1622,174.59,347,D_LEGIT_0019,IP_LEGIT_1191,C_LEGIT_2830,M_122,0,1,0,2,1,0,NONE
TXN_002187,U_LEGIT_0342,208.98,971,D_LEGIT_0338,IP_LEGIT_1852,C_LEGIT_1912,M_086,0,1,1,1,1,0,NONE
TXN_004908,U_LEGIT_0441,114.22,955,D_LEGIT_0554,IP_LEGIT_1563,C_LEGIT_0655,M_057,0,1,0,1,1,0,NONE
TXN_006109,U_LEGIT_1390,212.76,708,D_LEGIT_0470,IP_LEGIT_1474,C_LEGIT_2521,M_099,0,1,0,1,1,0,NONE
TXN_006569,U_LEGIT_1266,235.91,537,D_SHARED_BENIGN_09,IP_LEGIT_0500,C_LEGIT_0315,M_104,0,3,0,1,1,0,NONE
TXN_006905,U_LEGIT_1790,44.42,743,D_LEGIT_1205,IP_LEGIT_0767,C_LEGIT_2169,M_081,0,2,0,1,1,0,NONE
TXN_001387,U_LEGIT_1973,30.13,791,D_SHARED_BENIGN_06,IP_LEGIT_1314,C_LEGIT_2860,M_016,2,5,0,2,1,0,NONE
TXN_003372,U_LEGIT_1043,227.61,739,D_LEGIT_0922,IP_LEGIT_0383,C_LEGIT_2237,M_008,0,1,0,1,1,0,NONE
TXN_006334,U_LEGIT_1339,64.45,657,D_LEGIT_1170,IP_LEGIT_0255,C_LEGIT_0969,M_001,0,2,0,1,1,0,NONE
TXN_005549,U_LEGIT_0496,183.76,1152,D_LEGIT_0031,IP_LEGIT_0752,C_LEGIT_2981,M_011,0,5,0,1,1,0,NONE
TXN_008233,U_LEGIT_1938,131.36,304,D_LEGIT_1165,IP_SHARED_BENIGN_06,C_LEGIT_1485,M_072,0,5,0,1,2,0,NONE
TXN_008816,U_LEGIT_0889,71.96,650,D_LEGIT_0055,IP_LEGIT_1593,C_LEGIT_2775,M_044,0,2,0,2,2,0,NONE
TXN_007525,U_LEGIT_1139,119.75,203,D_LEGIT_0585,IP_LEGIT_0380,C_LEGIT_0931,M_072,1,5,0,1,1,0,NONE
TXN_009510,U_FARM_007,200.73,5,D_FARM_HUB_01,IP_FARM_PROXY_01,C_FARM_031,M_032,18,48,3,1,2,1,DEVICE_FARM
TXN_000539,U_LEGIT_1848,10.5,302,D_LEGIT_0758,IP_LEGIT_1326,C_LEGIT_1877,M_022,1,4,0,2,2,0,NONE
TXN_005017,U_LEGIT_0275,125.03,753,D_LEGIT_1160,IP_LEGIT_1998,C_LEGIT_1535,M_094,0,5,0,1,1,0,NONE
TXN_005804,U_LEGIT_0262,204.9,824,D_LEGIT_0590,IP_LEGIT_0202,C_LEGIT_1159,M_126,0,4,0,1,1,0,NONE
TXN_006360,U_LEGIT_1914,74.9,910,D_LEGIT_1653,IP_LEGIT_1855,C_LEGIT_0502,M_019,0,3,0,2,1,0,NONE
TXN_005278,U_LEGIT_0259,77.37,616,D_LEGIT_1124,IP_LEGIT_1557,C_LEGIT_1409,M_032,0,4,0,1,1,0,NONE
TXN_008320,U_LEGIT_2188,195.43,761,D_LEGIT_0220,IP_LEGIT_0358,C_LEGIT_1006,M_087,0,1,0,1,1,0,NONE
TXN_006126,U_LEGIT_1347,39.29,677,D_SHARED_BENIGN_04,IP_LEGIT_0655,C_LEGIT_0781,M_024,0,5,0,1,1,0,NONE
TXN_002876,U_LEGIT_0637,238.59,705,D_LEGIT_1515,IP_LEGIT_1732,C_LEGIT_2824,M_115,0,1,0,1,1,0,NONE
TXN_004315,U_LEGIT_1432,145.97,494,D_SHARED_BENIGN_10,IP_LEGIT_1611,C_LEGIT_0020,M_114,0,4,0,1,1,0,NONE
TXN_000517,U_LEGIT_0154,12.94,991,D_LEGIT_1769,IP_LEGIT_1055,C_LEGIT_1726,M_069,0,3,0,2,1,0,NONE
TXN_002971,U_LEGIT_2051,96.5,168,D_LEGIT_1871,IP_SHARED_BENIGN_09,C_LEGIT_2727,M_004,0,5,0,1,2,0,NONE
TXN_003086,U_LEGIT_0641,175.53,407,D_LEGIT_0310,IP_LEGIT_0421,C_LEGIT_1257,M_009,0,2,0,1,1,0,NONE
TXN_009110,U_INDIV_0018,2094.83,2,D_INDIV_0138,IP_INDIV_0372,C_INDIV_0256,M_039,8,34,9,7,4,1,INDIVIDUAL_FRAUD
TXN_007896,U_LEGIT_0980,179.1,965,D_LEGIT_1427,IP_LEGIT_0645,C_LEGIT_1786,M_108,0,2,0,1,1,0,NONE
TXN_008838,U_LEGIT_1149,144.95,562,D_LEGIT_1534,IP_LEGIT_0588,C_LEGIT_2612,M_023,1,2,1,2,1,0,NONE
TXN_003282,U_LEGIT_1435,57.51,573,D_LEGIT_1333,IP_LEGIT_1579,C_LEGIT_0914,M_074,0,4,0,1,2,0,NONE
TXN_009526,U_FARM_004,149.88,3,D_FARM_HUB_02,IP_FARM_PROXY_01,C_FARM_017,M_019,19,49,5,1,4,1,DEVICE_FARM
TXN_003842,U_LEGIT_2076,220.77,128,D_LEGIT_0219,IP_LEGIT_0734,C_LEGIT_0231,M_028,0,3,0,1,1,0,NONE
TXN_009437,U_INDIV_0020,1198.92,2,D_INDIV_0100,IP_INDIV_0332,C_INDIV_0118,M_086,13,20,9,5,4,1,INDIVIDUAL_FRAUD
TXN_004938,U_LEGIT_0580,85.37,154,D_LEGIT_0190,IP_LEGIT_0800,C_LEGIT_2130,M_066,0,4,0,1,1,0,NONE
TXN_008480,U_LEGIT_0824,211.75,424,D_LEGIT_1550,IP_LEGIT_0806,C_LEGIT_0400,M_043,0,5,0,1,1,0,NONE
TXN_008836,U_LEGIT_1149,18.71,344,D_LEGIT_1975,IP_LEGIT_1250,C_LEGIT_0994,M_027,0,5,0,2,1,0,NONE
TXN_007545,U_LEGIT_1875,198.75,726,D_LEGIT_1119,IP_LEGIT_1056,C_LEGIT_2325,M_126,0,3,0,1,1,0,NONE
TXN_003813,U_LEGIT_2299,37.04,502,D_LEGIT_1290,IP_LEGIT_1411,C_LEGIT_2888,M_023,0,4,0,1,1,0,NONE
TXN_006848,U_LEGIT_0888,216.22,436,D_LEGIT_1968,IP_LEGIT_0365,C_LEGIT_2766,M_028,0,2,0,2,1,0,NONE
TXN_001714,U_LEGIT_0364,182.05,818,D_SHARED_BENIGN_09,IP_SHARED_BENIGN_10,C_LEGIT_2808,M_029,1,2,0,2,2,0,NONE
TXN_007573,U_LEGIT_1878,56.36,748,D_LEGIT_0638,IP_LEGIT_1366,C_LEGIT_2487,M_129,0,2,0,2,1,0,NONE
TXN_004830,U_LEGIT_0748,143.55,407,D_LEGIT_0533,IP_LEGIT_1621,C_LEGIT_0564,M_113,0,3,0,1,1,0,NONE
TXN_000125,U_LEGIT_1819,74.44,147,D_LEGIT_0087,IP_LEGIT_1867,C_LEGIT_1445,M_112,0,4,0,1,1,0,NONE
TXN_004364,U_LEGIT_0989,197.27,77,D_LEGIT_1223,IP_SHARED_BENIGN_09,C_LEGIT_0264,M_022,0,4,0,1,1,0,NONE
TXN_007106,U_LEGIT_2338,125.44,461,D_LEGIT_1308,IP_LEGIT_0695,C_LEGIT_1823,M_061,0,2,0,1,1,0,NONE
TXN_008395,U_LEGIT_0933,126.78,749,D_LEGIT_0596,IP_LEGIT_1186,C_LEGIT_1906,M_041,0,3,0,2,1,0,NONE
TXN_009997,U_DIST_024,65.46,2,D_DIST_004,IP_DIST_PROXY_01,C_DIST_002,M_TARGET_HIGHVAL_99,8,6,0,1,1,1,DISTRIBUTED_ABUSE
TXN_008228,U_LEGIT_1200,240.65,389,D_LEGIT_0024,IP_LEGIT_1347,C_LEGIT_0094,M_063,0,4,0,2,1,0,NONE
TXN_007156,U_LEGIT_0929,224.66,528,D_LEGIT_1909,IP_LEGIT_0766,C_LEGIT_2925,M_086,0,3,0,1,1,0,NONE
TXN_004309,U_LEGIT_1190,25.92,563,D_SHARED_BENIGN_02,IP_LEGIT_0360,C_LEGIT_0752,M_031,1,3,0,2,1,0,NONE
TXN_005839,U_LEGIT_0939,77.93,886,D_LEGIT_0775,IP_SHARED_BENIGN_08,C_LEGIT_1619,M_146,0,5,0,1,1,0,NONE
TXN_008010,U_LEGIT_2155,222.29,1022,D_LEGIT_0818,IP_LEGIT_1242,C_LEGIT_1029,M_040,0,2,0,1,1,0,NONE
TXN_006343,U_LEGIT_1773,24.26,836,D_LEGIT_1031,IP_LEGIT_1146,C_LEGIT_1822,M_020,1,4,0,2,2,0,NONE
TXN_002123,U_LEGIT_0450,193.49,568,D_LEGIT_0683,IP_LEGIT_0947,C_LEGIT_1864,M_059,0,1,0,1,2,0,NONE
TXN_002917,U_LEGIT_1830,32.26,1061,D_LEGIT_1547,IP_LEGIT_0779,C_LEGIT_1476,M_114,0,4,0,1,1,0,NONE
TXN_006643,U_LEGIT_1319,12.51,574,D_LEGIT_1855,IP_LEGIT_1325,C_LEGIT_2542,M_010,0,4,0,2,1,0,NONE
TXN_002812,U_LEGIT_0726,109.54,474,D_LEGIT_0852,IP_LEGIT_0351,C_LEGIT_2164,M_143,0,4,0,1,1,0,NONE
TXN_001063,U_LEGIT_1337,198.41,1166,D_LEGIT_1864,IP_LEGIT_0641,C_LEGIT_2597,M_122,0,3,0,1,1,0,NONE
TXN_005814,U_LEGIT_0140,199.34,798,D_LEGIT_0810,IP_LEGIT_0990,C_LEGIT_1230,M_105,0,3,0,2,1,0,NONE
TXN_005184,U_LEGIT_0385,196.03,382,D_LEGIT_1106,IP_LEGIT_1060,C_LEGIT_0455,M_072,0,1,0,1,1,0,NONE
TXN_001581,U_LEGIT_1718,81.93,1106,D_SHARED_BENIGN_09,IP_LEGIT_0106,C_LEGIT_0146,M_050,0,4,0,2,1,0,NONE
TXN_004048,U_LEGIT_1649,12.41,754,D_LEGIT_1402,IP_LEGIT_1535,C_LEGIT_0824,M_021,0,1,0,1,1,0,NONE
TXN_002964,U_LEGIT_1799,51.18,969,D_LEGIT_1519,IP_LEGIT_0019,C_LEGIT_1682,M_076,0,5,0,1,1,0,NONE
TXN_000887,U_LEGIT_0858,42.69,1003,D_LEGIT_1605,IP_LEGIT_0444,C_LEGIT_0375,M_038,1,3,0,1,1,0,NONE
TXN_005892,U_LEGIT_2235,55.84,304,D_LEGIT_0590,IP_LEGIT_0179,C_LEGIT_1851,M_050,0,4,0,1,1,0,NONE
TXN_003070,U_LEGIT_2304,95.8,1074,D_LEGIT_0600,IP_LEGIT_1784,C_LEGIT_0675,M_078,1,1,0,1,1,0,NONE
TXN_000788,U_LEGIT_1860,229.84,819,D_LEGIT_1737,IP_LEGIT_1873,C_LEGIT_0533,M_057,2,5,0,2,1,0,NONE
TXN_004271,U_LEGIT_1657,75.14,149,D_LEGIT_0711,IP_LEGIT_0135,C_LEGIT_0420,M_034,0,4,0,2,1,0,NONE
TXN_009209,U_INDIV_0081,2978.63,3,D_INDIV_0158,IP_INDIV_0051,C_INDIV_0394,M_139,6,49,5,5,8,1,INDIVIDUAL_FRAUD
TXN_006658,U_LEGIT_0596,75.92,617,D_LEGIT_1971,IP_LEGIT_0296,C_LEGIT_2380,M_003,0,2,0,2,1,0,NONE
TXN_001149,U_LEGIT_0211,169.19,209,D_SHARED_BENIGN_03,IP_SHARED_BENIGN_05,C_LEGIT_1503,M_092,0,3,0,1,1,0,NONE
TXN_000138,U_LEGIT_2367,128.7,661,D_LEGIT_0389,IP_LEGIT_1021,C_LEGIT_2109,M_120,0,1,0,2,1,0,NONE
TXN_004338,U_LEGIT_2226,247.77,366,D_LEGIT_1219,IP_LEGIT_1921,C_LEGIT_2742,M_043,0,2,0,1,2,0,NONE
TXN_005503,U_LEGIT_2241,96.05,362,D_LEGIT_0194,IP_LEGIT_0649,C_LEGIT_1396,M_112,0,5,0,1,1,0,NONE
TXN_006927,U_LEGIT_2400,39.41,240,D_LEGIT_1868,IP_LEGIT_0417,C_LEGIT_0390,M_068,0,2,0,1,1,0,NONE
TXN_003541,U_LEGIT_1570,32.85,609,D_LEGIT_1661,IP_LEGIT_0553,C_LEGIT_0851,M_086,0,5,0,1,1,0,NONE
TXN_000119,U_LEGIT_0768,139.67,1069,D_LEGIT_0176,IP_LEGIT_0739,C_LEGIT_0278,M_135,0,4,0,1,2,0,NONE
TXN_002616,U_LEGIT_0228,197.0,1182,D_LEGIT_1978,IP_LEGIT_1353,C_LEGIT_2028,M_124,0,3,0,1,1,0,NONE
TXN_004220,U_LEGIT_1491,16.36,242,D_SHARED_BENIGN_04,IP_LEGIT_0934,C_LEGIT_0352,M_013,1,4,0,1,1,0,NONE
TXN_008806,U_LEGIT_0984,65.81,624,D_SHARED_BENIGN_01,IP_LEGIT_1481,C_LEGIT_2930,M_056,0,2,0,2,1,0,NONE
TXN_009589,U_FARM_025,364.11,4,D_FARM_HUB_01,IP_FARM_PROXY_01,C_FARM_032,M_081,12,69,3,1,2,1,DEVICE_FARM
TXN_000329,U_LEGIT_1550,208.02,227,D_LEGIT_0223,IP_SHARED_BENIGN_09,C_LEGIT_2066,M_108,0,5,0,1,1,0,NONE
TXN_003911,U_LEGIT_2436,176.25,156,D_LEGIT_0876,IP_LEGIT_0818,C_LEGIT_0383,M_052,0,2,0,2,1,0,NONE
TXN_004725,U_LEGIT_0453,93.65,737,D_LEGIT_1040,IP_LEGIT_1413,C_LEGIT_1492,M_094,0,5,0,2,2,0,NONE
TXN_008496,U_LEGIT_2272,153.41,563,D_LEGIT_1028,IP_LEGIT_0809,C_LEGIT_1031,M_032,0,4,0,1,2,0,NONE
TXN_005628,U_LEGIT_2334,205.86,653,D_LEGIT_1197,IP_LEGIT_1554,C_LEGIT_1987,M_091,0,5,0,1,1,0,NONE
TXN_003226,U_LEGIT_0223,126.14,325,D_LEGIT_0737,IP_LEGIT_1765,C_LEGIT_1539,M_132,0,5,0,1,1,0,NONE
TXN_000135,U_LEGIT_2344,124.87,861,D_LEGIT_1309,IP_SHARED_BENIGN_09,C_LEGIT_1187,M_078,0,1,0,1,2,0,NONE
TXN_007651,U_LEGIT_0633,249.94,964,D_LEGIT_1975,IP_LEGIT_0590,C_LEGIT_2470,M_050,0,2,0,1,1,0,NONE
TXN_006380,U_LEGIT_1985,73.87,291,D_LEGIT_0903,IP_LEGIT_0432,C_LEGIT_1492,M_075,0,1,0,1,1,0,NONE
TXN_000936,U_LEGIT_0598,96.68,725,D_LEGIT_1553,IP_LEGIT_1544,C_LEGIT_0458,M_044,0,2,0,1,1,0,NONE
TXN_008111,U_LEGIT_0600,151.63,233,D_LEGIT_1276,IP_LEGIT_1099,C_LEGIT_2532,M_145,0,3,0,1,1,0,NONE
TXN_005210,U_LEGIT_2105,138.85,550,D_LEGIT_1273,IP_LEGIT_0210,C_LEGIT_2000,M_006,0,3,0,1,2,0,NONE
TXN_007797,U_LEGIT_2107,16.13,190,D_LEGIT_0050,IP_LEGIT_0477,C_LEGIT_2903,M_027,0,2,0,2,1,0,NONE
TXN_008631,U_LEGIT_0899,185.87,150,D_LEGIT_1851,IP_LEGIT_1180,C_LEGIT_0170,M_079,0,4,0,1,1,0,NONE
TXN_003849,U_LEGIT_1142,79.85,754,D_LEGIT_0456,IP_LEGIT_0886,C_LEGIT_2466,M_024,1,1,0,1,1,0,NONE
TXN_008587,U_LEGIT_1476,170.81,604,D_LEGIT_1661,IP_LEGIT_1099,C_LEGIT_0862,M_149,0,5,0,2,1,0,NONE
TXN_007397,U_LEGIT_0748,136.58,1087,D_LEGIT_0763,IP_LEGIT_0336,C_LEGIT_1675,M_055,0,5,0,1,1,0,NONE
TXN_004850,U_LEGIT_1932,197.38,682,D_LEGIT_0182,IP_SHARED_BENIGN_03,C_LEGIT_1307,M_050,1,5,0,1,1,0,NONE
TXN_007315,U_LEGIT_1562,168.92,187,D_LEGIT_0749,IP_LEGIT_0087,C_LEGIT_2643,M_035,0,5,0,1,2,0,NONE
TXN_000293,U_LEGIT_1399,98.48,247,D_LEGIT_1298,IP_LEGIT_0598,C_LEGIT_2244,M_134,0,2,0,2,1,0,NONE
TXN_005863,U_LEGIT_0938,24.03,1067,D_LEGIT_0390,IP_LEGIT_1568,C_LEGIT_0359,M_072,0,4,0,2,1,0,NONE
TXN_002897,U_LEGIT_0572,102.18,911,D_LEGIT_1111,IP_LEGIT_1392,C_LEGIT_1716,M_120,0,4,0,1,1,0,NONE
TXN_001370,U_LEGIT_0470,230.53,1014,D_SHARED_BENIGN_01,IP_LEGIT_1294,C_LEGIT_2445,M_143,0,1,0,1,1,0,NONE
TXN_006827,U_LEGIT_0643,91.03,478,D_LEGIT_1434,IP_LEGIT_1378,C_LEGIT_2452,M_100,0,2,1,1,1,0,NONE
TXN_002221,U_LEGIT_0849,229.7,928,D_LEGIT_0510,IP_LEGIT_0184,C_LEGIT_2064,M_013,0,2,0,1,1,0,NONE
TXN_002795,U_LEGIT_0249,135.68,1057,D_LEGIT_0057,IP_LEGIT_1629,C_LEGIT_1310,M_001,0,5,0,2,2,0,NONE
TXN_005504,U_LEGIT_0469,131.26,353,D_LEGIT_1752,IP_LEGIT_0379,C_LEGIT_2763,M_061,0,4,0,1,2,0,NONE
TXN_007647,U_LEGIT_0944,222.04,662,D_LEGIT_1154,IP_LEGIT_0742,C_LEGIT_1556,M_140,0,4,0,1,1,0,NONE
TXN_006152,U_LEGIT_1874,95.97,995,D_LEGIT_0062,IP_LEGIT_1349,C_LEGIT_1320,M_121,0,2,0,1,1,0,NONE
TXN_006765,U_LEGIT_1101,248.83,576,D_LEGIT_0626,IP_LEGIT_1089,C_LEGIT_2505,M_060,2,4,0,1,1,0,NONE
TXN_008781,U_LEGIT_2415,224.39,469,D_LEGIT_1262,IP_LEGIT_0514,C_LEGIT_1382,M_001,0,4,0,1,2,0,NONE
TXN_006551,U_LEGIT_2013,134.74,974,D_LEGIT_1816,IP_LEGIT_1056,C_LEGIT_0203,M_068,0,3,0,1,1,0,NONE
TXN_008633,U_LEGIT_0666,68.95,915,D_LEGIT_0772,IP_LEGIT_0775,C_LEGIT_0793,M_009,0,4,0,1,1,0,NONE
TXN_001802,U_LEGIT_0679,31.87,938,D_LEGIT_1718,IP_LEGIT_1901,C_LEGIT_2115,M_054,0,1,0,1,1,0,NONE
TXN_008777,U_LEGIT_1775,204.78,318,D_LEGIT_0258,IP_LEGIT_0883,C_LEGIT_0920,M_057,0,3,0,1,2,0,NONE
TXN_000988,U_LEGIT_0512,219.81,113,D_LEGIT_1250,IP_LEGIT_0145,C_LEGIT_2950,M_088,0,3,0,2,2,0,NONE
TXN_009332,U_INDIV_0143,941.07,6,D_INDIV_0300,IP_INDIV_0216,C_INDIV_0191,M_034,17,39,4,3,8,1,INDIVIDUAL_FRAUD
TXN_009768,U_BURST_020,744.75,0,D_BURST_019,IP_BURST_SUBNET_01,C_BURST_027,M_072,12,15,1,3,2,1,ACCOUNT_BURST
TXN_005970,U_LEGIT_1019,63.3,722,D_LEGIT_1420,IP_LEGIT_0974,C_LEGIT_2874,M_099,0,1,0,1,1,0,NONE
TXN_008235,U_LEGIT_2054,113.05,995,D_LEGIT_1682,IP_LEGIT_1909,C_LEGIT_0767,M_029,0,5,0,1,1,0,NONE
TXN_002041,U_LEGIT_0268,210.26,502,D_LEGIT_1110,IP_LEGIT_0393,C_LEGIT_2494,M_005,0,3,0,1,1,0,NONE
TXN_004995,U_LEGIT_2030,22.96,664,D_LEGIT_0528,IP_LEGIT_1592,C_LEGIT_1819,M_142,0,2,0,1,1,0,NONE
TXN_008474,U_LEGIT_2320,128.13,746,D_SHARED_BENIGN_04,IP_LEGIT_0294,C_LEGIT_1366,M_124,0,2,0,1,1,0,NONE
TXN_001594,U_LEGIT_2010,18.55,856,D_LEGIT_1734,IP_LEGIT_0176,C_LEGIT_1791,M_077,0,5,0,1,2,0,NONE
TXN_006007,U_LEGIT_1354,181.31,1136,D_LEGIT_0004,IP_LEGIT_0573,C_LEGIT_0940,M_097,2,5,0,1,1,0,NONE
TXN_009016,U_INDIV_0166,1767.91,2,D_INDIV_0109,IP_INDIV_0303,C_INDIV_0089,M_041,14,49,5,7,5,1,INDIVIDUAL_FRAUD
TXN_003884,U_LEGIT_1127,45.59,235,D_LEGIT_0388,IP_LEGIT_0062,C_LEGIT_2950,M_008,0,2,0,1,1,0,NONE
TXN_000038,U_LEGIT_1125,224.11,195,D_LEGIT_1462,IP_LEGIT_0557,C_LEGIT_1376,M_082,0,2,0,1,1,0,NONE
TXN_006539,U_LEGIT_1372,216.82,371,D_LEGIT_0226,IP_LEGIT_1960,C_LEGIT_0947,M_043,1,3,0,2,1,0,NONE
TXN_003484,U_LEGIT_0785,119.17,807,D_LEGIT_0598,IP_LEGIT_0703,C_LEGIT_0707,M_082,0,5,0,2,2,0,NONE
TXN_001430,U_LEGIT_2477,40.59,270,D_LEGIT_0930,IP_LEGIT_1734,C_LEGIT_0692,M_099,0,2,0,2,1,0,NONE
TXN_002554,U_LEGIT_0889,124.77,992,D_LEGIT_0304,IP_LEGIT_1509,C_LEGIT_2404,M_064,0,1,0,1,1,0,NONE
TXN_000475,U_LEGIT_1577,176.93,1140,D_LEGIT_0682,IP_LEGIT_0608,C_LEGIT_1745,M_070,0,2,0,1,1,0,NONE
TXN_008141,U_LEGIT_1025,48.93,238,D_SHARED_BENIGN_04,IP_LEGIT_0856,C_LEGIT_1858,M_011,0,4,0,1,1,0,NONE
TXN_007034,U_LEGIT_2138,88.64,1186,D_LEGIT_1590,IP_LEGIT_0283,C_LEGIT_0686,M_099,0,5,0,1,1,0,NONE
TXN_005708,U_LEGIT_0152,81.58,1079,D_LEGIT_1726,IP_LEGIT_1205,C_LEGIT_0328,M_028,0,5,0,1,1,0,NONE
TXN_000305,U_LEGIT_2346,239.59,1096,D_LEGIT_0150,IP_LEGIT_0651,C_LEGIT_2153,M_057,0,5,0,2,1,0,NONE
TXN_006023,U_LEGIT_0367,134.71,691,D_LEGIT_1418,IP_LEGIT_0493,C_LEGIT_2736,M_150,0,3,0,1,2,0,NONE
TXN_009520,U_FARM_027,379.9,5,D_FARM_HUB_02,IP_FARM_PROXY_01,C_FARM_007,M_121,9,53,5,1,2,1,DEVICE_FARM
TXN_008216,U_LEGIT_0598,185.21,939,D_LEGIT_0664,IP_LEGIT_1119,C_LEGIT_0777,M_029,0,1,0,1,1,0,NONE
TXN_005782,U_LEGIT_0544,95.52,850,D_LEGIT_1495,IP_LEGIT_1139,C_LEGIT_1921,M_061,0,5,0,1,1,0,NONE
TXN_005931,U_LEGIT_2390,10.48,427,D_SHARED_BENIGN_06,IP_LEGIT_0975,C_LEGIT_2245,M_054,0,3,0,1,1,0,NONE
TXN_003518,U_LEGIT_0754,211.35,1040,D_LEGIT_1598,IP_LEGIT_0815,C_LEGIT_1420,M_139,0,1,0,1,1,0,NONE
TXN_004668,U_LEGIT_2168,214.53,1069,D_LEGIT_0945,IP_SHARED_BENIGN_01,C_LEGIT_1240,M_037,0,4,0,1,1,0,NONE
TXN_003271,U_LEGIT_0875,238.01,863,D_LEGIT_0518,IP_SHARED_BENIGN_03,C_LEGIT_1465,M_009,0,2,1,2,1,0,NONE
TXN_006262,U_LEGIT_2017,15.31,906,D_LEGIT_1094,IP_SHARED_BENIGN_01,C_LEGIT_0203,M_091,0,3,0,2,1,0,NONE
TXN_009129,U_INDIV_0008,2423.61,4,D_INDIV_0302,IP_INDIV_0399,C_INDIV_0343,M_076,9,24,4,6,5,1,INDIVIDUAL_FRAUD
TXN_003920,U_LEGIT_2189,31.55,1104,D_LEGIT_1237,IP_LEGIT_0847,C_LEGIT_1362,M_001,1,4,0,2,2,0,NONE
TXN_007602,U_LEGIT_2181,113.36,260,D_LEGIT_0216,IP_LEGIT_0597,C_LEGIT_1502,M_115,0,2,0,1,1,0,NONE
TXN_002069,U_LEGIT_0330,189.23,947,D_SHARED_BENIGN_02,IP_LEGIT_0652,C_LEGIT_2058,M_056,0,3,0,1,1,0,NONE
TXN_001768,U_LEGIT_0872,70.7,411,D_LEGIT_0273,IP_LEGIT_1763,C_LEGIT_1659,M_075,1,2,0,1,2,0,NONE
TXN_003281,U_LEGIT_1403,193.62,1112,D_LEGIT_0962,IP_LEGIT_1164,C_LEGIT_0363,M_093,0,2,0,1,2,0,NONE
TXN_003731,U_LEGIT_0647,184.4,534,D_LEGIT_0854,IP_LEGIT_0258,C_LEGIT_2502,M_064,1,5,0,1,1,0,NONE
TXN_008767,U_LEGIT_0867,218.42,558,D_LEGIT_1459,IP_LEGIT_0794,C_LEGIT_0635,M_092,0,4,0,1,2,0,NONE
TXN_005384,U_LEGIT_0596,46.83,376,D_LEGIT_1120,IP_LEGIT_1789,C_LEGIT_2707,M_121,0,1,0,1,1,0,NONE
TXN_001031,U_LEGIT_0082,76.36,822,D_LEGIT_1866,IP_LEGIT_1171,C_LEGIT_2642,M_099,0,2,0,1,1,0,NONE
TXN_006288,U_LEGIT_0464,121.55,1068,D_LEGIT_1870,IP_LEGIT_0080,C_LEGIT_0061,M_130,0,2,0,1,1,0,NONE
TXN_009453,U_INDIV_0092,2133.01,0,D_INDIV_0021,IP_INDIV_0248,C_INDIV_0182,M_017,10,29,6,4,5,1,INDIVIDUAL_FRAUD
TXN_002657,U_LEGIT_2052,116.35,305,D_LEGIT_0156,IP_LEGIT_0049,C_LEGIT_2229,M_023,0,4,0,2,2,0,NONE
TXN_002040,U_LEGIT_1773,145.9,508,D_LEGIT_1919,IP_LEGIT_1229,C_LEGIT_0710,M_043,0,4,0,1,1,0,NONE
TXN_005001,U_LEGIT_1136,239.5,641,D_LEGIT_0880,IP_SHARED_BENIGN_05,C_LEGIT_1977,M_148,1,1,0,1,1,0,NONE
TXN_005031,U_LEGIT_0167,149.3,270,D_LEGIT_0071,IP_LEGIT_0324,C_LEGIT_2969,M_077,0,1,0,2,1,0,NONE
TXN_008607,U_LEGIT_1301,161.18,791,D_LEGIT_1237,IP_LEGIT_0308,C_LEGIT_0580,M_120,0,4,0,2,1,0,NONE
TXN_005106,U_LEGIT_2402,170.65,194,D_LEGIT_0255,IP_LEGIT_1687,C_LEGIT_0987,M_129,0,4,0,1,1,0,NONE
TXN_000104,U_LEGIT_1802,93.17,181,D_SHARED_BENIGN_08,IP_LEGIT_1631,C_LEGIT_1126,M_015,0,4,0,1,1,0,NONE
TXN_002928,U_LEGIT_0058,190.94,1086,D_LEGIT_1639,IP_SHARED_BENIGN_01,C_LEGIT_2815,M_119,0,2,0,1,1,0,NONE
TXN_002946,U_LEGIT_2458,30.5,550,D_LEGIT_1714,IP_LEGIT_0485,C_LEGIT_1189,M_008,0,5,0,1,2,0,NONE
TXN_006053,U_LEGIT_1730,223.5,1012,D_LEGIT_0110,IP_LEGIT_0520,C_LEGIT_2552,M_038,0,3,0,1,2,0,NONE
TXN_008645,U_LEGIT_1517,169.32,732,D_LEGIT_1369,IP_LEGIT_0220,C_LEGIT_1362,M_095,0,3,0,1,1,0,NONE
TXN_001634,U_LEGIT_0298,193.58,350,D_SHARED_BENIGN_01,IP_LEGIT_0746,C_LEGIT_0191,M_134,0,2,0,1,1,0,NONE
TXN_009293,U_INDIV_0123,1738.06,7,D_INDIV_0135,IP_INDIV_0166,C_INDIV_0318,M_031,16,32,8,5,7,1,INDIVIDUAL_FRAUD
TXN_002645,U_LEGIT_1124,27.14,782,D_LEGIT_1795,IP_LEGIT_1851,C_LEGIT_1871,M_060,0,1,0,2,1,0,NONE
TXN_008550,U_LEGIT_1357,221.31,411,D_LEGIT_1823,IP_LEGIT_0379,C_LEGIT_1445,M_071,0,2,0,1,2,0,NONE
TXN_000883,U_LEGIT_2128,47.75,1000,D_LEGIT_0967,IP_LEGIT_1918,C_LEGIT_1353,M_035,0,4,0,2,1,0,NONE
TXN_006613,U_LEGIT_2167,121.59,641,D_LEGIT_0852,IP_LEGIT_1585,C_LEGIT_2002,M_097,0,2,0,1,2,0,NONE
TXN_001262,U_LEGIT_1808,102.5,431,D_SHARED_BENIGN_03,IP_LEGIT_1115,C_LEGIT_1646,M_115,0,2,0,2,1,0,NONE
TXN_001543,U_LEGIT_1419,87.3,784,D_LEGIT_1760,IP_LEGIT_0832,C_LEGIT_0474,M_129,0,4,0,1,1,0,NONE
TXN_009978,U_DIST_014,27.74,15,D_DIST_004,IP_DIST_PROXY_02,C_DIST_012,M_TARGET_HIGHVAL_99,7,17,1,2,1,1,DISTRIBUTED_ABUSE
TXN_007908,U_LEGIT_1302,100.92,457,D_LEGIT_0444,IP_LEGIT_0740,C_LEGIT_1860,M_149,0,5,0,2,1,0,NONE
TXN_005108,U_LEGIT_1545,206.19,382,D_LEGIT_0284,IP_LEGIT_0561,C_LEGIT_0597,M_074,1,2,0,1,2,0,NONE
TXN_001277,U_LEGIT_0240,138.42,602,D_LEGIT_1770,IP_LEGIT_1038,C_LEGIT_1702,M_116,0,2,0,1,1,0,NONE
TXN_000256,U_LEGIT_0493,38.54,897,D_LEGIT_0920,IP_LEGIT_0343,C_LEGIT_0868,M_050,0,4,0,1,1,0,NONE
TXN_007813,U_LEGIT_1977,66.23,844,D_LEGIT_1363,IP_SHARED_BENIGN_09,C_LEGIT_1176,M_100,0,4,0,1,1,0,NONE
TXN_000126,U_LEGIT_0585,65.11,780,D_LEGIT_1389,IP_LEGIT_0072,C_LEGIT_0518,M_018,0,5,0,1,2,0,NONE
TXN_001861,U_LEGIT_1661,189.03,645,D_LEGIT_1672,IP_LEGIT_0223,C_LEGIT_1885,M_036,0,4,0,1,1,0,NONE
TXN_002300,U_LEGIT_1136,188.0,307,D_LEGIT_1973,IP_SHARED_BENIGN_07,C_LEGIT_2382,M_044,0,3,0,1,1,0,NONE
TXN_008545,U_LEGIT_0586,127.9,153,D_LEGIT_0352,IP_LEGIT_1171,C_LEGIT_0253,M_088,0,4,0,1,2,0,NONE
TXN_005492,U_LEGIT_0920,43.28,416,D_SHARED_BENIGN_10,IP_LEGIT_0840,C_LEGIT_1309,M_121,0,1,0,1,1,0,NONE
TXN_000191,U_LEGIT_0859,41.68,650,D_LEGIT_0597,IP_LEGIT_0142,C_LEGIT_1676,M_128,0,2,0,2,1,0,NONE
TXN_003709,U_LEGIT_1376,60.62,542,D_LEGIT_1065,IP_LEGIT_1372,C_LEGIT_1439,M_033,0,3,0,1,1,0,NONE
TXN_005741,U_LEGIT_1948,61.36,1070,D_LEGIT_1807,IP_SHARED_BENIGN_03,C_LEGIT_0331,M_102,0,3,0,2,1,0,NONE
TXN_003059,U_LEGIT_1837,140.5,1162,D_LEGIT_1597,IP_LEGIT_0219,C_LEGIT_1301,M_100,0,1,0,1,2,0,NONE
TXN_003134,U_LEGIT_2445,132.1,83,D_LEGIT_0552,IP_SHARED_BENIGN_07,C_LEGIT_0728,M_125,0,5,1,1,2,0,NONE
TXN_004046,U_LEGIT_0680,106.83,919,D_LEGIT_0071,IP_LEGIT_1588,C_LEGIT_2430,M_103,0,5,0,1,1,0,NONE
TXN_009974,U_DIST_014,56.07,24,D_DIST_026,IP_DIST_PROXY_04,C_DIST_007,M_TARGET_HIGHVAL_99,4,12,2,1,1,1,DISTRIBUTED_ABUSE
TXN_008261,U_LEGIT_2089,43.99,36,D_LEGIT_0247,IP_LEGIT_1409,C_LEGIT_0472,M_093,0,1,0,2,1,0,NONE
TXN_001071,U_LEGIT_1328,128.2,169,D_LEGIT_1165,IP_SHARED_BENIGN_09,C_LEGIT_0229,M_034,0,1,0,1,1,0,NONE
TXN_008225,U_LEGIT_0537,173.46,361,D_LEGIT_0439,IP_LEGIT_1162,C_LEGIT_0504,M_075,0,4,0,1,1,0,NONE
TXN_006882,U_LEGIT_0253,48.37,928,D_SHARED_BENIGN_03,IP_LEGIT_0696,C_LEGIT_1631,M_135,0,5,0,2,1,0,NONE
TXN_003796,U_LEGIT_2078,181.28,239,D_LEGIT_1678,IP_LEGIT_1034,C_LEGIT_1521,M_009,0,4,0,1,1,0,NONE
TXN_005402,U_LEGIT_1035,198.79,371,D_SHARED_BENIGN_10,IP_LEGIT_1652,C_LEGIT_0125,M_102,0,1,0,1,1,0,NONE
TXN_008483,U_LEGIT_1503,35.6,112,D_LEGIT_1272,IP_LEGIT_0978,C_LEGIT_1670,M_081,0,1,0,2,2,0,NONE
TXN_000920,U_LEGIT_1053,200.06,1199,D_LEGIT_1522,IP_LEGIT_1714,C_LEGIT_1776,M_030,0,3,0,1,1,0,NONE
TXN_008839,U_LEGIT_1951,51.64,528,D_LEGIT_0842,IP_LEGIT_1733,C_LEGIT_1667,M_020,0,2,0,1,2,0,NONE
TXN_004605,U_LEGIT_0295,94.53,336,D_LEGIT_1404,IP_LEGIT_0592,C_LEGIT_1656,M_006,1,3,0,1,1,0,NONE
TXN_000401,U_LEGIT_0174,101.75,130,D_LEGIT_0504,IP_LEGIT_0811,C_LEGIT_0161,M_143,0,4,0,1,1,0,NONE
TXN_006012,U_LEGIT_2447,188.14,886,D_LEGIT_0355,IP_LEGIT_1570,C_LEGIT_0552,M_104,0,1,0,2,2,0,NONE
TXN_000924,U_LEGIT_1396,136.8,378,D_LEGIT_1685,IP_LEGIT_0947,C_LEGIT_2044,M_054,0,3,0,1,2,0,NONE
TXN_008940,U_LEGIT_0513,155.19,758,D_LEGIT_1843,IP_LEGIT_0472,C_LEGIT_2582,M_130,0,4,0,1,1,0,NONE
TXN_002586,U_LEGIT_2497,110.85,749,D_LEGIT_0578,IP_LEGIT_0179,C_LEGIT_0736,M_106,0,1,0,1,2,0,NONE
TXN_004962,U_LEGIT_0182,232.35,429,D_LEGIT_1850,IP_LEGIT_1394,C_LEGIT_2027,M_042,0,4,0,1,2,0,NONE
TXN_003370,U_LEGIT_1070,168.93,935,D_LEGIT_1321,IP_LEGIT_0541,C_LEGIT_2908,M_111,0,2,0,2,1,0,NONE
TXN_008797,U_LEGIT_1058,243.72,681,D_LEGIT_1008,IP_LEGIT_1424,C_LEGIT_0264,M_068,0,2,0,1,1,0,NONE
TXN_008348,U_LEGIT_2404,177.95,711,D_LEGIT_1788,IP_LEGIT_0010,C_LEGIT_0291,M_001,0,4,0,2,1,0,NONE
TXN_000905,U_LEGIT_1644,109.88,581,D_LEGIT_1989,IP_LEGIT_0480,C_LEGIT_2077,M_028,1,4,0,1,1,0,NONE
TXN_009629,U_CYCLE_001,364.69,11,D_CYCLE_002,IP_CYCLE_028,C_STOLEN_POOL_02,M_057,14,38,9,3,9,1,CARD_CYCLING
TXN_003228,U_LEGIT_2290,223.87,144,D_LEGIT_0199,IP_LEGIT_1098,C_LEGIT_0820,M_074,2,1,0,1,1,0,NONE
TXN_006026,U_LEGIT_1851,78.25,67,D_LEGIT_0181,IP_LEGIT_1504,C_LEGIT_1994,M_081,0,3,0,2,2,0,NONE
TXN_007754,U_LEGIT_1551,166.76,729,D_LEGIT_1562,IP_LEGIT_0411,C_LEGIT_2605,M_129,0,1,0,2,1,0,NONE
TXN_004056,U_LEGIT_1772,32.71,342,D_LEGIT_0363,IP_SHARED_BENIGN_02,C_LEGIT_2245,M_141,0,4,0,1,1,0,NONE
TXN_009254,U_INDIV_0003,2936.25,0,D_INDIV_0166,IP_INDIV_0333,C_INDIV_0368,M_031,11,17,7,5,8,1,INDIVIDUAL_FRAUD
TXN_009869,U_BURST_004,1453.5,0,D_BURST_009,IP_BURST_SUBNET_02,C_BURST_030,M_112,18,25,1,3,3,1,ACCOUNT_BURST
TXN_006442,U_LEGIT_0875,94.67,31,D_SHARED_BENIGN_03,IP_LEGIT_1699,C_LEGIT_2195,M_023,0,2,1,1,1,0,NONE
TXN_004000,U_LEGIT_1287,138.79,1176,D_LEGIT_1403,IP_LEGIT_1410,C_LEGIT_1365,M_117,0,4,0,1,1,0,NONE
TXN_001782,U_LEGIT_1350,8.99,179,D_LEGIT_1152,IP_LEGIT_0467,C_LEGIT_1031,M_005,0,4,0,1,1,0,NONE
TXN_006715,U_LEGIT_1973,211.92,868,D_LEGIT_1614,IP_LEGIT_1558,C_LEGIT_1197,M_016,1,3,0,2,1,0,NONE
TXN_009689,U_CYCLE_009,259.39,7,D_CYCLE_010,IP_CYCLE_009,C_STOLEN_POOL_04,M_123,10,19,8,5,5,1,CARD_CYCLING
TXN_003957,U_LEGIT_2382,121.94,453,D_LEGIT_0775,IP_LEGIT_1908,C_LEGIT_1650,M_129,0,3,1,2,1,0,NONE
TXN_000181,U_LEGIT_1289,232.79,642,D_SHARED_BENIGN_04,IP_LEGIT_1541,C_LEGIT_2920,M_102,0,2,0,2,1,0,NONE
TXN_001126,U_LEGIT_2399,96.23,498,D_LEGIT_1227,IP_LEGIT_0401,C_LEGIT_0149,M_098,0,2,0,1,1,0,NONE
TXN_003420,U_LEGIT_1202,131.48,630,D_LEGIT_0768,IP_LEGIT_0949,C_LEGIT_2877,M_024,0,4,0,2,1,0,NONE
TXN_002863,U_LEGIT_0540,103.57,857,D_LEGIT_0761,IP_LEGIT_1047,C_LEGIT_0609,M_096,0,2,0,1,2,0,NONE
TXN_000633,U_LEGIT_2473,74.66,45,D_LEGIT_0636,IP_LEGIT_1030,C_LEGIT_2936,M_118,2,4,0,2,1,0,NONE
TXN_003253,U_LEGIT_1045,229.67,307,D_LEGIT_1631,IP_LEGIT_0773,C_LEGIT_2835,M_118,0,2,0,1,1,0,NONE
TXN_003352,U_LEGIT_0264,165.87,183,D_LEGIT_1777,IP_LEGIT_0320,C_LEGIT_0799,M_140,0,4,0,1,1,0,NONE
TXN_005361,U_LEGIT_1695,234.26,988,D_LEGIT_1561,IP_LEGIT_1948,C_LEGIT_1730,M_029,0,5,0,1,1,0,NONE
TXN_006195,U_LEGIT_1318,188.14,904,D_LEGIT_1558,IP_LEGIT_0602,C_LEGIT_2795,M_043,0,2,0,2,1,0,NONE
TXN_007732,U_LEGIT_2423,246.54,190,D_LEGIT_1120,IP_LEGIT_0655,C_LEGIT_1514,M_050,0,4,0,1,1,0,NONE
TXN_004337,U_LEGIT_0933,25.28,832,D_LEGIT_0295,IP_LEGIT_0531,C_LEGIT_0567,M_069,0,5,0,1,1,0,NONE
TXN_009069,U_INDIV_0162,890.64,1,D_INDIV_0001,IP_INDIV_0400,C_INDIV_0156,M_030,8,48,3,5,7,1,INDIVIDUAL_FRAUD
TXN_001617,U_LEGIT_1260,44.87,256,D_SHARED_BENIGN_07,IP_LEGIT_1544,C_LEGIT_1550,M_141,0,3,0,2,1,0,NONE
TXN_006772,U_LEGIT_1840,178.71,1088,D_LEGIT_0218,IP_LEGIT_1172,C_LEGIT_0177,M_057,0,1,0,1,1,0,NONE
TXN_009705,U_CYCLE_017,350.45,7,D_CYCLE_007,IP_CYCLE_028,C_STOLEN_POOL_04,M_067,6,17,4,2,7,1,CARD_CYCLING
TXN_006016,U_LEGIT_2491,42.49,788,D_SHARED_BENIGN_07,IP_LEGIT_1551,C_LEGIT_1247,M_078,0,1,0,1,2,0,NONE
TXN_004487,U_LEGIT_2466,138.33,432,D_LEGIT_1895,IP_LEGIT_0463,C_LEGIT_2474,M_040,1,4,0,1,1,0,NONE
TXN_009797,U_BURST_010,406.27,1,D_BURST_007,IP_BURST_SUBNET_02,C_BURST_027,M_025,25,34,1,3,2,1,ACCOUNT_BURST
TXN_002662,U_LEGIT_1548,235.71,1165,D_LEGIT_0158,IP_LEGIT_1640,C_LEGIT_2458,M_144,0,5,0,2,2,0,NONE
TXN_007403,U_LEGIT_0963,9.45,889,D_LEGIT_0327,IP_LEGIT_0438,C_LEGIT_2758,M_044,2,1,0,1,2,0,NONE
TXN_004497,U_LEGIT_0592,21.55,801,D_LEGIT_0660,IP_LEGIT_0799,C_LEGIT_0833,M_028,0,4,0,1,1,0,NONE
TXN_002232,U_LEGIT_0138,42.01,830,D_LEGIT_0782,IP_LEGIT_0853,C_LEGIT_0340,M_084,0,5,0,1,1,0,NONE
TXN_008134,U_LEGIT_0379,56.57,1051,D_SHARED_BENIGN_01,IP_LEGIT_0026,C_LEGIT_2725,M_079,0,4,0,2,2,0,NONE
TXN_000513,U_LEGIT_1813,126.94,305,D_LEGIT_0068,IP_LEGIT_1351,C_LEGIT_1242,M_043,0,4,0,1,2,0,NONE
TXN_003993,U_LEGIT_2347,125.98,492,D_LEGIT_0510,IP_LEGIT_1898,C_LEGIT_2466,M_079,0,5,0,1,1,0,NONE
TXN_003129,U_LEGIT_1124,126.21,1050,D_LEGIT_1380,IP_LEGIT_1759,C_LEGIT_1140,M_073,0,3,0,1,2,0,NONE
TXN_002602,U_LEGIT_0107,37.35,923,D_LEGIT_1910,IP_LEGIT_1347,C_LEGIT_1569,M_017,0,1,0,1,1,0,NONE
TXN_002189,U_LEGIT_0729,65.02,919,D_LEGIT_1178,IP_LEGIT_1983,C_LEGIT_1925,M_116,0,4,0,1,1,0,NONE
TXN_003257,U_LEGIT_0685,245.69,583,D_LEGIT_0245,IP_LEGIT_1370,C_LEGIT_1386,M_100,0,5,0,1,1,0,NONE
TXN_004326,U_LEGIT_2330,196.45,145,D_LEGIT_1205,IP_LEGIT_0562,C_LEGIT_0531,M_049,0,1,0,1,1,0,NONE
TXN_007706,U_LEGIT_1501,49.05,160,D_LEGIT_0255,IP_LEGIT_0390,C_LEGIT_1201,M_026,0,2,0,2,2,0,NONE
TXN_009779,U_BURST_018,889.85,0,D_BURST_005,IP_BURST_SUBNET_01,C_BURST_028,M_040,23,32,2,1,3,1,ACCOUNT_BURST
TXN_002471,U_LEGIT_1758,153.21,1166,D_LEGIT_0453,IP_LEGIT_0583,C_LEGIT_2715,M_088,0,5,0,1,1,0,NONE
TXN_009712,U_CYCLE_013,441.44,8,D_CYCLE_029,IP_CYCLE_003,C_STOLEN_POOL_05,M_058,9,35,9,4,9,1,CARD_CYCLING
TXN_001161,U_LEGIT_1841,69.5,573,D_LEGIT_1826,IP_LEGIT_0080,C_LEGIT_0940,M_149,0,2,0,2,1,0,NONE
TXN_000486,U_LEGIT_1188,201.5,935,D_LEGIT_1545,IP_LEGIT_1175,C_LEGIT_2732,M_038,0,1,0,1,1,0,NONE
TXN_003926,U_LEGIT_0706,37.4,713,D_LEGIT_1779,IP_LEGIT_1936,C_LEGIT_0800,M_074,0,2,0,1,2,0,NONE
TXN_006281,U_LEGIT_2133,161.17,946,D_LEGIT_0525,IP_LEGIT_0494,C_LEGIT_0544,M_051,2,3,0,1,2,0,NONE
TXN_001618,U_LEGIT_2477,12.16,848,D_LEGIT_0730,IP_LEGIT_0526,C_LEGIT_2355,M_045,0,3,0,1,1,0,NONE
TXN_000503,U_LEGIT_2375,130.19,169,D_LEGIT_0329,IP_LEGIT_1600,C_LEGIT_2985,M_062,0,5,0,1,1,0,NONE
TXN_001191,U_LEGIT_0188,127.34,912,D_LEGIT_0731,IP_LEGIT_0494,C_LEGIT_2182,M_086,1,1,0,1,1,0,NONE
TXN_001835,U_LEGIT_2243,23.38,456,D_LEGIT_1993,IP_LEGIT_1642,C_LEGIT_1371,M_088,0,3,0,1,2,0,NONE
TXN_003738,U_LEGIT_1249,59.35,305,D_LEGIT_0981,IP_SHARED_BENIGN_02,C_LEGIT_2098,M_022,0,4,0,1,1,0,NONE
TXN_008285,U_LEGIT_0728,22.55,1136,D_LEGIT_0963,IP_SHARED_BENIGN_10,C_LEGIT_0111,M_094,0,4,0,1,1,0,NONE
TXN_008637,U_LEGIT_2411,186.63,1011,D_SHARED_BENIGN_08,IP_LEGIT_1285,C_LEGIT_0261,M_021,0,3,0,1,1,0,NONE
TXN_005021,U_LEGIT_0324,10.32,130,D_LEGIT_0824,IP_LEGIT_1798,C_LEGIT_0725,M_028,0,3,0,1,1,0,NONE
TXN_002022,U_LEGIT_2443,188.25,878,D_LEGIT_1957,IP_LEGIT_0722,C_LEGIT_1838,M_046,0,5,0,2,1,0,NONE
TXN_004148,U_LEGIT_1555,56.02,141,D_LEGIT_1666,IP_SHARED_BENIGN_05,C_LEGIT_1915,M_135,0,2,0,2,1,0,NONE
TXN_004080,U_LEGIT_2465,206.83,533,D_LEGIT_1130,IP_LEGIT_0799,C_LEGIT_1793,M_137,0,5,0,1,1,0,NONE
TXN_003391,U_LEGIT_1940,62.11,428,D_LEGIT_0039,IP_SHARED_BENIGN_09,C_LEGIT_2476,M_069,0,3,0,1,2,0,NONE
TXN_002165,U_LEGIT_1558,183.1,402,D_LEGIT_0715,IP_LEGIT_0024,C_LEGIT_1778,M_098,1,4,0,1,2,0,NONE
TXN_001628,U_LEGIT_0929,175.04,257,D_LEGIT_1937,IP_LEGIT_0874,C_LEGIT_0113,M_142,0,4,1,1,1,0,NONE
TXN_002815,U_LEGIT_1230,159.02,281,D_LEGIT_1036,IP_LEGIT_0752,C_LEGIT_0306,M_042,2,4,0,2,1,0,NONE
TXN_009244,U_INDIV_0145,2385.96,0,D_INDIV_0149,IP_INDIV_0361,C_INDIV_0367,M_112,7,15,5,6,6,1,INDIVIDUAL_FRAUD
TXN_004879,U_LEGIT_0693,190.08,445,D_LEGIT_1776,IP_LEGIT_0531,C_LEGIT_0374,M_061,0,3,0,2,1,0,NONE
TXN_007875,U_LEGIT_1088,113.24,1110,D_LEGIT_0853,IP_SHARED_BENIGN_03,C_LEGIT_0609,M_027,0,1,0,1,2,0,NONE
TXN_001127,U_LEGIT_0325,75.4,410,D_LEGIT_0523,IP_LEGIT_0601,C_LEGIT_0581,M_112,0,3,0,1,1,0,NONE
TXN_006908,U_LEGIT_0453,28.09,342,D_LEGIT_0999,IP_LEGIT_0963,C_LEGIT_2110,M_097,0,3,0,2,2,0,NONE
TXN_005356,U_LEGIT_1684,92.78,457,D_LEGIT_1520,IP_LEGIT_1354,C_LEGIT_2609,M_066,0,5,1,1,1,0,NONE
TXN_005512,U_LEGIT_1411,145.87,651,D_LEGIT_1321,IP_LEGIT_1591,C_LEGIT_2971,M_064,0,1,0,1,2,0,NONE
TXN_000557,U_LEGIT_1618,205.46,415,D_LEGIT_0180,IP_LEGIT_0029,C_LEGIT_0782,M_029,1,2,0,1,1,0,NONE
TXN_004273,U_LEGIT_1467,49.96,883,D_LEGIT_0860,IP_SHARED_BENIGN_08,C_LEGIT_2578,M_115,0,5,0,1,1,0,NONE
TXN_009873,U_BURST_020,501.12,1,D_BURST_014,IP_BURST_SUBNET_02,C_BURST_023,M_045,20,15,3,3,3,1,ACCOUNT_BURST
TXN_003700,U_LEGIT_0514,163.02,1094,D_LEGIT_0482,IP_LEGIT_0497,C_LEGIT_2631,M_027,0,4,0,1,1,0,NONE
TXN_005018,U_LEGIT_1856,164.58,176,D_LEGIT_1409,IP_LEGIT_0191,C_LEGIT_0422,M_122,0,5,0,2,1,0,NONE
TXN_001983,U_LEGIT_0930,207.5,1036,D_LEGIT_0286,IP_LEGIT_1222,C_LEGIT_1085,M_060,0,3,0,1,1,0,NONE
TXN_004568,U_LEGIT_2457,184.45,1150,D_LEGIT_1666,IP_LEGIT_0849,C_LEGIT_2449,M_148,0,5,0,2,1,0,NONE
TXN_002430,U_LEGIT_0925,91.57,790,D_SHARED_BENIGN_03,IP_LEGIT_0797,C_LEGIT_2717,M_066,1,2,0,1,2,0,NONE
TXN_009605,U_FARM_001,381.65,5,D_FARM_HUB_02,IP_FARM_PROXY_01,C_FARM_020,M_111,13,38,3,1,6,1,DEVICE_FARM
TXN_005596,U_LEGIT_1354,237.05,647,D_LEGIT_0141,IP_LEGIT_1877,C_LEGIT_0260,M_114,0,4,0,1,1,0,NONE
TXN_009965,U_DIST_030,65.23,5,D_DIST_025,IP_DIST_PROXY_02,C_DIST_007,M_TARGET_HIGHVAL_99,6,17,0,2,1,1,DISTRIBUTED_ABUSE
TXN_009297,U_INDIV_0084,2139.68,2,D_INDIV_0059,IP_INDIV_0191,C_INDIV_0126,M_108,8,19,3,5,4,1,INDIVIDUAL_FRAUD
TXN_004365,U_LEGIT_1674,172.28,127,D_LEGIT_1310,IP_LEGIT_1202,C_LEGIT_2212,M_125,0,2,0,1,1,0,NONE
TXN_008275,U_LEGIT_0622,110.07,538,D_LEGIT_1322,IP_LEGIT_0618,C_LEGIT_1708,M_068,0,5,0,1,1,0,NONE
TXN_000080,U_LEGIT_2283,118.06,566,D_LEGIT_1620,IP_LEGIT_0542,C_LEGIT_2198,M_032,0,3,0,1,2,0,NONE
TXN_000621,U_LEGIT_1545,40.51,202,D_LEGIT_1916,IP_LEGIT_0522,C_LEGIT_2256,M_022,0,5,0,1,2,0,NONE
TXN_000863,U_LEGIT_0158,211.63,102,D_LEGIT_1910,IP_LEGIT_1068,C_LEGIT_1301,M_049,1,1,0,2,1,0,NONE
TXN_003450,U_LEGIT_0869,160.36,910,D_LEGIT_1670,IP_LEGIT_1691,C_LEGIT_0738,M_088,0,5,0,2,1,0,NONE
TXN_000347,U_LEGIT_0035,156.29,561,D_SHARED_BENIGN_04,IP_LEGIT_0207,C_LEGIT_1333,M_093,0,3,0,2,1,0,NONE
TXN_007158,U_LEGIT_1544,68.53,696,D_LEGIT_0669,IP_LEGIT_0853,C_LEGIT_2321,M_033,0,3,0,1,1,0,NONE
TXN_002243,U_LEGIT_0919,178.08,1169,D_LEGIT_1555,IP_LEGIT_0719,C_LEGIT_0958,M_017,0,4,0,2,1,0,NONE
TXN_005493,U_LEGIT_1481,187.85,766,D_LEGIT_0374,IP_LEGIT_1708,C_LEGIT_1418,M_074,0,1,0,2,1,0,NONE
TXN_002682,U_LEGIT_0136,47.68,898,D_LEGIT_0264,IP_LEGIT_1383,C_LEGIT_1267,M_068,0,4,0,1,1,0,NONE
TXN_005197,U_LEGIT_1120,157.98,860,D_LEGIT_1972,IP_SHARED_BENIGN_06,C_LEGIT_1433,M_034,0,5,0,1,1,0,NONE
TXN_009833,U_BURST_007,430.88,1,D_BURST_004,IP_BURST_SUBNET_02,C_BURST_015,M_149,12,22,5,2,2,1,ACCOUNT_BURST
TXN_009842,U_BURST_006,1097.64,1,D_BURST_006,IP_BURST_SUBNET_01,C_BURST_014,M_141,14,29,4,3,2,1,ACCOUNT_BURST
TXN_006136,U_LEGIT_1229,240.9,303,D_LEGIT_0806,IP_LEGIT_0379,C_LEGIT_0694,M_128,0,4,0,1,1,0,NONE
TXN_006495,U_LEGIT_0131,111.13,548,D_LEGIT_0215,IP_LEGIT_0898,C_LEGIT_2372,M_150,0,3,0,1,1,0,NONE
TXN_002374,U_LEGIT_2027,223.63,693,D_LEGIT_0703,IP_LEGIT_0760,C_LEGIT_1507,M_007,1,2,0,2,1,0,NONE
TXN_006904,U_LEGIT_1146,142.04,609,D_LEGIT_1830,IP_LEGIT_0376,C_LEGIT_1901,M_133,0,5,0,1,1,0,NONE
TXN_007737,U_LEGIT_0839,56.61,654,D_LEGIT_0230,IP_SHARED_BENIGN_03,C_LEGIT_1921,M_009,0,2,0,1,1,0,NONE
TXN_004037,U_LEGIT_1073,107.82,291,D_LEGIT_1916,IP_LEGIT_1677,C_LEGIT_0945,M_035,0,3,0,2,1,0,NONE
TXN_004986,U_LEGIT_1765,204.82,669,D_LEGIT_1144,IP_LEGIT_1198,C_LEGIT_0656,M_019,0,4,0,1,2,0,NONE
TXN_007645,U_LEGIT_0167,17.88,1164,D_LEGIT_1741,IP_LEGIT_1951,C_LEGIT_0706,M_134,1,2,0,1,2,0,NONE
TXN_009826,U_BURST_007,690.35,1,D_BURST_013,IP_BURST_SUBNET_01,C_BURST_014,M_084,14,22,5,3,1,1,ACCOUNT_BURST
TXN_000123,U_LEGIT_1120,90.05,412,D_LEGIT_0754,IP_LEGIT_0820,C_LEGIT_1802,M_099,0,4,0,1,1,0,NONE
TXN_007778,U_LEGIT_1351,228.46,568,D_LEGIT_0005,IP_LEGIT_1819,C_LEGIT_2746,M_115,0,3,0,2,1,0,NONE
TXN_007936,U_LEGIT_2161,178.17,710,D_LEGIT_0189,IP_LEGIT_1688,C_LEGIT_1386,M_108,0,1,0,1,1,0,NONE
TXN_008707,U_LEGIT_1154,20.51,499,D_LEGIT_1341,IP_LEGIT_1888,C_LEGIT_2885,M_039,0,5,0,1,1,0,NONE
TXN_009742,U_CYCLE_025,339.15,7,D_CYCLE_008,IP_CYCLE_027,C_STOLEN_POOL_01,M_110,6,21,10,2,5,1,CARD_CYCLING
TXN_009250,U_INDIV_0126,2396.89,1,D_INDIV_0205,IP_INDIV_0354,C_INDIV_0093,M_008,15,25,3,5,6,1,INDIVIDUAL_FRAUD
TXN_000675,U_LEGIT_0038,128.96,963,D_LEGIT_0944,IP_LEGIT_1672,C_LEGIT_1216,M_057,0,3,0,1,1,0,NONE
TXN_008038,U_LEGIT_1334,40.6,859,D_SHARED_BENIGN_09,IP_LEGIT_1672,C_LEGIT_2436,M_001,0,1,0,2,1,0,NONE
TXN_002272,U_LEGIT_0932,244.37,676,D_LEGIT_1987,IP_LEGIT_1170,C_LEGIT_0802,M_092,0,1,0,1,1,0,NONE
TXN_002577,U_LEGIT_0679,54.68,544,D_LEGIT_0753,IP_LEGIT_0523,C_LEGIT_1780,M_091,0,2,0,1,1,0,NONE
TXN_001561,U_LEGIT_0043,82.38,675,D_LEGIT_1757,IP_LEGIT_1747,C_LEGIT_2350,M_122,0,2,0,1,1,0,NONE
TXN_009567,U_FARM_024,329.12,0,D_FARM_HUB_02,IP_FARM_PROXY_01,C_FARM_037,M_065,18,51,5,1,3,1,DEVICE_FARM
TXN_005989,U_LEGIT_0663,219.32,261,D_LEGIT_0727,IP_LEGIT_0659,C_LEGIT_2282,M_008,0,2,0,1,1,0,NONE
TXN_009745,U_CYCLE_012,761.32,2,D_CYCLE_007,IP_CYCLE_013,C_STOLEN_POOL_05,M_135,8,18,5,2,7,1,CARD_CYCLING
TXN_006582,U_LEGIT_1884,150.88,892,D_LEGIT_0422,IP_LEGIT_0294,C_LEGIT_1373,M_092,0,3,0,2,2,0,NONE
TXN_001248,U_LEGIT_0094,56.02,959,D_LEGIT_1074,IP_LEGIT_0539,C_LEGIT_0276,M_050,0,2,0,1,1,0,NONE
TXN_002089,U_LEGIT_2168,188.47,52,D_LEGIT_0555,IP_LEGIT_1638,C_LEGIT_2902,M_023,0,2,0,1,2,0,NONE
TXN_005200,U_LEGIT_0664,33.45,670,D_LEGIT_1528,IP_LEGIT_0399,C_LEGIT_2521,M_113,2,1,0,1,1,0,NONE
TXN_004722,U_LEGIT_1104,99.14,1088,D_SHARED_BENIGN_05,IP_LEGIT_1221,C_LEGIT_0943,M_072,0,3,0,1,1,0,NONE
TXN_004957,U_LEGIT_0229,100.71,122,D_LEGIT_1958,IP_LEGIT_1102,C_LEGIT_1741,M_123,0,3,0,1,1,0,NONE
TXN_002568,U_LEGIT_1126,192.31,919,D_LEGIT_0528,IP_LEGIT_1145,C_LEGIT_0796,M_043,0,4,0,1,1,0,NONE
TXN_006748,U_LEGIT_1868,55.18,1113,D_LEGIT_1097,IP_LEGIT_0473,C_LEGIT_2035,M_012,0,4,0,1,2,0,NONE
TXN_000033,U_LEGIT_1664,154.81,689,D_LEGIT_0001,IP_LEGIT_0431,C_LEGIT_1761,M_149,0,4,0,2,1,0,NONE
TXN_005063,U_LEGIT_2478,87.2,154,D_SHARED_BENIGN_09,IP_LEGIT_0534,C_LEGIT_2926,M_120,0,3,1,1,1,0,NONE
TXN_006216,U_LEGIT_0222,112.35,58,D_LEGIT_1401,IP_LEGIT_0789,C_LEGIT_0518,M_062,0,4,0,2,1,0,NONE
TXN_002549,U_LEGIT_1496,89.44,723,D_LEGIT_1405,IP_LEGIT_1082,C_LEGIT_2155,M_021,0,2,0,1,2,0,NONE
TXN_006750,U_LEGIT_1600,52.1,130,D_LEGIT_1887,IP_LEGIT_0289,C_LEGIT_1352,M_121,0,3,0,1,1,0,NONE
TXN_003036,U_LEGIT_0105,136.21,252,D_LEGIT_0694,IP_LEGIT_1333,C_LEGIT_0050,M_082,0,5,0,2,2,0,NONE
TXN_003258,U_LEGIT_0805,182.82,109,D_LEGIT_1018,IP_LEGIT_0326,C_LEGIT_1842,M_058,0,5,0,2,1,0,NONE
TXN_008153,U_LEGIT_1032,242.07,1121,D_LEGIT_1943,IP_LEGIT_1234,C_LEGIT_2693,M_095,0,3,0,1,1,0,NONE
TXN_005325,U_LEGIT_1245,139.12,930,D_LEGIT_0751,IP_LEGIT_0639,C_LEGIT_2361,M_008,0,4,0,2,1,0,NONE
TXN_001230,U_LEGIT_1313,225.19,758,D_LEGIT_0436,IP_SHARED_BENIGN_03,C_LEGIT_0896,M_066,0,4,0,1,2,0,NONE
TXN_000704,U_LEGIT_1226,247.43,929,D_LEGIT_1828,IP_LEGIT_1663,C_LEGIT_1104,M_028,0,3,0,1,1,0,NONE
TXN_007422,U_LEGIT_0696,53.96,747,D_LEGIT_0632,IP_LEGIT_1337,C_LEGIT_2522,M_073,0,4,0,1,1,0,NONE
TXN_003652,U_LEGIT_0887,219.7,1075,D_LEGIT_0760,IP_LEGIT_1873,C_LEGIT_0791,M_102,0,2,0,2,1,0,NONE
TXN_009028,U_INDIV_0084,740.31,4,D_INDIV_0376,IP_INDIV_0033,C_INDIV_0260,M_113,15,43,6,6,7,1,INDIVIDUAL_FRAUD
TXN_004827,U_LEGIT_0001,202.62,953,D_LEGIT_1773,IP_LEGIT_1631,C_LEGIT_2282,M_045,0,2,0,2,1,0,NONE
TXN_009225,U_INDIV_0129,2407.85,0,D_INDIV_0314,IP_INDIV_0253,C_INDIV_0246,M_076,10,28,7,6,7,1,INDIVIDUAL_FRAUD
TXN_003979,U_LEGIT_1308,36.32,920,D_LEGIT_0734,IP_LEGIT_1135,C_LEGIT_1546,M_003,0,1,0,1,2,0,NONE
TXN_002822,U_LEGIT_1581,92.7,48,D_LEGIT_0870,IP_SHARED_BENIGN_05,C_LEGIT_1794,M_022,0,2,0,1,1,0,NONE
TXN_003851,U_LEGIT_1677,150.31,598,D_LEGIT_0987,IP_LEGIT_1010,C_LEGIT_1246,M_113,0,3,0,1,1,0,NONE
TXN_000556,U_LEGIT_1777,119.36,859,D_LEGIT_0012,IP_LEGIT_0028,C_LEGIT_0704,M_123,1,5,0,1,1,0,NONE
TXN_000649,U_LEGIT_2134,212.96,708,D_LEGIT_0850,IP_LEGIT_0591,C_LEGIT_0098,M_059,0,2,0,1,1,0,NONE
TXN_008356,U_LEGIT_2005,16.8,123,D_LEGIT_1028,IP_LEGIT_1478,C_LEGIT_2600,M_056,0,3,0,1,2,0,NONE
TXN_001968,U_LEGIT_0570,201.95,1124,D_LEGIT_1944,IP_LEGIT_1777,C_LEGIT_1624,M_090,0,1,0,1,2,0,NONE
TXN_004019,U_LEGIT_2169,207.21,94,D_LEGIT_0960,IP_LEGIT_0401,C_LEGIT_2672,M_006,0,1,0,2,1,0,NONE
TXN_004867,U_LEGIT_0247,41.96,85,D_LEGIT_0882,IP_LEGIT_1758,C_LEGIT_2862,M_122,2,4,0,1,1,0,NONE
TXN_009875,U_BURST_002,718.45,1,D_BURST_009,IP_BURST_SUBNET_02,C_BURST_009,M_077,25,17,3,3,3,1,ACCOUNT_BURST
TXN_000919,U_LEGIT_0314,100.42,191,D_LEGIT_0079,IP_LEGIT_1483,C_LEGIT_2613,M_026,0,3,0,1,1,0,NONE
TXN_008358,U_LEGIT_0222,73.27,373,D_LEGIT_0059,IP_LEGIT_1561,C_LEGIT_0846,M_002,0,2,0,2,1,0,NONE
TXN_009821,U_BURST_011,905.99,0,D_BURST_018,IP_BURST_SUBNET_01,C_BURST_029,M_102,20,23,2,2,3,1,ACCOUNT_BURST
TXN_007775,U_LEGIT_1159,77.63,720,D_LEGIT_0216,IP_LEGIT_1661,C_LEGIT_1642,M_019,0,2,0,1,1,0,NONE
TXN_004101,U_LEGIT_0519,33.55,827,D_LEGIT_1574,IP_LEGIT_1707,C_LEGIT_0291,M_132,0,5,0,1,1,0,NONE
TXN_000392,U_LEGIT_2007,65.16,1056,D_LEGIT_0322,IP_SHARED_BENIGN_06,C_LEGIT_1456,M_078,0,1,0,2,1,0,NONE
TXN_009719,U_CYCLE_011,590.6,11,D_CYCLE_007,IP_CYCLE_023,C_STOLEN_POOL_05,M_087,5,15,8,4,5,1,CARD_CYCLING
TXN_006933,U_LEGIT_1678,30.25,953,D_LEGIT_0874,IP_SHARED_BENIGN_03,C_LEGIT_0162,M_021,0,1,0,1,1,0,NONE
TXN_008475,U_LEGIT_1174,71.35,865,D_LEGIT_0331,IP_LEGIT_0479,C_LEGIT_1027,M_084,0,4,0,2,1,0,NONE
TXN_007898,U_LEGIT_1809,93.11,1058,D_LEGIT_1135,IP_LEGIT_0102,C_LEGIT_0040,M_079,0,5,0,1,2,0,NONE
TXN_008905,U_LEGIT_0584,50.74,223,D_LEGIT_1972,IP_LEGIT_0326,C_LEGIT_0464,M_033,1,5,0,1,1,0,NONE
TXN_007436,U_LEGIT_1034,35.22,276,D_LEGIT_1901,IP_LEGIT_1219,C_LEGIT_0567,M_146,0,3,0,2,1,0,NONE
TXN_004093,U_LEGIT_0198,63.13,197,D_LEGIT_1739,IP_LEGIT_0497,C_LEGIT_1379,M_110,0,4,0,1,2,0,NONE
TXN_007126,U_LEGIT_1500,42.79,32,D_LEGIT_1172,IP_LEGIT_0824,C_LEGIT_1552,M_087,0,3,0,1,1,0,NONE
TXN_008712,U_LEGIT_0622,163.87,477,D_SHARED_BENIGN_09,IP_LEGIT_0144,C_LEGIT_2718,M_061,0,2,0,1,2,0,NONE
TXN_002636,U_LEGIT_1706,54.32,336,D_LEGIT_0560,IP_LEGIT_1182,C_LEGIT_0507,M_081,0,5,0,1,1,0,NONE
TXN_006968,U_LEGIT_0499,217.48,748,D_SHARED_BENIGN_07,IP_LEGIT_1442,C_LEGIT_1606,M_071,0,1,0,1,1,0,NONE
TXN_001011,U_LEGIT_1529,87.1,657,D_SHARED_BENIGN_01,IP_LEGIT_1084,C_LEGIT_0052,M_002,0,5,0,1,1,0,NONE
TXN_008049,U_LEGIT_0664,247.07,476,D_LEGIT_1267,IP_LEGIT_1798,C_LEGIT_1730,M_130,0,3,0,1,1,0,NONE
TXN_006388,U_LEGIT_1678,241.88,1196,D_SHARED_BENIGN_03,IP_LEGIT_0399,C_LEGIT_0917,M_116,1,3,0,2,1,0,NONE
TXN_009065,U_INDIV_0092,564.14,7,D_INDIV_0293,IP_INDIV_0099,C_INDIV_0138,M_046,14,24,5,7,8,1,INDIVIDUAL_FRAUD
TXN_001383,U_LEGIT_0541,209.69,122,D_LEGIT_1134,IP_LEGIT_0602,C_LEGIT_1528,M_125,0,5,0,1,1,0,NONE
TXN_007014,U_LEGIT_0851,233.72,1050,D_SHARED_BENIGN_05,IP_LEGIT_1926,C_LEGIT_1915,M_111,1,4,0,1,1,0,NONE
TXN_002035,U_LEGIT_1281,78.23,374,D_LEGIT_0030,IP_SHARED_BENIGN_09,C_LEGIT_0410,M_080,0,5,0,1,1,0,NONE
TXN_000627,U_LEGIT_1711,147.76,292,D_LEGIT_0922,IP_LEGIT_0062,C_LEGIT_1535,M_036,0,1,0,1,1,0,NONE
TXN_005569,U_LEGIT_1194,64.76,299,D_LEGIT_0811,IP_LEGIT_0219,C_LEGIT_2019,M_012,0,2,0,1,2,0,NONE
TXN_006083,U_LEGIT_0701,161.02,1167,D_LEGIT_1820,IP_LEGIT_0184,C_LEGIT_1387,M_025,0,1,0,1,1,0,NONE
TXN_006792,U_LEGIT_1978,145.49,730,D_LEGIT_1419,IP_SHARED_BENIGN_03,C_LEGIT_1434,M_032,0,1,0,2,1,0,NONE
TXN_007739,U_LEGIT_1963,59.76,298,D_LEGIT_1235,IP_LEGIT_1586,C_LEGIT_2232,M_133,0,5,0,2,1,0,NONE
TXN_009854,U_BURST_016,812.9,0,D_BURST_020,IP_BURST_SUBNET_02,C_BURST_018,M_052,20,27,1,1,3,1,ACCOUNT_BURST
TXN_008143,U_LEGIT_0968,65.65,431,D_LEGIT_1822,IP_LEGIT_0624,C_LEGIT_2246,M_006,0,1,0,1,1,0,NONE
TXN_003773,U_LEGIT_1192,58.45,270,D_LEGIT_1622,IP_SHARED_BENIGN_03,C_LEGIT_1207,M_023,0,1,0,1,1,0,NONE
TXN_007444,U_LEGIT_1804,75.29,369,D_LEGIT_0122,IP_SHARED_BENIGN_01,C_LEGIT_0645,M_046,1,4,0,1,1,0,NONE
TXN_000820,U_LEGIT_0713,156.08,264,D_LEGIT_0787,IP_LEGIT_0861,C_LEGIT_0264,M_016,0,1,0,1,1,0,NONE
TXN_003590,U_LEGIT_0106,235.84,256,D_LEGIT_1252,IP_LEGIT_0235,C_LEGIT_0675,M_116,2,5,0,1,2,0,NONE
TXN_003183,U_LEGIT_2316,46.85,992,D_LEGIT_1950,IP_LEGIT_0021,C_LEGIT_2810,M_116,0,2,0,1,2,0,NONE
TXN_008591,U_LEGIT_1097,73.48,580,D_LEGIT_1923,IP_LEGIT_0062,C_LEGIT_2237,M_071,0,2,1,1,1,0,NONE
TXN_001097,U_LEGIT_1006,189.27,524,D_LEGIT_1466,IP_LEGIT_0193,C_LEGIT_1863,M_098,0,4,0,1,2,0,NONE
TXN_003260,U_LEGIT_1840,131.66,678,D_LEGIT_1988,IP_LEGIT_0240,C_LEGIT_2458,M_125,0,3,0,1,1,0,NONE
TXN_000221,U_LEGIT_1002,82.85,389,D_SHARED_BENIGN_07,IP_LEGIT_1254,C_LEGIT_2494,M_015,0,2,0,1,2,0,NONE
TXN_004849,U_LEGIT_2197,120.15,177,D_LEGIT_1480,IP_SHARED_BENIGN_08,C_LEGIT_0823,M_037,0,5,0,1,2,0,NONE
TXN_000203,U_LEGIT_0904,144.89,1044,D_LEGIT_0563,IP_LEGIT_0592,C_LEGIT_0689,M_118,0,1,0,1,1,0,NONE
TXN_006580,U_LEGIT_1230,49.54,345,D_LEGIT_1947,IP_LEGIT_0466,C_LEGIT_2929,M_114,0,1,0,2,1,0,NONE
TXN_000995,U_LEGIT_1410,118.89,568,D_LEGIT_1978,IP_LEGIT_0914,C_LEGIT_0196,M_084,0,2,0,1,2,0,NONE
TXN_008612,U_LEGIT_0916,49.61,850,D_LEGIT_1055,IP_LEGIT_0578,C_LEGIT_1491,M_141,0,1,0,1,2,0,NONE
TXN_004289,U_LEGIT_0683,139.74,75,D_LEGIT_0440,IP_LEGIT_0549,C_LEGIT_2166,M_140,0,4,0,2,1,0,NONE
TXN_006489,U_LEGIT_0295,154.54,787,D_LEGIT_1170,IP_LEGIT_1098,C_LEGIT_0022,M_071,0,4,0,1,2,0,NONE
TXN_008627,U_LEGIT_0434,104.54,950,D_SHARED_BENIGN_04,IP_LEGIT_1979,C_LEGIT_2190,M_079,0,1,0,1,2,0,NONE
TXN_008323,U_LEGIT_0929,93.28,977,D_LEGIT_1802,IP_LEGIT_0080,C_LEGIT_1369,M_059,0,3,0,1,1,0,NONE
TXN_005345,U_LEGIT_0380,39.42,423,D_LEGIT_1662,IP_LEGIT_1335,C_LEGIT_1890,M_057,0,5,0,1,2,0,NONE
TXN_001288,U_LEGIT_0496,198.51,474,D_LEGIT_0360,IP_SHARED_BENIGN_04,C_LEGIT_0813,M_114,1,5,1,1,1,0,NONE
TXN_004471,U_LEGIT_2268,186.43,765,D_LEGIT_0906,IP_LEGIT_0550,C_LEGIT_2769,M_034,0,4,0,1,1,0,NONE
TXN_009755,U_BURST_017,713.83,1,D_BURST_005,IP_BURST_SUBNET_01,C_BURST_001,M_115,19,23,2,1,2,1,ACCOUNT_BURST
TXN_001444,U_LEGIT_1856,55.18,36,D_LEGIT_0881,IP_LEGIT_0664,C_LEGIT_1666,M_049,0,1,0,1,1,0,NONE
TXN_004671,U_LEGIT_1887,203.69,278,D_LEGIT_0535,IP_LEGIT_1378,C_LEGIT_2639,M_086,0,3,0,1,1,0,NONE
TXN_005301,U_LEGIT_1607,9.55,111,D_LEGIT_1124,IP_LEGIT_0234,C_LEGIT_1798,M_082,0,3,0,2,1,0,NONE
TXN_001882,U_LEGIT_1933,218.58,360,D_LEGIT_0394,IP_LEGIT_0228,C_LEGIT_0499,M_090,0,2,0,1,1,0,NONE
TXN_002908,U_LEGIT_0278,50.95,1023,D_LEGIT_0458,IP_LEGIT_0663,C_LEGIT_2878,M_016,0,4,0,1,1,0,NONE
TXN_003839,U_LEGIT_1253,36.76,307,D_LEGIT_1030,IP_LEGIT_1174,C_LEGIT_0117,M_125,0,2,0,2,1,0,NONE
TXN_007010,U_LEGIT_1920,92.69,251,D_LEGIT_0863,IP_SHARED_BENIGN_08,C_LEGIT_1181,M_057,1,4,0,1,1,0,NONE
TXN_007383,U_LEGIT_1544,188.69,756,D_LEGIT_1373,IP_LEGIT_1997,C_LEGIT_2012,M_043,0,2,0,2,1,0,NONE
TXN_000554,U_LEGIT_1044,51.45,403,D_LEGIT_1575,IP_LEGIT_0234,C_LEGIT_2710,M_119,0,1,0,1,1,0,NONE
TXN_003644,U_LEGIT_0174,162.36,1092,D_LEGIT_0934,IP_LEGIT_1725,C_LEGIT_1816,M_024,0,3,0,1,1,0,NONE
TXN_005767,U_LEGIT_0230,10.9,686,D_LEGIT_1947,IP_LEGIT_1637,C_LEGIT_2968,M_128,0,3,0,1,1,0,NONE
TXN_000768,U_LEGIT_0794,167.54,593,D_LEGIT_0503,IP_LEGIT_1653,C_LEGIT_1549,M_067,0,2,0,1,1,0,NONE
TXN_003429,U_LEGIT_0326,245.6,300,D_LEGIT_0966,IP_LEGIT_1597,C_LEGIT_1850,M_150,0,5,0,1,1,0,NONE
TXN_006980,U_LEGIT_1595,116.56,556,D_LEGIT_1724,IP_SHARED_BENIGN_05,C_LEGIT_2089,M_019,0,5,0,1,1,0,NONE
TXN_006941,U_LEGIT_0277,76.71,906,D_LEGIT_1807,IP_LEGIT_1452,C_LEGIT_0693,M_019,0,4,0,1,1,0,NONE
TXN_003828,U_LEGIT_1025,26.5,230,D_LEGIT_0169,IP_LEGIT_1143,C_LEGIT_1204,M_040,0,4,0,2,1,0,NONE
TXN_003824,U_LEGIT_2158,73.72,599,D_LEGIT_1927,IP_LEGIT_1216,C_LEGIT_1051,M_092,0,4,0,1,2,0,NONE
TXN_009246,U_INDIV_0017,2567.38,4,D_INDIV_0342,IP_INDIV_0273,C_INDIV_0122,M_074,14,39,6,4,8,1,INDIVIDUAL_FRAUD
TXN_009037,U_INDIV_0089,507.73,7,D_INDIV_0382,IP_INDIV_0209,C_INDIV_0045,M_041,9,27,4,3,6,1,INDIVIDUAL_FRAUD
TXN_004578,U_LEGIT_1572,58.9,144,D_LEGIT_0555,IP_LEGIT_0920,C_LEGIT_0640,M_126,0,4,0,1,1,0,NONE
TXN_001361,U_LEGIT_1348,182.04,1060,D_LEGIT_0399,IP_SHARED_BENIGN_10,C_LEGIT_0941,M_084,0,3,0,1,1,0,NONE
TXN_009809,U_BURST_017,957.54,1,D_BURST_018,IP_BURST_SUBNET_01,C_BURST_027,M_150,20,18,3,2,1,1,ACCOUNT_BURST
TXN_003364,U_LEGIT_1939,164.7,327,D_LEGIT_1644,IP_SHARED_BENIGN_07,C_LEGIT_0386,M_101,0,5,0,1,1,0,NONE
TXN_004713,U_LEGIT_1684,140.71,670,D_LEGIT_1816,IP_SHARED_BENIGN_09,C_LEGIT_1451,M_102,0,1,0,1,1,0,NONE
TXN_005471,U_LEGIT_0781,131.44,601,D_LEGIT_0121,IP_LEGIT_0932,C_LEGIT_0740,M_031,0,2,0,2,1,0,NONE
TXN_009171,U_INDIV_0142,1241.98,3,D_INDIV_0114,IP_INDIV_0350,C_INDIV_0326,M_006,15,41,5,3,8,1,INDIVIDUAL_FRAUD
TXN_008456,U_LEGIT_1775,147.93,661,D_LEGIT_1173,IP_LEGIT_1686,C_LEGIT_2797,M_069,0,1,0,1,1,0,NONE
TXN_001943,U_LEGIT_1142,92.41,1020,D_LEGIT_0605,IP_LEGIT_1002,C_LEGIT_0888,M_014,0,4,1,1,2,0,NONE
TXN_007852,U_LEGIT_0329,53.88,607,D_LEGIT_0788,IP_LEGIT_0361,C_LEGIT_2301,M_114,0,4,0,1,1,0,NONE
TXN_007446,U_LEGIT_2296,41.35,763,D_LEGIT_1487,IP_LEGIT_1507,C_LEGIT_0263,M_092,0,2,0,1,1,0,NONE
TXN_002415,U_LEGIT_0168,143.38,214,D_LEGIT_1790,IP_LEGIT_1939,C_LEGIT_2320,M_078,0,3,0,1,1,0,NONE
TXN_006631,U_LEGIT_0635,28.91,540,D_LEGIT_1794,IP_LEGIT_1411,C_LEGIT_1090,M_148,0,1,0,1,1,0,NONE
TXN_006619,U_LEGIT_1019,249.2,401,D_LEGIT_0251,IP_LEGIT_1014,C_LEGIT_1401,M_043,0,3,0,2,1,0,NONE
TXN_008536,U_LEGIT_1207,87.0,1031,D_LEGIT_1601,IP_SHARED_BENIGN_02,C_LEGIT_0689,M_144,0,4,0,1,2,0,NONE
TXN_000879,U_LEGIT_1276,152.89,41,D_LEGIT_1709,IP_LEGIT_0659,C_LEGIT_2823,M_145,0,2,0,2,2,0,NONE
TXN_007772,U_LEGIT_0990,118.63,1099,D_LEGIT_0232,IP_LEGIT_1141,C_LEGIT_0595,M_008,0,4,0,1,1,0,NONE
TXN_007987,U_LEGIT_1429,202.86,542,D_LEGIT_0981,IP_LEGIT_1259,C_LEGIT_0797,M_042,0,5,0,1,2,0,NONE
TXN_002560,U_LEGIT_1528,131.17,1177,D_LEGIT_1901,IP_LEGIT_1433,C_LEGIT_1699,M_107,0,5,0,1,1,0,NONE
TXN_003290,U_LEGIT_1853,203.67,66,D_LEGIT_1824,IP_LEGIT_1080,C_LEGIT_0679,M_103,0,3,0,1,1,0,NONE
TXN_003468,U_LEGIT_0436,165.64,184,D_LEGIT_1846,IP_LEGIT_1539,C_LEGIT_0790,M_003,0,1,0,1,1,0,NONE
TXN_001999,U_LEGIT_0561,91.79,195,D_LEGIT_1398,IP_LEGIT_0003,C_LEGIT_1811,M_075,0,2,0,1,1,0,NONE
TXN_004305,U_LEGIT_1265,19.04,857,D_LEGIT_1658,IP_LEGIT_0835,C_LEGIT_2426,M_113,1,2,0,1,1,0,NONE
TXN_003671,U_LEGIT_0774,231.66,59,D_LEGIT_0046,IP_LEGIT_0715,C_LEGIT_2832,M_031,0,1,0,1,2,0,NONE
TXN_005435,U_LEGIT_0311,205.84,62,D_LEGIT_0273,IP_LEGIT_1556,C_LEGIT_0902,M_116,0,2,0,1,2,0,NONE
TXN_006853,U_LEGIT_0080,27.72,683,D_LEGIT_1038,IP_LEGIT_1541,C_LEGIT_0222,M_141,0,4,0,1,1,0,NONE
TXN_002183,U_LEGIT_0552,129.04,234,D_LEGIT_0155,IP_LEGIT_1360,C_LEGIT_2178,M_088,0,4,0,1,1,0,NONE
TXN_007707,U_LEGIT_1048,122.55,515,D_LEGIT_1626,IP_LEGIT_1752,C_LEGIT_1218,M_112,0,5,0,1,1,0,NONE
TXN_004919,U_LEGIT_2489,105.54,888,D_LEGIT_1131,IP_LEGIT_1694,C_LEGIT_0131,M_147,0,2,0,1,1,0,NONE
TXN_000664,U_LEGIT_0251,59.08,44,D_LEGIT_1957,IP_SHARED_BENIGN_10,C_LEGIT_0172,M_025,0,5,1,1,2,0,NONE
TXN_001075,U_LEGIT_0165,92.55,195,D_LEGIT_0074,IP_LEGIT_1194,C_LEGIT_2014,M_002,0,3,0,1,2,0,NONE
TXN_006640,U_LEGIT_1294,57.67,593,D_LEGIT_1855,IP_SHARED_BENIGN_05,C_LEGIT_2265,M_036,0,5,0,1,1,0,NONE
TXN_000854,U_LEGIT_1730,36.81,719,D_LEGIT_0824,IP_LEGIT_0495,C_LEGIT_2917,M_076,0,5,0,1,1,0,NONE
TXN_009272,U_INDIV_0071,2970.47,2,D_INDIV_0089,IP_INDIV_0288,C_INDIV_0255,M_045,7,26,9,4,6,1,INDIVIDUAL_FRAUD
TXN_009047,U_INDIV_0006,975.87,7,D_INDIV_0200,IP_INDIV_0131,C_INDIV_0045,M_051,15,44,4,6,8,1,INDIVIDUAL_FRAUD
TXN_006054,U_LEGIT_1707,154.11,1178,D_LEGIT_0812,IP_LEGIT_1409,C_LEGIT_0239,M_104,0,1,0,2,1,0,NONE
TXN_000069,U_LEGIT_0979,188.22,810,D_LEGIT_0479,IP_LEGIT_0842,C_LEGIT_0179,M_082,0,2,0,1,1,0,NONE
TXN_001889,U_LEGIT_1580,171.03,495,D_LEGIT_0706,IP_LEGIT_1870,C_LEGIT_2291,M_007,0,5,0,1,1,0,NONE
TXN_007935,U_LEGIT_0444,57.58,541,D_LEGIT_0890,IP_SHARED_BENIGN_07,C_LEGIT_1615,M_010,1,4,0,1,1,0,NONE
TXN_002797,U_LEGIT_1117,87.3,45,D_LEGIT_1702,IP_SHARED_BENIGN_09,C_LEGIT_0952,M_083,0,2,0,2,2,0,NONE
TXN_002991,U_LEGIT_2008,214.97,439,D_LEGIT_1115,IP_LEGIT_1033,C_LEGIT_0055,M_083,0,3,0,1,1,0,NONE
TXN_003148,U_LEGIT_1140,37.84,487,D_LEGIT_0897,IP_LEGIT_1647,C_LEGIT_0948,M_140,0,4,0,1,1,0,NONE
TXN_006953,U_LEGIT_1103,19.54,861,D_LEGIT_1752,IP_LEGIT_1338,C_LEGIT_0201,M_028,0,2,0,1,1,0,NONE
TXN_006975,U_LEGIT_0080,17.6,577,D_SHARED_BENIGN_06,IP_LEGIT_1301,C_LEGIT_2112,M_073,0,5,0,1,1,0,NONE
TXN_000358,U_LEGIT_1423,107.75,348,D_LEGIT_0466,IP_LEGIT_0905,C_LEGIT_1262,M_094,0,1,0,1,1,0,NONE
TXN_007495,U_LEGIT_2347,189.31,999,D_LEGIT_1263,IP_LEGIT_0001,C_LEGIT_2352,M_081,0,1,0,2,2,0,NONE
TXN_003175,U_LEGIT_1318,214.91,960,D_LEGIT_1755,IP_LEGIT_0229,C_LEGIT_2306,M_026,0,2,0,2,1,0,NONE
TXN_007727,U_LEGIT_0318,28.88,503,D_LEGIT_1464,IP_LEGIT_0035,C_LEGIT_1195,M_051,0,1,1,1,1,0,NONE
TXN_005587,U_LEGIT_2273,120.01,425,D_LEGIT_0047,IP_LEGIT_1851,C_LEGIT_2096,M_072,0,2,0,1,2,0,NONE
TXN_001196,U_LEGIT_0400,207.0,509,D_LEGIT_1171,IP_SHARED_BENIGN_05,C_LEGIT_0789,M_045,0,2,0,1,1,0,NONE
TXN_006630,U_LEGIT_1004,68.57,123,D_LEGIT_0440,IP_LEGIT_1527,C_LEGIT_2005,M_040,0,1,0,1,1,0,NONE
TXN_008354,U_LEGIT_1805,62.94,1176,D_LEGIT_0880,IP_LEGIT_1874,C_LEGIT_1603,M_143,0,1,0,1,2,0,NONE
TXN_005046,U_LEGIT_0673,126.12,1056,D_SHARED_BENIGN_05,IP_LEGIT_0045,C_LEGIT_1721,M_110,0,1,0,1,1,0,NONE
TXN_009189,U_INDIV_0068,1763.77,7,D_INDIV_0151,IP_INDIV_0242,C_INDIV_0009,M_038,11,47,9,3,3,1,INDIVIDUAL_FRAUD
TXN_007303,U_LEGIT_1754,195.54,1109,D_LEGIT_0254,IP_LEGIT_1124,C_LEGIT_0706,M_054,0,4,0,2,1,0,NONE
TXN_000144,U_LEGIT_2445,63.07,135,D_LEGIT_1981,IP_LEGIT_1991,C_LEGIT_2370,M_148,0,2,0,2,1,0,NONE
TXN_009257,U_INDIV_0036,1389.15,4,D_INDIV_0230,IP_INDIV_0135,C_INDIV_0276,M_124,9,41,9,3,6,1,INDIVIDUAL_FRAUD
TXN_004131,U_LEGIT_1590,242.16,631,D_LEGIT_0666,IP_LEGIT_0382,C_LEGIT_1136,M_030,0,2,0,1,2,0,NONE
TXN_009866,U_BURST_015,661.84,1,D_BURST_013,IP_BURST_SUBNET_01,C_BURST_013,M_082,17,23,3,1,1,1,ACCOUNT_BURST
TXN_002629,U_LEGIT_1037,37.49,477,D_LEGIT_0176,IP_LEGIT_1955,C_LEGIT_1376,M_070,0,4,0,1,1,0,NONE
TXN_002212,U_LEGIT_1721,175.64,895,D_LEGIT_0944,IP_LEGIT_0627,C_LEGIT_0778,M_056,0,5,0,1,1,0,NONE
TXN_003441,U_LEGIT_0423,165.82,186,D_LEGIT_1337,IP_LEGIT_0349,C_LEGIT_0199,M_139,0,5,0,1,1,0,NONE
TXN_001906,U_LEGIT_0002,187.78,199,D_LEGIT_1597,IP_LEGIT_1647,C_LEGIT_0890,M_035,1,4,0,1,1,0,NONE
TXN_007004,U_LEGIT_1063,138.0,137,D_LEGIT_1241,IP_SHARED_BENIGN_10,C_LEGIT_1600,M_031,0,1,0,2,1,0,NONE
TXN_000760,U_LEGIT_0465,139.35,811,D_LEGIT_0940,IP_LEGIT_0363,C_LEGIT_2265,M_042,0,4,0,1,1,0,NONE
TXN_008105,U_LEGIT_0876,247.14,719,D_LEGIT_0984,IP_LEGIT_0264,C_LEGIT_1892,M_008,0,3,0,2,1,0,NONE
TXN_002456,U_LEGIT_1149,80.16,505,D_LEGIT_1246,IP_LEGIT_0339,C_LEGIT_1087,M_057,0,5,0,1,1,0,NONE
TXN_006374,U_LEGIT_1235,62.24,368,D_LEGIT_0601,IP_LEGIT_1824,C_LEGIT_0777,M_037,1,5,0,1,1,0,NONE
TXN_004210,U_LEGIT_0233,110.57,156,D_SHARED_BENIGN_04,IP_LEGIT_0207,C_LEGIT_1525,M_102,0,5,0,2,1,0,NONE
TXN_000445,U_LEGIT_2182,136.37,920,D_LEGIT_1400,IP_LEGIT_0972,C_LEGIT_1076,M_038,0,4,0,1,1,0,NONE
TXN_007238,U_LEGIT_2164,87.53,708,D_LEGIT_0179,IP_LEGIT_1014,C_LEGIT_1488,M_110,0,3,0,1,1,0,NONE
TXN_003895,U_LEGIT_0459,219.04,159,D_LEGIT_0408,IP_LEGIT_0414,C_LEGIT_2982,M_130,0,3,0,1,1,0,NONE
TXN_009201,U_INDIV_0190,579.79,5,D_INDIV_0083,IP_INDIV_0060,C_INDIV_0304,M_049,15,15,6,6,5,1,INDIVIDUAL_FRAUD
TXN_003545,U_LEGIT_0933,169.79,1069,D_LEGIT_1750,IP_LEGIT_0973,C_LEGIT_0536,M_051,0,3,0,1,1,0,NONE
TXN_005784,U_LEGIT_1732,157.92,273,D_LEGIT_1000,IP_LEGIT_0569,C_LEGIT_2153,M_145,0,3,0,2,1,0,NONE
TXN_002622,U_LEGIT_0638,243.01,687,D_LEGIT_1767,IP_LEGIT_0503,C_LEGIT_1515,M_115,0,3,0,1,1,0,NONE
TXN_008650,U_LEGIT_0980,238.55,343,D_LEGIT_1126,IP_SHARED_BENIGN_10,C_LEGIT_0808,M_052,0,2,0,1,1,0,NONE
TXN_009333,U_INDIV_0076,2042.75,5,D_INDIV_0231,IP_INDIV_0201,C_INDIV_0113,M_064,14,30,8,5,3,1,INDIVIDUAL_FRAUD
TXN_006403,U_LEGIT_2305,163.85,428,D_LEGIT_0836,IP_LEGIT_1799,C_LEGIT_2850,M_112,0,1,0,2,1,0,NONE
TXN_002081,U_LEGIT_1058,83.45,351,D_LEGIT_0388,IP_LEGIT_1441,C_LEGIT_2486,M_045,0,5,0,2,1,0,NONE
TXN_005714,U_LEGIT_2229,103.83,1105,D_LEGIT_0277,IP_LEGIT_1798,C_LEGIT_0042,M_060,0,1,0,1,1,0,NONE
TXN_001976,U_LEGIT_2106,143.9,498,D_LEGIT_1531,IP_LEGIT_1038,C_LEGIT_0813,M_076,0,3,0,2,1,0,NONE
TXN_009092,U_INDIV_0030,2110.6,5,D_INDIV_0240,IP_INDIV_0326,C_INDIV_0061,M_132,8,18,8,7,5,1,INDIVIDUAL_FRAUD
TXN_007151,U_LEGIT_1025,221.58,234,D_LEGIT_0543,IP_LEGIT_0505,C_LEGIT_1433,M_078,0,1,0,1,1,0,NONE
TXN_004495,U_LEGIT_2046,27.75,164,D_SHARED_BENIGN_04,IP_LEGIT_1039,C_LEGIT_2746,M_049,0,1,0,1,1,0,NONE
TXN_009943,U_DIST_001,41.31,15,D_DIST_018,IP_DIST_PROXY_01,C_DIST_009,M_TARGET_HIGHVAL_99,3,18,0,1,1,1,DISTRIBUTED_ABUSE
TXN_002401,U_LEGIT_1970,132.11,257,D_LEGIT_0250,IP_LEGIT_1052,C_LEGIT_1237,M_002,0,3,0,1,1,0,NONE
TXN_006815,U_LEGIT_2372,206.81,931,D_LEGIT_0147,IP_LEGIT_1910,C_LEGIT_1580,M_116,0,4,0,1,1,0,NONE
TXN_008794,U_LEGIT_0503,30.25,46,D_LEGIT_0809,IP_LEGIT_1512,C_LEGIT_2063,M_141,0,3,0,1,1,0,NONE
TXN_003221,U_LEGIT_1732,224.66,239,D_LEGIT_0950,IP_LEGIT_0575,C_LEGIT_2819,M_014,0,1,0,1,1,0,NONE
TXN_007215,U_LEGIT_1252,206.21,1075,D_LEGIT_0816,IP_LEGIT_0905,C_LEGIT_1594,M_120,0,2,0,1,1,0,NONE
TXN_000823,U_LEGIT_2328,128.07,454,D_LEGIT_0148,IP_LEGIT_1398,C_LEGIT_2990,M_136,0,4,0,1,1,0,NONE
TXN_009282,U_INDIV_0117,1201.19,2,D_INDIV_0082,IP_INDIV_0152,C_INDIV_0234,M_090,17,16,6,3,4,1,INDIVIDUAL_FRAUD
TXN_006093,U_LEGIT_2189,151.58,158,D_LEGIT_0146,IP_SHARED_BENIGN_06,C_LEGIT_0528,M_129,0,5,0,1,1,0,NONE
TXN_007891,U_LEGIT_0119,157.29,1166,D_LEGIT_1147,IP_LEGIT_1912,C_LEGIT_1290,M_125,0,2,0,2,1,0,NONE
TXN_003510,U_LEGIT_0463,248.1,151,D_LEGIT_0142,IP_LEGIT_1428,C_LEGIT_0278,M_149,0,2,0,1,1,0,NONE
TXN_007390,U_LEGIT_0556,192.84,664,D_LEGIT_1492,IP_LEGIT_0047,C_LEGIT_2455,M_016,0,4,0,1,1,0,NONE
TXN_003206,U_LEGIT_1110,28.2,1170,D_LEGIT_1112,IP_LEGIT_1710,C_LEGIT_1134,M_121,0,1,1,1,1,0,NONE
TXN_007712,U_LEGIT_0082,122.81,863,D_LEGIT_1947,IP_LEGIT_1181,C_LEGIT_0842,M_143,0,1,0,1,2,0,NONE
TXN_004087,U_LEGIT_2129,64.3,522,D_LEGIT_1571,IP_LEGIT_1770,C_LEGIT_0470,M_110,0,2,0,1,2,0,NONE
TXN_002802,U_LEGIT_1835,235.49,1140,D_LEGIT_1238,IP_SHARED_BENIGN_05,C_LEGIT_2225,M_021,2,5,0,1,1,0,NONE
TXN_001942,U_LEGIT_1307,8.27,155,D_LEGIT_1501,IP_LEGIT_1033,C_LEGIT_1598,M_051,0,1,0,1,1,0,NONE
TXN_005774,U_LEGIT_0196,90.62,769,D_LEGIT_1673,IP_LEGIT_0508,C_LEGIT_1801,M_115,0,4,0,1,1,0,NONE
TXN_006217,U_LEGIT_1824,145.94,542,D_LEGIT_1439,IP_SHARED_BENIGN_09,C_LEGIT_2944,M_084,0,2,0,1,1,0,NONE
TXN_006017,U_LEGIT_1382,128.65,454,D_LEGIT_1822,IP_LEGIT_1621,C_LEGIT_0594,M_144,0,3,0,1,1,0,NONE
TXN_002708,U_LEGIT_2297,149.41,601,D_LEGIT_0979,IP_SHARED_BENIGN_03,C_LEGIT_0497,M_134,0,2,0,1,2,0,NONE
TXN_001452,U_LEGIT_1562,93.72,1163,D_SHARED_BENIGN_01,IP_LEGIT_0320,C_LEGIT_1624,M_026,0,5,0,1,1,0,NONE
TXN_000507,U_LEGIT_0926,224.53,1004,D_LEGIT_0596,IP_LEGIT_0877,C_LEGIT_0774,M_018,1,3,0,2,1,0,NONE
TXN_002276,U_LEGIT_0702,134.99,200,D_LEGIT_0081,IP_LEGIT_1399,C_LEGIT_2934,M_134,0,4,0,2,1,0,NONE
TXN_009033,U_INDIV_0104,964.81,5,D_INDIV_0180,IP_INDIV_0101,C_INDIV_0120,M_106,13,47,5,5,3,1,INDIVIDUAL_FRAUD
TXN_007991,U_LEGIT_0740,182.48,1161,D_LEGIT_1014,IP_LEGIT_0036,C_LEGIT_0333,M_070,0,2,0,1,1,0,NONE
TXN_001502,U_LEGIT_1307,109.24,847,D_LEGIT_0328,IP_LEGIT_1162,C_LEGIT_0630,M_005,0,1,0,1,1,0,NONE
TXN_007373,U_LEGIT_0028,199.92,250,D_LEGIT_1628,IP_LEGIT_1173,C_LEGIT_1758,M_001,0,3,1,1,1,0,NONE
TXN_006484,U_LEGIT_1852,132.24,345,D_LEGIT_1203,IP_LEGIT_1956,C_LEGIT_2133,M_074,0,4,0,2,1,0,NONE
TXN_003016,U_LEGIT_0872,136.75,1017,D_LEGIT_1480,IP_LEGIT_0267,C_LEGIT_1590,M_086,0,2,0,1,1,0,NONE
TXN_002754,U_LEGIT_0266,85.56,1171,D_LEGIT_0909,IP_LEGIT_1940,C_LEGIT_0923,M_087,1,3,0,1,1,0,NONE
TXN_002537,U_LEGIT_1657,17.88,103,D_LEGIT_0745,IP_LEGIT_0062,C_LEGIT_1751,M_069,1,5,0,1,2,0,NONE
TXN_004929,U_LEGIT_0582,249.99,396,D_LEGIT_0001,IP_LEGIT_0982,C_LEGIT_2058,M_077,0,5,0,1,1,0,NONE
TXN_000571,U_LEGIT_1386,167.76,339,D_LEGIT_1582,IP_LEGIT_0126,C_LEGIT_1611,M_010,1,1,1,1,2,0,NONE
TXN_000260,U_LEGIT_1101,75.84,1036,D_LEGIT_0042,IP_LEGIT_1626,C_LEGIT_1242,M_080,1,1,1,1,1,0,NONE
TXN_004967,U_LEGIT_0792,197.02,207,D_LEGIT_1326,IP_LEGIT_1372,C_LEGIT_0165,M_137,0,2,0,2,1,0,NONE
TXN_000292,U_LEGIT_0914,181.43,774,D_LEGIT_0680,IP_LEGIT_1270,C_LEGIT_2458,M_122,0,1,0,1,1,0,NONE
TXN_005699,U_LEGIT_1177,204.94,348,D_LEGIT_0265,IP_LEGIT_0505,C_LEGIT_0900,M_089,0,3,0,1,1,0,NONE
TXN_004027,U_LEGIT_0521,134.0,447,D_LEGIT_1323,IP_LEGIT_0376,C_LEGIT_0686,M_049,0,4,0,1,1,0,NONE
TXN_000728,U_LEGIT_0929,174.2,260,D_LEGIT_0302,IP_LEGIT_0588,C_LEGIT_0926,M_099,0,1,0,1,1,0,NONE
TXN_003019,U_LEGIT_0491,110.41,531,D_LEGIT_0349,IP_LEGIT_0472,C_LEGIT_1509,M_100,0,1,0,1,1,0,NONE
TXN_003041,U_LEGIT_1309,159.08,1184,D_LEGIT_0008,IP_LEGIT_0268,C_LEGIT_1707,M_007,0,5,0,1,2,0,NONE
TXN_006849,U_LEGIT_1840,46.5,366,D_LEGIT_1672,IP_LEGIT_0581,C_LEGIT_1656,M_036,0,3,0,1,2,0,NONE
TXN_002329,U_LEGIT_2279,175.5,849,D_SHARED_BENIGN_08,IP_SHARED_BENIGN_02,C_LEGIT_1931,M_001,0,1,0,1,2,0,NONE
TXN_005908,U_LEGIT_1409,208.19,755,D_LEGIT_1440,IP_LEGIT_0157,C_LEGIT_2254,M_149,0,4,0,1,2,0,NONE
TXN_008993,U_LEGIT_0547,74.91,1092,D_SHARED_BENIGN_02,IP_LEGIT_1689,C_LEGIT_0534,M_047,0,1,0,1,1,0,NONE
TXN_008639,U_LEGIT_0824,199.08,486,D_SHARED_BENIGN_10,IP_LEGIT_1870,C_LEGIT_0362,M_126,0,1,0,1,1,0,NONE
TXN_005550,U_LEGIT_0950,107.66,1137,D_LEGIT_0743,IP_LEGIT_0018,C_LEGIT_0554,M_018,0,4,0,1,1,0,NONE
TXN_008204,U_LEGIT_0767,61.22,682,D_LEGIT_1718,IP_LEGIT_0979,C_LEGIT_0373,M_116,0,5,0,1,1,0,NONE
TXN_007642,U_LEGIT_0130,20.48,95,D_LEGIT_0359,IP_LEGIT_1891,C_LEGIT_1128,M_068,0,5,0,1,1,0,NONE
TXN_007677,U_LEGIT_0546,91.63,345,D_LEGIT_1881,IP_LEGIT_0292,C_LEGIT_1329,M_083,0,5,0,1,1,0,NONE
TXN_008762,U_LEGIT_1601,32.69,651,D_LEGIT_0526,IP_LEGIT_0794,C_LEGIT_0039,M_021,0,4,0,1,2,0,NONE
TXN_002220,U_LEGIT_0281,110.85,755,D_LEGIT_0692,IP_LEGIT_1830,C_LEGIT_0414,M_022,0,3,0,1,2,0,NONE
TXN_001821,U_LEGIT_1500,168.34,508,D_LEGIT_1879,IP_LEGIT_1864,C_LEGIT_2881,M_038,0,4,1,1,1,0,NONE
TXN_008840,U_LEGIT_2212,80.93,990,D_LEGIT_1918,IP_LEGIT_1744,C_LEGIT_2597,M_056,0,2,0,2,1,0,NONE
TXN_002431,U_LEGIT_1057,112.71,732,D_LEGIT_0081,IP_LEGIT_0466,C_LEGIT_1373,M_023,0,2,0,2,2,0,NONE
TXN_008697,U_LEGIT_1553,84.04,1074,D_SHARED_BENIGN_04,IP_LEGIT_1532,C_LEGIT_2892,M_114,0,3,1,2,2,0,NONE
TXN_003764,U_LEGIT_0899,94.21,664,D_SHARED_BENIGN_10,IP_LEGIT_0540,C_LEGIT_0651,M_019,0,1,0,2,2,0,NONE
TXN_007967,U_LEGIT_2370,60.67,211,D_LEGIT_1035,IP_LEGIT_1970,C_LEGIT_2031,M_141,0,5,0,1,1,0,NONE
TXN_001752,U_LEGIT_2190,9.44,825,D_LEGIT_0266,IP_LEGIT_1665,C_LEGIT_2276,M_115,0,1,0,1,2,0,NONE
TXN_005733,U_LEGIT_0461,243.99,924,D_LEGIT_1693,IP_LEGIT_0538,C_LEGIT_0046,M_050,0,4,0,1,1,0,NONE
TXN_000727,U_LEGIT_0999,32.88,637,D_SHARED_BENIGN_05,IP_LEGIT_0253,C_LEGIT_0087,M_012,0,4,0,1,1,0,NONE
TXN_000037,U_LEGIT_2068,116.92,536,D_LEGIT_1858,IP_LEGIT_1838,C_LEGIT_0652,M_122,0,3,0,2,1,0,NONE
TXN_000668,U_LEGIT_0957,111.56,1005,D_LEGIT_0820,IP_LEGIT_1627,C_LEGIT_0334,M_090,2,1,0,1,1,0,NONE
TXN_003829,U_LEGIT_1068,189.11,933,D_LEGIT_1261,IP_LEGIT_0994,C_LEGIT_1982,M_034,0,3,0,1,1,0,NONE
TXN_008837,U_LEGIT_1619,61.82,399,D_LEGIT_1530,IP_LEGIT_1120,C_LEGIT_0337,M_064,0,2,0,1,1,0,NONE
TXN_000396,U_LEGIT_1301,240.61,651,D_LEGIT_0299,IP_LEGIT_1568,C_LEGIT_1306,M_106,0,3,0,1,1,0,NONE
TXN_009136,U_INDIV_0199,2448.37,7,D_INDIV_0209,IP_INDIV_0356,C_INDIV_0017,M_031,8,32,3,3,4,1,INDIVIDUAL_FRAUD
TXN_001373,U_LEGIT_0015,8.85,601,D_LEGIT_1584,IP_LEGIT_0937,C_LEGIT_1656,M_047,1,5,0,1,1,0,NONE
TXN_001465,U_LEGIT_2342,160.45,812,D_LEGIT_1431,IP_LEGIT_0416,C_LEGIT_0473,M_024,0,2,0,1,1,0,NONE
TXN_009884,U_DIST_023,60.65,6,D_DIST_026,IP_DIST_PROXY_01,C_DIST_005,M_TARGET_HIGHVAL_99,5,7,1,1,1,1,DISTRIBUTED_ABUSE
TXN_001806,U_LEGIT_0228,86.16,561,D_LEGIT_1131,IP_LEGIT_0955,C_LEGIT_1830,M_149,0,4,0,1,1,0,NONE
TXN_006090,U_LEGIT_2412,35.6,407,D_LEGIT_0948,IP_SHARED_BENIGN_02,C_LEGIT_0847,M_066,1,1,0,2,1,0,NONE
TXN_002228,U_LEGIT_1588,134.29,803,D_LEGIT_1269,IP_LEGIT_0399,C_LEGIT_1472,M_026,0,3,0,1,2,0,NONE
TXN_004551,U_LEGIT_2211,117.61,905,D_LEGIT_0785,IP_LEGIT_1652,C_LEGIT_1749,M_126,0,4,0,1,1,0,NONE
TXN_003176,U_LEGIT_1809,175.48,197,D_LEGIT_0938,IP_LEGIT_1422,C_LEGIT_1640,M_015,0,5,0,1,1,0,NONE
TXN_001056,U_LEGIT_2332,128.93,1031,D_LEGIT_1720,IP_LEGIT_0734,C_LEGIT_1968,M_095,0,2,0,1,1,0,NONE
TXN_004242,U_LEGIT_0692,19.9,39,D_LEGIT_0070,IP_LEGIT_1722,C_LEGIT_0700,M_077,1,4,0,1,1,0,NONE
TXN_009066,U_INDIV_0015,1913.34,5,D_INDIV_0156,IP_INDIV_0357,C_INDIV_0097,M_074,18,17,4,4,7,1,INDIVIDUAL_FRAUD
TXN_002214,U_LEGIT_0157,235.06,1166,D_LEGIT_1995,IP_LEGIT_1345,C_LEGIT_0470,M_099,0,4,1,2,1,0,NONE
TXN_001688,U_LEGIT_0130,51.57,122,D_LEGIT_1419,IP_LEGIT_0515,C_LEGIT_2476,M_075,0,4,0,2,1,0,NONE
TXN_005535,U_LEGIT_0016,223.15,297,D_LEGIT_1712,IP_LEGIT_1894,C_LEGIT_0526,M_103,1,4,0,2,1,0,NONE
TXN_007614,U_LEGIT_1254,133.69,208,D_LEGIT_1341,IP_LEGIT_1074,C_LEGIT_1488,M_047,0,2,0,2,1,0,NONE
TXN_007349,U_LEGIT_1450,9.72,248,D_LEGIT_1671,IP_LEGIT_1901,C_LEGIT_1598,M_021,0,4,0,1,1,0,NONE
TXN_005259,U_LEGIT_0315,241.45,113,D_LEGIT_0109,IP_LEGIT_1284,C_LEGIT_1404,M_127,0,5,0,1,1,0,NONE
TXN_008828,U_LEGIT_0604,137.2,169,D_LEGIT_0535,IP_LEGIT_0403,C_LEGIT_1427,M_077,0,4,0,1,1,0,NONE
TXN_009938,U_DIST_025,22.51,8,D_DIST_028,IP_DIST_PROXY_03,C_DIST_032,M_TARGET_HIGHVAL_99,6,10,2,2,1,1,DISTRIBUTED_ABUSE
TXN_004775,U_LEGIT_2014,202.51,457,D_LEGIT_0568,IP_LEGIT_1556,C_LEGIT_1876,M_036,0,5,0,1,2,0,NONE
TXN_002522,U_LEGIT_1683,44.39,840,D_LEGIT_1810,IP_LEGIT_0345,C_LEGIT_1568,M_052,0,4,0,1,2,0,NONE
TXN_004176,U_LEGIT_0322,214.29,281,D_SHARED_BENIGN_01,IP_SHARED_BENIGN_06,C_LEGIT_2452,M_023,0,4,0,1,2,0,NONE
TXN_007546,U_LEGIT_0672,126.74,467,D_LEGIT_0579,IP_LEGIT_1916,C_LEGIT_2143,M_130,0,4,0,1,1,0,NONE
TXN_000815,U_LEGIT_1128,43.86,610,D_LEGIT_1429,IP_LEGIT_0951,C_LEGIT_1708,M_109,0,5,0,1,1,0,NONE
TXN_008788,U_LEGIT_2062,166.17,263,D_LEGIT_0627,IP_SHARED_BENIGN_04,C_LEGIT_1662,M_029,0,4,0,2,1,0,NONE
TXN_009569,U_FARM_030,131.76,5,D_FARM_HUB_01,IP_FARM_PROXY_01,C_FARM_013,M_117,15,60,6,1,4,1,DEVICE_FARM
TXN_004745,U_LEGIT_1779,228.5,357,D_SHARED_BENIGN_02,IP_LEGIT_0191,C_LEGIT_1246,M_124,1,2,0,1,1,0,NONE
TXN_005149,U_LEGIT_1549,43.1,130,D_LEGIT_0931,IP_LEGIT_0396,C_LEGIT_0179,M_013,0,3,0,1,2,0,NONE
TXN_008104,U_LEGIT_1178,220.32,82,D_LEGIT_0840,IP_LEGIT_1644,C_LEGIT_0724,M_071,0,4,0,1,2,0,NONE
TXN_003172,U_LEGIT_1330,228.1,656,D_LEGIT_0190,IP_LEGIT_0546,C_LEGIT_1227,M_136,0,1,0,1,2,0,NONE
TXN_002935,U_LEGIT_0951,151.23,346,D_LEGIT_0805,IP_LEGIT_0432,C_LEGIT_2442,M_150,0,5,0,1,1,0,NONE
TXN_005680,U_LEGIT_0806,63.01,1100,D_LEGIT_1404,IP_LEGIT_1298,C_LEGIT_0968,M_098,0,4,0,1,1,0,NONE
TXN_006453,U_LEGIT_0245,164.76,470,D_LEGIT_1717,IP_SHARED_BENIGN_04,C_LEGIT_2088,M_062,0,1,0,2,2,0,NONE
TXN_003900,U_LEGIT_2321,188.55,291,D_LEGIT_0495,IP_LEGIT_1498,C_LEGIT_0035,M_009,0,3,0,1,1,0,NONE
TXN_009734,U_CYCLE_003,832.33,4,D_CYCLE_027,IP_CYCLE_027,C_STOLEN_POOL_01,M_137,5,35,7,5,4,1,CARD_CYCLING
TXN_004083,U_LEGIT_0579,191.73,1090,D_SHARED_BENIGN_10,IP_LEGIT_0129,C_LEGIT_0854,M_003,0,2,0,1,1,0,NONE
TXN_006280,U_LEGIT_0154,207.54,188,D_LEGIT_1276,IP_LEGIT_0311,C_LEGIT_2796,M_077,0,3,1,2,2,0,NONE
TXN_002373,U_LEGIT_0679,155.17,783,D_LEGIT_0944,IP_SHARED_BENIGN_06,C_LEGIT_1561,M_094,0,5,0,1,1,0,NONE
TXN_007280,U_LEGIT_0052,53.62,794,D_SHARED_BENIGN_09,IP_LEGIT_0923,C_LEGIT_2611,M_125,0,5,0,2,1,0,NONE
TXN_007702,U_LEGIT_0926,22.54,971,D_LEGIT_0130,IP_LEGIT_1850,C_LEGIT_2802,M_026,0,5,0,1,1,0,NONE
TXN_000591,U_LEGIT_1248,98.34,374,D_LEGIT_0914,IP_SHARED_BENIGN_09,C_LEGIT_0834,M_037,0,5,0,2,1,0,NONE
TXN_007016,U_LEGIT_0804,156.28,359,D_SHARED_BENIGN_09,IP_LEGIT_1926,C_LEGIT_0150,M_004,0,3,0,1,1,0,NONE
TXN_008864,U_LEGIT_1946,132.87,43,D_LEGIT_1556,IP_LEGIT_1611,C_LEGIT_1291,M_135,0,3,0,1,1,0,NONE
TXN_003939,U_LEGIT_0923,216.19,448,D_LEGIT_1170,IP_LEGIT_0198,C_LEGIT_0085,M_138,1,4,0,2,2,0,NONE
TXN_002117,U_LEGIT_1957,143.81,75,D_LEGIT_0547,IP_LEGIT_0810,C_LEGIT_0011,M_115,0,3,0,1,1,0,NONE
TXN_000742,U_LEGIT_1103,19.63,220,D_SHARED_BENIGN_10,IP_LEGIT_1155,C_LEGIT_1982,M_012,1,1,1,1,2,0,NONE
TXN_008963,U_LEGIT_2216,55.8,624,D_LEGIT_0347,IP_LEGIT_1005,C_LEGIT_1507,M_076,0,2,0,1,2,0,NONE
TXN_003648,U_LEGIT_0107,208.06,269,D_LEGIT_0967,IP_LEGIT_1998,C_LEGIT_2734,M_051,0,4,0,1,1,0,NONE
TXN_005230,U_LEGIT_2117,135.13,141,D_LEGIT_0926,IP_LEGIT_1219,C_LEGIT_1061,M_092,0,2,0,2,1,0,NONE
TXN_002827,U_LEGIT_2371,118.58,692,D_LEGIT_1063,IP_LEGIT_1727,C_LEGIT_1320,M_070,0,4,0,2,1,0,NONE
TXN_007047,U_LEGIT_0332,180.17,275,D_LEGIT_1499,IP_LEGIT_0016,C_LEGIT_1909,M_102,0,2,0,1,1,0,NONE
TXN_006362,U_LEGIT_1685,54.91,415,D_LEGIT_0240,IP_LEGIT_1785,C_LEGIT_0184,M_045,0,4,0,2,1,0,NONE
TXN_004843,U_LEGIT_0276,31.55,478,D_SHARED_BENIGN_02,IP_LEGIT_1834,C_LEGIT_2240,M_139,0,1,0,1,1,0,NONE
TXN_007607,U_LEGIT_1520,30.56,587,D_LEGIT_0203,IP_LEGIT_0738,C_LEGIT_0696,M_103,1,2,0,1,2,0,NONE
TXN_008426,U_LEGIT_2039,135.54,782,D_LEGIT_0160,IP_LEGIT_0789,C_LEGIT_0133,M_068,0,2,0,1,1,0,NONE
TXN_003389,U_LEGIT_1564,138.36,498,D_LEGIT_0350,IP_SHARED_BENIGN_04,C_LEGIT_1046,M_119,0,3,0,1,1,0,NONE
TXN_001428,U_LEGIT_0958,95.62,153,D_LEGIT_1905,IP_LEGIT_1169,C_LEGIT_2098,M_101,0,3,0,1,1,0,NONE
TXN_000725,U_LEGIT_2472,39.99,201,D_SHARED_BENIGN_07,IP_SHARED_BENIGN_01,C_LEGIT_2640,M_012,0,5,0,1,1,0,NONE
TXN_004124,U_LEGIT_0417,145.04,36,D_LEGIT_1643,IP_LEGIT_0386,C_LEGIT_0235,M_121,0,1,0,1,2,0,NONE
TXN_000189,U_LEGIT_1804,80.71,441,D_LEGIT_1671,IP_LEGIT_1334,C_LEGIT_2435,M_035,0,2,1,1,1,0,NONE
TXN_006593,U_LEGIT_1678,22.82,1125,D_LEGIT_1700,IP_LEGIT_0654,C_LEGIT_1230,M_038,0,4,0,1,1,0,NONE
TXN_002287,U_LEGIT_2062,64.87,585,D_LEGIT_0396,IP_LEGIT_1327,C_LEGIT_1823,M_078,0,3,0,2,1,0,NONE
TXN_008774,U_LEGIT_0164,19.7,379,D_LEGIT_0839,IP_LEGIT_0470,C_LEGIT_2440,M_044,1,4,0,2,1,0,NONE
TXN_003669,U_LEGIT_2212,18.91,1009,D_LEGIT_0665,IP_LEGIT_1620,C_LEGIT_0819,M_140,0,4,0,1,1,0,NONE
TXN_002159,U_LEGIT_1147,171.67,507,D_LEGIT_0665,IP_LEGIT_1344,C_LEGIT_2927,M_117,0,4,0,1,1,0,NONE
TXN_000836,U_LEGIT_1139,214.81,816,D_LEGIT_0616,IP_LEGIT_0174,C_LEGIT_0245,M_072,0,4,0,1,1,0,NONE
TXN_009408,U_INDIV_0104,874.74,1,D_INDIV_0313,IP_INDIV_0298,C_INDIV_0349,M_014,16,15,6,5,5,1,INDIVIDUAL_FRAUD
TXN_007887,U_LEGIT_1891,51.08,747,D_LEGIT_0495,IP_LEGIT_0332,C_LEGIT_0850,M_073,1,2,0,2,2,0,NONE
TXN_003783,U_LEGIT_1603,140.58,708,D_LEGIT_1178,IP_LEGIT_0483,C_LEGIT_2283,M_093,0,1,0,1,1,0,NONE
TXN_003319,U_LEGIT_1263,31.24,1006,D_LEGIT_0879,IP_LEGIT_0874,C_LEGIT_2960,M_100,0,2,0,1,1,0,NONE
TXN_003056,U_LEGIT_1880,47.83,676,D_LEGIT_0417,IP_LEGIT_1721,C_LEGIT_2970,M_114,0,5,0,2,1,0,NONE
TXN_006470,U_LEGIT_0234,94.92,324,D_SHARED_BENIGN_01,IP_LEGIT_0807,C_LEGIT_2114,M_052,0,1,0,1,2,0,NONE
TXN_007442,U_LEGIT_1467,217.04,353,D_LEGIT_1133,IP_LEGIT_0827,C_LEGIT_1896,M_123,0,2,0,2,1,0,NONE
TXN_009664,U_CYCLE_012,658.81,10,D_CYCLE_016,IP_CYCLE_004,C_STOLEN_POOL_04,M_010,6,26,6,3,6,1,CARD_CYCLING
TXN_009038,U_INDIV_0070,1579.86,5,D_INDIV_0015,IP_INDIV_0211,C_INDIV_0385,M_088,12,21,6,6,4,1,INDIVIDUAL_FRAUD
TXN_006527,U_LEGIT_2105,202.0,1099,D_LEGIT_1588,IP_LEGIT_1312,C_LEGIT_2096,M_137,1,5,0,1,1,0,NONE
TXN_003164,U_LEGIT_0093,101.18,462,D_LEGIT_0845,IP_LEGIT_0735,C_LEGIT_1032,M_119,0,5,0,1,1,0,NONE
TXN_005261,U_LEGIT_2078,68.93,193,D_LEGIT_0420,IP_LEGIT_1193,C_LEGIT_2672,M_060,2,3,0,2,1,0,NONE
TXN_006082,U_LEGIT_0564,156.93,121,D_LEGIT_1466,IP_SHARED_BENIGN_07,C_LEGIT_1815,M_004,1,2,0,1,1,0,NONE
TXN_002683,U_LEGIT_0820,37.93,868,D_LEGIT_1372,IP_LEGIT_1588,C_LEGIT_1739,M_031,0,3,0,1,1,0,NONE
TXN_009362,U_INDIV_0147,1968.86,0,D_INDIV_0100,IP_INDIV_0053,C_INDIV_0187,M_063,6,16,9,7,8,1,INDIVIDUAL_FRAUD
TXN_000732,U_LEGIT_0745,153.62,712,D_LEGIT_0723,IP_LEGIT_0869,C_LEGIT_1972,M_106,0,2,0,2,2,0,NONE
TXN_008035,U_LEGIT_1466,81.55,527,D_LEGIT_1742,IP_LEGIT_1161,C_LEGIT_2276,M_104,0,3,0,1,1,0,NONE
TXN_002694,U_LEGIT_2395,237.35,346,D_LEGIT_1381,IP_LEGIT_1042,C_LEGIT_2176,M_067,0,5,0,1,2,0,NONE
TXN_002517,U_LEGIT_0185,62.14,385,D_LEGIT_1560,IP_LEGIT_0372,C_LEGIT_1771,M_079,0,5,0,2,1,0,NONE
TXN_005798,U_LEGIT_0041,11.15,239,D_LEGIT_0115,IP_LEGIT_0503,C_LEGIT_2388,M_011,0,1,0,1,1,0,NONE
TXN_004631,U_LEGIT_1605,223.58,754,D_LEGIT_0561,IP_LEGIT_0622,C_LEGIT_1532,M_120,2,4,0,1,1,0,NONE
TXN_006014,U_LEGIT_1090,234.57,1058,D_LEGIT_1219,IP_LEGIT_0118,C_LEGIT_1846,M_073,0,2,0,2,2,0,NONE
TXN_002313,U_LEGIT_2047,231.35,473,D_LEGIT_1574,IP_LEGIT_1643,C_LEGIT_2754,M_080,0,2,0,1,1,0,NONE
TXN_009972,U_DIST_011,45.02,17,D_DIST_027,IP_DIST_PROXY_01,C_DIST_026,M_TARGET_HIGHVAL_99,6,8,1,2,1,1,DISTRIBUTED_ABUSE
TXN_006951,U_LEGIT_0184,131.97,852,D_LEGIT_1457,IP_LEGIT_0223,C_LEGIT_2519,M_058,0,3,0,1,1,0,NONE
TXN_008423,U_LEGIT_1265,128.31,877,D_LEGIT_1242,IP_LEGIT_0090,C_LEGIT_1741,M_078,0,3,0,1,1,0,NONE
TXN_009109,U_INDIV_0066,860.61,1,D_INDIV_0066,IP_INDIV_0159,C_INDIV_0159,M_036,13,23,5,5,3,1,INDIVIDUAL_FRAUD
TXN_002135,U_LEGIT_0676,213.96,490,D_LEGIT_0635,IP_LEGIT_0465,C_LEGIT_1771,M_104,0,5,0,1,1,0,NONE
TXN_009400,U_INDIV_0049,2775.23,5,D_INDIV_0295,IP_INDIV_0077,C_INDIV_0158,M_113,8,35,4,7,6,1,INDIVIDUAL_FRAUD
TXN_007779,U_LEGIT_2235,29.96,167,D_LEGIT_0414,IP_LEGIT_0561,C_LEGIT_1961,M_109,0,3,0,1,1,0,NONE
TXN_006813,U_LEGIT_0632,32.88,265,D_LEGIT_0322,IP_LEGIT_1339,C_LEGIT_2524,M_125,0,5,0,1,1,0,NONE
TXN_009672,U_CYCLE_023,516.06,9,D_CYCLE_025,IP_CYCLE_018,C_STOLEN_POOL_01,M_053,8,18,5,3,5,1,CARD_CYCLING
TXN_004279,U_LEGIT_0850,19.22,36,D_LEGIT_0330,IP_SHARED_BENIGN_09,C_LEGIT_2921,M_132,0,2,0,1,1,0,NONE
TXN_006520,U_LEGIT_0892,193.96,31,D_LEGIT_0985,IP_LEGIT_0390,C_LEGIT_0188,M_070,2,4,0,1,1,0,NONE
TXN_009001,U_INDIV_0051,2451.65,6,D_INDIV_0312,IP_INDIV_0378,C_INDIV_0338,M_129,13,29,5,4,5,1,INDIVIDUAL_FRAUD
TXN_005589,U_LEGIT_2264,84.67,1047,D_LEGIT_0340,IP_LEGIT_0766,C_LEGIT_0868,M_118,2,4,0,1,1,0,NONE
TXN_004256,U_LEGIT_1168,73.27,555,D_LEGIT_0821,IP_LEGIT_1850,C_LEGIT_0168,M_055,0,5,0,1,1,0,NONE
TXN_009419,U_INDIV_0138,966.27,0,D_INDIV_0060,IP_INDIV_0073,C_INDIV_0011,M_079,15,30,6,5,8,1,INDIVIDUAL_FRAUD
TXN_009545,U_FARM_010,120.94,4,D_FARM_HUB_02,IP_FARM_PROXY_01,C_FARM_045,M_053,20,35,2,1,3,1,DEVICE_FARM
TXN_008783,U_LEGIT_0988,247.82,357,D_LEGIT_1718,IP_LEGIT_0515,C_LEGIT_0862,M_085,1,4,0,2,2,0,NONE
TXN_002940,U_LEGIT_1994,105.98,40,D_LEGIT_0981,IP_LEGIT_0570,C_LEGIT_2453,M_097,0,2,0,1,1,0,NONE
TXN_009270,U_INDIV_0126,878.88,4,D_INDIV_0300,IP_INDIV_0359,C_INDIV_0203,M_091,9,26,6,5,5,1,INDIVIDUAL_FRAUD
TXN_002100,U_LEGIT_2298,60.04,145,D_LEGIT_0735,IP_LEGIT_1961,C_LEGIT_1675,M_122,0,3,0,1,2,0,NONE
TXN_003304,U_LEGIT_1965,133.76,73,D_LEGIT_0172,IP_LEGIT_0692,C_LEGIT_0012,M_111,0,2,0,1,1,0,NONE
TXN_009566,U_FARM_025,306.8,3,D_FARM_HUB_02,IP_FARM_PROXY_01,C_FARM_044,M_096,15,41,3,1,4,1,DEVICE_FARM
TXN_005878,U_LEGIT_0048,167.03,724,D_LEGIT_1246,IP_LEGIT_0981,C_LEGIT_1959,M_036,0,5,0,1,1,0,NONE
TXN_006206,U_LEGIT_1033,122.36,707,D_LEGIT_1282,IP_LEGIT_1032,C_LEGIT_0765,M_015,0,2,1,2,1,0,NONE
TXN_009477,U_INDIV_0125,2041.09,1,D_INDIV_0351,IP_INDIV_0291,C_INDIV_0251,M_146,8,19,5,4,5,1,INDIVIDUAL_FRAUD
TXN_006099,U_LEGIT_1514,138.36,55,D_LEGIT_1541,IP_LEGIT_0986,C_LEGIT_0223,M_018,1,4,0,1,1,0,NONE
TXN_009243,U_INDIV_0093,1283.24,7,D_INDIV_0132,IP_INDIV_0183,C_INDIV_0295,M_084,15,42,5,3,5,1,INDIVIDUAL_FRAUD
TXN_002901,U_LEGIT_1925,211.82,1040,D_LEGIT_0116,IP_LEGIT_1699,C_LEGIT_1840,M_104,0,2,1,1,1,0,NONE
TXN_001725,U_LEGIT_1314,132.57,1044,D_LEGIT_1505,IP_LEGIT_1992,C_LEGIT_1638,M_143,0,2,0,2,1,0,NONE
TXN_006554,U_LEGIT_1575,188.81,792,D_LEGIT_0733,IP_LEGIT_0965,C_LEGIT_0075,M_088,1,3,0,1,1,0,NONE
TXN_006759,U_LEGIT_1955,212.64,1174,D_LEGIT_1947,IP_LEGIT_1639,C_LEGIT_2273,M_134,0,1,0,1,1,0,NONE
TXN_003527,U_LEGIT_0569,95.14,902,D_LEGIT_0848,IP_LEGIT_1927,C_LEGIT_1574,M_139,0,3,1,2,1,0,NONE
TXN_009728,U_CYCLE_014,249.4,3,D_CYCLE_011,IP_CYCLE_026,C_STOLEN_POOL_02,M_096,10,17,9,2,7,1,CARD_CYCLING
TXN_008648,U_LEGIT_0797,34.55,467,D_LEGIT_0520,IP_LEGIT_1326,C_LEGIT_1000,M_061,0,2,0,1,1,0,NONE
TXN_005074,U_LEGIT_0699,179.68,1030,D_LEGIT_0509,IP_LEGIT_1988,C_LEGIT_2990,M_076,0,3,0,1,1,0,NONE
TXN_007481,U_LEGIT_1532,248.89,164,D_LEGIT_0066,IP_SHARED_BENIGN_05,C_LEGIT_2366,M_068,0,3,0,1,2,0,NONE
TXN_009655,U_CYCLE_010,411.4,5,D_CYCLE_001,IP_CYCLE_020,C_STOLEN_POOL_01,M_070,6,21,10,3,9,1,CARD_CYCLING
TXN_009601,U_FARM_024,319.63,1,D_FARM_HUB_01,IP_FARM_PROXY_01,C_FARM_007,M_018,7,37,5,1,6,1,DEVICE_FARM
TXN_003457,U_LEGIT_0652,194.09,783,D_LEGIT_0292,IP_SHARED_BENIGN_06,C_LEGIT_2791,M_094,0,4,0,1,2,0,NONE
TXN_004319,U_LEGIT_2272,63.6,664,D_LEGIT_1381,IP_SHARED_BENIGN_08,C_LEGIT_1654,M_061,0,5,0,1,1,0,NONE
TXN_009852,U_BURST_012,333.17,0,D_BURST_013,IP_BURST_SUBNET_02,C_BURST_015,M_127,15,16,2,1,3,1,ACCOUNT_BURST
TXN_005653,U_LEGIT_1093,36.06,1163,D_LEGIT_1958,IP_LEGIT_1150,C_LEGIT_1903,M_049,1,3,0,2,2,0,NONE
TXN_002536,U_LEGIT_0849,10.17,1064,D_LEGIT_0509,IP_LEGIT_1916,C_LEGIT_2051,M_115,0,1,0,1,1,0,NONE
TXN_006214,U_LEGIT_2025,81.14,518,D_LEGIT_0765,IP_LEGIT_1972,C_LEGIT_2484,M_063,0,5,0,1,1,0,NONE
TXN_001209,U_LEGIT_0108,91.58,729,D_SHARED_BENIGN_01,IP_SHARED_BENIGN_05,C_LEGIT_1007,M_097,0,5,0,1,2,0,NONE
TXN_008809,U_LEGIT_1061,48.53,449,D_LEGIT_0256,IP_SHARED_BENIGN_09,C_LEGIT_0648,M_098,2,5,0,1,2,0,NONE
TXN_004106,U_LEGIT_0362,240.66,816,D_LEGIT_1647,IP_LEGIT_0854,C_LEGIT_1302,M_100,1,3,0,2,1,0,NONE
TXN_004076,U_LEGIT_2242,54.28,485,D_LEGIT_1632,IP_LEGIT_0868,C_LEGIT_2329,M_004,0,4,0,1,1,0,NONE
TXN_008178,U_LEGIT_1833,224.1,37,D_LEGIT_1127,IP_LEGIT_1848,C_LEGIT_2919,M_107,0,2,0,2,1,0,NONE
TXN_003424,U_LEGIT_0566,156.22,367,D_LEGIT_0800,IP_LEGIT_1155,C_LEGIT_0988,M_116,0,5,0,1,1,0,NONE
TXN_002038,U_LEGIT_1915,247.61,144,D_SHARED_BENIGN_05,IP_LEGIT_0275,C_LEGIT_1230,M_084,0,2,0,1,1,0,NONE
TXN_001650,U_LEGIT_1044,70.84,400,D_LEGIT_1742,IP_SHARED_BENIGN_01,C_LEGIT_0989,M_135,0,4,0,1,2,0,NONE
TXN_009207,U_INDIV_0061,921.1,1,D_INDIV_0147,IP_INDIV_0040,C_INDIV_0277,M_145,10,33,7,7,6,1,INDIVIDUAL_FRAUD
TXN_005255,U_LEGIT_1663,64.35,775,D_LEGIT_0275,IP_LEGIT_0697,C_LEGIT_0399,M_015,1,1,0,1,1,0,NONE
TXN_008547,U_LEGIT_0712,130.0,71,D_LEGIT_1509,IP_LEGIT_1543,C_LEGIT_0296,M_046,0,3,0,1,1,0,NONE
TXN_002492,U_LEGIT_1357,186.16,412,D_SHARED_BENIGN_04,IP_LEGIT_0749,C_LEGIT_0944,M_142,0,4,0,1,2,0,NONE
TXN_001586,U_LEGIT_0761,187.92,259,D_LEGIT_1648,IP_LEGIT_0648,C_LEGIT_2908,M_072,2,1,0,1,2,0,NONE
TXN_008854,U_LEGIT_2164,230.14,1037,D_LEGIT_0399,IP_LEGIT_1021,C_LEGIT_2413,M_053,0,1,0,2,1,0,NONE
TXN_008935,U_LEGIT_0766,124.92,994,D_LEGIT_1812,IP_LEGIT_1861,C_LEGIT_2044,M_132,0,4,0,1,1,0,NONE
TXN_003933,U_LEGIT_2044,244.91,932,D_LEGIT_1776,IP_LEGIT_1243,C_LEGIT_0955,M_055,1,4,0,1,1,0,NONE
TXN_007288,U_LEGIT_0857,181.13,61,D_LEGIT_0491,IP_LEGIT_0896,C_LEGIT_2440,M_079,0,4,0,1,2,0,NONE
TXN_006832,U_LEGIT_1244,190.69,481,D_LEGIT_1378,IP_LEGIT_1414,C_LEGIT_2305,M_029,0,4,0,1,1,0,NONE
TXN_004521,U_LEGIT_2423,157.47,338,D_LEGIT_0994,IP_LEGIT_0853,C_LEGIT_2508,M_051,0,3,0,1,2,0,NONE
TXN_007272,U_LEGIT_2223,179.24,925,D_LEGIT_0512,IP_LEGIT_0340,C_LEGIT_2906,M_125,0,1,0,1,1,0,NONE
TXN_007558,U_LEGIT_1595,42.7,42,D_LEGIT_0221,IP_LEGIT_1570,C_LEGIT_1702,M_024,1,4,0,2,1,0,NONE
TXN_008441,U_LEGIT_1668,223.99,749,D_LEGIT_0333,IP_SHARED_BENIGN_07,C_LEGIT_2811,M_007,0,5,0,1,1,0,NONE
TXN_004898,U_LEGIT_1793,179.06,964,D_LEGIT_0514,IP_LEGIT_0610,C_LEGIT_0027,M_146,0,3,0,1,1,0,NONE
TXN_007027,U_LEGIT_2210,62.03,954,D_LEGIT_1336,IP_LEGIT_1811,C_LEGIT_1099,M_044,0,3,0,1,1,0,NONE
TXN_003639,U_LEGIT_2112,161.98,125,D_LEGIT_1439,IP_LEGIT_1286,C_LEGIT_2540,M_143,0,4,0,1,1,0,NONE
TXN_004985,U_LEGIT_0180,188.49,592,D_LEGIT_1040,IP_LEGIT_0704,C_LEGIT_2992,M_135,0,5,0,1,1,0,NONE
TXN_002029,U_LEGIT_1663,152.77,763,D_LEGIT_0249,IP_LEGIT_0810,C_LEGIT_0956,M_147,0,2,0,1,1,0,NONE
TXN_001479,U_LEGIT_1931,155.5,170,D_LEGIT_1138,IP_LEGIT_1989,C_LEGIT_0324,M_147,0,3,0,1,1,0,NONE
TXN_003766,U_LEGIT_0081,20.1,957,D_LEGIT_0516,IP_LEGIT_0883,C_LEGIT_1558,M_060,0,4,0,2,1,0,NONE
TXN_009963,U_DIST_015,43.56,13,D_DIST_029,IP_DIST_PROXY_01,C_DIST_002,M_TARGET_HIGHVAL_99,5,16,2,1,1,1,DISTRIBUTED_ABUSE
TXN_002474,U_LEGIT_1668,227.5,555,D_LEGIT_1795,IP_LEGIT_0155,C_LEGIT_2834,M_128,0,5,0,1,2,0,NONE
TXN_009260,U_INDIV_0115,2498.48,3,D_INDIV_0353,IP_INDIV_0306,C_INDIV_0067,M_041,6,19,9,6,4,1,INDIVIDUAL_FRAUD
TXN_005994,U_LEGIT_1352,216.37,1131,D_SHARED_BENIGN_09,IP_LEGIT_0228,C_LEGIT_0379,M_013,1,2,0,1,1,0,NONE
TXN_009958,U_DIST_030,20.56,18,D_DIST_013,IP_DIST_PROXY_04,C_DIST_014,M_TARGET_HIGHVAL_99,7,7,2,1,1,1,DISTRIBUTED_ABUSE
TXN_001239,U_LEGIT_2131,225.13,864,D_LEGIT_1838,IP_LEGIT_0036,C_LEGIT_1167,M_001,1,1,1,2,1,0,NONE
TXN_008214,U_LEGIT_2354,176.37,313,D_LEGIT_0849,IP_LEGIT_0902,C_LEGIT_2735,M_045,0,3,0,1,1,0,NONE
TXN_008100,U_LEGIT_0430,56.27,1085,D_LEGIT_0567,IP_SHARED_BENIGN_03,C_LEGIT_1006,M_111,1,2,1,1,1,0,NONE
TXN_008656,U_LEGIT_0214,99.51,1158,D_SHARED_BENIGN_10,IP_SHARED_BENIGN_06,C_LEGIT_1151,M_111,0,5,0,1,1,0,NONE
TXN_003633,U_LEGIT_1401,102.02,960,D_LEGIT_0457,IP_LEGIT_0771,C_LEGIT_1961,M_093,0,3,0,1,1,0,NONE
TXN_007624,U_LEGIT_1971,226.12,603,D_LEGIT_0681,IP_LEGIT_1887,C_LEGIT_1670,M_046,0,4,0,1,1,0,NONE
TXN_004477,U_LEGIT_2100,113.18,895,D_LEGIT_1291,IP_LEGIT_1480,C_LEGIT_0181,M_032,0,5,0,2,2,0,NONE
TXN_007575,U_LEGIT_1534,230.17,986,D_LEGIT_0577,IP_LEGIT_1881,C_LEGIT_1088,M_022,0,5,1,2,2,0,NONE
TXN_003423,U_LEGIT_1312,54.7,486,D_LEGIT_0075,IP_LEGIT_0593,C_LEGIT_2620,M_006,1,5,0,1,1,0,NONE
TXN_005327,U_LEGIT_2188,8.47,433,D_LEGIT_0207,IP_LEGIT_1092,C_LEGIT_2439,M_108,0,2,0,1,1,0,NONE
TXN_008851,U_LEGIT_1650,212.87,421,D_LEGIT_0289,IP_LEGIT_1316,C_LEGIT_0968,M_074,0,1,0,1,1,0,NONE
TXN_008283,U_LEGIT_0374,32.66,273,D_LEGIT_1756,IP_LEGIT_0866,C_LEGIT_0696,M_086,1,2,0,1,1,0,NONE
TXN_001333,U_LEGIT_1200,210.09,800,D_LEGIT_1813,IP_LEGIT_0864,C_LEGIT_2876,M_073,0,2,0,2,1,0,NONE
TXN_003915,U_LEGIT_0229,118.47,811,D_LEGIT_0120,IP_LEGIT_1857,C_LEGIT_1379,M_006,0,1,0,1,1,0,NONE
TXN_006241,U_LEGIT_1093,28.38,405,D_LEGIT_1354,IP_LEGIT_1657,C_LEGIT_0059,M_065,0,3,0,1,2,0,NONE
TXN_003300,U_LEGIT_2163,224.76,349,D_LEGIT_1326,IP_LEGIT_0657,C_LEGIT_2761,M_029,0,1,0,1,1,0,NONE
TXN_007262,U_LEGIT_0591,19.9,866,D_LEGIT_0131,IP_SHARED_BENIGN_04,C_LEGIT_2086,M_143,0,4,0,1,1,0,NONE
TXN_005068,U_LEGIT_2149,146.97,953,D_LEGIT_1186,IP_LEGIT_1749,C_LEGIT_0990,M_015,1,2,0,1,1,0,NONE
TXN_004935,U_LEGIT_1822,202.54,68,D_LEGIT_0147,IP_LEGIT_0292,C_LEGIT_1901,M_080,0,1,0,2,1,0,NONE
TXN_003815,U_LEGIT_0983,211.69,170,D_LEGIT_1045,IP_LEGIT_1666,C_LEGIT_2525,M_011,0,2,0,1,1,0,NONE
TXN_005240,U_LEGIT_1342,231.6,200,D_LEGIT_0207,IP_LEGIT_0957,C_LEGIT_0130,M_056,0,1,0,1,1,0,NONE
TXN_006364,U_LEGIT_2025,128.37,845,D_LEGIT_1313,IP_SHARED_BENIGN_07,C_LEGIT_0943,M_037,0,5,0,1,1,0,NONE
TXN_008099,U_LEGIT_0364,23.46,569,D_LEGIT_1324,IP_SHARED_BENIGN_10,C_LEGIT_1662,M_125,0,4,1,1,2,0,NONE
TXN_003565,U_LEGIT_1226,68.9,787,D_SHARED_BENIGN_05,IP_LEGIT_0329,C_LEGIT_0760,M_040,0,1,0,1,1,0,NONE
TXN_006399,U_LEGIT_1295,96.71,140,D_LEGIT_1989,IP_LEGIT_0349,C_LEGIT_1657,M_061,0,3,0,1,1,0,NONE
TXN_004959,U_LEGIT_0447,9.51,1101,D_LEGIT_0639,IP_LEGIT_1136,C_LEGIT_2024,M_097,0,3,0,2,1,0,NONE
TXN_000146,U_LEGIT_2125,83.93,384,D_LEGIT_0666,IP_LEGIT_0980,C_LEGIT_2153,M_097,0,5,0,1,1,0,NONE
TXN_005158,U_LEGIT_1839,13.28,719,D_LEGIT_0029,IP_LEGIT_0788,C_LEGIT_2638,M_111,0,2,0,1,1,0,NONE
TXN_001416,U_LEGIT_1445,182.92,779,D_LEGIT_1075,IP_LEGIT_1070,C_LEGIT_2347,M_126,0,4,0,1,2,0,NONE
TXN_001086,U_LEGIT_0962,143.26,1030,D_LEGIT_1660,IP_SHARED_BENIGN_01,C_LEGIT_2307,M_112,0,1,0,1,1,0,NONE
TXN_005676,U_LEGIT_0451,73.49,774,D_LEGIT_1996,IP_LEGIT_0922,C_LEGIT_1408,M_039,0,1,0,1,1,0,NONE
TXN_001534,U_LEGIT_2218,20.53,1012,D_LEGIT_1838,IP_LEGIT_0885,C_LEGIT_1839,M_146,1,1,0,2,1,0,NONE
TXN_005079,U_LEGIT_0490,26.98,1040,D_LEGIT_0222,IP_LEGIT_1796,C_LEGIT_2593,M_143,0,1,1,1,2,0,NONE
TXN_006880,U_LEGIT_2487,135.44,736,D_LEGIT_0732,IP_SHARED_BENIGN_09,C_LEGIT_0938,M_132,1,5,0,1,1,0,NONE
TXN_003779,U_LEGIT_1196,151.22,1188,D_LEGIT_0925,IP_LEGIT_1072,C_LEGIT_1601,M_064,0,2,0,1,1,0,NONE
TXN_006249,U_LEGIT_2475,249.8,612,D_LEGIT_1651,IP_LEGIT_1525,C_LEGIT_0020,M_070,0,4,0,1,1,0,NONE
TXN_004399,U_LEGIT_0081,120.89,56,D_LEGIT_0344,IP_LEGIT_0818,C_LEGIT_1677,M_024,0,5,0,1,1,0,NONE
TXN_000473,U_LEGIT_2288,94.73,519,D_LEGIT_1420,IP_LEGIT_1946,C_LEGIT_0893,M_034,0,1,0,1,1,0,NONE
TXN_007698,U_LEGIT_2253,165.71,626,D_LEGIT_1389,IP_LEGIT_0676,C_LEGIT_1318,M_117,0,3,0,1,1,0,NONE
TXN_009787,U_BURST_015,561.09,0,D_BURST_001,IP_BURST_SUBNET_01,C_BURST_030,M_031,11,32,2,2,2,1,ACCOUNT_BURST
TXN_000467,U_LEGIT_0964,63.68,255,D_LEGIT_1214,IP_LEGIT_0859,C_LEGIT_0815,M_084,0,1,0,2,1,0,NONE
TXN_001006,U_LEGIT_0113,60.08,955,D_LEGIT_1006,IP_LEGIT_1566,C_LEGIT_0547,M_102,0,3,0,2,1,0,NONE
TXN_006793,U_LEGIT_1725,83.62,246,D_LEGIT_1430,IP_LEGIT_1011,C_LEGIT_1250,M_030,0,2,0,1,1,0,NONE
TXN_001722,U_LEGIT_1899,25.83,793,D_LEGIT_1280,IP_LEGIT_0836,C_LEGIT_1163,M_150,0,5,0,1,1,0,NONE
TXN_002017,U_LEGIT_0687,23.59,571,D_LEGIT_0119,IP_LEGIT_1226,C_LEGIT_0914,M_072,0,2,0,1,2,0,NONE
TXN_001400,U_LEGIT_0244,85.32,720,D_SHARED_BENIGN_07,IP_LEGIT_1433,C_LEGIT_0208,M_021,0,2,0,1,1,0,NONE
TXN_003044,U_LEGIT_1855,240.12,570,D_LEGIT_0232,IP_LEGIT_1254,C_LEGIT_2193,M_065,1,5,0,1,2,0,NONE
TXN_004518,U_LEGIT_2184,122.45,577,D_LEGIT_0079,IP_LEGIT_0379,C_LEGIT_0596,M_144,0,5,0,1,2,0,NONE
TXN_002818,U_LEGIT_1967,90.18,983,D_LEGIT_0364,IP_LEGIT_1839,C_LEGIT_0961,M_013,0,5,0,1,1,0,NONE
TXN_000430,U_LEGIT_0709,35.67,978,D_LEGIT_0160,IP_LEGIT_1458,C_LEGIT_2352,M_125,0,1,0,1,1,0,NONE
TXN_002314,U_LEGIT_1077,104.87,802,D_LEGIT_0842,IP_SHARED_BENIGN_09,C_LEGIT_0729,M_063,0,2,0,2,1,0,NONE
TXN_003760,U_LEGIT_1910,43.82,714,D_LEGIT_1050,IP_LEGIT_1908,C_LEGIT_1605,M_148,0,3,0,2,1,0,NONE
TXN_000805,U_LEGIT_1635,49.94,922,D_LEGIT_0201,IP_LEGIT_1885,C_LEGIT_1238,M_080,0,3,0,1,1,0,NONE
TXN_008155,U_LEGIT_2024,165.01,1062,D_LEGIT_0394,IP_LEGIT_0891,C_LEGIT_1113,M_138,0,5,0,1,1,0,NONE
TXN_003650,U_LEGIT_0136,87.26,171,D_LEGIT_0691,IP_LEGIT_1430,C_LEGIT_1653,M_116,0,5,0,1,2,0,NONE
TXN_001627,U_LEGIT_0916,143.06,938,D_LEGIT_0340,IP_LEGIT_0047,C_LEGIT_1936,M_043,0,1,0,2,1,0,NONE
TXN_002926,U_LEGIT_0550,159.61,1147,D_LEGIT_0569,IP_SHARED_BENIGN_01,C_LEGIT_1706,M_100,0,3,1,1,1,0,NONE
TXN_008677,U_LEGIT_0791,101.63,942,D_LEGIT_0394,IP_LEGIT_0121,C_LEGIT_1068,M_057,0,2,1,1,2,0,NONE
TXN_008161,U_LEGIT_1337,224.78,428,D_LEGIT_1897,IP_LEGIT_0193,C_LEGIT_2537,M_108,1,1,0,1,1,0,NONE
TXN_004965,U_LEGIT_1732,230.23,1009,D_SHARED_BENIGN_09,IP_LEGIT_0053,C_LEGIT_2369,M_088,0,1,1,1,1,0,NONE
TXN_004778,U_LEGIT_1789,127.7,422,D_LEGIT_1683,IP_LEGIT_0271,C_LEGIT_2429,M_003,0,2,0,1,1,0,NONE
TXN_008328,U_LEGIT_2024,133.58,506,D_LEGIT_1616,IP_LEGIT_0633,C_LEGIT_0366,M_068,0,4,0,1,1,0,NONE
TXN_005445,U_LEGIT_0447,8.79,1172,D_SHARED_BENIGN_01,IP_SHARED_BENIGN_10,C_LEGIT_2944,M_088,0,2,0,2,1,0,NONE
TXN_007189,U_LEGIT_0176,161.32,899,D_LEGIT_0338,IP_SHARED_BENIGN_08,C_LEGIT_1035,M_095,0,2,0,2,1,0,NONE
TXN_000416,U_LEGIT_1973,197.73,877,D_LEGIT_0944,IP_LEGIT_1100,C_LEGIT_1373,M_119,1,1,0,1,1,0,NONE
TXN_005058,U_LEGIT_1450,123.31,57,D_LEGIT_0471,IP_LEGIT_1928,C_LEGIT_2999,M_079,0,5,0,2,1,0,NONE
TXN_004614,U_LEGIT_2290,234.7,1060,D_LEGIT_1707,IP_LEGIT_0294,C_LEGIT_1326,M_134,1,5,0,2,1,0,NONE
TXN_002612,U_LEGIT_1514,123.77,473,D_LEGIT_0077,IP_LEGIT_0157,C_LEGIT_1005,M_143,0,4,0,2,1,0,NONE
TXN_006239,U_LEGIT_1220,46.1,242,D_LEGIT_1198,IP_LEGIT_1187,C_LEGIT_2817,M_057,1,2,0,1,2,0,NONE
TXN_005843,U_LEGIT_0585,90.22,877,D_LEGIT_1602,IP_LEGIT_0754,C_LEGIT_0711,M_007,0,5,0,1,1,0,NONE
TXN_006067,U_LEGIT_2012,216.92,614,D_LEGIT_0485,IP_LEGIT_1664,C_LEGIT_1276,M_132,0,2,0,2,1,0,NONE
TXN_005392,U_LEGIT_1625,44.53,132,D_LEGIT_0051,IP_LEGIT_1556,C_LEGIT_1822,M_103,0,4,0,2,1,0,NONE
TXN_002393,U_LEGIT_2447,216.43,310,D_LEGIT_1983,IP_LEGIT_1406,C_LEGIT_2477,M_063,2,2,0,2,1,0,NONE
TXN_003142,U_LEGIT_2388,65.93,454,D_LEGIT_0491,IP_LEGIT_0209,C_LEGIT_2703,M_019,0,1,0,1,1,0,NONE
TXN_002767,U_LEGIT_1341,116.34,674,D_LEGIT_0026,IP_SHARED_BENIGN_04,C_LEGIT_2890,M_057,0,5,0,1,1,0,NONE
TXN_008801,U_LEGIT_0592,106.98,134,D_LEGIT_1912,IP_LEGIT_1630,C_LEGIT_0527,M_013,0,4,0,1,1,0,NONE
TXN_005607,U_LEGIT_1980,136.63,593,D_LEGIT_0959,IP_LEGIT_1111,C_LEGIT_0382,M_032,0,5,0,1,1,0,NONE
TXN_002775,U_LEGIT_1374,123.37,407,D_LEGIT_0685,IP_LEGIT_0875,C_LEGIT_0677,M_147,0,5,0,1,1,0,NONE
TXN_004984,U_LEGIT_1751,107.48,116,D_LEGIT_0904,IP_LEGIT_0081,C_LEGIT_2223,M_023,0,1,0,1,1,0,NONE
TXN_004161,U_LEGIT_2165,11.52,739,D_LEGIT_1052,IP_LEGIT_0204,C_LEGIT_0052,M_147,0,3,0,2,1,0,NONE
TXN_000817,U_LEGIT_0715,181.07,316,D_LEGIT_0721,IP_LEGIT_1154,C_LEGIT_1390,M_118,0,3,0,1,2,0,NONE
TXN_008578,U_LEGIT_2088,162.4,492,D_LEGIT_0617,IP_LEGIT_1094,C_LEGIT_2425,M_068,0,4,0,2,1,0,NONE
TXN_005518,U_LEGIT_1417,160.46,302,D_LEGIT_1622,IP_LEGIT_1286,C_LEGIT_2272,M_115,0,1,0,1,1,0,NONE
TXN_004670,U_LEGIT_0612,53.55,1102,D_LEGIT_1725,IP_LEGIT_1203,C_LEGIT_2531,M_017,0,3,0,1,1,0,NONE
TXN_003646,U_LEGIT_0288,248.94,1009,D_LEGIT_0905,IP_LEGIT_0699,C_LEGIT_1104,M_033,0,1,1,1,1,0,NONE
TXN_007030,U_LEGIT_0702,236.91,900,D_LEGIT_0003,IP_LEGIT_0886,C_LEGIT_1860,M_047,0,4,0,1,2,0,NONE
TXN_000160,U_LEGIT_0842,117.73,1081,D_LEGIT_1002,IP_SHARED_BENIGN_09,C_LEGIT_1825,M_015,0,5,0,2,1,0,NONE
TXN_000192,U_LEGIT_1840,139.56,766,D_LEGIT_0982,IP_LEGIT_1095,C_LEGIT_2076,M_108,0,5,0,1,1,0,NONE
TXN_009838,U_BURST_013,863.47,1,D_BURST_014,IP_BURST_SUBNET_01,C_BURST_018,M_143,13,32,4,1,3,1,ACCOUNT_BURST
TXN_008626,U_LEGIT_0767,196.46,255,D_LEGIT_1618,IP_LEGIT_0819,C_LEGIT_1933,M_134,0,2,0,1,2,0,NONE
TXN_009262,U_INDIV_0110,897.35,0,D_INDIV_0081,IP_INDIV_0328,C_INDIV_0164,M_090,7,50,4,4,6,1,INDIVIDUAL_FRAUD
TXN_001468,U_LEGIT_2430,101.33,741,D_LEGIT_0634,IP_LEGIT_0183,C_LEGIT_1720,M_052,0,1,0,1,1,0,NONE
TXN_003461,U_LEGIT_2411,209.48,628,D_LEGIT_1394,IP_LEGIT_0828,C_LEGIT_2602,M_005,0,4,0,1,2,0,NONE
TXN_000204,U_LEGIT_2221,247.53,239,D_LEGIT_0086,IP_LEGIT_0904,C_LEGIT_2238,M_056,0,2,0,1,2,0,NONE
TXN_006331,U_LEGIT_0118,51.43,1183,D_LEGIT_0462,IP_LEGIT_1844,C_LEGIT_0057,M_026,0,3,0,1,2,0,NONE
TXN_000747,U_LEGIT_2044,75.79,774,D_SHARED_BENIGN_06,IP_LEGIT_0606,C_LEGIT_0662,M_018,0,1,0,2,1,0,NONE
TXN_002285,U_LEGIT_2377,79.56,273,D_LEGIT_1701,IP_LEGIT_1057,C_LEGIT_0015,M_034,0,3,0,2,2,0,NONE
TXN_000853,U_LEGIT_1079,218.41,913,D_LEGIT_1457,IP_LEGIT_1522,C_LEGIT_0414,M_033,0,2,1,1,2,0,NONE
TXN_000944,U_LEGIT_2322,63.26,964,D_LEGIT_0502,IP_LEGIT_1515,C_LEGIT_0749,M_063,0,5,0,1,1,0,NONE
TXN_004881,U_LEGIT_0573,181.51,140,D_LEGIT_1427,IP_LEGIT_1702,C_LEGIT_1723,M_121,0,1,0,1,1,0,NONE
TXN_006404,U_LEGIT_1712,27.25,419,D_LEGIT_1737,IP_LEGIT_0661,C_LEGIT_0419,M_098,0,4,0,1,1,0,NONE
TXN_000437,U_LEGIT_0925,180.34,581,D_LEGIT_1239,IP_SHARED_BENIGN_08,C_LEGIT_2994,M_061,0,5,0,1,1,0,NONE
TXN_008363,U_LEGIT_2331,11.68,256,D_LEGIT_0031,IP_SHARED_BENIGN_03,C_LEGIT_1773,M_105,2,5,0,1,1,0,NONE
TXN_000237,U_LEGIT_0121,75.72,334,D_LEGIT_0874,IP_LEGIT_0440,C_LEGIT_0767,M_071,0,5,0,1,2,0,NONE
TXN_008446,U_LEGIT_1794,203.59,970,D_SHARED_BENIGN_07,IP_LEGIT_1066,C_LEGIT_2004,M_133,0,5,0,1,2,0,NONE
TXN_005283,U_LEGIT_0386,31.11,143,D_LEGIT_0668,IP_LEGIT_0290,C_LEGIT_2675,M_129,1,3,0,2,1,0,NONE
TXN_009117,U_INDIV_0166,1178.04,4,D_INDIV_0007,IP_INDIV_0099,C_INDIV_0146,M_017,13,28,8,7,5,1,INDIVIDUAL_FRAUD
TXN_002370,U_LEGIT_0099,236.46,126,D_LEGIT_1218,IP_LEGIT_0122,C_LEGIT_0349,M_033,0,2,0,1,1,0,NONE
TXN_001922,U_LEGIT_0477,57.27,1114,D_LEGIT_0597,IP_LEGIT_0107,C_LEGIT_1880,M_007,0,3,0,1,1,0,NONE
TXN_008770,U_LEGIT_0145,107.8,1071,D_LEGIT_1713,IP_LEGIT_1761,C_LEGIT_1459,M_011,0,5,0,1,2,0,NONE
TXN_003404,U_LEGIT_2264,75.02,188,D_SHARED_BENIGN_10,IP_LEGIT_1007,C_LEGIT_0154,M_022,0,5,0,1,1,0,NONE
TXN_005621,U_LEGIT_1557,107.27,142,D_LEGIT_0646,IP_LEGIT_1880,C_LEGIT_2212,M_007,0,3,0,2,1,0,NONE
TXN_004586,U_LEGIT_0535,10.08,375,D_LEGIT_1295,IP_LEGIT_1725,C_LEGIT_2129,M_018,1,5,0,1,1,0,NONE
TXN_005960,U_LEGIT_0050,37.02,578,D_LEGIT_0418,IP_LEGIT_1424,C_LEGIT_1323,M_042,0,4,0,1,1,0,NONE
TXN_008625,U_LEGIT_0750,143.88,166,D_LEGIT_1405,IP_LEGIT_0854,C_LEGIT_1566,M_086,0,5,0,1,2,0,NONE
TXN_005010,U_LEGIT_1592,189.51,868,D_LEGIT_1372,IP_LEGIT_0925,C_LEGIT_1294,M_059,0,5,0,1,1,0,NONE
TXN_002058,U_LEGIT_0886,60.18,652,D_LEGIT_0850,IP_LEGIT_1937,C_LEGIT_0796,M_109,0,2,0,1,2,0,NONE
TXN_003487,U_LEGIT_0577,89.5,887,D_LEGIT_1333,IP_LEGIT_1866,C_LEGIT_2013,M_039,0,1,0,1,1,0,NONE
TXN_008093,U_LEGIT_1409,182.9,487,D_LEGIT_1844,IP_LEGIT_0932,C_LEGIT_2888,M_039,1,1,0,1,1,0,NONE
TXN_008959,U_LEGIT_0289,38.98,1102,D_LEGIT_0118,IP_LEGIT_0448,C_LEGIT_0435,M_139,0,2,0,1,1,0,NONE
TXN_007318,U_LEGIT_1782,55.26,135,D_LEGIT_1189,IP_LEGIT_1930,C_LEGIT_0729,M_101,0,3,0,1,2,0,NONE
TXN_002931,U_LEGIT_0024,94.28,400,D_LEGIT_0369,IP_LEGIT_1376,C_LEGIT_2249,M_019,0,5,0,1,1,0,NONE
TXN_008295,U_LEGIT_1872,74.27,732,D_LEGIT_0320,IP_SHARED_BENIGN_03,C_LEGIT_1922,M_112,0,3,0,2,1,0,NONE
TXN_001729,U_LEGIT_0624,113.22,700,D_LEGIT_1728,IP_LEGIT_0272,C_LEGIT_0136,M_139,0,4,0,1,1,0,NONE
TXN_009626,U_CYCLE_024,713.53,1,D_CYCLE_006,IP_CYCLE_004,C_STOLEN_POOL_05,M_029,5,16,3,5,6,1,CARD_CYCLING
TXN_001414,U_LEGIT_0580,245.96,80,D_LEGIT_0725,IP_LEGIT_0160,C_LEGIT_1048,M_119,0,2,0,2,1,0,NONE
TXN_005842,U_LEGIT_0857,29.73,265,D_LEGIT_0653,IP_SHARED_BENIGN_09,C_LEGIT_2686,M_091,0,4,0,1,2,0,NONE
TXN_007455,U_LEGIT_0585,177.31,403,D_LEGIT_0073,IP_LEGIT_1304,C_LEGIT_1887,M_015,0,2,0,1,1,0,NONE
TXN_004102,U_LEGIT_1049,190.96,380,D_SHARED_BENIGN_06,IP_LEGIT_1743,C_LEGIT_1267,M_128,0,2,0,2,1,0,NONE
TXN_007028,U_LEGIT_1351,75.33,1130,D_LEGIT_0461,IP_LEGIT_0758,C_LEGIT_0417,M_148,0,4,0,1,1,0,NONE
TXN_001233,U_LEGIT_0189,32.8,788,D_LEGIT_1322,IP_LEGIT_1483,C_LEGIT_0509,M_014,0,1,0,1,1,0,NONE
TXN_004565,U_LEGIT_1349,181.38,1177,D_LEGIT_0200,IP_LEGIT_0798,C_LEGIT_1309,M_107,0,3,0,1,1,0,NONE
TXN_001166,U_LEGIT_0982,37.39,1124,D_SHARED_BENIGN_05,IP_LEGIT_0233,C_LEGIT_1849,M_087,0,1,0,1,1,0,NONE
TXN_007576,U_LEGIT_0794,155.82,495,D_SHARED_BENIGN_05,IP_LEGIT_1281,C_LEGIT_2467,M_094,0,4,0,1,1,0,NONE
TXN_009519,U_FARM_018,248.11,5,D_FARM_HUB_02,IP_FARM_PROXY_01,C_FARM_024,M_005,18,28,6,1,4,1,DEVICE_FARM
TXN_000296,U_LEGIT_2370,129.99,817,D_LEGIT_1670,IP_LEGIT_0794,C_LEGIT_2694,M_083,0,5,0,1,1,0,NONE
TXN_008969,U_LEGIT_1278,26.04,742,D_LEGIT_1467,IP_LEGIT_1675,C_LEGIT_2815,M_042,0,2,0,1,2,0,NONE
TXN_009715,U_CYCLE_007,464.01,7,D_CYCLE_030,IP_CYCLE_020,C_STOLEN_POOL_04,M_113,12,16,9,4,9,1,CARD_CYCLING
TXN_009840,U_BURST_009,751.75,1,D_BURST_005,IP_BURST_SUBNET_01,C_BURST_007,M_052,21,22,4,3,2,1,ACCOUNT_BURST
TXN_005163,U_LEGIT_1583,106.07,589,D_LEGIT_0547,IP_LEGIT_1605,C_LEGIT_2092,M_025,0,1,0,1,2,0,NONE
TXN_004389,U_LEGIT_2072,248.62,1077,D_LEGIT_0399,IP_LEGIT_1210,C_LEGIT_2463,M_123,0,4,0,1,2,0,NONE
TXN_003067,U_LEGIT_0353,63.89,612,D_LEGIT_0752,IP_LEGIT_1985,C_LEGIT_1789,M_023,0,3,0,1,1,0,NONE
TXN_006461,U_LEGIT_0587,157.7,126,D_LEGIT_1027,IP_LEGIT_0046,C_LEGIT_2723,M_065,0,4,0,1,1,0,NONE
TXN_003943,U_LEGIT_2212,190.75,1008,D_LEGIT_1996,IP_LEGIT_1393,C_LEGIT_2324,M_043,0,3,0,2,2,0,NONE
TXN_002157,U_LEGIT_0531,241.09,548,D_LEGIT_1911,IP_LEGIT_0010,C_LEGIT_1352,M_024,0,2,0,1,1,0,NONE
TXN_006755,U_LEGIT_0647,197.59,535,D_SHARED_BENIGN_10,IP_LEGIT_0086,C_LEGIT_1447,M_064,0,5,0,1,2,0,NONE
TXN_001179,U_LEGIT_2143,140.51,151,D_LEGIT_1182,IP_LEGIT_1590,C_LEGIT_0769,M_127,0,5,0,1,1,0,NONE
TXN_002768,U_LEGIT_0573,30.4,573,D_SHARED_BENIGN_10,IP_LEGIT_1989,C_LEGIT_0524,M_084,0,4,0,1,1,0,NONE
TXN_003154,U_LEGIT_0383,151.98,1033,D_LEGIT_1973,IP_LEGIT_0691,C_LEGIT_0903,M_007,0,1,0,1,1,0,NONE
TXN_001441,U_LEGIT_2175,97.14,1154,D_LEGIT_1884,IP_LEGIT_1909,C_LEGIT_0493,M_021,0,5,0,1,1,0,NONE
TXN_003964,U_LEGIT_2269,199.4,336,D_LEGIT_1130,IP_LEGIT_0817,C_LEGIT_2139,M_149,0,1,0,1,2,0,NONE
TXN_004866,U_LEGIT_1789,114.76,685,D_LEGIT_1614,IP_LEGIT_0346,C_LEGIT_0453,M_037,0,1,0,2,2,0,NONE
TXN_003558,U_LEGIT_1560,224.41,1093,D_LEGIT_1928,IP_LEGIT_0842,C_LEGIT_0753,M_072,0,4,0,1,1,0,NONE
TXN_009870,U_BURST_014,1182.2,1,D_BURST_009,IP_BURST_SUBNET_02,C_BURST_014,M_055,22,26,1,3,2,1,ACCOUNT_BURST
TXN_005340,U_LEGIT_1314,12.94,599,D_LEGIT_0709,IP_LEGIT_0100,C_LEGIT_2721,M_065,0,5,0,2,1,0,NONE
TXN_007219,U_LEGIT_1120,220.4,1078,D_LEGIT_0710,IP_LEGIT_0081,C_LEGIT_0087,M_046,0,5,0,1,1,0,NONE
TXN_003277,U_LEGIT_2044,249.3,997,D_LEGIT_1499,IP_LEGIT_1449,C_LEGIT_0221,M_076,1,2,0,2,1,0,NONE
TXN_002889,U_LEGIT_0311,247.03,1155,D_LEGIT_1487,IP_LEGIT_1210,C_LEGIT_1400,M_070,0,4,0,1,1,0,NONE
TXN_002742,U_LEGIT_1345,243.56,536,D_LEGIT_0814,IP_LEGIT_1872,C_LEGIT_2530,M_111,0,2,0,1,2,0,NONE
TXN_009051,U_INDIV_0160,1866.54,0,D_INDIV_0107,IP_INDIV_0287,C_INDIV_0007,M_007,17,39,9,6,3,1,INDIVIDUAL_FRAUD
TXN_002820,U_LEGIT_1264,160.92,57,D_LEGIT_0098,IP_LEGIT_1302,C_LEGIT_0291,M_069,0,5,0,1,2,0,NONE
TXN_008709,U_LEGIT_2295,81.19,315,D_LEGIT_1383,IP_LEGIT_1438,C_LEGIT_0038,M_148,0,3,0,2,1,0,NONE
TXN_009618,U_FARM_009,250.39,0,D_FARM_HUB_02,IP_FARM_PROXY_01,C_FARM_026,M_080,19,31,3,1,4,1,DEVICE_FARM
TXN_003530,U_LEGIT_1524,111.43,715,D_SHARED_BENIGN_07,IP_LEGIT_0402,C_LEGIT_1976,M_011,0,1,0,2,1,0,NONE
TXN_003309,U_LEGIT_2494,115.25,1192,D_LEGIT_0416,IP_LEGIT_1179,C_LEGIT_1168,M_106,1,4,0,2,1,0,NONE
TXN_000341,U_LEGIT_1545,224.96,86,D_LEGIT_1577,IP_LEGIT_0696,C_LEGIT_1880,M_118,0,3,0,1,1,0,NONE
TXN_001380,U_LEGIT_0571,243.11,271,D_LEGIT_1606,IP_LEGIT_0688,C_LEGIT_2091,M_081,0,4,0,1,1,0,NONE
TXN_001453,U_LEGIT_2020,137.26,558,D_LEGIT_1725,IP_LEGIT_1891,C_LEGIT_2898,M_068,0,4,0,2,1,0,NONE
TXN_008429,U_LEGIT_2353,222.99,368,D_LEGIT_0008,IP_LEGIT_0350,C_LEGIT_2621,M_092,0,3,0,1,1,0,NONE
TXN_001776,U_LEGIT_1179,184.16,300,D_SHARED_BENIGN_01,IP_LEGIT_1621,C_LEGIT_2901,M_077,1,3,0,2,2,0,NONE
TXN_001967,U_LEGIT_2180,38.2,932,D_SHARED_BENIGN_01,IP_LEGIT_1881,C_LEGIT_2911,M_075,0,4,0,1,1,0,NONE
TXN_006084,U_LEGIT_1754,136.57,1175,D_LEGIT_1554,IP_LEGIT_1646,C_LEGIT_1642,M_059,0,2,0,1,1,0,NONE
TXN_006639,U_LEGIT_1513,219.55,1020,D_LEGIT_1733,IP_LEGIT_1606,C_LEGIT_0023,M_121,0,1,0,1,1,0,NONE
TXN_000273,U_LEGIT_1693,246.9,967,D_SHARED_BENIGN_03,IP_LEGIT_0411,C_LEGIT_1404,M_105,0,2,0,2,1,0,NONE
TXN_000594,U_LEGIT_0864,161.71,957,D_LEGIT_1961,IP_LEGIT_1811,C_LEGIT_2794,M_088,0,3,0,2,1,0,NONE
TXN_003088,U_LEGIT_2076,138.06,944,D_LEGIT_1762,IP_LEGIT_1300,C_LEGIT_1200,M_099,0,4,0,1,1,0,NONE
TXN_002098,U_LEGIT_2366,191.9,555,D_LEGIT_0439,IP_LEGIT_0425,C_LEGIT_1349,M_032,1,5,0,1,1,0,NONE
TXN_001873,U_LEGIT_0769,230.15,1052,D_LEGIT_0490,IP_LEGIT_1975,C_LEGIT_0327,M_010,0,1,0,2,1,0,NONE
TXN_005624,U_LEGIT_2347,211.31,487,D_LEGIT_0649,IP_LEGIT_0916,C_LEGIT_1306,M_039,0,4,0,1,1,0,NONE
TXN_005712,U_LEGIT_1504,207.88,372,D_LEGIT_1741,IP_LEGIT_0568,C_LEGIT_2913,M_123,0,4,0,1,2,0,NONE
TXN_009199,U_INDIV_0032,1098.55,5,D_INDIV_0184,IP_INDIV_0197,C_INDIV_0116,M_067,17,32,3,6,3,1,INDIVIDUAL_FRAUD
TXN_006030,U_LEGIT_2441,238.98,757,D_LEGIT_0190,IP_LEGIT_0507,C_LEGIT_2997,M_096,0,3,0,1,1,0,NONE
TXN_003165,U_LEGIT_1480,216.04,841,D_LEGIT_0578,IP_LEGIT_1130,C_LEGIT_2380,M_037,0,3,0,1,1,0,NONE
TXN_000623,U_LEGIT_0311,163.76,596,D_LEGIT_0169,IP_LEGIT_1028,C_LEGIT_2101,M_140,1,1,0,1,1,0,NONE
TXN_001913,U_LEGIT_0997,153.06,1058,D_LEGIT_0150,IP_LEGIT_0532,C_LEGIT_1792,M_089,1,4,0,1,2,0,NONE
TXN_003909,U_LEGIT_1722,85.4,1139,D_LEGIT_1172,IP_LEGIT_0204,C_LEGIT_0344,M_023,0,1,0,1,1,0,NONE
TXN_002733,U_LEGIT_1803,189.94,848,D_LEGIT_1007,IP_LEGIT_1678,C_LEGIT_2734,M_116,1,4,0,2,2,0,NONE
TXN_002382,U_LEGIT_1331,57.36,649,D_LEGIT_0017,IP_SHARED_BENIGN_10,C_LEGIT_0357,M_030,0,2,0,1,2,0,NONE
TXN_006213,U_LEGIT_2400,161.65,824,D_LEGIT_1020,IP_LEGIT_0672,C_LEGIT_2327,M_144,0,5,0,1,1,0,NONE
TXN_009103,U_INDIV_0064,2116.13,7,D_INDIV_0081,IP_INDIV_0168,C_INDIV_0184,M_001,11,28,4,5,8,1,INDIVIDUAL_FRAUD
TXN_000105,U_LEGIT_0315,119.98,1165,D_LEGIT_1752,IP_SHARED_BENIGN_10,C_LEGIT_2077,M_099,1,1,0,1,1,0,NONE
TXN_002097,U_LEGIT_0362,10.21,602,D_LEGIT_1638,IP_LEGIT_0397,C_LEGIT_2278,M_098,0,5,0,2,1,0,NONE
TXN_002555,U_LEGIT_1492,119.77,573,D_LEGIT_0583,IP_LEGIT_0636,C_LEGIT_2332,M_107,1,1,0,1,1,0,NONE
TXN_007755,U_LEGIT_0661,51.17,399,D_LEGIT_0878,IP_LEGIT_1923,C_LEGIT_2863,M_138,0,2,0,1,2,0,NONE
TXN_009763,U_BURST_010,975.06,0,D_BURST_019,IP_BURST_SUBNET_02,C_BURST_021,M_046,23,28,3,2,3,1,ACCOUNT_BURST
TXN_003868,U_LEGIT_1518,10.1,222,D_LEGIT_1412,IP_LEGIT_0781,C_LEGIT_0293,M_140,0,3,0,2,1,0,NONE
TXN_006722,U_LEGIT_0327,31.27,1096,D_LEGIT_0911,IP_LEGIT_1861,C_LEGIT_1588,M_002,0,4,1,1,1,0,NONE
TXN_000927,U_LEGIT_1621,141.12,750,D_LEGIT_0227,IP_LEGIT_0366,C_LEGIT_0652,M_103,0,4,0,1,1,0,NONE
TXN_002432,U_LEGIT_1508,151.64,80,D_LEGIT_0702,IP_LEGIT_0410,C_LEGIT_1976,M_148,0,3,0,1,2,0,NONE
TXN_001769,U_LEGIT_1885,114.31,514,D_LEGIT_1761,IP_LEGIT_0383,C_LEGIT_1058,M_043,0,2,0,1,1,0,NONE
TXN_002328,U_LEGIT_1076,28.14,846,D_LEGIT_1403,IP_LEGIT_0765,C_LEGIT_2754,M_070,0,1,0,1,1,0,NONE
TXN_008266,U_LEGIT_2222,66.67,94,D_LEGIT_0957,IP_LEGIT_1477,C_LEGIT_2429,M_027,0,2,0,1,1,0,NONE
TXN_005161,U_LEGIT_1778,164.13,809,D_LEGIT_0476,IP_LEGIT_0545,C_LEGIT_0055,M_150,1,1,0,1,1,0,NONE
TXN_005450,U_LEGIT_1764,41.28,1058,D_LEGIT_1417,IP_LEGIT_0274,C_LEGIT_2127,M_142,0,5,0,1,1,0,NONE
TXN_004025,U_LEGIT_0641,166.44,526,D_LEGIT_1808,IP_SHARED_BENIGN_06,C_LEGIT_0368,M_067,0,4,0,1,1,0,NONE
TXN_005236,U_LEGIT_1899,138.0,827,D_LEGIT_1347,IP_SHARED_BENIGN_05,C_LEGIT_2142,M_011,0,5,0,1,2,0,NONE
TXN_001482,U_LEGIT_2067,15.91,672,D_LEGIT_1382,IP_LEGIT_0812,C_LEGIT_2213,M_008,0,2,0,1,2,0,NONE
TXN_007547,U_LEGIT_1786,101.59,853,D_LEGIT_1220,IP_LEGIT_1599,C_LEGIT_1549,M_063,0,3,0,1,1,0,NONE
TXN_005350,U_LEGIT_2216,226.67,583,D_LEGIT_1249,IP_LEGIT_0289,C_LEGIT_2542,M_075,0,2,0,2,2,0,NONE
TXN_004752,U_LEGIT_1182,132.44,1171,D_LEGIT_0171,IP_LEGIT_1926,C_LEGIT_0075,M_103,0,1,0,1,1,0,NONE
TXN_005366,U_LEGIT_0773,46.65,600,D_LEGIT_0622,IP_LEGIT_0046,C_LEGIT_2629,M_074,0,1,0,1,1,0,NONE
TXN_003318,U_LEGIT_0658,212.22,902,D_LEGIT_1725,IP_LEGIT_0112,C_LEGIT_0087,M_129,1,1,0,1,1,0,NONE
TXN_007711,U_LEGIT_2151,43.18,577,D_LEGIT_0469,IP_LEGIT_0445,C_LEGIT_0797,M_104,1,5,1,1,1,0,NONE
TXN_009506,U_FARM_004,328.85,2,D_FARM_HUB_01,IP_FARM_PROXY_01,C_FARM_020,M_133,12,30,5,1,2,1,DEVICE_FARM
TXN_004422,U_LEGIT_2158,93.07,981,D_LEGIT_0671,IP_LEGIT_0621,C_LEGIT_0637,M_042,0,5,0,1,1,0,NONE
TXN_001790,U_LEGIT_2175,100.59,552,D_LEGIT_0597,IP_LEGIT_0732,C_LEGIT_0293,M_107,0,2,0,1,1,0,NONE
TXN_009621,U_FARM_009,348.94,0,D_FARM_HUB_02,IP_FARM_PROXY_01,C_FARM_011,M_136,17,64,5,1,5,1,DEVICE_FARM
TXN_003079,U_LEGIT_1035,193.39,787,D_LEGIT_1837,IP_LEGIT_0076,C_LEGIT_1086,M_068,0,3,0,1,1,0,NONE
TXN_002847,U_LEGIT_1468,100.4,448,D_LEGIT_1479,IP_LEGIT_1847,C_LEGIT_0207,M_036,0,3,0,1,1,0,NONE
TXN_009394,U_INDIV_0030,1982.57,4,D_INDIV_0082,IP_INDIV_0357,C_INDIV_0145,M_133,10,17,5,4,5,1,INDIVIDUAL_FRAUD
TXN_005318,U_LEGIT_0102,69.36,284,D_LEGIT_0522,IP_LEGIT_1419,C_LEGIT_0521,M_070,0,5,0,2,1,0,NONE
TXN_004924,U_LEGIT_2427,131.85,680,D_LEGIT_0081,IP_LEGIT_1728,C_LEGIT_0414,M_001,0,4,0,1,1,0,NONE
TXN_009255,U_INDIV_0145,1222.04,0,D_INDIV_0248,IP_INDIV_0226,C_INDIV_0080,M_096,8,49,4,7,4,1,INDIVIDUAL_FRAUD
TXN_000248,U_LEGIT_0198,221.39,749,D_LEGIT_1501,IP_LEGIT_0341,C_LEGIT_1696,M_127,0,1,0,1,1,0,NONE
TXN_002647,U_LEGIT_2288,155.48,848,D_LEGIT_1586,IP_LEGIT_1160,C_LEGIT_1158,M_148,0,3,0,2,2,0,NONE
TXN_007543,U_LEGIT_0833,115.48,1028,D_SHARED_BENIGN_07,IP_LEGIT_0242,C_LEGIT_0203,M_066,0,2,0,1,1,0,NONE
TXN_002685,U_LEGIT_0246,242.13,404,D_LEGIT_0553,IP_LEGIT_1189,C_LEGIT_2691,M_080,0,2,0,1,1,0,NONE
TXN_001979,U_LEGIT_2194,201.53,769,D_SHARED_BENIGN_01,IP_LEGIT_1619,C_LEGIT_1252,M_082,2,1,0,1,2,0,NONE
TXN_000381,U_LEGIT_1050,183.11,1018,D_LEGIT_0189,IP_LEGIT_1166,C_LEGIT_0891,M_020,0,5,0,1,1,0,NONE
TXN_004774,U_LEGIT_1053,168.79,922,D_LEGIT_1199,IP_LEGIT_1850,C_LEGIT_1217,M_002,1,4,0,2,1,0,NONE
TXN_004816,U_LEGIT_1923,192.81,363,D_SHARED_BENIGN_08,IP_SHARED_BENIGN_03,C_LEGIT_0790,M_117,0,4,0,1,1,0,NONE
TXN_003298,U_LEGIT_2432,243.03,817,D_LEGIT_0770,IP_LEGIT_0647,C_LEGIT_2780,M_148,0,3,0,1,1,0,NONE
TXN_006392,U_LEGIT_2278,138.42,411,D_LEGIT_1989,IP_LEGIT_1124,C_LEGIT_2398,M_045,0,1,0,1,2,0,NONE
TXN_008879,U_LEGIT_0372,38.17,518,D_LEGIT_1527,IP_LEGIT_0730,C_LEGIT_2157,M_032,0,5,1,1,1,0,NONE
TXN_002540,U_LEGIT_1050,188.56,1059,D_LEGIT_1942,IP_SHARED_BENIGN_08,C_LEGIT_2127,M_084,0,3,1,1,1,0,NONE
TXN_003173,U_LEGIT_1392,221.44,346,D_LEGIT_1770,IP_LEGIT_1838,C_LEGIT_1660,M_061,0,3,0,2,1,0,NONE
TXN_006629,U_LEGIT_0144,60.36,274,D_LEGIT_0103,IP_LEGIT_1045,C_LEGIT_0313,M_142,0,5,0,2,1,0,NONE
TXN_003432,U_LEGIT_2123,138.49,520,D_LEGIT_1157,IP_LEGIT_1955,C_LEGIT_1217,M_032,0,1,0,1,1,0,NONE
TXN_004956,U_LEGIT_1412,115.44,623,D_LEGIT_1461,IP_LEGIT_1018,C_LEGIT_2452,M_073,0,2,0,1,2,0,NONE
TXN_008374,U_LEGIT_1861,97.02,325,D_LEGIT_0517,IP_SHARED_BENIGN_10,C_LEGIT_2151,M_117,0,3,0,1,1,0,NONE
TXN_005838,U_LEGIT_2016,49.86,637,D_LEGIT_1898,IP_LEGIT_1230,C_LEGIT_2738,M_086,0,5,0,2,2,0,NONE
TXN_009208,U_INDIV_0096,740.26,4,D_INDIV_0299,IP_INDIV_0270,C_INDIV_0358,M_125,6,15,3,4,6,1,INDIVIDUAL_FRAUD
TXN_002989,U_LEGIT_0412,220.36,419,D_LEGIT_0721,IP_SHARED_BENIGN_07,C_LEGIT_0591,M_145,0,2,0,1,1,0,NONE
TXN_008859,U_LEGIT_1573,117.94,1109,D_LEGIT_1955,IP_LEGIT_1743,C_LEGIT_2382,M_040,0,4,1,2,2,0,NONE
TXN_003440,U_LEGIT_1501,62.45,638,D_LEGIT_0567,IP_LEGIT_0927,C_LEGIT_0125,M_081,0,2,0,1,1,0,NONE
TXN_009617,U_FARM_029,292.29,5,D_FARM_HUB_01,IP_FARM_PROXY_01,C_FARM_019,M_042,16,31,6,1,4,1,DEVICE_FARM
TXN_001491,U_LEGIT_0417,207.61,877,D_LEGIT_0976,IP_LEGIT_1416,C_LEGIT_2029,M_083,0,5,0,1,1,0,NONE
TXN_005815,U_LEGIT_1873,236.06,1142,D_LEGIT_0192,IP_LEGIT_1716,C_LEGIT_2352,M_063,0,3,0,1,1,0,NONE
TXN_000489,U_LEGIT_1629,76.89,749,D_LEGIT_1749,IP_LEGIT_0791,C_LEGIT_1528,M_004,0,4,0,1,1,0,NONE
TXN_006367,U_LEGIT_0501,191.11,1146,D_LEGIT_0893,IP_LEGIT_0627,C_LEGIT_1631,M_021,0,3,0,2,1,0,NONE
TXN_005137,U_LEGIT_0667,71.25,523,D_LEGIT_1817,IP_LEGIT_0986,C_LEGIT_1525,M_140,0,5,0,1,1,0,NONE
TXN_008457,U_LEGIT_1890,53.05,1171,D_LEGIT_1819,IP_LEGIT_1580,C_LEGIT_1739,M_026,0,5,0,2,1,0,NONE
TXN_008030,U_LEGIT_1931,177.87,812,D_LEGIT_0465,IP_LEGIT_1044,C_LEGIT_2851,M_016,0,1,0,1,1,0,NONE
TXN_008526,U_LEGIT_1420,17.69,392,D_LEGIT_0928,IP_LEGIT_0910,C_LEGIT_2449,M_032,0,2,0,1,2,0,NONE
TXN_006203,U_LEGIT_1941,242.89,444,D_LEGIT_0286,IP_LEGIT_1480,C_LEGIT_0937,M_054,0,4,0,1,1,0,NONE
TXN_003593,U_LEGIT_1370,43.92,585,D_SHARED_BENIGN_03,IP_LEGIT_1495,C_LEGIT_0556,M_120,0,4,0,2,1,0,NONE
TXN_000622,U_LEGIT_2099,202.69,679,D_LEGIT_0873,IP_LEGIT_0886,C_LEGIT_1676,M_095,0,1,0,1,1,0,NONE
TXN_005155,U_LEGIT_1667,66.13,453,D_LEGIT_0421,IP_LEGIT_1282,C_LEGIT_1945,M_103,0,1,0,1,1,0,NONE
TXN_007394,U_LEGIT_2038,140.5,1140,D_LEGIT_0192,IP_LEGIT_1757,C_LEGIT_1855,M_148,0,4,0,2,1,0,NONE
TXN_006193,U_LEGIT_0223,136.17,99,D_LEGIT_1748,IP_LEGIT_1544,C_LEGIT_2322,M_126,0,1,0,1,1,0,NONE
TXN_001050,U_LEGIT_2387,156.24,145,D_LEGIT_1785,IP_LEGIT_1293,C_LEGIT_1356,M_028,0,2,0,1,1,0,NONE
TXN_007858,U_LEGIT_0656,68.41,615,D_LEGIT_1962,IP_LEGIT_1095,C_LEGIT_1605,M_112,0,2,0,1,1,0,NONE
TXN_006161,U_LEGIT_2378,117.15,1121,D_LEGIT_0832,IP_LEGIT_0515,C_LEGIT_0187,M_047,1,2,0,1,1,0,NONE
TXN_002309,U_LEGIT_0610,109.18,663,D_SHARED_BENIGN_07,IP_LEGIT_0516,C_LEGIT_0302,M_050,0,3,0,2,2,0,NONE
TXN_002346,U_LEGIT_1410,217.15,906,D_LEGIT_1273,IP_LEGIT_0371,C_LEGIT_1736,M_115,0,5,0,2,2,0,NONE
TXN_006881,U_LEGIT_1344,133.75,971,D_LEGIT_1447,IP_LEGIT_0705,C_LEGIT_0605,M_036,1,2,0,2,2,0,NONE
TXN_008331,U_LEGIT_1223,68.25,49,D_LEGIT_1582,IP_LEGIT_1339,C_LEGIT_0005,M_040,1,3,0,2,1,0,NONE
TXN_000447,U_LEGIT_0991,83.81,51,D_LEGIT_1206,IP_LEGIT_1065,C_LEGIT_1383,M_047,0,1,0,1,1,0,NONE
TXN_002734,U_LEGIT_1031,129.03,730,D_LEGIT_0808,IP_SHARED_BENIGN_06,C_LEGIT_0515,M_003,0,2,0,1,1,0,NONE
TXN_004755,U_LEGIT_0756,150.25,734,D_LEGIT_1148,IP_LEGIT_1340,C_LEGIT_2749,M_098,0,2,0,1,2,0,NONE
TXN_002453,U_LEGIT_2250,39.65,91,D_LEGIT_1525,IP_LEGIT_1827,C_LEGIT_2915,M_084,0,4,0,1,1,0,NONE
TXN_005964,U_LEGIT_2363,115.41,137,D_LEGIT_1430,IP_LEGIT_0594,C_LEGIT_1296,M_058,0,2,0,1,1,0,NONE
TXN_004040,U_LEGIT_1698,178.78,207,D_LEGIT_0084,IP_LEGIT_1469,C_LEGIT_1585,M_145,0,3,0,2,1,0,NONE
TXN_008688,U_LEGIT_1100,99.35,161,D_LEGIT_0673,IP_SHARED_BENIGN_01,C_LEGIT_2541,M_140,2,5,0,1,1,0,NONE
TXN_003912,U_LEGIT_1192,15.18,980,D_LEGIT_1396,IP_LEGIT_0555,C_LEGIT_1262,M_051,0,3,0,2,2,0,NONE
TXN_001545,U_LEGIT_0579,209.65,974,D_LEGIT_1790,IP_LEGIT_1523,C_LEGIT_1212,M_029,0,5,0,2,1,0,NONE
TXN_000665,U_LEGIT_1939,249.87,520,D_LEGIT_1238,IP_LEGIT_0760,C_LEGIT_2793,M_088,1,4,0,1,1,0,NONE
TXN_001142,U_LEGIT_0272,121.33,369,D_LEGIT_0077,IP_LEGIT_0989,C_LEGIT_0271,M_057,1,4,0,2,1,0,NONE
TXN_003882,U_LEGIT_0686,227.96,980,D_LEGIT_1529,IP_LEGIT_1302,C_LEGIT_0715,M_134,0,2,0,1,2,0,NONE
TXN_007359,U_LEGIT_1348,169.09,579,D_LEGIT_1397,IP_LEGIT_1376,C_LEGIT_1137,M_067,0,4,0,1,2,0,NONE
TXN_004637,U_LEGIT_1775,194.79,961,D_LEGIT_1272,IP_LEGIT_1892,C_LEGIT_1968,M_042,0,5,0,1,1,0,NONE
TXN_003927,U_LEGIT_1275,86.83,647,D_LEGIT_0852,IP_LEGIT_1969,C_LEGIT_2069,M_113,0,3,0,1,1,0,NONE
TXN_002738,U_LEGIT_2393,21.46,212,D_SHARED_BENIGN_03,IP_LEGIT_0180,C_LEGIT_1053,M_064,0,2,1,1,1,0,NONE
TXN_009658,U_CYCLE_011,641.11,5,D_CYCLE_028,IP_CYCLE_007,C_STOLEN_POOL_04,M_143,5,24,7,2,4,1,CARD_CYCLING
TXN_001654,U_LEGIT_1091,110.2,81,D_LEGIT_0815,IP_LEGIT_1698,C_LEGIT_0318,M_016,1,4,0,1,1,0,NONE
TXN_009176,U_INDIV_0010,2024.63,3,D_INDIV_0025,IP_INDIV_0321,C_INDIV_0095,M_111,9,20,4,4,4,1,INDIVIDUAL_FRAUD
TXN_003740,U_LEGIT_1877,158.05,184,D_LEGIT_1782,IP_LEGIT_1790,C_LEGIT_1478,M_091,1,5,0,2,2,0,NONE
TXN_004651,U_LEGIT_0698,10.39,1019,D_LEGIT_0483,IP_LEGIT_0370,C_LEGIT_2542,M_096,0,1,0,1,1,0,NONE
TXN_000179,U_LEGIT_1661,28.01,918,D_LEGIT_1132,IP_LEGIT_1305,C_LEGIT_0039,M_044,0,3,0,1,1,0,NONE
TXN_008169,U_LEGIT_0344,57.79,1144,D_LEGIT_1564,IP_LEGIT_1347,C_LEGIT_2855,M_031,0,1,0,1,1,0,NONE
TXN_002741,U_LEGIT_1863,220.89,439,D_LEGIT_1072,IP_LEGIT_0150,C_LEGIT_1856,M_147,0,4,0,1,1,0,NONE
TXN_008056,U_LEGIT_2213,165.39,1143,D_LEGIT_1367,IP_LEGIT_1547,C_LEGIT_0012,M_029,0,3,0,1,1,0,NONE
TXN_006486,U_LEGIT_0262,58.87,562,D_LEGIT_1016,IP_LEGIT_0885,C_LEGIT_1209,M_061,0,1,0,1,1,0,NONE
TXN_003054,U_LEGIT_2498,12.17,934,D_LEGIT_1494,IP_LEGIT_1584,C_LEGIT_0112,M_021,0,2,0,1,2,0,NONE
TXN_001605,U_LEGIT_2103,240.56,830,D_LEGIT_1890,IP_LEGIT_1983,C_LEGIT_0005,M_039,0,5,0,1,2,0,NONE
TXN_007506,U_LEGIT_1185,31.51,194,D_SHARED_BENIGN_03,IP_LEGIT_1620,C_LEGIT_1325,M_045,1,1,0,2,2,0,NONE
TXN_006681,U_LEGIT_2479,134.66,658,D_LEGIT_1887,IP_LEGIT_1306,C_LEGIT_2539,M_040,2,4,0,1,1,0,NONE
TXN_008825,U_LEGIT_0436,114.04,106,D_LEGIT_0205,IP_LEGIT_1316,C_LEGIT_0276,M_119,1,5,0,1,2,0,NONE
TXN_005116,U_LEGIT_2218,217.33,827,D_LEGIT_0475,IP_LEGIT_0402,C_LEGIT_0313,M_028,0,1,0,2,1,0,NONE
TXN_005250,U_LEGIT_2316,30.13,812,D_LEGIT_1491,IP_LEGIT_1533,C_LEGIT_2612,M_112,0,1,0,1,1,0,NONE
TXN_008727,U_LEGIT_0687,223.54,405,D_LEGIT_1169,IP_LEGIT_1197,C_LEGIT_1387,M_143,0,2,0,1,1,0,NONE
TXN_006945,U_LEGIT_0371,45.85,1164,D_LEGIT_0147,IP_LEGIT_0742,C_LEGIT_1971,M_060,0,1,0,1,1,0,NONE
TXN_000250,U_LEGIT_2434,154.97,919,D_LEGIT_1830,IP_LEGIT_0064,C_LEGIT_1767,M_043,0,1,0,1,2,0,NONE
TXN_006900,U_LEGIT_1911,95.91,49,D_LEGIT_0443,IP_LEGIT_1159,C_LEGIT_0473,M_073,0,3,0,1,1,0,NONE
TXN_001848,U_LEGIT_2449,38.55,653,D_LEGIT_1705,IP_LEGIT_1392,C_LEGIT_1161,M_086,0,4,0,1,2,0,NONE
TXN_000354,U_LEGIT_1488,214.72,286,D_LEGIT_1067,IP_LEGIT_0848,C_LEGIT_0686,M_048,0,3,0,1,1,0,NONE
TXN_000873,U_LEGIT_0174,189.48,803,D_LEGIT_0618,IP_SHARED_BENIGN_04,C_LEGIT_0139,M_070,0,2,0,1,1,0,NONE
TXN_007774,U_LEGIT_0132,97.13,1000,D_LEGIT_1843,IP_LEGIT_0485,C_LEGIT_0437,M_024,0,4,0,2,2,0,NONE
TXN_007535,U_LEGIT_1576,247.98,90,D_LEGIT_0042,IP_LEGIT_1280,C_LEGIT_0693,M_098,0,4,0,1,1,0,NONE
TXN_007136,U_LEGIT_1861,71.01,851,D_LEGIT_0066,IP_LEGIT_0880,C_LEGIT_0416,M_135,0,5,0,1,1,0,NONE
TXN_001559,U_LEGIT_1824,231.76,455,D_LEGIT_0097,IP_LEGIT_0303,C_LEGIT_2295,M_109,0,3,0,1,1,0,NONE
TXN_006530,U_LEGIT_2150,136.67,225,D_SHARED_BENIGN_09,IP_LEGIT_0549,C_LEGIT_2906,M_054,0,5,0,1,2,0,NONE
TXN_008675,U_LEGIT_1560,218.92,94,D_LEGIT_0178,IP_LEGIT_0430,C_LEGIT_1231,M_036,0,4,0,1,1,0,NONE
TXN_003947,U_LEGIT_1848,182.93,475,D_SHARED_BENIGN_07,IP_LEGIT_0376,C_LEGIT_0998,M_126,0,3,0,1,1,0,NONE
TXN_000746,U_LEGIT_1588,159.93,1048,D_LEGIT_1251,IP_LEGIT_1963,C_LEGIT_0625,M_146,0,1,0,1,1,0,NONE
TXN_009317,U_INDIV_0057,2438.24,7,D_INDIV_0131,IP_INDIV_0261,C_INDIV_0201,M_109,14,20,3,7,6,1,INDIVIDUAL_FRAUD
TXN_002722,U_LEGIT_1505,12.77,1135,D_LEGIT_1446,IP_LEGIT_0698,C_LEGIT_1591,M_098,0,1,0,1,2,0,NONE
TXN_009581,U_FARM_028,448.25,3,D_FARM_HUB_02,IP_FARM_PROXY_01,C_FARM_021,M_106,20,34,7,1,2,1,DEVICE_FARM
TXN_002853,U_LEGIT_0339,74.86,836,D_LEGIT_1486,IP_LEGIT_1193,C_LEGIT_0276,M_150,0,3,1,2,1,0,NONE
TXN_009421,U_INDIV_0164,2967.97,2,D_INDIV_0282,IP_INDIV_0028,C_INDIV_0074,M_072,15,15,4,6,4,1,INDIVIDUAL_FRAUD
TXN_002574,U_LEGIT_0835,127.98,530,D_LEGIT_1008,IP_LEGIT_1448,C_LEGIT_2134,M_084,0,3,0,1,2,0,NONE
TXN_000709,U_LEGIT_0773,40.02,108,D_LEGIT_1211,IP_LEGIT_0305,C_LEGIT_0940,M_031,0,2,0,2,1,0,NONE
TXN_008404,U_LEGIT_1845,248.08,273,D_LEGIT_0119,IP_LEGIT_1509,C_LEGIT_0795,M_102,0,5,0,2,1,0,NONE
TXN_006669,U_LEGIT_1713,240.04,213,D_LEGIT_0080,IP_LEGIT_0940,C_LEGIT_2675,M_029,0,4,0,1,1,0,NONE
TXN_009406,U_INDIV_0033,882.41,7,D_INDIV_0258,IP_INDIV_0251,C_INDIV_0237,M_029,16,46,9,4,4,1,INDIVIDUAL_FRAUD
TXN_009197,U_INDIV_0126,1198.72,1,D_INDIV_0057,IP_INDIV_0231,C_INDIV_0137,M_079,8,47,5,3,5,1,INDIVIDUAL_FRAUD
TXN_008224,U_LEGIT_0491,189.18,698,D_LEGIT_0955,IP_SHARED_BENIGN_03,C_LEGIT_1526,M_032,0,1,0,2,2,0,NONE
TXN_007480,U_LEGIT_2403,96.12,39,D_LEGIT_0788,IP_LEGIT_1164,C_LEGIT_1172,M_066,0,1,0,2,2,0,NONE
TXN_001347,U_LEGIT_1542,112.38,870,D_LEGIT_1398,IP_LEGIT_1609,C_LEGIT_2281,M_112,0,4,0,1,1,0,NONE
TXN_009327,U_INDIV_0086,637.18,6,D_INDIV_0152,IP_INDIV_0083,C_INDIV_0129,M_053,9,24,5,5,8,1,INDIVIDUAL_FRAUD
TXN_006875,U_LEGIT_2101,105.65,682,D_LEGIT_0325,IP_LEGIT_1473,C_LEGIT_1241,M_076,0,2,0,1,1,0,NONE
TXN_000874,U_LEGIT_0314,31.12,831,D_SHARED_BENIGN_07,IP_SHARED_BENIGN_09,C_LEGIT_2478,M_039,0,5,0,1,2,0,NONE
TXN_000568,U_LEGIT_2073,37.76,443,D_LEGIT_1783,IP_SHARED_BENIGN_06,C_LEGIT_1371,M_036,0,4,0,1,1,0,NONE
TXN_004314,U_LEGIT_1771,119.44,361,D_LEGIT_1911,IP_LEGIT_1337,C_LEGIT_1824,M_005,0,3,0,1,1,0,NONE
TXN_007988,U_LEGIT_2110,99.45,1164,D_LEGIT_1872,IP_LEGIT_1117,C_LEGIT_0658,M_127,0,1,0,1,1,0,NONE
TXN_003101,U_LEGIT_0030,207.73,949,D_LEGIT_1336,IP_LEGIT_1009,C_LEGIT_1170,M_132,0,5,0,1,1,0,NONE
TXN_009695,U_CYCLE_016,556.53,6,D_CYCLE_029,IP_CYCLE_021,C_STOLEN_POOL_04,M_049,5,26,9,5,5,1,CARD_CYCLING
TXN_002318,U_LEGIT_2443,35.22,720,D_LEGIT_1884,IP_LEGIT_1329,C_LEGIT_2497,M_038,0,4,0,1,2,0,NONE
TXN_006929,U_LEGIT_1628,107.42,283,D_LEGIT_1641,IP_LEGIT_1176,C_LEGIT_2891,M_091,0,2,0,1,1,0,NONE
TXN_007009,U_LEGIT_0818,245.9,315,D_LEGIT_0103,IP_LEGIT_0550,C_LEGIT_1909,M_043,0,4,0,1,1,0,NONE
TXN_006142,U_LEGIT_1747,184.72,865,D_LEGIT_0573,IP_LEGIT_0641,C_LEGIT_0326,M_061,0,2,0,1,1,0,NONE
TXN_002092,U_LEGIT_2097,104.66,808,D_LEGIT_1645,IP_LEGIT_1447,C_LEGIT_0604,M_133,0,5,0,1,1,0,NONE
TXN_000896,U_LEGIT_0344,107.04,36,D_LEGIT_0092,IP_LEGIT_0407,C_LEGIT_2821,M_130,0,5,0,1,2,0,NONE
TXN_008393,U_LEGIT_0569,238.15,1158,D_SHARED_BENIGN_07,IP_LEGIT_0138,C_LEGIT_0229,M_069,0,4,0,1,2,0,NONE
TXN_001232,U_LEGIT_0992,90.91,516,D_LEGIT_1136,IP_SHARED_BENIGN_09,C_LEGIT_1833,M_050,0,5,0,1,2,0,NONE
TXN_005737,U_LEGIT_1516,51.81,694,D_LEGIT_1209,IP_LEGIT_0739,C_LEGIT_0803,M_115,0,1,0,2,1,0,NONE
TXN_005208,U_LEGIT_1531,220.58,327,D_LEGIT_0160,IP_LEGIT_1025,C_LEGIT_0761,M_057,0,1,0,2,1,0,NONE
TXN_001253,U_LEGIT_1898,11.39,360,D_LEGIT_1024,IP_LEGIT_0349,C_LEGIT_0765,M_020,0,4,0,1,1,0,NONE
TXN_002801,U_LEGIT_2215,142.59,429,D_LEGIT_1663,IP_LEGIT_1161,C_LEGIT_1785,M_131,0,1,0,1,1,0,NONE
TXN_005138,U_LEGIT_0868,145.7,934,D_LEGIT_1259,IP_LEGIT_0209,C_LEGIT_0025,M_037,0,2,0,1,1,0,NONE
TXN_003296,U_LEGIT_1577,84.78,211,D_LEGIT_0367,IP_LEGIT_1056,C_LEGIT_2771,M_122,0,3,0,1,1,0,NONE
TXN_004624,U_LEGIT_0356,237.55,825,D_LEGIT_0142,IP_LEGIT_1143,C_LEGIT_0903,M_057,0,3,0,1,1,0,NONE
TXN_006318,U_LEGIT_0795,114.07,59,D_LEGIT_1156,IP_LEGIT_1240,C_LEGIT_0113,M_099,0,1,0,1,1,0,NONE
TXN_006457,U_LEGIT_1074,115.4,770,D_LEGIT_0730,IP_LEGIT_1437,C_LEGIT_2227,M_039,0,1,0,1,1,0,NONE
TXN_000484,U_LEGIT_1806,244.68,332,D_LEGIT_0378,IP_LEGIT_1449,C_LEGIT_0143,M_082,0,5,1,1,1,0,NONE
TXN_004049,U_LEGIT_0590,247.5,707,D_LEGIT_1175,IP_LEGIT_1142,C_LEGIT_2579,M_140,0,5,0,1,1,0,NONE
TXN_004197,U_LEGIT_1627,233.17,243,D_LEGIT_1272,IP_LEGIT_0634,C_LEGIT_1997,M_012,0,4,0,1,1,0,NONE
TXN_001436,U_LEGIT_2312,100.52,160,D_LEGIT_1756,IP_LEGIT_0792,C_LEGIT_2983,M_129,0,3,0,1,1,0,NONE
TXN_009877,U_DIST_018,39.18,10,D_DIST_018,IP_DIST_PROXY_01,C_DIST_005,M_TARGET_HIGHVAL_99,7,9,1,1,1,1,DISTRIBUTED_ABUSE
TXN_004157,U_LEGIT_0328,156.45,430,D_LEGIT_1952,IP_LEGIT_1930,C_LEGIT_2054,M_129,0,2,0,1,2,0,NONE
TXN_009690,U_CYCLE_001,319.26,10,D_CYCLE_021,IP_CYCLE_020,C_STOLEN_POOL_05,M_077,8,12,7,3,9,1,CARD_CYCLING
TXN_007963,U_LEGIT_0445,71.27,773,D_LEGIT_1491,IP_SHARED_BENIGN_06,C_LEGIT_0433,M_110,0,3,0,1,1,0,NONE
TXN_002575,U_LEGIT_1334,207.81,972,D_LEGIT_0921,IP_LEGIT_1335,C_LEGIT_2729,M_096,0,5,0,1,1,0,NONE
TXN_000481,U_LEGIT_1195,107.63,732,D_LEGIT_0046,IP_LEGIT_0476,C_LEGIT_2129,M_086,0,3,0,2,2,0,NONE
TXN_008267,U_LEGIT_2355,22.09,956,D_LEGIT_0281,IP_SHARED_BENIGN_04,C_LEGIT_1778,M_010,0,5,0,1,1,0,NONE
TXN_004081,U_LEGIT_2430,33.18,553,D_LEGIT_1659,IP_LEGIT_1737,C_LEGIT_1672,M_085,0,5,0,2,1,0,NONE
TXN_008753,U_LEGIT_2500,127.34,494,D_LEGIT_0176,IP_LEGIT_1529,C_LEGIT_2499,M_124,0,4,0,1,1,0,NONE
TXN_005211,U_LEGIT_1851,85.81,58,D_LEGIT_0149,IP_LEGIT_1860,C_LEGIT_0665,M_127,0,2,1,2,1,0,NONE
TXN_004346,U_LEGIT_1556,45.12,119,D_LEGIT_1950,IP_LEGIT_0949,C_LEGIT_2149,M_031,0,4,0,1,1,0,NONE
TXN_002327,U_LEGIT_0825,161.91,325,D_SHARED_BENIGN_07,IP_LEGIT_0967,C_LEGIT_2365,M_095,0,5,0,1,1,0,NONE
TXN_007906,U_LEGIT_2025,234.8,843,D_SHARED_BENIGN_08,IP_LEGIT_0665,C_LEGIT_2773,M_078,0,2,0,2,1,0,NONE
TXN_001291,U_LEGIT_1712,47.1,835,D_LEGIT_1485,IP_LEGIT_1510,C_LEGIT_2020,M_057,0,1,0,1,1,0,NONE
TXN_005807,U_LEGIT_2434,43.22,787,D_LEGIT_0534,IP_SHARED_BENIGN_06,C_LEGIT_0110,M_014,0,3,0,1,1,0,NONE
TXN_001310,U_LEGIT_1734,98.02,900,D_LEGIT_0632,IP_LEGIT_0760,C_LEGIT_1814,M_090,0,2,0,1,1,0,NONE
TXN_004193,U_LEGIT_1941,12.35,157,D_LEGIT_0136,IP_LEGIT_1309,C_LEGIT_2165,M_002,0,1,0,1,1,0,NONE
TXN_000787,U_LEGIT_0247,126.01,727,D_LEGIT_1374,IP_LEGIT_1677,C_LEGIT_1578,M_049,0,5,0,1,1,0,NONE
TXN_003353,U_LEGIT_2318,9.18,597,D_LEGIT_1147,IP_LEGIT_0187,C_LEGIT_2445,M_080,0,4,0,1,2,0,NONE
TXN_008397,U_LEGIT_2492,12.83,668,D_LEGIT_1591,IP_LEGIT_0995,C_LEGIT_1495,M_143,1,2,0,1,1,0,NONE
TXN_002145,U_LEGIT_1920,113.39,1143,D_LEGIT_0095,IP_LEGIT_0022,C_LEGIT_1728,M_124,0,4,0,1,1,0,NONE
TXN_008948,U_LEGIT_0757,146.79,174,D_LEGIT_0541,IP_LEGIT_0795,C_LEGIT_1143,M_075,0,5,0,1,2,0,NONE
TXN_006689,U_LEGIT_1093,194.13,199,D_LEGIT_1153,IP_LEGIT_0482,C_LEGIT_0818,M_022,0,3,1,1,1,0,NONE
TXN_000636,U_LEGIT_0647,227.91,872,D_LEGIT_1287,IP_LEGIT_1366,C_LEGIT_0274,M_056,2,5,0,1,1,0,NONE
TXN_009766,U_BURST_019,946.22,0,D_BURST_003,IP_BURST_SUBNET_01,C_BURST_019,M_042,14,16,5,1,1,1,ACCOUNT_BURST
TXN_005710,U_LEGIT_1393,101.37,207,D_LEGIT_0038,IP_LEGIT_0754,C_LEGIT_2026,M_085,0,2,0,1,1,0,NONE
TXN_002982,U_LEGIT_2081,180.4,81,D_SHARED_BENIGN_02,IP_LEGIT_0395,C_LEGIT_0888,M_073,0,1,0,1,1,0,NONE
TXN_003555,U_LEGIT_0592,8.48,299,D_LEGIT_1135,IP_LEGIT_1754,C_LEGIT_0495,M_070,0,3,0,1,1,0,NONE
TXN_006439,U_LEGIT_2096,22.63,1024,D_LEGIT_1796,IP_LEGIT_0174,C_LEGIT_0229,M_041,0,3,0,1,1,0,NONE
TXN_007541,U_LEGIT_0639,91.95,82,D_LEGIT_1608,IP_LEGIT_0931,C_LEGIT_2562,M_051,0,1,0,1,1,0,NONE
TXN_007147,U_LEGIT_0146,204.35,312,D_LEGIT_0187,IP_LEGIT_1321,C_LEGIT_1850,M_145,0,2,0,2,1,0,NONE
TXN_006231,U_LEGIT_2029,208.06,1044,D_LEGIT_1446,IP_LEGIT_0380,C_LEGIT_2564,M_085,0,3,0,2,2,0,NONE
TXN_008986,U_LEGIT_1854,35.16,250,D_LEGIT_0185,IP_LEGIT_0696,C_LEGIT_0350,M_134,0,5,0,2,2,0,NONE
TXN_007183,U_LEGIT_1211,80.89,198,D_LEGIT_0445,IP_LEGIT_1976,C_LEGIT_1909,M_029,0,4,0,1,2,0,NONE
TXN_007580,U_LEGIT_1896,70.72,143,D_LEGIT_1031,IP_LEGIT_1400,C_LEGIT_0114,M_129,1,5,0,1,1,0,NONE
TXN_004533,U_LEGIT_0614,60.42,563,D_LEGIT_1480,IP_LEGIT_0838,C_LEGIT_0389,M_060,0,2,0,1,1,0,NONE
TXN_000035,U_LEGIT_0299,127.64,529,D_LEGIT_1815,IP_LEGIT_0399,C_LEGIT_2943,M_099,0,1,0,1,2,0,NONE
TXN_003415,U_LEGIT_2432,58.09,453,D_LEGIT_0007,IP_LEGIT_1737,C_LEGIT_2972,M_129,0,2,0,1,1,0,NONE
TXN_002301,U_LEGIT_1852,68.38,1085,D_LEGIT_1164,IP_LEGIT_0801,C_LEGIT_0127,M_067,0,5,0,1,2,0,NONE
TXN_009416,U_INDIV_0086,2894.2,4,D_INDIV_0328,IP_INDIV_0305,C_INDIV_0017,M_052,10,42,6,4,3,1,INDIVIDUAL_FRAUD
TXN_001053,U_LEGIT_2221,53.27,688,D_LEGIT_0388,IP_LEGIT_1440,C_LEGIT_0311,M_049,0,2,0,1,2,0,NONE
TXN_004811,U_LEGIT_1887,238.31,279,D_LEGIT_1160,IP_LEGIT_0712,C_LEGIT_2476,M_021,0,5,0,1,2,0,NONE
TXN_007927,U_LEGIT_2232,159.53,1078,D_LEGIT_1265,IP_LEGIT_0693,C_LEGIT_0587,M_011,0,1,0,1,1,0,NONE
TXN_008294,U_LEGIT_0470,95.18,283,D_LEGIT_0085,IP_LEGIT_1795,C_LEGIT_1997,M_109,1,2,0,1,2,0,NONE
TXN_005944,U_LEGIT_1162,38.79,864,D_LEGIT_1963,IP_LEGIT_1034,C_LEGIT_1679,M_034,0,4,0,2,1,0,NONE
TXN_008164,U_LEGIT_0907,83.79,484,D_LEGIT_1367,IP_LEGIT_1439,C_LEGIT_2185,M_021,0,2,0,1,1,0,NONE
TXN_007257,U_LEGIT_2401,237.54,85,D_LEGIT_1724,IP_LEGIT_0831,C_LEGIT_0928,M_001,0,1,0,2,2,0,NONE
TXN_007200,U_LEGIT_2069,28.74,817,D_LEGIT_0515,IP_LEGIT_1238,C_LEGIT_0732,M_052,0,1,0,1,1,0,NONE
TXN_000111,U_LEGIT_1380,51.76,369,D_LEGIT_1266,IP_LEGIT_0772,C_LEGIT_0632,M_042,0,1,0,1,2,0,NONE
TXN_008942,U_LEGIT_0994,150.46,967,D_LEGIT_1521,IP_LEGIT_1834,C_LEGIT_1950,M_047,0,5,0,1,2,0,NONE
TXN_004425,U_LEGIT_0782,26.32,619,D_LEGIT_0210,IP_LEGIT_1248,C_LEGIT_2243,M_116,0,1,0,1,1,0,NONE
TXN_003407,U_LEGIT_0104,163.03,521,D_LEGIT_1996,IP_LEGIT_1252,C_LEGIT_2664,M_085,0,5,0,1,2,0,NONE
TXN_003854,U_LEGIT_1406,31.2,681,D_LEGIT_1811,IP_LEGIT_0759,C_LEGIT_0759,M_024,0,2,0,1,1,0,NONE
TXN_002842,U_LEGIT_1431,17.94,239,D_LEGIT_1830,IP_LEGIT_1350,C_LEGIT_0896,M_130,0,5,0,1,2,0,NONE
TXN_000802,U_LEGIT_2287,117.83,475,D_LEGIT_0622,IP_LEGIT_0133,C_LEGIT_1208,M_004,0,5,0,2,1,0,NONE
TXN_003833,U_LEGIT_0398,96.5,1148,D_LEGIT_1088,IP_LEGIT_1085,C_LEGIT_0775,M_118,1,2,1,1,1,0,NONE
TXN_000225,U_LEGIT_1569,202.35,888,D_LEGIT_0367,IP_LEGIT_1757,C_LEGIT_0145,M_142,0,2,0,1,1,0,NONE
TXN_002705,U_LEGIT_2278,123.27,459,D_LEGIT_0063,IP_LEGIT_1164,C_LEGIT_1481,M_014,0,4,0,1,1,0,NONE
TXN_001410,U_LEGIT_0897,186.41,95,D_LEGIT_0631,IP_LEGIT_0196,C_LEGIT_0286,M_004,0,4,0,1,1,0,NONE
TXN_007871,U_LEGIT_1522,137.18,1191,D_SHARED_BENIGN_05,IP_LEGIT_0382,C_LEGIT_0373,M_129,0,1,1,1,1,0,NONE
TXN_002304,U_LEGIT_1908,84.55,82,D_LEGIT_0193,IP_LEGIT_1406,C_LEGIT_2609,M_050,0,1,0,1,2,0,NONE
TXN_009404,U_INDIV_0096,829.16,2,D_INDIV_0344,IP_INDIV_0078,C_INDIV_0178,M_114,9,47,5,3,4,1,INDIVIDUAL_FRAUD
TXN_009881,U_DIST_002,54.87,8,D_DIST_021,IP_DIST_PROXY_03,C_DIST_016,M_TARGET_HIGHVAL_99,4,14,2,2,2,1,DISTRIBUTED_ABUSE
TXN_007484,U_LEGIT_2431,247.17,258,D_LEGIT_1858,IP_LEGIT_0382,C_LEGIT_1878,M_056,0,5,0,1,1,0,NONE
TXN_008115,U_LEGIT_2104,164.34,753,D_LEGIT_0557,IP_LEGIT_0701,C_LEGIT_2220,M_022,0,4,0,1,1,0,NONE
TXN_008766,U_LEGIT_1536,17.78,235,D_LEGIT_0015,IP_LEGIT_0576,C_LEGIT_2569,M_005,1,5,0,1,1,0,NONE
TXN_000809,U_LEGIT_0516,211.09,203,D_LEGIT_0013,IP_LEGIT_1563,C_LEGIT_2122,M_118,0,1,0,1,1,0,NONE
TXN_005568,U_LEGIT_2119,22.69,52,D_LEGIT_1704,IP_LEGIT_1812,C_LEGIT_0555,M_114,0,1,0,2,2,0,NONE
TXN_008832,U_LEGIT_2029,234.79,344,D_LEGIT_0002,IP_LEGIT_1883,C_LEGIT_0795,M_079,1,5,0,1,1,0,NONE
TXN_007570,U_LEGIT_0230,201.12,854,D_LEGIT_1675,IP_LEGIT_0434,C_LEGIT_0817,M_103,1,1,0,2,1,0,NONE
TXN_002262,U_LEGIT_1691,24.99,313,D_LEGIT_1923,IP_LEGIT_0650,C_LEGIT_2969,M_108,0,1,0,1,1,0,NONE
TXN_008485,U_LEGIT_0080,119.38,1147,D_LEGIT_0559,IP_LEGIT_0583,C_LEGIT_1244,M_023,0,1,0,2,1,0,NONE
TXN_001246,U_LEGIT_1147,102.56,149,D_LEGIT_1835,IP_LEGIT_0907,C_LEGIT_2453,M_073,0,4,0,2,2,0,NONE
TXN_000109,U_LEGIT_2438,204.79,1108,D_LEGIT_0174,IP_LEGIT_0772,C_LEGIT_2636,M_085,0,4,0,1,1,0,NONE
TXN_000670,U_LEGIT_1828,49.24,213,D_LEGIT_0988,IP_LEGIT_0494,C_LEGIT_0997,M_055,0,1,0,1,2,0,NONE
TXN_007718,U_LEGIT_0660,27.38,248,D_SHARED_BENIGN_03,IP_LEGIT_0562,C_LEGIT_2883,M_002,0,4,0,1,2,0,NONE
TXN_007266,U_LEGIT_2271,186.82,564,D_LEGIT_1385,IP_SHARED_BENIGN_04,C_LEGIT_2278,M_095,0,2,0,1,1,0,NONE
TXN_001173,U_LEGIT_1555,96.04,1050,D_LEGIT_0575,IP_LEGIT_0844,C_LEGIT_0305,M_136,0,3,0,1,1,0,NONE
TXN_005175,U_LEGIT_0269,219.13,666,D_LEGIT_0380,IP_LEGIT_0163,C_LEGIT_0325,M_093,0,5,0,1,1,0,NONE
TXN_000168,U_LEGIT_1673,213.54,645,D_LEGIT_0771,IP_LEGIT_1102,C_LEGIT_1940,M_062,1,2,0,1,2,0,NONE
TXN_004375,U_LEGIT_2497,222.54,1125,D_LEGIT_0974,IP_LEGIT_0437,C_LEGIT_1995,M_107,1,3,0,1,1,0,NONE
TXN_000320,U_LEGIT_0609,120.46,1075,D_LEGIT_0458,IP_LEGIT_1208,C_LEGIT_1192,M_035,0,3,0,1,1,0,NONE
TXN_007281,U_LEGIT_1084,144.6,226,D_LEGIT_1905,IP_LEGIT_1321,C_LEGIT_2839,M_111,1,1,0,1,1,0,NONE
TXN_000835,U_LEGIT_1526,165.28,959,D_LEGIT_1614,IP_LEGIT_0482,C_LEGIT_2861,M_113,1,1,0,1,1,0,NONE
TXN_001675,U_LEGIT_0856,93.74,763,D_LEGIT_1552,IP_LEGIT_1208,C_LEGIT_2287,M_111,1,1,0,2,1,0,NONE
TXN_000340,U_LEGIT_1070,90.27,269,D_LEGIT_1037,IP_LEGIT_0149,C_LEGIT_2061,M_076,0,3,0,1,2,0,NONE
TXN_004951,U_LEGIT_1428,145.2,217,D_LEGIT_0605,IP_SHARED_BENIGN_06,C_LEGIT_1350,M_104,0,4,1,2,1,0,NONE
TXN_004726,U_LEGIT_0376,62.84,1042,D_LEGIT_0791,IP_LEGIT_0284,C_LEGIT_1212,M_079,0,1,0,1,1,0,NONE
TXN_003102,U_LEGIT_0947,44.95,454,D_LEGIT_0468,IP_LEGIT_1823,C_LEGIT_1353,M_045,0,5,0,1,1,0,NONE
TXN_002016,U_LEGIT_1993,175.0,191,D_LEGIT_1886,IP_LEGIT_0823,C_LEGIT_2986,M_059,0,5,1,1,1,0,NONE
TXN_009106,U_INDIV_0168,1943.78,6,D_INDIV_0326,IP_INDIV_0391,C_INDIV_0045,M_094,12,41,6,5,6,1,INDIVIDUAL_FRAUD
TXN_005438,U_LEGIT_1367,120.71,169,D_LEGIT_1655,IP_SHARED_BENIGN_01,C_LEGIT_0235,M_100,0,2,0,1,2,0,NONE
TXN_002434,U_LEGIT_2129,171.15,411,D_LEGIT_0287,IP_LEGIT_1706,C_LEGIT_0898,M_128,0,5,0,1,1,0,NONE
TXN_003548,U_LEGIT_1491,16.65,796,D_LEGIT_0339,IP_LEGIT_0106,C_LEGIT_2075,M_126,0,2,0,1,1,0,NONE
TXN_005639,U_LEGIT_2006,213.04,765,D_LEGIT_0845,IP_LEGIT_1912,C_LEGIT_0975,M_129,0,4,0,1,1,0,NONE
TXN_008720,U_LEGIT_0245,134.74,804,D_LEGIT_0034,IP_LEGIT_0207,C_LEGIT_1662,M_028,0,5,0,2,1,0,NONE
TXN_002336,U_LEGIT_1879,200.69,839,D_LEGIT_1255,IP_LEGIT_1779,C_LEGIT_1820,M_109,0,5,0,1,2,0,NONE
TXN_000419,U_LEGIT_1240,229.03,938,D_LEGIT_0620,IP_LEGIT_0767,C_LEGIT_0154,M_052,0,4,0,1,1,0,NONE
TXN_002663,U_LEGIT_1735,129.02,981,D_LEGIT_0897,IP_LEGIT_1772,C_LEGIT_0261,M_056,0,2,0,1,1,0,NONE
TXN_007522,U_LEGIT_1846,181.87,710,D_SHARED_BENIGN_04,IP_LEGIT_1958,C_LEGIT_2950,M_029,1,3,0,2,1,0,NONE
TXN_007723,U_LEGIT_0976,94.51,756,D_LEGIT_1971,IP_LEGIT_1532,C_LEGIT_0596,M_086,2,3,0,1,1,0,NONE
TXN_007882,U_LEGIT_2144,29.04,405,D_SHARED_BENIGN_04,IP_LEGIT_0964,C_LEGIT_2824,M_039,0,5,0,1,1,0,NONE
TXN_006340,U_LEGIT_1434,68.61,249,D_SHARED_BENIGN_09,IP_LEGIT_0388,C_LEGIT_1893,M_034,0,4,0,1,2,0,NONE
TXN_009490,U_INDIV_0190,1795.98,3,D_INDIV_0310,IP_INDIV_0148,C_INDIV_0014,M_095,8,22,5,4,7,1,INDIVIDUAL_FRAUD
TXN_006911,U_LEGIT_2160,31.88,656,D_SHARED_BENIGN_04,IP_LEGIT_1471,C_LEGIT_0550,M_060,0,3,0,1,1,0,NONE
TXN_006247,U_LEGIT_0188,134.3,1000,D_LEGIT_1229,IP_LEGIT_1801,C_LEGIT_1225,M_002,0,3,0,1,1,0,NONE
TXN_008107,U_LEGIT_1962,203.32,259,D_LEGIT_1800,IP_LEGIT_0960,C_LEGIT_1662,M_010,0,4,0,2,1,0,NONE
TXN_002156,U_LEGIT_2019,15.9,871,D_LEGIT_0167,IP_LEGIT_1433,C_LEGIT_0110,M_050,0,1,0,1,1,0,NONE
TXN_003052,U_LEGIT_0195,183.39,925,D_LEGIT_0961,IP_LEGIT_1190,C_LEGIT_2627,M_132,0,4,0,2,2,0,NONE
TXN_009174,U_INDIV_0144,2294.32,1,D_INDIV_0258,IP_INDIV_0089,C_INDIV_0252,M_104,9,20,8,6,8,1,INDIVIDUAL_FRAUD
TXN_006702,U_LEGIT_1150,217.25,933,D_LEGIT_0674,IP_LEGIT_1304,C_LEGIT_1873,M_058,1,1,0,2,2,0,NONE
TXN_009584,U_FARM_014,444.48,1,D_FARM_HUB_01,IP_FARM_PROXY_01,C_FARM_035,M_040,15,48,7,1,2,1,DEVICE_FARM
TXN_003482,U_LEGIT_1506,208.41,954,D_LEGIT_0684,IP_LEGIT_0857,C_LEGIT_1983,M_052,0,1,0,1,2,0,NONE
TXN_007704,U_LEGIT_2127,87.99,73,D_LEGIT_0298,IP_LEGIT_0192,C_LEGIT_2147,M_126,0,3,0,1,1,0,NONE
TXN_009318,U_INDIV_0091,1653.14,5,D_INDIV_0028,IP_INDIV_0280,C_INDIV_0060,M_103,7,27,4,4,5,1,INDIVIDUAL_FRAUD
TXN_002292,U_LEGIT_1336,128.01,210,D_LEGIT_0723,IP_LEGIT_0908,C_LEGIT_1316,M_114,0,2,0,1,1,0,NONE
TXN_003265,U_LEGIT_0823,107.32,1015,D_LEGIT_1897,IP_SHARED_BENIGN_05,C_LEGIT_2375,M_042,0,3,0,2,1,0,NONE
TXN_008984,U_LEGIT_0874,213.3,380,D_LEGIT_1231,IP_SHARED_BENIGN_03,C_LEGIT_0953,M_098,0,4,0,1,1,0,NONE
TXN_003596,U_LEGIT_0344,207.96,339,D_LEGIT_0794,IP_LEGIT_0034,C_LEGIT_0338,M_115,0,3,0,1,2,0,NONE
TXN_008280,U_LEGIT_0378,220.19,433,D_LEGIT_0562,IP_LEGIT_1346,C_LEGIT_2620,M_079,0,2,0,2,1,0,NONE
TXN_003674,U_LEGIT_0321,139.18,155,D_LEGIT_0208,IP_LEGIT_1359,C_LEGIT_2935,M_145,0,1,0,1,1,0,NONE
TXN_008490,U_LEGIT_1656,158.38,956,D_LEGIT_1259,IP_LEGIT_1975,C_LEGIT_1947,M_086,0,4,0,1,1,0,NONE
TXN_004108,U_LEGIT_2157,160.74,410,D_LEGIT_0393,IP_LEGIT_1167,C_LEGIT_1732,M_126,0,4,0,1,1,0,NONE
TXN_002014,U_LEGIT_0761,58.14,881,D_LEGIT_0465,IP_LEGIT_0813,C_LEGIT_2179,M_108,0,1,0,2,1,0,NONE
TXN_005453,U_LEGIT_2066,24.3,271,D_LEGIT_1332,IP_SHARED_BENIGN_07,C_LEGIT_0290,M_099,0,1,0,1,2,0,NONE
TXN_000611,U_LEGIT_0801,53.82,1004,D_LEGIT_1312,IP_LEGIT_1609,C_LEGIT_0281,M_088,0,4,0,1,1,0,NONE
TXN_004790,U_LEGIT_2400,199.68,228,D_LEGIT_1932,IP_LEGIT_1621,C_LEGIT_0409,M_038,0,5,0,1,1,0,NONE
TXN_006648,U_LEGIT_0512,73.77,617,D_LEGIT_0234,IP_LEGIT_1207,C_LEGIT_1465,M_083,0,3,0,1,2,0,NONE
TXN_003330,U_LEGIT_0078,18.72,654,D_SHARED_BENIGN_05,IP_LEGIT_0668,C_LEGIT_1336,M_134,0,2,0,1,1,0,NONE
TXN_007792,U_LEGIT_1801,193.31,285,D_LEGIT_0055,IP_LEGIT_0397,C_LEGIT_2300,M_025,0,1,0,1,2,0,NONE
TXN_008590,U_LEGIT_0398,78.5,494,D_LEGIT_0057,IP_LEGIT_0265,C_LEGIT_1196,M_144,0,1,0,2,1,0,NONE
TXN_006225,U_LEGIT_1425,230.93,1037,D_LEGIT_0371,IP_LEGIT_0512,C_LEGIT_1793,M_128,0,2,0,1,1,0,NONE
TXN_005922,U_LEGIT_2107,116.3,259,D_LEGIT_0385,IP_LEGIT_1473,C_LEGIT_2261,M_069,2,4,0,1,1,0,NONE
TXN_008058,U_LEGIT_2172,148.87,986,D_LEGIT_1351,IP_LEGIT_0749,C_LEGIT_1095,M_045,1,2,0,1,2,0,NONE
TXN_006726,U_LEGIT_1893,178.58,1106,D_LEGIT_1370,IP_LEGIT_1891,C_LEGIT_2141,M_142,0,3,0,1,1,0,NONE
TXN_000404,U_LEGIT_1328,30.07,950,D_LEGIT_1858,IP_LEGIT_0336,C_LEGIT_2943,M_032,0,1,0,2,1,0,NONE
TXN_004844,U_LEGIT_1881,84.45,501,D_SHARED_BENIGN_05,IP_LEGIT_1613,C_LEGIT_1037,M_066,0,2,0,2,1,0,NONE
TXN_007377,U_LEGIT_0814,214.56,466,D_LEGIT_0045,IP_LEGIT_1957,C_LEGIT_0833,M_120,0,3,0,2,1,0,NONE
TXN_009981,U_DIST_009,51.32,9,D_DIST_025,IP_DIST_PROXY_01,C_DIST_032,M_TARGET_HIGHVAL_99,7,11,2,1,1,1,DISTRIBUTED_ABUSE
TXN_005045,U_LEGIT_2250,32.27,432,D_LEGIT_1332,IP_SHARED_BENIGN_06,C_LEGIT_2271,M_065,0,1,0,1,1,0,NONE
TXN_000122,U_LEGIT_0818,122.56,104,D_LEGIT_0647,IP_LEGIT_1056,C_LEGIT_1632,M_140,0,2,0,1,1,0,NONE
TXN_009193,U_INDIV_0100,1189.7,6,D_INDIV_0076,IP_INDIV_0081,C_INDIV_0286,M_088,13,49,4,6,8,1,INDIVIDUAL_FRAUD
TXN_007902,U_LEGIT_2439,224.73,921,D_LEGIT_1462,IP_LEGIT_1701,C_LEGIT_2722,M_032,0,3,0,1,1,0,NONE
TXN_009798,U_BURST_005,1406.25,0,D_BURST_016,IP_BURST_SUBNET_02,C_BURST_029,M_041,18,20,3,3,2,1,ACCOUNT_BURST
TXN_004964,U_LEGIT_1047,50.18,567,D_LEGIT_1193,IP_LEGIT_1669,C_LEGIT_1390,M_115,0,1,0,1,1,0,NONE
TXN_008646,U_LEGIT_2009,99.06,857,D_LEGIT_1159,IP_LEGIT_0594,C_LEGIT_1947,M_117,0,4,0,1,1,0,NONE
TXN_009670,U_CYCLE_012,553.55,12,D_CYCLE_016,IP_CYCLE_023,C_STOLEN_POOL_02,M_038,13,24,8,2,5,1,CARD_CYCLING
TXN_001308,U_LEGIT_1746,136.51,249,D_LEGIT_0046,IP_LEGIT_0267,C_LEGIT_0519,M_073,0,3,0,1,1,0,NONE
TXN_007192,U_LEGIT_0121,78.19,58,D_LEGIT_1604,IP_LEGIT_0413,C_LEGIT_0161,M_049,0,4,0,1,1,0,NONE
TXN_000449,U_LEGIT_0354,202.37,408,D_LEGIT_0267,IP_LEGIT_1565,C_LEGIT_2654,M_145,1,2,0,2,1,0,NONE
TXN_000588,U_LEGIT_1047,22.26,696,D_LEGIT_0316,IP_LEGIT_0835,C_LEGIT_2780,M_044,0,1,0,1,1,0,NONE
TXN_006185,U_LEGIT_1726,244.16,331,D_LEGIT_0466,IP_LEGIT_1005,C_LEGIT_0462,M_141,0,5,0,1,1,0,NONE
TXN_005147,U_LEGIT_0447,242.89,1099,D_LEGIT_1358,IP_LEGIT_0507,C_LEGIT_1483,M_041,0,4,0,1,1,0,NONE
TXN_001268,U_LEGIT_0911,90.33,366,D_LEGIT_0399,IP_LEGIT_1847,C_LEGIT_2346,M_027,0,3,0,1,2,0,NONE
TXN_002860,U_LEGIT_1455,25.0,764,D_LEGIT_0867,IP_LEGIT_0802,C_LEGIT_2135,M_131,0,1,0,1,2,0,NONE
TXN_007638,U_LEGIT_1884,80.21,1088,D_LEGIT_1024,IP_LEGIT_1115,C_LEGIT_1768,M_114,1,3,0,2,1,0,NONE
TXN_006621,U_LEGIT_2265,23.6,803,D_SHARED_BENIGN_08,IP_LEGIT_1318,C_LEGIT_2424,M_070,0,5,0,2,2,0,NONE
TXN_002275,U_LEGIT_1630,147.88,370,D_LEGIT_0066,IP_LEGIT_1041,C_LEGIT_2865,M_038,0,5,0,2,1,0,NONE
TXN_000897,U_LEGIT_2328,230.16,403,D_LEGIT_0177,IP_LEGIT_0949,C_LEGIT_0362,M_030,0,2,0,1,1,0,NONE
TXN_007895,U_LEGIT_1141,196.09,480,D_LEGIT_1245,IP_LEGIT_1330,C_LEGIT_1445,M_066,0,2,0,1,1,0,NONE
TXN_006166,U_LEGIT_1518,112.12,403,D_LEGIT_0621,IP_LEGIT_0653,C_LEGIT_0354,M_101,1,4,0,2,1,0,NONE
TXN_008325,U_LEGIT_2384,247.95,57,D_LEGIT_1189,IP_LEGIT_0649,C_LEGIT_1914,M_108,1,1,0,1,1,0,NONE
TXN_005048,U_LEGIT_0946,84.33,1107,D_SHARED_BENIGN_02,IP_LEGIT_0331,C_LEGIT_0696,M_111,0,4,0,1,1,0,NONE
TXN_008179,U_LEGIT_2029,181.7,763,D_LEGIT_1804,IP_LEGIT_0216,C_LEGIT_0150,M_107,0,1,0,1,1,0,NONE
TXN_000384,U_LEGIT_1770,146.29,130,D_LEGIT_0808,IP_LEGIT_0689,C_LEGIT_0339,M_122,0,3,0,2,1,0,NONE
TXN_000169,U_LEGIT_1707,164.5,951,D_LEGIT_0275,IP_LEGIT_0523,C_LEGIT_0833,M_085,0,1,0,1,1,0,NONE
TXN_007166,U_LEGIT_1581,31.17,223,D_LEGIT_0147,IP_LEGIT_1248,C_LEGIT_1792,M_014,0,1,0,1,1,0,NONE
TXN_000391,U_LEGIT_1293,241.96,1178,D_LEGIT_1223,IP_LEGIT_0382,C_LEGIT_0815,M_129,1,1,0,1,1,0,NONE
TXN_002621,U_LEGIT_1141,213.89,175,D_LEGIT_0308,IP_LEGIT_1962,C_LEGIT_0006,M_028,0,5,0,1,1,0,NONE
TXN_008494,U_LEGIT_0852,167.0,659,D_LEGIT_1285,IP_LEGIT_0621,C_LEGIT_2092,M_097,1,4,0,2,1,0,NONE
TXN_001781,U_LEGIT_0887,32.55,236,D_LEGIT_1527,IP_LEGIT_1210,C_LEGIT_1054,M_098,0,5,0,1,1,0,NONE
TXN_006293,U_LEGIT_2025,223.72,1156,D_LEGIT_1201,IP_LEGIT_0635,C_LEGIT_2140,M_037,0,3,0,1,1,0,NONE
TXN_006553,U_LEGIT_1494,87.79,970,D_LEGIT_1018,IP_LEGIT_0348,C_LEGIT_0489,M_012,0,2,0,1,2,0,NONE
TXN_005461,U_LEGIT_1163,188.79,347,D_LEGIT_1224,IP_LEGIT_1374,C_LEGIT_1106,M_135,0,5,0,1,1,0,NONE
TXN_004380,U_LEGIT_1290,140.1,706,D_LEGIT_0507,IP_LEGIT_0928,C_LEGIT_2362,M_082,0,4,0,2,1,0,NONE
TXN_004728,U_LEGIT_2155,126.98,469,D_LEGIT_1934,IP_LEGIT_0287,C_LEGIT_1524,M_039,0,4,0,1,1,0,NONE
TXN_003303,U_LEGIT_1607,97.57,838,D_LEGIT_0701,IP_LEGIT_1423,C_LEGIT_1246,M_119,0,4,0,1,2,0,NONE
TXN_006616,U_LEGIT_1502,81.19,49,D_LEGIT_0781,IP_LEGIT_0180,C_LEGIT_1779,M_109,0,3,0,1,1,0,NONE
TXN_003328,U_LEGIT_2498,44.22,481,D_LEGIT_0241,IP_LEGIT_1838,C_LEGIT_0684,M_082,0,2,0,1,1,0,NONE
TXN_006115,U_LEGIT_1317,162.51,542,D_LEGIT_1676,IP_LEGIT_0502,C_LEGIT_0152,M_025,0,4,0,2,1,0,NONE
TXN_008752,U_LEGIT_1372,213.67,578,D_LEGIT_1530,IP_LEGIT_0080,C_LEGIT_2940,M_069,0,4,0,2,1,0,NONE
TXN_001583,U_LEGIT_0288,10.41,982,D_LEGIT_0403,IP_LEGIT_1114,C_LEGIT_2390,M_008,0,3,0,1,2,0,NONE
TXN_006577,U_LEGIT_1146,85.31,950,D_LEGIT_0493,IP_LEGIT_0457,C_LEGIT_1996,M_034,0,1,0,1,1,0,NONE
TXN_009337,U_INDIV_0111,2926.16,5,D_INDIV_0301,IP_INDIV_0204,C_INDIV_0043,M_129,17,18,4,7,7,1,INDIVIDUAL_FRAUD
TXN_003563,U_LEGIT_0763,182.41,199,D_LEGIT_1938,IP_LEGIT_0457,C_LEGIT_0807,M_134,0,3,0,1,1,0,NONE
TXN_004439,U_LEGIT_0082,34.44,248,D_LEGIT_0617,IP_LEGIT_0741,C_LEGIT_2538,M_049,0,1,0,1,2,0,NONE
TXN_007724,U_LEGIT_1761,15.5,1151,D_LEGIT_0277,IP_LEGIT_1440,C_LEGIT_1008,M_078,0,3,0,2,1,0,NONE
TXN_003039,U_LEGIT_1965,230.61,378,D_LEGIT_1763,IP_LEGIT_1625,C_LEGIT_2837,M_111,0,5,0,1,1,0,NONE
TXN_002331,U_LEGIT_1856,87.26,167,D_LEGIT_1328,IP_LEGIT_0845,C_LEGIT_0341,M_014,0,5,0,1,2,0,NONE
TXN_007311,U_LEGIT_0584,151.45,597,D_LEGIT_0944,IP_SHARED_BENIGN_04,C_LEGIT_1334,M_103,0,4,0,1,1,0,NONE
TXN_001642,U_LEGIT_1887,202.93,1014,D_LEGIT_1694,IP_LEGIT_0251,C_LEGIT_1482,M_099,0,2,0,1,1,0,NONE
TXN_009686,U_CYCLE_008,157.8,4,D_CYCLE_013,IP_CYCLE_012,C_STOLEN_POOL_03,M_050,9,33,5,5,5,1,CARD_CYCLING
TXN_005857,U_LEGIT_1078,110.9,252,D_LEGIT_1665,IP_LEGIT_1031,C_LEGIT_2301,M_012,0,4,0,1,1,0,NONE
TXN_002635,U_LEGIT_1491,53.16,285,D_LEGIT_1114,IP_SHARED_BENIGN_09,C_LEGIT_0602,M_119,0,4,0,1,1,0,NONE
TXN_008220,U_LEGIT_1695,192.72,1114,D_LEGIT_1448,IP_LEGIT_1492,C_LEGIT_2747,M_133,0,5,0,1,1,0,NONE
TXN_003500,U_LEGIT_1176,219.18,417,D_LEGIT_1646,IP_LEGIT_1100,C_LEGIT_0487,M_100,1,2,0,2,2,0,NONE
TXN_004348,U_LEGIT_0094,118.03,632,D_SHARED_BENIGN_08,IP_LEGIT_0677,C_LEGIT_1364,M_101,0,3,0,2,2,0,NONE
TXN_007179,U_LEGIT_2134,214.12,814,D_LEGIT_1706,IP_LEGIT_1464,C_LEGIT_1100,M_045,0,3,0,1,2,0,NONE
TXN_003414,U_LEGIT_0369,132.03,798,D_LEGIT_0896,IP_LEGIT_1684,C_LEGIT_2249,M_003,0,1,0,2,1,0,NONE
TXN_000592,U_LEGIT_0005,8.13,1017,D_LEGIT_1969,IP_LEGIT_0593,C_LEGIT_2675,M_043,0,3,0,2,1,0,NONE
TXN_004484,U_LEGIT_1238,182.98,219,D_LEGIT_0914,IP_LEGIT_1468,C_LEGIT_0881,M_128,0,2,0,2,1,0,NONE
TXN_005985,U_LEGIT_2428,184.26,578,D_LEGIT_0626,IP_LEGIT_1893,C_LEGIT_0116,M_086,0,4,0,1,1,0,NONE
TXN_006338,U_LEGIT_1007,45.45,446,D_LEGIT_1212,IP_LEGIT_0859,C_LEGIT_1206,M_063,0,5,0,2,1,0,NONE
TXN_005528,U_LEGIT_0863,56.18,44,D_LEGIT_1604,IP_SHARED_BENIGN_03,C_LEGIT_2774,M_078,0,5,0,1,1,0,NONE
TXN_001259,U_LEGIT_2338,142.92,1124,D_LEGIT_1163,IP_LEGIT_0936,C_LEGIT_2434,M_011,0,3,0,1,1,0,NONE
TXN_008947,U_LEGIT_1852,40.83,148,D_LEGIT_0904,IP_LEGIT_1306,C_LEGIT_2578,M_100,0,1,0,2,1,0,NONE
TXN_004127,U_LEGIT_0096,91.34,812,D_SHARED_BENIGN_01,IP_LEGIT_0610,C_LEGIT_1124,M_019,0,1,0,1,2,0,NONE
TXN_007265,U_LEGIT_2261,219.15,1189,D_LEGIT_0700,IP_LEGIT_0283,C_LEGIT_0466,M_066,0,5,0,2,1,0,NONE
TXN_006978,U_LEGIT_0029,92.95,1151,D_SHARED_BENIGN_10,IP_LEGIT_1139,C_LEGIT_2692,M_115,0,4,0,1,2,0,NONE
TXN_006946,U_LEGIT_0747,174.31,40,D_SHARED_BENIGN_01,IP_LEGIT_0989,C_LEGIT_2691,M_063,1,4,0,1,2,0,NONE
TXN_000660,U_LEGIT_1686,195.96,735,D_LEGIT_1894,IP_LEGIT_0183,C_LEGIT_0448,M_147,0,3,0,2,1,0,NONE
TXN_001342,U_LEGIT_1616,157.41,539,D_LEGIT_1940,IP_LEGIT_0865,C_LEGIT_2526,M_138,0,5,0,2,1,0,NONE
TXN_007055,U_LEGIT_2061,223.58,475,D_LEGIT_0450,IP_LEGIT_1824,C_LEGIT_2258,M_131,0,1,0,1,1,0,NONE
TXN_007497,U_LEGIT_0501,59.95,779,D_SHARED_BENIGN_06,IP_LEGIT_0853,C_LEGIT_2640,M_138,0,4,0,2,1,0,NONE
TXN_003045,U_LEGIT_0996,123.37,598,D_LEGIT_0656,IP_LEGIT_0981,C_LEGIT_1028,M_123,0,2,0,1,1,0,NONE
TXN_004963,U_LEGIT_1772,108.84,87,D_LEGIT_1420,IP_LEGIT_1960,C_LEGIT_1924,M_031,1,2,0,1,1,0,NONE
TXN_004758,U_LEGIT_0591,57.14,902,D_LEGIT_1969,IP_LEGIT_0716,C_LEGIT_2326,M_092,0,1,0,1,1,0,NONE
TXN_002723,U_LEGIT_2203,56.93,580,D_LEGIT_1339,IP_LEGIT_1430,C_LEGIT_0842,M_008,0,2,0,2,1,0,NONE
TXN_000015,U_LEGIT_0878,66.81,998,D_LEGIT_1482,IP_LEGIT_1170,C_LEGIT_2361,M_122,0,2,0,2,1,0,NONE
TXN_007537,U_LEGIT_0579,36.5,1189,D_SHARED_BENIGN_04,IP_LEGIT_1386,C_LEGIT_1386,M_078,0,5,0,1,2,0,NONE
TXN_002051,U_LEGIT_1575,57.47,454,D_LEGIT_0600,IP_LEGIT_1817,C_LEGIT_2963,M_047,1,3,0,2,1,0,NONE
TXN_001172,U_LEGIT_0134,79.02,248,D_LEGIT_1307,IP_LEGIT_0640,C_LEGIT_2200,M_109,0,3,0,1,1,0,NONE
TXN_001831,U_LEGIT_1725,156.65,700,D_LEGIT_1265,IP_LEGIT_0193,C_LEGIT_1943,M_116,0,3,0,2,1,0,NONE
TXN_000262,U_LEGIT_2116,179.72,856,D_LEGIT_1682,IP_SHARED_BENIGN_03,C_LEGIT_0269,M_080,0,5,0,1,1,0,NONE
TXN_002335,U_LEGIT_0231,114.68,110,D_LEGIT_0829,IP_LEGIT_0716,C_LEGIT_2945,M_055,1,3,0,1,1,0,NONE
TXN_002191,U_LEGIT_1664,210.05,1200,D_LEGIT_1744,IP_LEGIT_1832,C_LEGIT_2124,M_012,0,2,0,1,1,0,NONE
TXN_002896,U_LEGIT_2463,76.41,401,D_LEGIT_1532,IP_SHARED_BENIGN_05,C_LEGIT_0681,M_148,0,4,0,1,1,0,NONE
TXN_009899,U_DIST_029,61.24,7,D_DIST_027,IP_DIST_PROXY_03,C_DIST_003,M_TARGET_HIGHVAL_99,3,17,2,2,2,1,DISTRIBUTED_ABUSE
TXN_007174,U_LEGIT_0221,168.46,811,D_SHARED_BENIGN_03,IP_LEGIT_0314,C_LEGIT_2390,M_094,0,1,0,1,1,0,NONE
TXN_007241,U_LEGIT_1789,234.28,989,D_LEGIT_0872,IP_LEGIT_1835,C_LEGIT_1358,M_019,0,1,1,1,2,0,NONE
TXN_004436,U_LEGIT_1851,204.44,445,D_LEGIT_1704,IP_LEGIT_1922,C_LEGIT_0742,M_062,1,5,0,1,1,0,NONE
TXN_007920,U_LEGIT_1678,67.84,284,D_LEGIT_0987,IP_LEGIT_1192,C_LEGIT_0860,M_105,0,4,0,1,1,0,NONE
TXN_005232,U_LEGIT_1176,84.49,787,D_LEGIT_1297,IP_LEGIT_1438,C_LEGIT_1120,M_026,2,1,0,2,2,0,NONE
TXN_000322,U_LEGIT_0258,101.92,961,D_LEGIT_0480,IP_SHARED_BENIGN_04,C_LEGIT_2122,M_093,1,1,1,1,1,0,NONE
TXN_004347,U_LEGIT_0649,36.03,951,D_LEGIT_1346,IP_LEGIT_0931,C_LEGIT_1343,M_110,0,4,0,1,2,0,NONE
TXN_004428,U_LEGIT_2197,80.61,825,D_LEGIT_0293,IP_LEGIT_1647,C_LEGIT_1766,M_092,1,5,0,1,1,0,NONE
TXN_004729,U_LEGIT_1486,101.15,456,D_LEGIT_0905,IP_LEGIT_0734,C_LEGIT_1680,M_089,0,3,0,1,1,0,NONE
TXN_004701,U_LEGIT_2273,21.73,666,D_SHARED_BENIGN_02,IP_LEGIT_1115,C_LEGIT_1519,M_077,1,5,0,1,2,0,NONE
TXN_001392,U_LEGIT_0290,61.67,405,D_SHARED_BENIGN_06,IP_SHARED_BENIGN_06,C_LEGIT_2300,M_104,0,3,0,1,2,0,NONE
TXN_007134,U_LEGIT_0786,237.09,204,D_LEGIT_0234,IP_SHARED_BENIGN_04,C_LEGIT_1740,M_023,0,3,0,2,1,0,NONE
TXN_001155,U_LEGIT_0642,53.15,1049,D_LEGIT_0707,IP_SHARED_BENIGN_01,C_LEGIT_1033,M_100,0,4,0,1,2,0,NONE
TXN_008357,U_LEGIT_1607,235.4,787,D_SHARED_BENIGN_08,IP_SHARED_BENIGN_05,C_LEGIT_1310,M_137,0,2,0,1,2,0,NONE
TXN_004384,U_LEGIT_1484,143.62,175,D_LEGIT_0040,IP_LEGIT_0666,C_LEGIT_2141,M_072,2,3,0,1,1,0,NONE
TXN_008468,U_LEGIT_1766,215.28,962,D_LEGIT_1212,IP_SHARED_BENIGN_04,C_LEGIT_1557,M_141,0,4,0,1,1,0,NONE
TXN_009714,U_CYCLE_012,833.66,5,D_CYCLE_009,IP_CYCLE_017,C_STOLEN_POOL_01,M_031,13,40,9,2,4,1,CARD_CYCLING
TXN_006691,U_LEGIT_1039,44.51,870,D_LEGIT_1754,IP_LEGIT_1186,C_LEGIT_1687,M_146,0,2,0,1,2,0,NONE
TXN_000616,U_LEGIT_0862,235.76,918,D_LEGIT_0492,IP_LEGIT_0763,C_LEGIT_2708,M_044,1,1,0,1,1,0,NONE
TXN_004791,U_LEGIT_1098,228.04,473,D_SHARED_BENIGN_08,IP_LEGIT_0802,C_LEGIT_1385,M_083,0,1,0,1,1,0,NONE
TXN_001125,U_LEGIT_1788,63.31,780,D_LEGIT_1863,IP_LEGIT_0896,C_LEGIT_1045,M_090,1,3,0,1,1,0,NONE
TXN_005999,U_LEGIT_2490,223.62,831,D_SHARED_BENIGN_07,IP_LEGIT_0214,C_LEGIT_1380,M_051,0,2,0,2,1,0,NONE
TXN_001194,U_LEGIT_0384,18.69,597,D_LEGIT_1621,IP_LEGIT_1529,C_LEGIT_2577,M_062,0,1,0,2,1,0,NONE
TXN_003591,U_LEGIT_1253,201.73,572,D_LEGIT_0687,IP_LEGIT_1769,C_LEGIT_1053,M_039,0,3,0,1,1,0,NONE
TXN_003546,U_LEGIT_0695,88.78,993,D_LEGIT_1298,IP_LEGIT_0291,C_LEGIT_2960,M_063,0,2,0,1,1,0,NONE
TXN_007107,U_LEGIT_2495,224.76,995,D_LEGIT_0974,IP_LEGIT_0195,C_LEGIT_2355,M_110,0,1,0,1,1,0,NONE
TXN_002730,U_LEGIT_0840,37.69,1183,D_LEGIT_1181,IP_LEGIT_1710,C_LEGIT_2147,M_041,0,1,0,1,1,0,NONE
TXN_003699,U_LEGIT_0278,79.6,942,D_LEGIT_1516,IP_LEGIT_0903,C_LEGIT_2641,M_057,0,5,0,1,1,0,NONE
TXN_003575,U_LEGIT_1209,123.79,737,D_LEGIT_0612,IP_LEGIT_1425,C_LEGIT_2727,M_054,0,3,0,1,1,0,NONE
TXN_008751,U_LEGIT_0399,94.15,960,D_LEGIT_0219,IP_LEGIT_0636,C_LEGIT_2466,M_039,0,5,0,1,1,0,NONE
TXN_004838,U_LEGIT_0983,198.66,1148,D_LEGIT_1740,IP_LEGIT_1332,C_LEGIT_2525,M_105,0,1,0,2,1,0,NONE
TXN_008293,U_LEGIT_1199,89.87,442,D_LEGIT_1495,IP_LEGIT_0897,C_LEGIT_1364,M_002,0,4,0,1,2,0,NONE
TXN_003936,U_LEGIT_0554,113.79,838,D_LEGIT_1875,IP_SHARED_BENIGN_02,C_LEGIT_2722,M_003,0,4,0,1,1,0,NONE
TXN_008005,U_LEGIT_2096,134.24,459,D_LEGIT_0625,IP_LEGIT_0521,C_LEGIT_2281,M_051,2,3,0,1,1,0,NONE
TXN_004559,U_LEGIT_2327,14.25,689,D_LEGIT_0537,IP_LEGIT_1391,C_LEGIT_2794,M_117,0,2,0,1,2,0,NONE
TXN_004311,U_LEGIT_2441,21.02,355,D_LEGIT_0753,IP_SHARED_BENIGN_09,C_LEGIT_0855,M_101,0,5,0,1,1,0,NONE
TXN_001793,U_LEGIT_0631,200.95,711,D_LEGIT_1050,IP_LEGIT_0125,C_LEGIT_0711,M_012,0,5,0,1,1,0,NONE
TXN_001504,U_LEGIT_0953,49.71,637,D_LEGIT_0949,IP_LEGIT_1664,C_LEGIT_0632,M_105,0,2,0,2,1,0,NONE
TXN_008649,U_LEGIT_2081,62.2,144,D_LEGIT_0672,IP_LEGIT_0659,C_LEGIT_0328,M_082,0,2,0,2,2,0,NONE
TXN_001880,U_LEGIT_1205,246.81,804,D_LEGIT_1340,IP_LEGIT_0228,C_LEGIT_0912,M_002,0,4,0,1,1,0,NONE
TXN_008944,U_LEGIT_1934,189.34,223,D_LEGIT_0878,IP_LEGIT_0230,C_LEGIT_1195,M_046,1,4,0,1,1,0,NONE
TXN_002929,U_LEGIT_0125,64.62,485,D_LEGIT_0889,IP_LEGIT_0518,C_LEGIT_2216,M_087,0,1,0,1,1,0,NONE
TXN_005085,U_LEGIT_0662,87.6,623,D_SHARED_BENIGN_08,IP_LEGIT_0418,C_LEGIT_2268,M_101,0,1,0,1,2,0,NONE
TXN_006287,U_LEGIT_1346,28.95,208,D_LEGIT_1024,IP_LEGIT_1764,C_LEGIT_1602,M_120,0,3,0,2,1,0,NONE
TXN_001421,U_LEGIT_0866,109.99,767,D_LEGIT_1894,IP_LEGIT_1075,C_LEGIT_0450,M_017,0,2,0,1,1,0,NONE
TXN_001746,U_LEGIT_0175,17.93,270,D_LEGIT_1977,IP_LEGIT_0990,C_LEGIT_0175,M_044,0,5,0,1,1,0,NONE
TXN_002499,U_LEGIT_0282,105.64,297,D_LEGIT_1073,IP_LEGIT_1716,C_LEGIT_1951,M_132,0,5,0,2,1,0,NONE
TXN_001591,U_LEGIT_0459,85.36,1129,D_LEGIT_0270,IP_LEGIT_1178,C_LEGIT_2734,M_029,0,1,0,2,2,0,NONE
TXN_007684,U_LEGIT_2265,157.7,446,D_LEGIT_1033,IP_LEGIT_0697,C_LEGIT_0497,M_018,0,3,0,1,2,0,NONE
TXN_003397,U_LEGIT_0958,161.83,1173,D_LEGIT_0973,IP_LEGIT_1819,C_LEGIT_2862,M_042,0,1,0,1,1,0,NONE
TXN_001292,U_LEGIT_2366,51.67,945,D_LEGIT_1588,IP_LEGIT_1466,C_LEGIT_2970,M_030,0,5,0,1,1,0,NONE
TXN_009989,U_DIST_025,65.84,23,D_DIST_012,IP_DIST_PROXY_01,C_DIST_003,M_TARGET_HIGHVAL_99,6,14,2,2,2,1,DISTRIBUTED_ABUSE
TXN_003062,U_LEGIT_2114,110.99,877,D_LEGIT_0868,IP_LEGIT_0408,C_LEGIT_2195,M_102,0,4,0,1,1,0,NONE
TXN_002934,U_LEGIT_0188,198.78,520,D_LEGIT_0345,IP_LEGIT_1230,C_LEGIT_1628,M_039,0,5,1,1,1,0,NONE
TXN_000858,U_LEGIT_0172,133.63,673,D_LEGIT_1505,IP_LEGIT_1498,C_LEGIT_0863,M_111,0,3,0,1,1,0,NONE
TXN_006877,U_LEGIT_1533,117.19,342,D_LEGIT_0441,IP_LEGIT_0679,C_LEGIT_1720,M_094,0,4,0,1,1,0,NONE
TXN_002484,U_LEGIT_0737,159.48,496,D_LEGIT_1958,IP_LEGIT_0696,C_LEGIT_0616,M_003,0,1,0,1,1,0,NONE
TXN_009573,U_FARM_017,157.04,4,D_FARM_HUB_02,IP_FARM_PROXY_01,C_FARM_029,M_046,19,55,3,1,4,1,DEVICE_FARM
TXN_004198,U_LEGIT_2495,222.9,799,D_LEGIT_1773,IP_LEGIT_0460,C_LEGIT_0913,M_134,0,1,0,2,1,0,NONE
TXN_008409,U_LEGIT_0104,194.87,247,D_LEGIT_1261,IP_LEGIT_0988,C_LEGIT_0467,M_025,0,5,0,1,2,0,NONE
TXN_009757,U_BURST_013,762.98,0,D_BURST_007,IP_BURST_SUBNET_01,C_BURST_011,M_084,10,21,4,3,2,1,ACCOUNT_BURST
TXN_006435,U_LEGIT_1970,13.59,939,D_LEGIT_0079,IP_LEGIT_1390,C_LEGIT_0499,M_025,0,3,0,1,2,0,NONE
TXN_007221,U_LEGIT_0430,81.35,833,D_LEGIT_1039,IP_LEGIT_0839,C_LEGIT_0328,M_111,0,2,0,1,1,0,NONE
TXN_007554,U_LEGIT_1294,109.44,384,D_LEGIT_1806,IP_LEGIT_1847,C_LEGIT_1348,M_073,0,1,0,2,1,0,NONE
TXN_002825,U_LEGIT_1560,219.77,365,D_LEGIT_1668,IP_LEGIT_1977,C_LEGIT_1855,M_130,0,1,0,1,1,0,NONE
TXN_002201,U_LEGIT_1097,104.86,69,D_LEGIT_0461,IP_LEGIT_0627,C_LEGIT_0947,M_148,0,2,0,1,1,0,NONE
TXN_006429,U_LEGIT_1173,187.28,613,D_LEGIT_1673,IP_LEGIT_1618,C_LEGIT_1800,M_118,0,4,0,2,1,0,NONE
TXN_003931,U_LEGIT_0936,210.27,539,D_LEGIT_0339,IP_LEGIT_0489,C_LEGIT_2627,M_133,0,1,0,1,2,0,NONE
TXN_005700,U_LEGIT_0689,230.57,1109,D_LEGIT_1657,IP_LEGIT_1710,C_LEGIT_2031,M_079,1,4,1,1,2,0,NONE
TXN_007365,U_LEGIT_1928,121.49,54,D_LEGIT_1381,IP_SHARED_BENIGN_10,C_LEGIT_1533,M_137,0,2,0,1,1,0,NONE
TXN_008909,U_LEGIT_2410,78.56,784,D_LEGIT_0861,IP_LEGIT_1023,C_LEGIT_1774,M_064,0,1,0,1,2,0,NONE
TXN_009119,U_INDIV_0053,2011.48,1,D_INDIV_0114,IP_INDIV_0353,C_INDIV_0294,M_005,10,29,4,3,7,1,INDIVIDUAL_FRAUD
TXN_002294,U_LEGIT_0160,36.14,450,D_LEGIT_0224,IP_LEGIT_1351,C_LEGIT_0688,M_047,0,5,0,2,1,0,NONE
TXN_006422,U_LEGIT_1296,235.2,583,D_LEGIT_1896,IP_LEGIT_1089,C_LEGIT_2000,M_051,0,3,0,1,1,0,NONE
TXN_002526,U_LEGIT_2151,97.99,855,D_SHARED_BENIGN_04,IP_LEGIT_0407,C_LEGIT_2988,M_137,0,2,0,1,1,0,NONE
TXN_001404,U_LEGIT_2075,80.57,222,D_LEGIT_1992,IP_LEGIT_0132,C_LEGIT_0295,M_139,1,3,0,1,1,0,NONE
TXN_001036,U_LEGIT_1610,20.31,474,D_LEGIT_0223,IP_LEGIT_0927,C_LEGIT_1231,M_106,0,2,0,2,1,0,NONE
TXN_008684,U_LEGIT_1581,182.37,76,D_LEGIT_1454,IP_LEGIT_0487,C_LEGIT_1644,M_058,0,5,0,2,1,0,NONE
TXN_008842,U_LEGIT_1854,211.97,373,D_LEGIT_1116,IP_LEGIT_1925,C_LEGIT_0516,M_039,0,3,0,2,1,0,NONE
TXN_004068,U_LEGIT_2038,69.15,63,D_LEGIT_1964,IP_LEGIT_0552,C_LEGIT_2340,M_030,0,2,0,2,1,0,NONE
TXN_005719,U_LEGIT_1110,106.74,785,D_SHARED_BENIGN_07,IP_LEGIT_1717,C_LEGIT_1235,M_080,0,4,0,1,1,0,NONE
TXN_004625,U_LEGIT_1911,112.11,983,D_LEGIT_0469,IP_SHARED_BENIGN_05,C_LEGIT_2634,M_037,0,3,0,2,2,0,NONE
TXN_006693,U_LEGIT_1076,170.99,231,D_LEGIT_1015,IP_LEGIT_0665,C_LEGIT_0127,M_025,0,3,0,1,1,0,NONE
TXN_008957,U_LEGIT_0363,246.22,681,D_LEGIT_1536,IP_LEGIT_1232,C_LEGIT_1925,M_043,0,5,0,1,2,0,NONE
TXN_000099,U_LEGIT_0530,25.44,116,D_LEGIT_1442,IP_LEGIT_1145,C_LEGIT_2737,M_091,0,4,0,1,2,0,NONE
TXN_004969,U_LEGIT_2163,21.31,637,D_LEGIT_1138,IP_LEGIT_1565,C_LEGIT_0116,M_067,0,1,0,1,2,0,NONE
TXN_000209,U_LEGIT_2000,161.63,763,D_LEGIT_0006,IP_LEGIT_1735,C_LEGIT_0382,M_118,1,5,0,2,1,0,NONE
TXN_000446,U_LEGIT_0399,89.06,576,D_LEGIT_1306,IP_LEGIT_1730,C_LEGIT_1769,M_070,0,3,0,2,2,0,NONE
TXN_009058,U_INDIV_0068,2992.73,3,D_INDIV_0400,IP_INDIV_0072,C_INDIV_0365,M_058,11,38,8,3,7,1,INDIVIDUAL_FRAUD
TXN_006803,U_LEGIT_1473,59.85,723,D_LEGIT_0708,IP_SHARED_BENIGN_08,C_LEGIT_2265,M_110,1,3,0,2,1,0,NONE
TXN_008413,U_LEGIT_1622,94.93,123,D_LEGIT_1906,IP_LEGIT_0937,C_LEGIT_0857,M_117,0,1,0,1,1,0,NONE
TXN_002126,U_LEGIT_2264,188.73,647,D_SHARED_BENIGN_10,IP_LEGIT_1714,C_LEGIT_1410,M_125,0,3,0,1,2,0,NONE
TXN_006491,U_LEGIT_0616,118.49,961,D_LEGIT_0708,IP_LEGIT_0572,C_LEGIT_2705,M_105,1,2,1,2,1,0,NONE
TXN_006886,U_LEGIT_0586,88.65,451,D_LEGIT_0206,IP_LEGIT_0650,C_LEGIT_2295,M_137,0,2,0,1,2,0,NONE
TXN_005159,U_LEGIT_1122,28.67,119,D_LEGIT_1454,IP_LEGIT_1338,C_LEGIT_2666,M_100,0,5,0,1,2,0,NONE
TXN_004191,U_LEGIT_0564,168.24,206,D_LEGIT_1028,IP_SHARED_BENIGN_09,C_LEGIT_0365,M_099,1,4,0,1,1,0,NONE
TXN_006270,U_LEGIT_1218,173.79,217,D_SHARED_BENIGN_03,IP_LEGIT_1984,C_LEGIT_2247,M_083,1,5,0,1,1,0,NONE
TXN_005252,U_LEGIT_0202,232.0,771,D_LEGIT_1017,IP_LEGIT_1402,C_LEGIT_1344,M_115,0,3,0,1,1,0,NONE
TXN_000028,U_LEGIT_0653,56.3,972,D_LEGIT_0222,IP_LEGIT_0080,C_LEGIT_1928,M_057,0,2,0,1,2,0,NONE
TXN_008163,U_LEGIT_2121,161.03,1068,D_LEGIT_1576,IP_LEGIT_1916,C_LEGIT_0652,M_021,0,3,0,2,1,0,NONE
TXN_008273,U_LEGIT_0602,126.45,651,D_LEGIT_1536,IP_LEGIT_1599,C_LEGIT_0603,M_071,0,5,0,1,2,0,NONE
TXN_005694,U_LEGIT_0249,143.32,683,D_LEGIT_0531,IP_SHARED_BENIGN_08,C_LEGIT_0911,M_042,0,3,0,1,1,0,NONE
TXN_009253,U_INDIV_0033,2654.51,7,D_INDIV_0021,IP_INDIV_0158,C_INDIV_0060,M_063,13,36,3,4,8,1,INDIVIDUAL_FRAUD
TXN_006916,U_LEGIT_1132,140.22,225,D_LEGIT_1176,IP_LEGIT_0216,C_LEGIT_1535,M_062,0,2,0,2,1,0,NONE
TXN_003799,U_LEGIT_1130,83.78,494,D_LEGIT_1650,IP_LEGIT_0493,C_LEGIT_2991,M_140,0,3,0,1,2,0,NONE
TXN_000459,U_LEGIT_0706,155.92,160,D_LEGIT_1853,IP_LEGIT_1626,C_LEGIT_0399,M_117,0,1,0,1,1,0,NONE
TXN_008899,U_LEGIT_1454,94.23,348,D_LEGIT_1780,IP_LEGIT_0708,C_LEGIT_1779,M_083,0,1,0,1,1,0,NONE
TXN_000036,U_LEGIT_0897,68.31,278,D_LEGIT_1962,IP_LEGIT_0952,C_LEGIT_0206,M_143,0,4,0,1,2,0,NONE
TXN_004674,U_LEGIT_1626,68.72,1045,D_LEGIT_1146,IP_LEGIT_1394,C_LEGIT_0552,M_087,2,3,0,1,2,0,NONE
TXN_007758,U_LEGIT_0740,24.99,309,D_LEGIT_0867,IP_LEGIT_1328,C_LEGIT_2910,M_123,0,3,0,2,2,0,NONE
TXN_000618,U_LEGIT_0219,222.37,458,D_LEGIT_0574,IP_LEGIT_1744,C_LEGIT_2082,M_150,0,4,0,1,1,0,NONE
TXN_006183,U_LEGIT_0530,169.39,1181,D_LEGIT_1854,IP_LEGIT_0354,C_LEGIT_0403,M_118,0,4,0,2,1,0,NONE
TXN_001625,U_LEGIT_0187,192.06,756,D_LEGIT_0215,IP_LEGIT_1552,C_LEGIT_1590,M_040,0,5,1,1,1,0,NONE
TXN_003597,U_LEGIT_1644,195.76,209,D_SHARED_BENIGN_09,IP_LEGIT_0858,C_LEGIT_2403,M_109,1,1,0,1,1,0,NONE
TXN_007867,U_LEGIT_1053,188.63,344,D_SHARED_BENIGN_04,IP_LEGIT_0239,C_LEGIT_1800,M_073,0,5,0,2,1,0,NONE
TXN_005924,U_LEGIT_2002,95.09,808,D_LEGIT_1844,IP_LEGIT_1036,C_LEGIT_2312,M_027,0,3,0,1,2,0,NONE
TXN_004205,U_LEGIT_0641,157.68,476,D_LEGIT_1673,IP_LEGIT_1592,C_LEGIT_2048,M_102,0,5,0,2,1,0,NONE
TXN_003598,U_LEGIT_0111,225.36,473,D_LEGIT_0370,IP_LEGIT_1376,C_LEGIT_1956,M_101,0,1,0,2,1,0,NONE
TXN_001778,U_LEGIT_0782,236.9,175,D_LEGIT_1357,IP_LEGIT_1300,C_LEGIT_1653,M_068,0,4,0,2,1,0,NONE
TXN_003316,U_LEGIT_0436,14.37,931,D_LEGIT_0153,IP_LEGIT_0781,C_LEGIT_2377,M_006,0,3,0,1,1,0,NONE
TXN_009409,U_INDIV_0074,1396.43,1,D_INDIV_0049,IP_INDIV_0149,C_INDIV_0127,M_145,17,43,8,5,6,1,INDIVIDUAL_FRAUD
TXN_001045,U_LEGIT_1305,116.64,916,D_LEGIT_0107,IP_LEGIT_1435,C_LEGIT_1256,M_068,0,3,0,2,1,0,NONE
TXN_002481,U_LEGIT_1639,124.91,124,D_LEGIT_1218,IP_LEGIT_1610,C_LEGIT_2766,M_106,0,3,0,2,2,0,NONE
TXN_000216,U_LEGIT_0412,84.11,316,D_LEGIT_0253,IP_LEGIT_0787,C_LEGIT_1440,M_110,0,1,0,1,1,0,NONE
TXN_007049,U_LEGIT_0503,220.69,1019,D_LEGIT_0752,IP_LEGIT_1584,C_LEGIT_2176,M_043,0,1,0,1,1,0,NONE
TXN_008116,U_LEGIT_1861,120.7,954,D_SHARED_BENIGN_06,IP_LEGIT_0324,C_LEGIT_1312,M_077,0,3,0,1,1,0,NONE
TXN_000180,U_LEGIT_0942,19.27,182,D_LEGIT_1778,IP_LEGIT_1161,C_LEGIT_1948,M_070,0,3,0,1,1,0,NONE
TXN_002438,U_LEGIT_1956,79.58,760,D_LEGIT_1171,IP_LEGIT_1107,C_LEGIT_0068,M_099,0,2,0,2,1,0,NONE
TXN_000931,U_LEGIT_2332,141.6,425,D_LEGIT_1402,IP_SHARED_BENIGN_06,C_LEGIT_0094,M_100,1,2,0,1,1,0,NONE
TXN_007006,U_LEGIT_0312,148.6,1060,D_LEGIT_1180,IP_LEGIT_0537,C_LEGIT_2621,M_137,0,3,0,2,1,0,NONE
TXN_008488,U_LEGIT_2025,29.25,646,D_LEGIT_1637,IP_LEGIT_0628,C_LEGIT_0244,M_098,0,1,0,2,1,0,NONE
TXN_009152,U_INDIV_0080,2422.86,0,D_INDIV_0385,IP_INDIV_0085,C_INDIV_0133,M_100,7,27,3,4,7,1,INDIVIDUAL_FRAUD
TXN_002821,U_LEGIT_2437,221.19,331,D_LEGIT_0497,IP_LEGIT_1871,C_LEGIT_1268,M_027,0,1,0,2,1,0,NONE
TXN_004594,U_LEGIT_2107,12.43,174,D_LEGIT_0032,IP_LEGIT_0612,C_LEGIT_1670,M_019,0,5,0,1,2,0,NONE
TXN_004133,U_LEGIT_2383,138.23,290,D_LEGIT_0282,IP_LEGIT_0496,C_LEGIT_1087,M_099,0,5,0,1,1,0,NONE
TXN_000573,U_LEGIT_1828,176.79,858,D_LEGIT_1818,IP_LEGIT_1615,C_LEGIT_2533,M_114,0,3,0,1,2,0,NONE
TXN_005243,U_LEGIT_0540,97.41,550,D_SHARED_BENIGN_06,IP_SHARED_BENIGN_07,C_LEGIT_0369,M_086,0,4,1,2,1,0,NONE
TXN_001738,U_LEGIT_1317,244.54,1171,D_SHARED_BENIGN_10,IP_SHARED_BENIGN_08,C_LEGIT_2580,M_009,1,3,0,1,1,0,NONE
TXN_005228,U_LEGIT_0836,49.53,494,D_LEGIT_1716,IP_LEGIT_1601,C_LEGIT_0603,M_111,0,1,0,1,1,0,NONE
TXN_009098,U_INDIV_0053,1367.43,6,D_INDIV_0018,IP_INDIV_0147,C_INDIV_0295,M_023,18,18,7,6,4,1,INDIVIDUAL_FRAUD
TXN_004685,U_LEGIT_1520,133.3,644,D_LEGIT_1906,IP_LEGIT_0001,C_LEGIT_1712,M_101,0,2,0,1,2,0,NONE
TXN_003416,U_LEGIT_0682,226.23,165,D_LEGIT_1627,IP_LEGIT_0596,C_LEGIT_0744,M_092,1,4,0,1,1,0,NONE
TXN_002646,U_LEGIT_0332,91.78,991,D_LEGIT_0653,IP_LEGIT_1449,C_LEGIT_1916,M_015,2,1,0,1,1,0,NONE
TXN_000312,U_LEGIT_2060,193.2,926,D_LEGIT_1612,IP_LEGIT_1243,C_LEGIT_0355,M_073,0,1,0,1,1,0,NONE
TXN_005183,U_LEGIT_2020,84.84,1189,D_SHARED_BENIGN_02,IP_LEGIT_1641,C_LEGIT_1874,M_114,1,3,0,1,2,0,NONE
TXN_008262,U_LEGIT_1736,82.16,997,D_LEGIT_0657,IP_LEGIT_0777,C_LEGIT_2165,M_051,0,5,0,1,1,0,NONE
TXN_009432,U_INDIV_0058,1341.83,7,D_INDIV_0211,IP_INDIV_0139,C_INDIV_0211,M_036,12,30,8,4,4,1,INDIVIDUAL_FRAUD
TXN_008194,U_LEGIT_0082,68.08,155,D_LEGIT_1786,IP_LEGIT_1551,C_LEGIT_0102,M_139,0,1,0,1,2,0,NONE
TXN_004718,U_LEGIT_1069,54.69,463,D_LEGIT_1306,IP_LEGIT_0853,C_LEGIT_0763,M_057,0,2,0,1,1,0,NONE
TXN_009827,U_BURST_008,650.0,1,D_BURST_014,IP_BURST_SUBNET_02,C_BURST_020,M_013,20,31,4,3,3,1,ACCOUNT_BURST
TXN_005548,U_LEGIT_2271,145.32,860,D_LEGIT_1434,IP_LEGIT_0191,C_LEGIT_1507,M_091,0,4,0,1,1,0,NONE
TXN_006983,U_LEGIT_0889,28.0,496,D_LEGIT_0366,IP_LEGIT_1253,C_LEGIT_2841,M_104,0,2,0,2,1,0,NONE
TXN_004184,U_LEGIT_1473,141.26,295,D_LEGIT_1770,IP_LEGIT_0174,C_LEGIT_2278,M_048,1,1,1,1,2,0,NONE
TXN_006308,U_LEGIT_1813,70.18,321,D_LEGIT_0525,IP_LEGIT_0292,C_LEGIT_0806,M_076,0,1,0,1,1,0,NONE
TXN_002564,U_LEGIT_0381,76.98,97,D_LEGIT_1723,IP_LEGIT_0090,C_LEGIT_0663,M_104,0,2,0,1,1,0,NONE
TXN_005627,U_LEGIT_0068,94.14,706,D_LEGIT_0448,IP_LEGIT_0774,C_LEGIT_0715,M_019,0,3,0,1,2,0,NONE
TXN_001054,U_LEGIT_2076,136.39,545,D_LEGIT_0447,IP_LEGIT_1689,C_LEGIT_1413,M_062,0,2,0,1,2,0,NONE
TXN_000841,U_LEGIT_1084,16.95,764,D_LEGIT_0909,IP_LEGIT_0901,C_LEGIT_0037,M_120,0,5,0,1,1,0,NONE
TXN_000676,U_LEGIT_1266,123.74,471,D_LEGIT_1411,IP_LEGIT_1737,C_LEGIT_2894,M_147,0,4,0,1,1,0,NONE
TXN_006672,U_LEGIT_2370,247.71,458,D_LEGIT_0684,IP_LEGIT_0611,C_LEGIT_1228,M_108,0,4,0,1,2,0,NONE
TXN_006060,U_LEGIT_0342,35.2,362,D_LEGIT_0652,IP_LEGIT_0634,C_LEGIT_0993,M_100,1,2,0,1,1,0,NONE
TXN_005050,U_LEGIT_1744,223.03,530,D_SHARED_BENIGN_02,IP_LEGIT_1105,C_LEGIT_2617,M_028,1,4,0,1,1,0,NONE
TXN_006860,U_LEGIT_1416,34.39,251,D_LEGIT_0814,IP_LEGIT_1069,C_LEGIT_0432,M_014,0,4,0,1,1,0,NONE
TXN_002547,U_LEGIT_0838,162.42,700,D_LEGIT_1077,IP_LEGIT_0308,C_LEGIT_1110,M_085,0,1,0,1,1,0,NONE
TXN_006059,U_LEGIT_2052,193.14,706,D_LEGIT_0044,IP_LEGIT_0042,C_LEGIT_0551,M_119,0,4,1,1,2,0,NONE
TXN_006994,U_LEGIT_1250,182.23,78,D_SHARED_BENIGN_02,IP_LEGIT_1572,C_LEGIT_1912,M_041,2,5,0,1,2,0,NONE
TXN_007816,U_LEGIT_0253,58.26,39,D_LEGIT_0470,IP_LEGIT_1164,C_LEGIT_0697,M_003,0,5,1,1,2,0,NONE
TXN_008779,U_LEGIT_0172,183.19,289,D_SHARED_BENIGN_08,IP_LEGIT_1022,C_LEGIT_0711,M_061,0,1,1,1,1,0,NONE
TXN_001015,U_LEGIT_2272,200.16,115,D_SHARED_BENIGN_04,IP_LEGIT_0491,C_LEGIT_2011,M_049,0,4,0,1,1,0,NONE
TXN_003916,U_LEGIT_2112,132.12,869,D_LEGIT_1458,IP_LEGIT_0168,C_LEGIT_0194,M_108,0,2,0,1,2,0,NONE
TXN_009228,U_INDIV_0157,2544.78,1,D_INDIV_0085,IP_INDIV_0392,C_INDIV_0265,M_123,10,38,4,5,7,1,INDIVIDUAL_FRAUD
TXN_001013,U_LEGIT_2079,222.95,276,D_LEGIT_1678,IP_LEGIT_1275,C_LEGIT_0159,M_138,0,3,0,1,1,0,NONE
TXN_008121,U_LEGIT_0655,199.41,54,D_LEGIT_0722,IP_SHARED_BENIGN_02,C_LEGIT_0133,M_025,0,1,0,2,1,0,NONE
TXN_003694,U_LEGIT_0483,22.53,433,D_LEGIT_1117,IP_LEGIT_0263,C_LEGIT_0983,M_150,0,3,0,2,1,0,NONE
TXN_005770,U_LEGIT_1240,81.82,679,D_LEGIT_1502,IP_LEGIT_1112,C_LEGIT_0417,M_108,0,1,0,1,1,0,NONE
TXN_006763,U_LEGIT_0940,209.1,400,D_LEGIT_0601,IP_LEGIT_1410,C_LEGIT_0348,M_027,1,2,0,1,1,0,NONE
TXN_001760,U_LEGIT_0050,82.92,896,D_LEGIT_1663,IP_LEGIT_1661,C_LEGIT_1721,M_036,0,1,0,1,2,0,NONE
TXN_003966,U_LEGIT_2226,148.3,1100,D_LEGIT_0477,IP_LEGIT_0738,C_LEGIT_0546,M_030,0,5,0,2,1,0,NONE
TXN_001320,U_LEGIT_0706,164.47,1047,D_SHARED_BENIGN_10,IP_LEGIT_0078,C_LEGIT_2416,M_077,1,4,0,2,1,0,NONE
TXN_009646,U_CYCLE_018,669.55,5,D_CYCLE_018,IP_CYCLE_018,C_STOLEN_POOL_01,M_078,9,15,10,5,8,1,CARD_CYCLING
TXN_007493,U_LEGIT_1427,81.89,777,D_LEGIT_0490,IP_LEGIT_0608,C_LEGIT_0127,M_005,0,3,0,2,1,0,NONE
TXN_004119,U_LEGIT_2116,222.69,261,D_LEGIT_1466,IP_LEGIT_0052,C_LEGIT_0416,M_058,1,2,0,1,2,0,NONE
TXN_007310,U_LEGIT_0276,246.23,135,D_LEGIT_0376,IP_LEGIT_1024,C_LEGIT_0808,M_057,0,4,0,2,2,0,NONE
TXN_003997,U_LEGIT_0666,82.7,474,D_LEGIT_1094,IP_LEGIT_1629,C_LEGIT_0054,M_054,0,2,0,1,1,0,NONE
TXN_003697,U_LEGIT_2166,207.72,1072,D_LEGIT_0629,IP_LEGIT_0124,C_LEGIT_0640,M_125,0,2,0,1,2,0,NONE
TXN_009135,U_INDIV_0185,782.19,0,D_INDIV_0388,IP_INDIV_0193,C_INDIV_0222,M_116,7,45,9,3,6,1,INDIVIDUAL_FRAUD
TXN_006368,U_LEGIT_1825,48.29,102,D_LEGIT_1904,IP_LEGIT_0485,C_LEGIT_2223,M_022,0,5,0,2,1,0,NONE
TXN_002707,U_LEGIT_2485,139.67,67,D_LEGIT_1834,IP_LEGIT_1077,C_LEGIT_0612,M_106,0,1,0,1,1,0,NONE
TXN_006119,U_LEGIT_0351,49.4,652,D_LEGIT_0229,IP_LEGIT_1232,C_LEGIT_0622,M_126,0,5,0,1,1,0,NONE
TXN_009828,U_BURST_020,1147.39,1,D_BURST_012,IP_BURST_SUBNET_02,C_BURST_005,M_037,12,32,1,3,2,1,ACCOUNT_BURST
TXN_006314,U_LEGIT_1621,18.29,1097,D_LEGIT_0720,IP_LEGIT_0112,C_LEGIT_2402,M_132,0,1,0,1,1,0,NONE
TXN_003075,U_LEGIT_2235,96.29,237,D_LEGIT_1235,IP_LEGIT_0370,C_LEGIT_2251,M_025,0,3,0,2,2,0,NONE
TXN_003830,U_LEGIT_1055,214.14,461,D_LEGIT_0650,IP_LEGIT_1630,C_LEGIT_0007,M_053,0,1,0,2,1,0,NONE
TXN_006277,U_LEGIT_2306,177.33,254,D_SHARED_BENIGN_03,IP_LEGIT_1445,C_LEGIT_1784,M_107,1,4,0,1,1,0,NONE
TXN_001932,U_LEGIT_0423,34.62,953,D_LEGIT_1058,IP_LEGIT_0782,C_LEGIT_1155,M_115,0,1,0,1,1,0,NONE
TXN_009521,U_FARM_016,63.68,0,D_FARM_HUB_02,IP_FARM_PROXY_01,C_FARM_030,M_034,10,34,7,1,2,1,DEVICE_FARM
TXN_007105,U_LEGIT_0658,37.57,348,D_LEGIT_1070,IP_LEGIT_1464,C_LEGIT_0409,M_042,2,4,0,1,1,0,NONE
TXN_009142,U_INDIV_0134,2379.55,1,D_INDIV_0301,IP_INDIV_0012,C_INDIV_0327,M_137,18,36,5,6,7,1,INDIVIDUAL_FRAUD
TXN_007974,U_LEGIT_2139,249.91,783,D_LEGIT_0963,IP_LEGIT_1809,C_LEGIT_2090,M_102,0,5,0,1,1,0,NONE
TXN_002408,U_LEGIT_0088,28.58,768,D_LEGIT_1200,IP_LEGIT_0061,C_LEGIT_2934,M_147,0,1,0,2,1,0,NONE
TXN_004141,U_LEGIT_1372,186.59,568,D_LEGIT_1776,IP_LEGIT_0794,C_LEGIT_1263,M_020,2,3,0,1,2,0,NONE
TXN_002410,U_LEGIT_1995,81.78,401,D_LEGIT_0678,IP_LEGIT_1181,C_LEGIT_1374,M_032,0,3,0,2,2,0,NONE
TXN_003526,U_LEGIT_1871,233.24,1013,D_LEGIT_1592,IP_LEGIT_1138,C_LEGIT_2673,M_048,0,4,0,1,1,0,NONE
TXN_007198,U_LEGIT_2041,169.8,366,D_LEGIT_1422,IP_LEGIT_1293,C_LEGIT_0098,M_098,0,4,0,2,1,0,NONE
TXN_005494,U_LEGIT_1315,31.34,997,D_LEGIT_0018,IP_LEGIT_1067,C_LEGIT_1494,M_041,0,5,0,1,1,0,NONE
TXN_008778,U_LEGIT_1751,10.81,94,D_LEGIT_1821,IP_SHARED_BENIGN_02,C_LEGIT_1330,M_021,0,4,0,1,1,0,NONE
TXN_007127,U_LEGIT_1472,219.8,305,D_LEGIT_1713,IP_LEGIT_1447,C_LEGIT_0412,M_053,0,3,0,1,1,0,NONE
TXN_001954,U_LEGIT_1310,207.38,1044,D_SHARED_BENIGN_01,IP_LEGIT_0693,C_LEGIT_1147,M_054,1,4,0,1,1,0,NONE
TXN_008243,U_LEGIT_2092,238.42,47,D_LEGIT_0512,IP_LEGIT_1615,C_LEGIT_1994,M_011,1,3,0,2,1,0,NONE
TXN_001254,U_LEGIT_0793,90.31,1036,D_LEGIT_1906,IP_LEGIT_0352,C_LEGIT_2346,M_140,0,5,0,2,1,0,NONE
TXN_002868,U_LEGIT_0927,10.92,416,D_LEGIT_0010,IP_LEGIT_0308,C_LEGIT_0712,M_050,0,4,0,1,2,0,NONE
TXN_001946,U_LEGIT_1154,196.84,440,D_LEGIT_1382,IP_LEGIT_1460,C_LEGIT_1494,M_051,1,2,0,1,1,0,NONE
TXN_002887,U_LEGIT_1818,109.77,31,D_LEGIT_1586,IP_LEGIT_0459,C_LEGIT_1538,M_093,0,1,0,1,1,0,NONE
TXN_005716,U_LEGIT_1284,86.53,710,D_LEGIT_0322,IP_LEGIT_0270,C_LEGIT_0833,M_099,0,3,0,1,1,0,NONE
TXN_007042,U_LEGIT_0631,249.21,170,D_LEGIT_0358,IP_LEGIT_1169,C_LEGIT_1487,M_086,0,2,0,1,1,0,NONE
TXN_005064,U_LEGIT_1226,188.36,374,D_LEGIT_0486,IP_LEGIT_0537,C_LEGIT_1150,M_106,0,2,0,1,1,0,NONE
TXN_001211,U_LEGIT_0172,66.17,1173,D_LEGIT_0081,IP_LEGIT_0109,C_LEGIT_1666,M_054,0,3,0,1,1,0,NONE
TXN_006514,U_LEGIT_1467,213.75,286,D_LEGIT_1041,IP_LEGIT_0812,C_LEGIT_1978,M_056,0,1,0,2,1,0,NONE
TXN_008305,U_LEGIT_1364,206.28,210,D_SHARED_BENIGN_07,IP_SHARED_BENIGN_06,C_LEGIT_0023,M_116,0,1,0,1,1,0,NONE
TXN_004557,U_LEGIT_0895,55.85,1099,D_LEGIT_1086,IP_LEGIT_1545,C_LEGIT_2339,M_045,0,5,0,1,1,0,NONE
TXN_004232,U_LEGIT_1908,73.06,37,D_LEGIT_0185,IP_LEGIT_0640,C_LEGIT_0880,M_070,0,5,0,1,2,0,NONE
TXN_002880,U_LEGIT_1419,34.26,1192,D_LEGIT_1848,IP_LEGIT_1964,C_LEGIT_0549,M_100,0,3,0,1,1,0,NONE
TXN_000493,U_LEGIT_1076,108.95,1037,D_LEGIT_1312,IP_LEGIT_0968,C_LEGIT_0509,M_074,1,2,0,1,2,0,NONE
TXN_007076,U_LEGIT_1178,206.1,40,D_SHARED_BENIGN_06,IP_LEGIT_0391,C_LEGIT_1876,M_099,0,5,0,1,1,0,NONE
TXN_005246,U_LEGIT_1133,33.53,372,D_LEGIT_1776,IP_LEGIT_0298,C_LEGIT_2291,M_028,0,3,0,2,1,0,NONE
TXN_002704,U_LEGIT_0888,34.96,83,D_LEGIT_0140,IP_LEGIT_0731,C_LEGIT_1952,M_064,0,1,0,1,1,0,NONE
TXN_005160,U_LEGIT_0709,221.23,249,D_LEGIT_0665,IP_LEGIT_0683,C_LEGIT_1825,M_078,0,3,0,1,1,0,NONE
TXN_000734,U_LEGIT_1485,95.33,315,D_LEGIT_1962,IP_LEGIT_0226,C_LEGIT_0245,M_090,0,2,0,2,1,0,NONE
TXN_004332,U_LEGIT_1141,167.48,1160,D_SHARED_BENIGN_03,IP_LEGIT_0410,C_LEGIT_1720,M_034,1,3,0,1,1,0,NONE
TXN_009006,U_INDIV_0067,2060.11,2,D_INDIV_0397,IP_INDIV_0092,C_INDIV_0120,M_080,18,30,4,5,7,1,INDIVIDUAL_FRAUD
TXN_001505,U_LEGIT_1374,90.19,428,D_LEGIT_1277,IP_LEGIT_1324,C_LEGIT_2740,M_142,0,1,0,1,1,0,NONE
TXN_007340,U_LEGIT_1001,75.27,217,D_LEGIT_0908,IP_LEGIT_1961,C_LEGIT_0762,M_064,1,3,0,1,1,0,NONE
TXN_000923,U_LEGIT_0262,161.61,703,D_LEGIT_1492,IP_LEGIT_1694,C_LEGIT_1887,M_108,0,4,0,1,1,0,NONE
TXN_001965,U_LEGIT_0693,242.12,31,D_LEGIT_1878,IP_LEGIT_1385,C_LEGIT_2926,M_138,0,5,0,1,1,0,NONE
TXN_005668,U_LEGIT_1863,109.64,261,D_LEGIT_0494,IP_LEGIT_0377,C_LEGIT_0136,M_007,1,5,0,2,1,0,NONE
TXN_009996,U_DIST_020,50.74,12,D_DIST_023,IP_DIST_PROXY_03,C_DIST_022,M_TARGET_HIGHVAL_99,8,15,1,1,2,1,DISTRIBUTED_ABUSE
TXN_007620,U_LEGIT_0923,137.47,33,D_LEGIT_1013,IP_LEGIT_1467,C_LEGIT_0062,M_069,0,2,0,1,1,0,NONE
TXN_002852,U_LEGIT_1860,72.0,1175,D_LEGIT_0229,IP_LEGIT_1119,C_LEGIT_0741,M_138,0,1,0,1,1,0,NONE
TXN_007507,U_LEGIT_0778,16.08,600,D_LEGIT_0811,IP_LEGIT_0558,C_LEGIT_0015,M_135,0,4,0,1,2,0,NONE
TXN_006965,U_LEGIT_2346,120.34,477,D_LEGIT_0715,IP_LEGIT_0489,C_LEGIT_2140,M_076,0,3,0,1,2,0,NONE
TXN_007431,U_LEGIT_1321,8.42,186,D_SHARED_BENIGN_07,IP_LEGIT_1951,C_LEGIT_1670,M_059,0,2,0,1,2,0,NONE
TXN_004354,U_LEGIT_2315,163.4,302,D_LEGIT_1160,IP_LEGIT_0283,C_LEGIT_2844,M_046,1,4,0,1,1,0,NONE
TXN_007889,U_LEGIT_0084,53.07,1067,D_LEGIT_1209,IP_LEGIT_0393,C_LEGIT_1541,M_086,0,5,0,1,1,0,NONE
TXN_007072,U_LEGIT_1954,214.37,1077,D_LEGIT_1247,IP_LEGIT_1825,C_LEGIT_2325,M_028,0,4,0,1,1,0,NONE
TXN_007486,U_LEGIT_2276,67.97,344,D_LEGIT_0449,IP_LEGIT_1197,C_LEGIT_2016,M_073,0,1,0,1,2,0,NONE
TXN_007428,U_LEGIT_0075,120.4,423,D_LEGIT_1626,IP_LEGIT_1738,C_LEGIT_1381,M_005,0,3,0,1,1,0,NONE
TXN_003867,U_LEGIT_1268,121.9,135,D_LEGIT_0097,IP_SHARED_BENIGN_01,C_LEGIT_1638,M_114,0,4,0,1,1,0,NONE
TXN_003812,U_LEGIT_2323,66.74,1137,D_LEGIT_1424,IP_LEGIT_1213,C_LEGIT_2838,M_022,0,5,0,1,1,0,NONE
TXN_007248,U_LEGIT_2441,65.85,1110,D_LEGIT_0060,IP_SHARED_BENIGN_08,C_LEGIT_0617,M_125,0,2,0,2,2,0,NONE
TXN_004369,U_LEGIT_2496,206.97,298,D_LEGIT_1779,IP_LEGIT_0928,C_LEGIT_1540,M_022,0,5,0,1,1,0,NONE
TXN_009812,U_BURST_014,923.98,0,D_BURST_020,IP_BURST_SUBNET_02,C_BURST_027,M_022,20,24,1,2,1,1,ACCOUNT_BURST
TXN_009259,U_INDIV_0063,1786.08,7,D_INDIV_0014,IP_INDIV_0338,C_INDIV_0300,M_148,14,41,9,4,8,1,INDIVIDUAL_FRAUD
TXN_008196,U_LEGIT_2052,205.61,626,D_LEGIT_0730,IP_LEGIT_1466,C_LEGIT_1266,M_066,0,3,0,1,1,0,NONE
TXN_009082,U_INDIV_0139,1110.43,1,D_INDIV_0127,IP_INDIV_0093,C_INDIV_0208,M_044,10,31,4,3,3,1,INDIVIDUAL_FRAUD
TXN_008506,U_LEGIT_0840,53.04,819,D_SHARED_BENIGN_09,IP_LEGIT_1321,C_LEGIT_0162,M_004,0,3,0,1,1,0,NONE
TXN_003642,U_LEGIT_0309,110.66,666,D_LEGIT_1728,IP_LEGIT_0871,C_LEGIT_1702,M_031,0,4,0,2,2,0,NONE
TXN_005913,U_LEGIT_0080,74.88,571,D_LEGIT_0586,IP_LEGIT_0791,C_LEGIT_2387,M_102,0,3,0,1,1,0,NONE
TXN_004936,U_LEGIT_1316,118.02,119,D_LEGIT_0509,IP_LEGIT_0339,C_LEGIT_1268,M_150,0,2,0,2,2,0,NONE
TXN_003754,U_LEGIT_0801,232.0,956,D_SHARED_BENIGN_02,IP_LEGIT_1821,C_LEGIT_1818,M_142,0,5,0,1,2,0,NONE
TXN_001163,U_LEGIT_2035,214.97,826,D_LEGIT_0438,IP_LEGIT_1132,C_LEGIT_1178,M_030,0,3,0,1,1,0,NONE
TXN_003402,U_LEGIT_2118,67.31,893,D_SHARED_BENIGN_07,IP_LEGIT_0512,C_LEGIT_2432,M_082,0,2,0,1,1,0,NONE
TXN_000549,U_LEGIT_2242,241.54,846,D_LEGIT_0782,IP_SHARED_BENIGN_05,C_LEGIT_0730,M_062,0,2,0,2,1,0,NONE
TXN_005041,U_LEGIT_1806,143.03,1172,D_LEGIT_1816,IP_SHARED_BENIGN_08,C_LEGIT_1074,M_002,0,4,0,1,1,0,NONE
TXN_001661,U_LEGIT_0012,49.05,1147,D_LEGIT_1015,IP_LEGIT_1544,C_LEGIT_1691,M_006,0,1,0,1,1,0,NONE
TXN_004519,U_LEGIT_2117,160.04,107,D_LEGIT_1782,IP_LEGIT_0469,C_LEGIT_1419,M_021,0,2,0,1,1,0,NONE
TXN_002383,U_LEGIT_0282,223.98,905,D_LEGIT_1231,IP_LEGIT_1277,C_LEGIT_1772,M_046,0,1,0,1,1,0,NONE
TXN_002437,U_LEGIT_1633,223.59,55,D_LEGIT_1984,IP_SHARED_BENIGN_06,C_LEGIT_2645,M_125,0,2,0,1,1,0,NONE
TXN_004310,U_LEGIT_0078,103.99,1159,D_LEGIT_0711,IP_LEGIT_0466,C_LEGIT_0667,M_026,0,3,0,1,2,0,NONE
TXN_008922,U_LEGIT_1352,208.04,323,D_LEGIT_1124,IP_LEGIT_1741,C_LEGIT_0725,M_098,0,5,0,1,1,0,NONE
TXN_008263,U_LEGIT_1965,179.3,901,D_LEGIT_1315,IP_LEGIT_0372,C_LEGIT_1955,M_017,0,5,0,2,2,0,NONE
TXN_004699,U_LEGIT_0967,187.2,288,D_LEGIT_0491,IP_LEGIT_0720,C_LEGIT_1077,M_110,0,5,0,1,2,0,NONE
TXN_003620,U_LEGIT_0953,99.24,828,D_LEGIT_1128,IP_LEGIT_1080,C_LEGIT_0814,M_065,0,1,0,1,1,0,NONE
TXN_000373,U_LEGIT_0732,146.18,825,D_LEGIT_0414,IP_LEGIT_0393,C_LEGIT_0405,M_009,0,5,0,1,1,0,NONE
TXN_007565,U_LEGIT_2091,202.07,1171,D_LEGIT_1348,IP_LEGIT_0744,C_LEGIT_1012,M_129,0,5,0,2,2,0,NONE
TXN_009061,U_INDIV_0072,1819.21,5,D_INDIV_0151,IP_INDIV_0317,C_INDIV_0233,M_146,15,23,4,5,8,1,INDIVIDUAL_FRAUD
TXN_004196,U_LEGIT_1184,143.73,232,D_LEGIT_0155,IP_LEGIT_1884,C_LEGIT_1271,M_110,0,5,0,1,1,0,NONE
TXN_001944,U_LEGIT_0493,179.77,919,D_LEGIT_1194,IP_LEGIT_0222,C_LEGIT_1541,M_094,0,4,0,2,2,0,NONE
TXN_008150,U_LEGIT_1831,127.03,198,D_LEGIT_0757,IP_SHARED_BENIGN_04,C_LEGIT_0911,M_087,0,4,0,2,2,0,NONE
TXN_008541,U_LEGIT_1068,55.75,407,D_LEGIT_1981,IP_LEGIT_0648,C_LEGIT_2846,M_010,0,3,0,1,1,0,NONE
TXN_004303,U_LEGIT_0513,164.59,1059,D_LEGIT_0287,IP_SHARED_BENIGN_10,C_LEGIT_2813,M_134,0,1,0,1,1,0,NONE
TXN_008447,U_LEGIT_1458,235.52,98,D_LEGIT_1904,IP_LEGIT_0430,C_LEGIT_2835,M_097,1,4,0,2,2,0,NONE
TXN_007150,U_LEGIT_1416,26.58,258,D_LEGIT_1204,IP_LEGIT_1655,C_LEGIT_1797,M_143,0,2,0,1,1,0,NONE
TXN_002746,U_LEGIT_0017,172.48,670,D_LEGIT_1906,IP_LEGIT_1013,C_LEGIT_0316,M_015,1,2,0,1,2,0,NONE
TXN_004878,U_LEGIT_2430,45.7,306,D_LEGIT_1814,IP_LEGIT_1500,C_LEGIT_1309,M_093,0,3,0,1,1,0,NONE
TXN_007734,U_LEGIT_2354,238.7,58,D_LEGIT_0151,IP_LEGIT_0674,C_LEGIT_2518,M_023,0,5,0,1,1,0,NONE
TXN_007700,U_LEGIT_0511,35.8,129,D_LEGIT_0202,IP_LEGIT_0582,C_LEGIT_1227,M_075,0,5,0,2,1,0,NONE
TXN_006306,U_LEGIT_0696,94.27,161,D_LEGIT_0125,IP_LEGIT_0134,C_LEGIT_1613,M_095,0,4,0,1,2,0,NONE
TXN_008160,U_LEGIT_2472,13.88,136,D_LEGIT_1484,IP_LEGIT_0123,C_LEGIT_2175,M_092,0,1,0,1,1,0,NONE
TXN_000861,U_LEGIT_2134,115.55,915,D_LEGIT_0930,IP_LEGIT_0225,C_LEGIT_2934,M_031,0,1,0,1,1,0,NONE
TXN_007880,U_LEGIT_2197,178.9,747,D_LEGIT_0227,IP_LEGIT_0266,C_LEGIT_1625,M_073,0,4,0,1,2,0,NONE
TXN_002777,U_LEGIT_1108,162.4,911,D_LEGIT_0395,IP_LEGIT_1393,C_LEGIT_0987,M_065,0,1,0,1,1,0,NONE
TXN_006675,U_LEGIT_2255,22.72,797,D_LEGIT_1230,IP_LEGIT_1051,C_LEGIT_1758,M_011,1,3,0,1,2,0,NONE
TXN_007636,U_LEGIT_1321,164.69,1063,D_LEGIT_0415,IP_LEGIT_0315,C_LEGIT_1540,M_087,0,4,0,1,1,0,NONE
TXN_007894,U_LEGIT_1014,96.44,1074,D_LEGIT_1118,IP_LEGIT_1822,C_LEGIT_2978,M_058,0,5,0,1,1,0,NONE
TXN_002807,U_LEGIT_1478,60.02,725,D_LEGIT_1022,IP_LEGIT_0940,C_LEGIT_0703,M_049,0,1,0,1,1,0,NONE
TXN_004700,U_LEGIT_1658,147.28,216,D_LEGIT_0116,IP_LEGIT_0629,C_LEGIT_2365,M_001,0,4,0,1,1,0,NONE
TXN_003279,U_LEGIT_0132,47.94,1197,D_LEGIT_0906,IP_LEGIT_0598,C_LEGIT_0712,M_131,0,4,0,1,1,0,NONE
TXN_008089,U_LEGIT_1964,232.54,194,D_LEGIT_0093,IP_LEGIT_1021,C_LEGIT_0657,M_131,0,4,0,1,1,0,NONE
TXN_003178,U_LEGIT_1723,212.66,923,D_LEGIT_0917,IP_LEGIT_0240,C_LEGIT_0108,M_096,0,2,0,2,2,0,NONE
TXN_002482,U_LEGIT_1210,57.92,332,D_SHARED_BENIGN_02,IP_LEGIT_1684,C_LEGIT_2037,M_034,0,3,0,1,1,0,NONE
TXN_008896,U_LEGIT_1870,78.82,664,D_SHARED_BENIGN_08,IP_LEGIT_0673,C_LEGIT_2364,M_054,1,4,0,1,2,0,NONE
TXN_004465,U_LEGIT_0337,90.97,1200,D_LEGIT_1562,IP_LEGIT_0117,C_LEGIT_2923,M_030,0,4,0,1,1,0,NONE
TXN_000041,U_LEGIT_1990,211.4,291,D_SHARED_BENIGN_06,IP_LEGIT_1635,C_LEGIT_1657,M_043,2,5,0,2,1,0,NONE
TXN_009803,U_BURST_002,594.27,1,D_BURST_015,IP_BURST_SUBNET_02,C_BURST_018,M_136,22,21,1,3,2,1,ACCOUNT_BURST
TXN_002077,U_LEGIT_0313,55.33,886,D_LEGIT_0385,IP_SHARED_BENIGN_06,C_LEGIT_2106,M_096,0,5,0,1,1,0,NONE
TXN_005213,U_LEGIT_0428,29.79,859,D_LEGIT_0435,IP_SHARED_BENIGN_04,C_LEGIT_1723,M_100,0,1,0,2,2,0,NONE
TXN_002274,U_LEGIT_1897,184.73,358,D_LEGIT_0214,IP_LEGIT_0748,C_LEGIT_2276,M_075,0,1,0,1,1,0,NONE
TXN_003333,U_LEGIT_1713,248.46,794,D_LEGIT_0416,IP_LEGIT_1361,C_LEGIT_0339,M_105,0,1,0,1,1,0,NONE
TXN_006907,U_LEGIT_1131,27.21,625,D_LEGIT_1474,IP_LEGIT_1477,C_LEGIT_1855,M_003,0,3,0,1,1,0,NONE
TXN_003375,U_LEGIT_1583,120.18,758,D_LEGIT_0838,IP_LEGIT_0983,C_LEGIT_1541,M_067,0,3,0,1,1,0,NONE
TXN_004979,U_LEGIT_1322,110.81,808,D_LEGIT_1264,IP_LEGIT_0142,C_LEGIT_0898,M_137,0,5,0,1,2,0,NONE
TXN_000604,U_LEGIT_1013,133.76,514,D_LEGIT_0489,IP_LEGIT_1705,C_LEGIT_0223,M_086,1,5,0,1,2,0,NONE
TXN_006289,U_LEGIT_0450,154.6,652,D_LEGIT_1594,IP_LEGIT_1421,C_LEGIT_0732,M_118,0,5,0,1,1,0,NONE
TXN_000909,U_LEGIT_1542,39.1,303,D_LEGIT_1447,IP_LEGIT_1878,C_LEGIT_0393,M_100,0,3,0,2,2,0,NONE
TXN_009925,U_DIST_020,21.71,24,D_DIST_015,IP_DIST_PROXY_01,C_DIST_029,M_TARGET_HIGHVAL_99,3,17,2,2,2,1,DISTRIBUTED_ABUSE
TXN_000183,U_LEGIT_2479,161.46,952,D_LEGIT_1956,IP_LEGIT_1985,C_LEGIT_1337,M_008,0,3,0,2,2,0,NONE
TXN_004351,U_LEGIT_0040,202.9,276,D_LEGIT_0460,IP_LEGIT_1840,C_LEGIT_2185,M_123,0,3,0,1,1,0,NONE
TXN_003293,U_LEGIT_1904,198.19,381,D_LEGIT_1292,IP_SHARED_BENIGN_02,C_LEGIT_0084,M_006,0,4,0,1,2,0,NONE
TXN_006513,U_LEGIT_2406,141.87,1062,D_LEGIT_0820,IP_LEGIT_1263,C_LEGIT_2466,M_043,0,1,0,1,1,0,NONE
TXN_005042,U_LEGIT_0307,236.56,161,D_LEGIT_1474,IP_LEGIT_1511,C_LEGIT_1190,M_083,0,2,0,1,1,0,NONE
TXN_002175,U_LEGIT_2295,168.16,1135,D_LEGIT_0850,IP_LEGIT_1949,C_LEGIT_2425,M_148,0,5,0,2,1,0,NONE
TXN_002202,U_LEGIT_0715,68.05,1076,D_LEGIT_1143,IP_LEGIT_0685,C_LEGIT_1871,M_051,0,2,0,2,1,0,NONE
TXN_003963,U_LEGIT_1960,190.92,445,D_LEGIT_1348,IP_LEGIT_1601,C_LEGIT_2621,M_058,0,2,0,2,2,0,NONE
TXN_009277,U_INDIV_0135,1292.95,3,D_INDIV_0123,IP_INDIV_0287,C_INDIV_0086,M_014,8,24,6,5,8,1,INDIVIDUAL_FRAUD
TXN_009405,U_INDIV_0038,2561.25,3,D_INDIV_0276,IP_INDIV_0397,C_INDIV_0312,M_080,18,29,6,7,6,1,INDIVIDUAL_FRAUD
TXN_000684,U_LEGIT_1984,86.71,1130,D_LEGIT_1440,IP_LEGIT_1171,C_LEGIT_0513,M_026,0,1,0,2,1,0,NONE
TXN_000786,U_LEGIT_1319,93.43,526,D_LEGIT_0989,IP_LEGIT_0541,C_LEGIT_1214,M_022,0,2,0,1,2,0,NONE
TXN_001939,U_LEGIT_1962,69.72,172,D_LEGIT_0881,IP_LEGIT_1662,C_LEGIT_2652,M_057,0,1,0,1,1,0,NONE
TXN_001176,U_LEGIT_0412,167.21,581,D_LEGIT_1541,IP_LEGIT_0639,C_LEGIT_1722,M_024,0,2,0,1,1,0,NONE
TXN_009806,U_BURST_008,423.77,0,D_BURST_018,IP_BURST_SUBNET_02,C_BURST_020,M_120,11,21,4,2,1,1,ACCOUNT_BURST
TXN_000832,U_LEGIT_0314,153.78,530,D_SHARED_BENIGN_08,IP_LEGIT_0090,C_LEGIT_1287,M_090,2,2,0,2,1,0,NONE
TXN_006034,U_LEGIT_1949,168.86,245,D_LEGIT_0246,IP_LEGIT_0760,C_LEGIT_0412,M_083,0,2,0,1,1,0,NONE
TXN_008464,U_LEGIT_0725,33.42,693,D_SHARED_BENIGN_02,IP_LEGIT_0358,C_LEGIT_0007,M_141,0,4,0,1,1,0,NONE
TXN_007964,U_LEGIT_2427,222.92,253,D_SHARED_BENIGN_07,IP_SHARED_BENIGN_08,C_LEGIT_2655,M_053,0,3,0,1,2,0,NONE
TXN_008586,U_LEGIT_2319,67.88,76,D_SHARED_BENIGN_01,IP_SHARED_BENIGN_04,C_LEGIT_1908,M_128,0,1,0,1,1,0,NONE
TXN_000207,U_LEGIT_0556,177.75,301,D_LEGIT_1610,IP_LEGIT_0122,C_LEGIT_1136,M_033,0,3,0,2,2,0,NONE
TXN_009289,U_INDIV_0009,1603.83,2,D_INDIV_0105,IP_INDIV_0031,C_INDIV_0098,M_060,11,46,7,5,3,1,INDIVIDUAL_FRAUD
TXN_005551,U_LEGIT_1596,73.42,618,D_LEGIT_1458,IP_LEGIT_1763,C_LEGIT_0600,M_037,0,2,0,1,1,0,NONE
TXN_003166,U_LEGIT_0789,247.03,259,D_LEGIT_1427,IP_LEGIT_0679,C_LEGIT_0325,M_023,0,1,0,2,1,0,NONE
TXN_008350,U_LEGIT_1965,123.16,51,D_LEGIT_0076,IP_LEGIT_1175,C_LEGIT_1468,M_023,0,4,0,2,1,0,NONE
TXN_000464,U_LEGIT_1716,216.78,1135,D_SHARED_BENIGN_04,IP_LEGIT_1086,C_LEGIT_0392,M_093,0,4,0,1,1,0,NONE
TXN_002133,U_LEGIT_1446,178.18,864,D_LEGIT_1620,IP_LEGIT_0492,C_LEGIT_1508,M_092,0,1,0,1,1,0,NONE
TXN_005337,U_LEGIT_1822,128.19,559,D_LEGIT_0790,IP_LEGIT_0106,C_LEGIT_1678,M_039,1,3,0,1,2,0,NONE
TXN_004762,U_LEGIT_2392,234.74,908,D_LEGIT_0914,IP_LEGIT_1567,C_LEGIT_0346,M_150,1,2,0,1,1,0,NONE
TXN_006740,U_LEGIT_2087,88.13,888,D_SHARED_BENIGN_03,IP_LEGIT_1209,C_LEGIT_2271,M_036,1,2,0,2,2,0,NONE
TXN_001138,U_LEGIT_2301,13.84,856,D_LEGIT_0051,IP_LEGIT_1292,C_LEGIT_2135,M_096,0,5,0,1,1,0,NONE
TXN_005298,U_LEGIT_0209,218.33,133,D_LEGIT_1411,IP_LEGIT_1890,C_LEGIT_0821,M_122,0,4,1,2,1,0,NONE
TXN_001511,U_LEGIT_0594,19.0,364,D_LEGIT_0396,IP_LEGIT_0626,C_LEGIT_2827,M_017,0,5,0,1,1,0,NONE
TXN_001192,U_LEGIT_0948,32.83,1153,D_LEGIT_0090,IP_LEGIT_0845,C_LEGIT_2192,M_019,0,2,0,1,1,0,NONE
TXN_006725,U_LEGIT_1343,157.4,968,D_LEGIT_1922,IP_LEGIT_0031,C_LEGIT_2435,M_018,0,5,0,1,1,0,NONE
TXN_009079,U_INDIV_0136,1506.04,6,D_INDIV_0366,IP_INDIV_0023,C_INDIV_0086,M_085,8,29,8,6,6,1,INDIVIDUAL_FRAUD
TXN_000881,U_LEGIT_0056,17.45,898,D_LEGIT_1533,IP_LEGIT_0405,C_LEGIT_1793,M_030,0,5,0,2,2,0,NONE
TXN_009987,U_DIST_011,28.28,3,D_DIST_003,IP_DIST_PROXY_04,C_DIST_019,M_TARGET_HIGHVAL_99,5,13,1,1,2,1,DISTRIBUTED_ABUSE
TXN_009663,U_CYCLE_011,436.42,8,D_CYCLE_015,IP_CYCLE_007,C_STOLEN_POOL_05,M_108,14,37,8,4,9,1,CARD_CYCLING
TXN_005129,U_LEGIT_0088,32.4,359,D_LEGIT_0436,IP_LEGIT_1084,C_LEGIT_2644,M_057,0,1,0,1,1,0,NONE
TXN_008641,U_LEGIT_2385,219.78,804,D_LEGIT_0844,IP_SHARED_BENIGN_09,C_LEGIT_1610,M_147,0,4,0,1,1,0,NONE
TXN_003578,U_LEGIT_1912,185.08,105,D_LEGIT_1510,IP_SHARED_BENIGN_09,C_LEGIT_0325,M_011,0,3,1,1,1,0,NONE
TXN_008787,U_LEGIT_1329,61.36,971,D_LEGIT_1955,IP_LEGIT_1722,C_LEGIT_1675,M_005,0,5,0,2,2,0,NONE
TXN_003769,U_LEGIT_0216,157.6,38,D_LEGIT_1686,IP_LEGIT_1551,C_LEGIT_2868,M_054,0,3,0,1,1,0,NONE
TXN_004877,U_LEGIT_0518,127.86,566,D_LEGIT_0692,IP_LEGIT_0559,C_LEGIT_0026,M_050,0,1,0,1,1,0,NONE
TXN_006001,U_LEGIT_1281,184.67,501,D_SHARED_BENIGN_10,IP_LEGIT_1096,C_LEGIT_2099,M_141,0,3,0,1,2,0,NONE
TXN_006110,U_LEGIT_1298,186.39,1065,D_LEGIT_1677,IP_LEGIT_1396,C_LEGIT_2464,M_020,0,1,0,2,1,0,NONE
TXN_002044,U_LEGIT_0720,142.19,733,D_LEGIT_1490,IP_LEGIT_0786,C_LEGIT_2541,M_035,0,3,0,1,1,0,NONE
TXN_007276,U_LEGIT_0698,33.24,1173,D_LEGIT_1568,IP_SHARED_BENIGN_03,C_LEGIT_2225,M_078,1,3,0,1,1,0,NONE
TXN_008764,U_LEGIT_0726,178.01,845,D_LEGIT_1770,IP_LEGIT_1763,C_LEGIT_2488,M_032,0,1,0,1,1,0,NONE
TXN_000865,U_LEGIT_2285,156.44,510,D_LEGIT_1455,IP_LEGIT_0857,C_LEGIT_2818,M_068,0,4,0,1,1,0,NONE
TXN_007786,U_LEGIT_0116,207.76,1181,D_SHARED_BENIGN_10,IP_LEGIT_0742,C_LEGIT_2324,M_134,0,2,0,1,1,0,NONE
TXN_007360,U_LEGIT_1867,50.32,361,D_LEGIT_0896,IP_LEGIT_1273,C_LEGIT_0480,M_074,0,5,0,1,1,0,NONE
TXN_000279,U_LEGIT_2433,174.92,883,D_LEGIT_1356,IP_LEGIT_1713,C_LEGIT_0081,M_013,0,1,0,2,1,0,NONE
TXN_003938,U_LEGIT_1906,118.86,631,D_LEGIT_0978,IP_SHARED_BENIGN_05,C_LEGIT_2453,M_023,0,5,0,2,1,0,NONE
TXN_004688,U_LEGIT_0196,171.89,151,D_SHARED_BENIGN_07,IP_SHARED_BENIGN_02,C_LEGIT_1000,M_111,0,5,0,1,1,0,NONE
TXN_008039,U_LEGIT_0523,186.17,464,D_LEGIT_0613,IP_LEGIT_0011,C_LEGIT_0652,M_129,0,4,0,2,1,0,NONE
TXN_004899,U_LEGIT_0818,188.61,992,D_LEGIT_1671,IP_LEGIT_1588,C_LEGIT_1192,M_059,0,4,0,2,1,0,NONE
TXN_002152,U_LEGIT_0576,179.3,962,D_LEGIT_0868,IP_LEGIT_1904,C_LEGIT_0103,M_141,0,3,0,1,1,0,NONE
TXN_004650,U_LEGIT_0851,99.14,819,D_LEGIT_0584,IP_LEGIT_1374,C_LEGIT_1914,M_095,0,5,0,1,1,0,NONE
TXN_000848,U_LEGIT_0322,249.47,1152,D_LEGIT_1964,IP_LEGIT_0460,C_LEGIT_2316,M_129,0,5,0,1,2,0,NONE
TXN_004516,U_LEGIT_0832,217.02,686,D_LEGIT_0754,IP_LEGIT_1333,C_LEGIT_0988,M_119,0,4,1,1,2,0,NONE
TXN_003048,U_LEGIT_1556,24.25,488,D_LEGIT_0747,IP_LEGIT_0661,C_LEGIT_2988,M_146,0,2,0,1,2,0,NONE
TXN_001963,U_LEGIT_0968,29.24,842,D_LEGIT_1078,IP_LEGIT_1366,C_LEGIT_1465,M_007,1,2,0,2,1,0,NONE
TXN_004744,U_LEGIT_1602,199.35,327,D_LEGIT_1984,IP_LEGIT_0724,C_LEGIT_1376,M_024,0,4,0,1,1,0,NONE
TXN_001876,U_LEGIT_2036,76.48,163,D_LEGIT_1830,IP_SHARED_BENIGN_03,C_LEGIT_2593,M_094,1,4,0,1,1,0,NONE
TXN_003233,U_LEGIT_1346,76.43,1022,D_LEGIT_0430,IP_LEGIT_1041,C_LEGIT_0001,M_139,0,4,0,1,1,0,NONE
TXN_007728,U_LEGIT_1492,41.44,909,D_LEGIT_0073,IP_LEGIT_1295,C_LEGIT_2337,M_042,0,3,0,2,1,0,NONE
TXN_008149,U_LEGIT_0842,115.5,794,D_LEGIT_0413,IP_LEGIT_0517,C_LEGIT_2258,M_056,0,2,0,2,1,0,NONE
TXN_008654,U_LEGIT_0578,140.67,955,D_LEGIT_1327,IP_LEGIT_0087,C_LEGIT_0855,M_079,2,5,0,1,1,0,NONE
TXN_009156,U_INDIV_0062,2324.6,0,D_INDIV_0133,IP_INDIV_0285,C_INDIV_0059,M_054,10,47,9,5,5,1,INDIVIDUAL_FRAUD
TXN_000023,U_LEGIT_0425,45.62,607,D_LEGIT_0276,IP_LEGIT_1823,C_LEGIT_0439,M_142,0,3,0,1,2,0,NONE
TXN_003982,U_LEGIT_0344,228.2,853,D_LEGIT_1642,IP_LEGIT_1177,C_LEGIT_1531,M_022,0,2,0,1,1,0,NONE
TXN_003708,U_LEGIT_1597,185.26,895,D_LEGIT_1275,IP_LEGIT_0368,C_LEGIT_0243,M_096,0,1,0,2,1,0,NONE
TXN_008568,U_LEGIT_0858,199.08,689,D_LEGIT_0247,IP_LEGIT_0673,C_LEGIT_1862,M_127,0,3,0,2,1,0,NONE
TXN_003986,U_LEGIT_0553,141.7,145,D_LEGIT_1970,IP_LEGIT_0016,C_LEGIT_2629,M_048,0,1,0,1,1,0,NONE
TXN_005905,U_LEGIT_1049,143.91,497,D_LEGIT_0699,IP_LEGIT_0313,C_LEGIT_0618,M_129,0,4,0,2,1,0,NONE
TXN_005984,U_LEGIT_1614,28.49,437,D_LEGIT_0480,IP_LEGIT_1359,C_LEGIT_0486,M_148,0,5,0,1,1,0,NONE
TXN_004947,U_LEGIT_0015,13.62,652,D_LEGIT_1260,IP_LEGIT_1687,C_LEGIT_2649,M_088,2,5,0,2,1,0,NONE
TXN_007870,U_LEGIT_1827,28.39,460,D_LEGIT_0807,IP_LEGIT_1794,C_LEGIT_1317,M_026,0,4,0,1,2,0,NONE
TXN_005220,U_LEGIT_2441,26.56,1036,D_LEGIT_0441,IP_LEGIT_1154,C_LEGIT_2806,M_145,1,5,0,2,1,0,NONE
TXN_009910,U_DIST_015,33.73,21,D_DIST_013,IP_DIST_PROXY_01,C_DIST_022,M_TARGET_HIGHVAL_99,4,9,0,1,1,1,DISTRIBUTED_ABUSE
TXN_001402,U_LEGIT_2437,163.83,502,D_LEGIT_1907,IP_LEGIT_1522,C_LEGIT_2417,M_094,0,1,0,2,1,0,NONE
TXN_008796,U_LEGIT_1206,212.62,481,D_LEGIT_1759,IP_LEGIT_0177,C_LEGIT_2010,M_013,0,3,0,1,2,0,NONE
TXN_005225,U_LEGIT_1786,113.09,675,D_LEGIT_1083,IP_LEGIT_1428,C_LEGIT_1260,M_134,0,1,0,1,2,0,NONE
TXN_009571,U_FARM_013,335.26,0,D_FARM_HUB_01,IP_FARM_PROXY_01,C_FARM_015,M_129,14,34,7,1,6,1,DEVICE_FARM
TXN_002949,U_LEGIT_1028,226.75,227,D_SHARED_BENIGN_08,IP_LEGIT_1838,C_LEGIT_1645,M_139,1,5,0,1,1,0,NONE
TXN_004401,U_LEGIT_0256,95.5,442,D_LEGIT_0316,IP_LEGIT_1796,C_LEGIT_2351,M_030,0,4,0,1,2,0,NONE
TXN_009973,U_DIST_003,32.71,5,D_DIST_017,IP_DIST_PROXY_02,C_DIST_004,M_TARGET_HIGHVAL_99,6,14,1,1,1,1,DISTRIBUTED_ABUSE
TXN_003365,U_LEGIT_2475,209.25,1052,D_LEGIT_0709,IP_LEGIT_1802,C_LEGIT_2607,M_143,0,2,0,1,1,0,NONE
TXN_004280,U_LEGIT_1378,237.4,783,D_LEGIT_1985,IP_LEGIT_1379,C_LEGIT_0359,M_035,0,1,0,1,1,0,NONE
TXN_002639,U_LEGIT_0572,66.5,898,D_LEGIT_1920,IP_LEGIT_1552,C_LEGIT_1037,M_041,0,1,0,2,2,0,NONE
TXN_000217,U_LEGIT_1236,164.37,520,D_LEGIT_1243,IP_LEGIT_1532,C_LEGIT_1605,M_076,0,1,0,1,1,0,NONE
TXN_003945,U_LEGIT_0929,159.72,652,D_LEGIT_0247,IP_LEGIT_0405,C_LEGIT_2725,M_132,0,5,0,1,1,0,NONE
TXN_005358,U_LEGIT_1930,93.69,762,D_LEGIT_1195,IP_LEGIT_1735,C_LEGIT_0952,M_070,0,2,0,1,2,0,NONE
TXN_003551,U_LEGIT_2368,32.83,674,D_LEGIT_0021,IP_LEGIT_0934,C_LEGIT_1517,M_007,0,4,0,2,1,0,NONE
TXN_005851,U_LEGIT_0604,112.94,356,D_LEGIT_1695,IP_LEGIT_0773,C_LEGIT_1389,M_123,0,5,0,2,2,0,NONE
TXN_005891,U_LEGIT_1985,154.9,894,D_LEGIT_1404,IP_LEGIT_0825,C_LEGIT_0009,M_112,0,5,0,1,1,0,NONE
TXN_004452,U_LEGIT_0514,108.55,603,D_SHARED_BENIGN_07,IP_LEGIT_0407,C_LEGIT_1651,M_097,0,2,0,1,2,0,NONE
TXN_000272,U_LEGIT_1068,148.44,175,D_LEGIT_0950,IP_LEGIT_0964,C_LEGIT_0220,M_150,0,2,0,2,1,0,NONE
TXN_006190,U_LEGIT_1846,176.1,628,D_LEGIT_1485,IP_LEGIT_1895,C_LEGIT_1927,M_064,0,4,0,1,1,0,NONE
TXN_008424,U_LEGIT_0054,235.61,182,D_LEGIT_1659,IP_LEGIT_1505,C_LEGIT_1597,M_150,0,2,0,2,1,0,NONE
TXN_007206,U_LEGIT_1718,147.05,968,D_LEGIT_1506,IP_LEGIT_0728,C_LEGIT_0191,M_033,0,5,0,1,1,0,NONE
TXN_005089,U_LEGIT_1677,139.1,96,D_LEGIT_1774,IP_LEGIT_0732,C_LEGIT_1710,M_094,0,5,0,1,1,0,NONE
TXN_006583,U_LEGIT_0237,160.96,225,D_LEGIT_1355,IP_LEGIT_1038,C_LEGIT_2489,M_053,0,2,0,1,1,0,NONE
TXN_001651,U_LEGIT_0845,124.68,247,D_LEGIT_1447,IP_LEGIT_1933,C_LEGIT_2636,M_038,0,4,0,2,2,0,NONE
TXN_008949,U_LEGIT_1498,69.22,568,D_LEGIT_0882,IP_SHARED_BENIGN_09,C_LEGIT_0868,M_134,0,2,0,2,2,0,NONE
TXN_000965,U_LEGIT_1292,247.82,507,D_LEGIT_1348,IP_LEGIT_0621,C_LEGIT_0669,M_109,1,2,0,1,1,0,NONE
TXN_000199,U_LEGIT_2005,150.06,742,D_LEGIT_1309,IP_LEGIT_0796,C_LEGIT_2504,M_101,0,4,0,1,1,0,NONE
TXN_009730,U_CYCLE_015,146.03,3,D_CYCLE_014,IP_CYCLE_005,C_STOLEN_POOL_04,M_123,10,34,3,5,7,1,CARD_CYCLING
TXN_002658,U_LEGIT_0785,216.57,52,D_LEGIT_0132,IP_LEGIT_1243,C_LEGIT_2351,M_123,0,2,1,1,1,0,NONE
TXN_004137,U_LEGIT_1159,168.85,694,D_LEGIT_0358,IP_LEGIT_0677,C_LEGIT_2811,M_008,0,3,0,1,1,0,NONE
TXN_001180,U_LEGIT_1411,73.19,285,D_LEGIT_1995,IP_LEGIT_1866,C_LEGIT_2369,M_074,0,3,0,2,1,0,NONE
TXN_006323,U_LEGIT_0814,248.47,775,D_LEGIT_1549,IP_LEGIT_1939,C_LEGIT_1856,M_102,0,2,0,1,2,0,NONE
TXN_008368,U_LEGIT_1730,34.35,708,D_LEGIT_1680,IP_LEGIT_1790,C_LEGIT_0178,M_087,0,2,0,1,1,0,NONE
TXN_003210,U_LEGIT_0450,186.77,356,D_LEGIT_1557,IP_LEGIT_1747,C_LEGIT_1057,M_028,0,4,0,1,1,0,NONE
TXN_008776,U_LEGIT_0857,125.74,285,D_LEGIT_0108,IP_LEGIT_1475,C_LEGIT_1560,M_003,0,2,0,1,2,0,NONE
TXN_000053,U_LEGIT_2415,63.05,397,D_LEGIT_1075,IP_LEGIT_0206,C_LEGIT_0796,M_076,0,5,0,1,1,0,NONE
TXN_003974,U_LEGIT_0111,225.65,1194,D_LEGIT_1663,IP_LEGIT_1047,C_LEGIT_1757,M_112,0,3,0,1,1,0,NONE
TXN_006440,U_LEGIT_1855,136.34,1085,D_LEGIT_0160,IP_LEGIT_1171,C_LEGIT_0818,M_135,0,4,1,2,1,0,NONE
TXN_004949,U_LEGIT_0419,100.24,531,D_LEGIT_0247,IP_LEGIT_1033,C_LEGIT_2422,M_073,2,1,0,2,1,0,NONE
TXN_009676,U_CYCLE_004,499.69,9,D_CYCLE_012,IP_CYCLE_028,C_STOLEN_POOL_01,M_037,11,31,3,2,7,1,CARD_CYCLING
TXN_004009,U_LEGIT_2140,37.07,673,D_LEGIT_1365,IP_LEGIT_1941,C_LEGIT_1120,M_051,0,4,0,2,1,0,NONE
TXN_002543,U_LEGIT_1468,15.1,270,D_LEGIT_0819,IP_LEGIT_1985,C_LEGIT_0014,M_063,0,3,0,1,1,0,NONE
TXN_003091,U_LEGIT_1982,142.21,1123,D_LEGIT_0031,IP_LEGIT_0620,C_LEGIT_0169,M_054,0,2,0,1,1,0,NONE
TXN_003046,U_LEGIT_2111,232.52,1182,D_LEGIT_0757,IP_LEGIT_1669,C_LEGIT_0298,M_021,0,4,0,2,1,0,NONE
TXN_003827,U_LEGIT_0656,169.25,836,D_LEGIT_1441,IP_LEGIT_1549,C_LEGIT_2093,M_137,0,3,0,1,1,0,NONE
TXN_007761,U_LEGIT_2345,125.8,829,D_LEGIT_1777,IP_LEGIT_1795,C_LEGIT_0473,M_094,0,1,0,2,1,0,NONE
TXN_002726,U_LEGIT_2422,101.78,926,D_SHARED_BENIGN_08,IP_LEGIT_1827,C_LEGIT_1163,M_051,0,4,0,2,2,0,NONE
TXN_000239,U_LEGIT_1965,101.99,398,D_LEGIT_0993,IP_LEGIT_1159,C_LEGIT_2058,M_083,0,5,0,1,1,0,NONE
TXN_002194,U_LEGIT_1690,231.35,150,D_LEGIT_0473,IP_SHARED_BENIGN_02,C_LEGIT_2941,M_069,1,3,0,1,1,0,NONE
TXN_009231,U_INDIV_0102,1629.89,3,D_INDIV_0115,IP_INDIV_0219,C_INDIV_0375,M_104,13,31,6,7,5,1,INDIVIDUAL_FRAUD
TXN_004998,U_LEGIT_2041,192.63,272,D_SHARED_BENIGN_02,IP_LEGIT_1844,C_LEGIT_2260,M_116,0,4,0,1,2,0,NONE
TXN_001773,U_LEGIT_2258,59.65,346,D_LEGIT_0255,IP_SHARED_BENIGN_07,C_LEGIT_1165,M_063,0,4,1,1,1,0,NONE
TXN_009360,U_INDIV_0053,806.77,3,D_INDIV_0061,IP_INDIV_0290,C_INDIV_0067,M_146,6,24,7,5,5,1,INDIVIDUAL_FRAUD
TXN_008009,U_LEGIT_1915,245.31,1113,D_LEGIT_1422,IP_LEGIT_1147,C_LEGIT_2529,M_102,0,4,0,1,1,0,NONE
TXN_003374,U_LEGIT_0424,113.04,253,D_SHARED_BENIGN_09,IP_LEGIT_1199,C_LEGIT_1734,M_091,0,1,0,2,1,0,NONE
TXN_007460,U_LEGIT_2137,112.76,1196,D_LEGIT_1501,IP_SHARED_BENIGN_05,C_LEGIT_1761,M_093,0,5,0,2,2,0,NONE
TXN_004435,U_LEGIT_1833,128.18,245,D_SHARED_BENIGN_01,IP_LEGIT_1365,C_LEGIT_1013,M_045,0,4,0,1,1,0,NONE
TXN_009800,U_BURST_005,874.29,0,D_BURST_013,IP_BURST_SUBNET_01,C_BURST_020,M_147,17,25,3,1,3,1,ACCOUNT_BURST
TXN_007713,U_LEGIT_0783,169.96,439,D_LEGIT_0374,IP_LEGIT_1436,C_LEGIT_0515,M_016,0,5,0,1,1,0,NONE
TXN_009541,U_FARM_013,66.65,0,D_FARM_HUB_02,IP_FARM_PROXY_01,C_FARM_037,M_006,10,61,3,1,4,1,DEVICE_FARM
TXN_001918,U_LEGIT_0089,39.37,1192,D_LEGIT_1281,IP_LEGIT_0012,C_LEGIT_1693,M_149,0,4,0,1,1,0,NONE
TXN_005743,U_LEGIT_0223,92.67,225,D_LEGIT_1193,IP_LEGIT_1775,C_LEGIT_0325,M_002,0,1,0,1,1,0,NONE
TXN_009853,U_BURST_015,1360.74,1,D_BURST_004,IP_BURST_SUBNET_01,C_BURST_012,M_061,21,32,5,3,2,1,ACCOUNT_BURST
TXN_007697,U_LEGIT_0335,159.73,1120,D_LEGIT_1674,IP_LEGIT_1659,C_LEGIT_0442,M_029,0,3,0,1,1,0,NONE
TXN_008873,U_LEGIT_1051,225.86,81,D_LEGIT_0592,IP_LEGIT_1541,C_LEGIT_0535,M_060,0,2,0,2,1,0,NONE
TXN_009738,U_CYCLE_007,288.12,8,D_CYCLE_027,IP_CYCLE_017,C_STOLEN_POOL_04,M_041,12,13,4,5,4,1,CARD_CYCLING
TXN_009062,U_INDIV_0096,579.41,6,D_INDIV_0186,IP_INDIV_0101,C_INDIV_0065,M_145,12,16,9,3,4,1,INDIVIDUAL_FRAUD
TXN_003049,U_LEGIT_0423,89.37,444,D_LEGIT_0386,IP_LEGIT_0506,C_LEGIT_0227,M_105,0,2,0,1,2,0,NONE
TXN_007443,U_LEGIT_1249,230.99,672,D_LEGIT_0340,IP_LEGIT_0041,C_LEGIT_0353,M_045,0,5,0,2,1,0,NONE
TXN_002571,U_LEGIT_1144,212.95,1187,D_SHARED_BENIGN_03,IP_LEGIT_1623,C_LEGIT_2390,M_003,0,3,0,2,2,0,NONE
TXN_002450,U_LEGIT_1268,159.96,434,D_LEGIT_1548,IP_LEGIT_1575,C_LEGIT_2285,M_147,0,5,0,1,1,0,NONE
TXN_007840,U_LEGIT_1716,103.87,376,D_LEGIT_0377,IP_LEGIT_1813,C_LEGIT_2760,M_023,0,1,0,1,1,0,NONE
TXN_008198,U_LEGIT_0300,83.21,709,D_LEGIT_1973,IP_LEGIT_1342,C_LEGIT_0223,M_122,0,2,0,1,1,0,NONE
TXN_007319,U_LEGIT_1430,62.49,863,D_LEGIT_1800,IP_LEGIT_0150,C_LEGIT_1008,M_001,0,1,0,2,2,0,NONE
TXN_001384,U_LEGIT_1504,160.97,479,D_LEGIT_0001,IP_LEGIT_0037,C_LEGIT_0204,M_017,1,3,0,1,2,0,NONE
TXN_000170,U_LEGIT_1100,202.73,1174,D_LEGIT_1239,IP_LEGIT_1790,C_LEGIT_0299,M_049,0,2,0,1,1,0,NONE
TXN_000140,U_LEGIT_1652,141.88,180,D_LEGIT_0821,IP_SHARED_BENIGN_09,C_LEGIT_0798,M_093,0,4,0,1,1,0,NONE
TXN_001498,U_LEGIT_0592,151.05,813,D_LEGIT_0361,IP_LEGIT_0657,C_LEGIT_2807,M_067,0,2,0,1,1,0,NONE
TXN_007453,U_LEGIT_0352,224.75,101,D_LEGIT_0164,IP_LEGIT_0060,C_LEGIT_2733,M_139,2,2,0,2,1,0,NONE
TXN_005693,U_LEGIT_1868,245.3,887,D_LEGIT_0232,IP_LEGIT_1146,C_LEGIT_1764,M_087,0,5,0,1,1,0,NONE
TXN_003941,U_LEGIT_0936,31.39,374,D_LEGIT_1799,IP_LEGIT_0287,C_LEGIT_1072,M_025,0,4,1,1,1,0,NONE
TXN_008394,U_LEGIT_2177,33.43,188,D_LEGIT_0997,IP_LEGIT_0669,C_LEGIT_0029,M_117,0,2,0,1,1,0,NONE
TXN_002943,U_LEGIT_1807,237.21,135,D_LEGIT_1413,IP_LEGIT_0858,C_LEGIT_2297,M_075,0,1,0,2,2,0,NONE
TXN_000537,U_LEGIT_2154,36.68,446,D_LEGIT_1885,IP_LEGIT_1695,C_LEGIT_2760,M_127,0,3,0,2,2,0,NONE
TXN_006073,U_LEGIT_0013,8.78,1026,D_LEGIT_0748,IP_LEGIT_0575,C_LEGIT_0281,M_026,0,1,0,1,1,0,NONE
TXN_001508,U_LEGIT_0035,138.01,827,D_LEGIT_1194,IP_LEGIT_0670,C_LEGIT_1074,M_143,0,3,0,1,1,0,NONE
TXN_000351,U_LEGIT_0395,233.51,557,D_LEGIT_0686,IP_LEGIT_0738,C_LEGIT_2296,M_143,0,4,0,1,1,0,NONE
TXN_007225,U_LEGIT_1463,125.51,968,D_LEGIT_1385,IP_LEGIT_0264,C_LEGIT_1563,M_037,0,2,0,1,1,0,NONE
TXN_000692,U_LEGIT_1107,162.92,773,D_LEGIT_0226,IP_LEGIT_0834,C_LEGIT_0271,M_085,1,3,0,1,1,0,NONE
TXN_004823,U_LEGIT_0290,200.61,800,D_LEGIT_1415,IP_LEGIT_1736,C_LEGIT_1937,M_070,0,3,0,1,1,0,NONE
TXN_001871,U_LEGIT_1243,202.33,210,D_LEGIT_1371,IP_LEGIT_0331,C_LEGIT_2134,M_143,0,1,0,2,1,0,NONE
TXN_005214,U_LEGIT_2148,23.52,1147,D_SHARED_BENIGN_03,IP_LEGIT_1003,C_LEGIT_0388,M_070,0,3,0,1,1,0,NONE
TXN_008937,U_LEGIT_1438,23.0,608,D_LEGIT_0196,IP_LEGIT_1872,C_LEGIT_2952,M_127,1,3,0,1,1,0,NONE
TXN_000811,U_LEGIT_0916,182.03,43,D_LEGIT_1311,IP_LEGIT_0617,C_LEGIT_2574,M_080,0,5,0,1,1,0,NONE
TXN_002055,U_LEGIT_1685,191.62,863,D_LEGIT_0511,IP_LEGIT_0589,C_LEGIT_2347,M_063,1,1,0,1,1,0,NONE
TXN_009949,U_DIST_012,73.52,15,D_DIST_018,IP_DIST_PROXY_02,C_DIST_020,M_TARGET_HIGHVAL_99,8,7,0,1,2,1,DISTRIBUTED_ABUSE
TXN_001158,U_LEGIT_0038,8.66,1018,D_LEGIT_1457,IP_LEGIT_1260,C_LEGIT_1528,M_087,0,5,0,1,1,0,NONE
TXN_004241,U_LEGIT_1963,146.47,1198,D_LEGIT_1894,IP_LEGIT_1729,C_LEGIT_1480,M_119,0,5,0,1,1,0,NONE
TXN_006625,U_LEGIT_1052,221.47,561,D_LEGIT_0681,IP_LEGIT_0867,C_LEGIT_2116,M_036,0,4,0,1,1,0,NONE
TXN_009382,U_INDIV_0096,2644.57,4,D_INDIV_0232,IP_INDIV_0281,C_INDIV_0187,M_003,10,22,4,6,3,1,INDIVIDUAL_FRAUD
TXN_008082,U_LEGIT_1484,139.04,1013,D_LEGIT_0160,IP_LEGIT_1196,C_LEGIT_0359,M_110,1,5,0,1,1,0,NONE
TXN_001095,U_LEGIT_2431,15.51,999,D_SHARED_BENIGN_08,IP_LEGIT_1024,C_LEGIT_1310,M_090,1,4,0,1,2,0,NONE
TXN_008312,U_LEGIT_0043,89.85,1045,D_LEGIT_0438,IP_LEGIT_0957,C_LEGIT_0324,M_070,0,5,0,1,1,0,NONE
TXN_008319,U_LEGIT_1890,181.5,89,D_LEGIT_1957,IP_LEGIT_1885,C_LEGIT_1532,M_122,0,1,0,1,1,0,NONE
TXN_000029,U_LEGIT_1345,104.72,1128,D_LEGIT_0143,IP_LEGIT_0572,C_LEGIT_1439,M_131,0,1,0,1,1,0,NONE
TXN_009850,U_BURST_004,404.07,0,D_BURST_018,IP_BURST_SUBNET_01,C_BURST_011,M_102,21,25,3,1,1,1,ACCOUNT_BURST
TXN_002090,U_LEGIT_0531,46.21,92,D_LEGIT_1129,IP_LEGIT_0101,C_LEGIT_2882,M_052,0,4,0,1,1,0,NONE
TXN_001964,U_LEGIT_2426,10.71,428,D_LEGIT_0871,IP_LEGIT_0910,C_LEGIT_2109,M_132,0,4,0,2,1,0,NONE
TXN_000504,U_LEGIT_1155,231.66,1062,D_LEGIT_1545,IP_LEGIT_1994,C_LEGIT_2972,M_026,1,4,0,1,2,0,NONE
TXN_007352,U_LEGIT_2321,42.96,689,D_LEGIT_0366,IP_SHARED_BENIGN_08,C_LEGIT_1516,M_073,0,2,0,1,1,0,NONE
TXN_005755,U_LEGIT_0057,36.52,529,D_LEGIT_0156,IP_LEGIT_0266,C_LEGIT_1588,M_078,0,3,0,1,2,0,NONE
TXN_000175,U_LEGIT_0305,211.9,503,D_LEGIT_1369,IP_SHARED_BENIGN_01,C_LEGIT_1690,M_036,0,2,0,2,1,0,NONE
TXN_008282,U_LEGIT_1758,220.37,1169,D_SHARED_BENIGN_01,IP_LEGIT_1568,C_LEGIT_1231,M_147,0,1,0,1,1,0,NONE
TXN_007961,U_LEGIT_1979,191.9,1050,D_LEGIT_0218,IP_LEGIT_1884,C_LEGIT_1878,M_046,0,5,0,1,1,0,NONE
TXN_007633,U_LEGIT_2199,121.33,666,D_LEGIT_0814,IP_SHARED_BENIGN_01,C_LEGIT_0311,M_009,0,3,0,1,1,0,NONE
TXN_000548,U_LEGIT_1350,39.3,129,D_LEGIT_1344,IP_LEGIT_0928,C_LEGIT_1331,M_146,0,3,0,1,1,0,NONE
TXN_003841,U_LEGIT_0153,42.69,1136,D_LEGIT_1169,IP_LEGIT_1669,C_LEGIT_0316,M_092,0,1,0,2,2,0,NONE
TXN_006581,U_LEGIT_0639,24.68,1102,D_LEGIT_1024,IP_LEGIT_0989,C_LEGIT_2978,M_118,0,5,0,1,1,0,NONE
TXN_000394,U_LEGIT_0985,116.7,299,D_LEGIT_0874,IP_LEGIT_1864,C_LEGIT_2480,M_085,0,2,0,1,1,0,NONE
TXN_001635,U_LEGIT_2368,13.71,647,D_LEGIT_1110,IP_LEGIT_1031,C_LEGIT_0271,M_057,1,4,0,1,1,0,NONE
TXN_005977,U_LEGIT_2131,87.71,551,D_LEGIT_0129,IP_LEGIT_1916,C_LEGIT_2172,M_124,0,4,0,1,1,0,NONE
TXN_003410,U_LEGIT_2306,108.19,1127,D_LEGIT_1249,IP_LEGIT_0695,C_LEGIT_2069,M_060,2,5,0,1,2,0,NONE
TXN_001346,U_LEGIT_1526,80.87,308,D_LEGIT_0777,IP_LEGIT_0101,C_LEGIT_0102,M_147,0,5,0,1,1,0,NONE
TXN_009206,U_INDIV_0161,2871.07,7,D_INDIV_0158,IP_INDIV_0360,C_INDIV_0098,M_101,9,42,4,4,4,1,INDIVIDUAL_FRAUD
TXN_006825,U_LEGIT_0031,120.56,531,D_LEGIT_1851,IP_LEGIT_1707,C_LEGIT_0863,M_095,0,4,0,1,1,0,NONE
TXN_005915,U_LEGIT_0778,25.61,35,D_LEGIT_0912,IP_LEGIT_0015,C_LEGIT_2311,M_049,0,1,1,1,1,0,NONE
TXN_007376,U_LEGIT_1026,52.34,158,D_LEGIT_0888,IP_LEGIT_0608,C_LEGIT_1379,M_131,0,5,0,1,2,0,NONE
TXN_002644,U_LEGIT_2095,196.05,970,D_LEGIT_1860,IP_LEGIT_0393,C_LEGIT_2747,M_043,0,4,0,2,1,0,NONE
TXN_008339,U_LEGIT_1226,141.91,381,D_LEGIT_0590,IP_LEGIT_0894,C_LEGIT_2205,M_109,0,2,0,2,1,0,NONE
TXN_000645,U_LEGIT_0180,245.91,238,D_SHARED_BENIGN_04,IP_LEGIT_1572,C_LEGIT_2453,M_128,0,5,0,1,1,0,NONE
TXN_006787,U_LEGIT_1612,12.25,445,D_LEGIT_0655,IP_LEGIT_1833,C_LEGIT_0132,M_075,0,4,0,1,2,0,NONE
TXN_001297,U_LEGIT_0449,225.45,221,D_LEGIT_0711,IP_LEGIT_0334,C_LEGIT_0861,M_147,0,2,0,1,1,0,NONE
TXN_002983,U_LEGIT_1389,182.4,914,D_LEGIT_1944,IP_LEGIT_0699,C_LEGIT_2628,M_133,0,5,0,1,1,0,NONE
TXN_003315,U_LEGIT_0888,121.54,1133,D_LEGIT_0766,IP_LEGIT_0837,C_LEGIT_2617,M_061,0,2,0,1,1,0,NONE
TXN_001762,U_LEGIT_0944,84.48,140,D_LEGIT_1301,IP_LEGIT_0867,C_LEGIT_2036,M_025,0,4,0,1,1,0,NONE
TXN_003661,U_LEGIT_0963,39.18,784,D_LEGIT_0135,IP_LEGIT_0853,C_LEGIT_1299,M_146,2,3,0,1,2,0,NONE
TXN_008908,U_LEGIT_0369,75.34,648,D_LEGIT_0538,IP_LEGIT_0140,C_LEGIT_0997,M_075,0,4,0,1,2,0,NONE
TXN_004822,U_LEGIT_1805,53.72,796,D_SHARED_BENIGN_06,IP_LEGIT_0730,C_LEGIT_1954,M_111,0,1,0,2,1,0,NONE
TXN_008883,U_LEGIT_0197,8.33,378,D_LEGIT_0454,IP_LEGIT_0859,C_LEGIT_0476,M_066,0,3,0,1,1,0,NONE
TXN_003108,U_LEGIT_2379,15.5,439,D_LEGIT_0038,IP_LEGIT_0171,C_LEGIT_1280,M_104,2,2,0,1,2,0,NONE
TXN_002439,U_LEGIT_1899,180.62,952,D_LEGIT_0323,IP_LEGIT_0062,C_LEGIT_1324,M_053,0,5,0,1,1,0,NONE
TXN_006202,U_LEGIT_0527,17.41,1070,D_LEGIT_0054,IP_SHARED_BENIGN_06,C_LEGIT_1090,M_021,0,3,0,2,2,0,NONE
TXN_000287,U_LEGIT_2000,10.99,1104,D_LEGIT_0843,IP_LEGIT_0130,C_LEGIT_1072,M_081,0,5,0,1,1,0,NONE
TXN_009064,U_INDIV_0102,1820.53,6,D_INDIV_0164,IP_INDIV_0174,C_INDIV_0375,M_137,13,44,7,6,7,1,INDIVIDUAL_FRAUD
TXN_008795,U_LEGIT_1576,174.65,509,D_LEGIT_1666,IP_LEGIT_0945,C_LEGIT_1006,M_043,0,3,0,2,1,0,NONE
TXN_005128,U_LEGIT_0053,228.87,195,D_LEGIT_1033,IP_LEGIT_1089,C_LEGIT_1254,M_049,0,3,0,1,1,0,NONE
TXN_001905,U_LEGIT_1151,8.59,950,D_LEGIT_0132,IP_LEGIT_0755,C_LEGIT_1450,M_080,0,5,0,1,1,0,NONE
TXN_005577,U_LEGIT_0580,85.45,1013,D_LEGIT_1002,IP_LEGIT_0895,C_LEGIT_2953,M_074,1,5,0,1,1,0,NONE
TXN_002671,U_LEGIT_0434,231.99,74,D_LEGIT_0065,IP_LEGIT_0933,C_LEGIT_0573,M_003,0,5,0,1,1,0,NONE
TXN_009370,U_INDIV_0088,752.78,4,D_INDIV_0305,IP_INDIV_0224,C_INDIV_0375,M_017,15,38,3,3,6,1,INDIVIDUAL_FRAUD
TXN_004846,U_LEGIT_1449,90.63,211,D_LEGIT_1076,IP_LEGIT_0272,C_LEGIT_0291,M_105,0,4,0,1,1,0,NONE
TXN_008881,U_LEGIT_1414,56.21,464,D_LEGIT_1165,IP_LEGIT_0060,C_LEGIT_0714,M_103,1,1,0,1,1,0,NONE
TXN_000821,U_LEGIT_0713,142.67,430,D_LEGIT_1431,IP_LEGIT_0273,C_LEGIT_2611,M_147,0,4,0,1,1,0,NONE
TXN_007157,U_LEGIT_1078,101.87,307,D_LEGIT_0774,IP_LEGIT_0289,C_LEGIT_1768,M_107,0,5,0,2,1,0,NONE
TXN_008834,U_LEGIT_0595,150.63,42,D_LEGIT_0961,IP_LEGIT_0396,C_LEGIT_2757,M_076,1,2,0,1,1,0,NONE
TXN_000454,U_LEGIT_0014,137.54,765,D_LEGIT_1412,IP_LEGIT_0988,C_LEGIT_0497,M_146,0,3,0,1,1,0,NONE
TXN_009982,U_DIST_007,21.13,19,D_DIST_030,IP_DIST_PROXY_02,C_DIST_019,M_TARGET_HIGHVAL_99,6,11,0,2,1,1,DISTRIBUTED_ABUSE
TXN_005186,U_LEGIT_1670,16.79,131,D_LEGIT_1590,IP_LEGIT_1097,C_LEGIT_1525,M_119,0,1,0,1,1,0,NONE
TXN_007160,U_LEGIT_1312,185.55,118,D_LEGIT_0185,IP_LEGIT_1720,C_LEGIT_1068,M_009,0,4,0,1,1,0,NONE
TXN_002192,U_LEGIT_0514,182.48,1192,D_LEGIT_1191,IP_LEGIT_1969,C_LEGIT_0208,M_008,0,5,0,1,2,0,NONE
TXN_002119,U_LEGIT_1129,196.91,718,D_LEGIT_0365,IP_LEGIT_1379,C_LEGIT_1002,M_133,0,4,0,2,2,0,NONE
TXN_007321,U_LEGIT_1405,45.94,761,D_LEGIT_0768,IP_LEGIT_0415,C_LEGIT_2118,M_019,0,2,0,1,1,0,NONE
TXN_008303,U_LEGIT_0335,221.59,815,D_LEGIT_0169,IP_SHARED_BENIGN_06,C_LEGIT_2945,M_089,1,3,0,1,1,0,NONE
TXN_008882,U_LEGIT_0419,245.4,991,D_LEGIT_0423,IP_LEGIT_0871,C_LEGIT_0859,M_127,0,3,0,2,1,0,NONE
TXN_005249,U_LEGIT_0599,178.9,902,D_LEGIT_0067,IP_LEGIT_1842,C_LEGIT_2217,M_023,0,5,1,1,1,0,NONE
TXN_002585,U_LEGIT_0446,34.68,945,D_LEGIT_1204,IP_LEGIT_0695,C_LEGIT_0824,M_118,0,2,0,1,1,0,NONE
TXN_002127,U_LEGIT_1649,195.96,870,D_SHARED_BENIGN_09,IP_LEGIT_0538,C_LEGIT_2573,M_031,0,2,0,1,2,0,NONE
TXN_004739,U_LEGIT_0136,235.18,237,D_LEGIT_1132,IP_LEGIT_0476,C_LEGIT_0607,M_061,0,5,0,1,1,0,NONE
TXN_002433,U_LEGIT_1672,60.54,558,D_LEGIT_0428,IP_LEGIT_1009,C_LEGIT_1780,M_060,0,5,0,2,1,0,NONE
TXN_004696,U_LEGIT_1014,203.4,212,D_LEGIT_1703,IP_SHARED_BENIGN_02,C_LEGIT_0516,M_135,0,1,0,1,1,0,NONE
TXN_009502,U_FARM_013,225.42,2,D_FARM_HUB_01,IP_FARM_PROXY_01,C_FARM_028,M_072,9,64,5,1,2,1,DEVICE_FARM
TXN_004902,U_LEGIT_0578,29.85,889,D_LEGIT_0762,IP_LEGIT_0276,C_LEGIT_0076,M_023,0,5,0,1,2,0,NONE
TXN_009438,U_INDIV_0062,2634.0,3,D_INDIV_0382,IP_INDIV_0358,C_INDIV_0100,M_108,12,49,9,3,5,1,INDIVIDUAL_FRAUD
TXN_007604,U_LEGIT_2206,164.97,946,D_LEGIT_1052,IP_LEGIT_0369,C_LEGIT_1996,M_018,0,1,0,1,1,0,NONE
TXN_005932,U_LEGIT_1318,212.69,1097,D_LEGIT_0828,IP_LEGIT_1928,C_LEGIT_2813,M_125,0,5,0,1,1,0,NONE
TXN_004336,U_LEGIT_0496,200.36,685,D_LEGIT_1122,IP_LEGIT_1277,C_LEGIT_0086,M_053,0,2,0,1,1,0,NONE
TXN_005947,U_LEGIT_1153,114.04,1106,D_LEGIT_1402,IP_LEGIT_1282,C_LEGIT_1715,M_073,0,3,0,1,1,0,NONE
TXN_003573,U_LEGIT_1724,186.83,1194,D_LEGIT_1040,IP_SHARED_BENIGN_10,C_LEGIT_1087,M_013,0,4,0,1,2,0,NONE
TXN_000617,U_LEGIT_0786,230.89,417,D_LEGIT_1423,IP_LEGIT_1228,C_LEGIT_1760,M_063,1,3,0,1,1,0,NONE
TXN_003436,U_LEGIT_0077,8.1,991,D_LEGIT_1325,IP_LEGIT_1014,C_LEGIT_1968,M_118,0,1,0,1,1,0,NONE
TXN_005447,U_LEGIT_2038,200.38,609,D_LEGIT_0482,IP_LEGIT_0533,C_LEGIT_0759,M_065,0,3,0,1,1,0,NONE
TXN_003223,U_LEGIT_0250,17.27,762,D_LEGIT_0850,IP_SHARED_BENIGN_01,C_LEGIT_2292,M_139,0,1,0,2,1,0,NONE
TXN_005558,U_LEGIT_1739,122.71,354,D_LEGIT_0169,IP_LEGIT_1140,C_LEGIT_0743,M_031,0,5,0,1,1,0,NONE
TXN_002174,U_LEGIT_0113,37.61,183,D_LEGIT_0087,IP_LEGIT_1209,C_LEGIT_0533,M_044,1,1,0,1,1,0,NONE
TXN_002524,U_LEGIT_1816,69.27,776,D_LEGIT_1769,IP_LEGIT_0074,C_LEGIT_2937,M_034,0,4,0,1,1,0,NONE
TXN_006624,U_LEGIT_0530,205.83,956,D_LEGIT_0813,IP_LEGIT_0412,C_LEGIT_0107,M_101,0,5,0,1,1,0,NONE
TXN_001328,U_LEGIT_0048,109.35,685,D_LEGIT_0127,IP_LEGIT_0532,C_LEGIT_2213,M_012,0,1,0,1,1,0,NONE
TXN_000677,U_LEGIT_0863,215.34,832,D_LEGIT_1914,IP_LEGIT_1435,C_LEGIT_0216,M_046,0,2,1,2,1,0,NONE
TXN_000750,U_LEGIT_2298,214.63,486,D_SHARED_BENIGN_02,IP_LEGIT_0325,C_LEGIT_2336,M_103,0,4,0,1,2,0,NONE
TXN_009005,U_INDIV_0007,452.73,5,D_INDIV_0267,IP_INDIV_0135,C_INDIV_0276,M_071,12,16,6,7,6,1,INDIVIDUAL_FRAUD
TXN_003631,U_LEGIT_1828,123.81,702,D_LEGIT_1282,IP_LEGIT_1141,C_LEGIT_1941,M_123,0,2,0,2,1,0,NONE
TXN_000128,U_LEGIT_2121,59.93,614,D_LEGIT_1151,IP_LEGIT_1588,C_LEGIT_1067,M_115,0,4,0,1,1,0,NONE
TXN_000402,U_LEGIT_1890,226.69,979,D_LEGIT_0603,IP_LEGIT_0112,C_LEGIT_2827,M_133,0,4,0,1,1,0,NONE
TXN_007658,U_LEGIT_1031,212.93,94,D_SHARED_BENIGN_03,IP_LEGIT_0672,C_LEGIT_0707,M_137,0,1,0,1,1,0,NONE
TXN_007943,U_LEGIT_0873,59.55,161,D_SHARED_BENIGN_07,IP_LEGIT_0594,C_LEGIT_1705,M_116,0,1,0,1,2,0,NONE
TXN_002469,U_LEGIT_1759,112.45,159,D_LEGIT_1380,IP_SHARED_BENIGN_02,C_LEGIT_0483,M_142,0,1,0,1,1,0,NONE
TXN_006051,U_LEGIT_1162,211.23,142,D_SHARED_BENIGN_04,IP_LEGIT_0697,C_LEGIT_2510,M_109,0,4,0,1,1,0,NONE
TXN_002632,U_LEGIT_0656,34.66,44,D_LEGIT_1865,IP_LEGIT_1032,C_LEGIT_0463,M_075,0,2,0,1,2,0,NONE
TXN_001065,U_LEGIT_0608,24.2,827,D_LEGIT_0167,IP_LEGIT_0948,C_LEGIT_2469,M_069,0,3,0,1,1,0,NONE
TXN_002836,U_LEGIT_1876,202.92,377,D_LEGIT_1732,IP_LEGIT_0169,C_LEGIT_2703,M_126,1,4,0,1,1,0,NONE
TXN_007290,U_LEGIT_0842,199.21,642,D_LEGIT_1801,IP_LEGIT_0320,C_LEGIT_0937,M_083,0,2,0,1,2,0,NONE
TXN_002778,U_LEGIT_2456,103.8,1058,D_LEGIT_0792,IP_SHARED_BENIGN_01,C_LEGIT_1551,M_132,0,4,0,2,1,0,NONE
TXN_008643,U_LEGIT_1091,142.71,175,D_LEGIT_1851,IP_LEGIT_1124,C_LEGIT_2613,M_124,0,5,0,1,1,0,NONE
TXN_004540,U_LEGIT_1612,133.91,640,D_LEGIT_0668,IP_LEGIT_0204,C_LEGIT_1639,M_005,0,5,0,1,1,0,NONE
TXN_005862,U_LEGIT_0127,179.91,176,D_LEGIT_0526,IP_LEGIT_1239,C_LEGIT_1017,M_139,0,4,0,2,1,0,NONE
TXN_004243,U_LEGIT_0955,224.89,1140,D_LEGIT_1094,IP_LEGIT_0217,C_LEGIT_1422,M_013,0,3,0,1,1,0,NONE
TXN_003387,U_LEGIT_1753,68.35,122,D_LEGIT_0905,IP_LEGIT_1355,C_LEGIT_0881,M_119,0,1,0,1,1,0,NONE
TXN_008278,U_LEGIT_1885,210.99,847,D_LEGIT_1144,IP_LEGIT_0811,C_LEGIT_1021,M_065,0,4,0,1,1,0,NONE
TXN_006797,U_LEGIT_2278,108.39,948,D_LEGIT_1981,IP_LEGIT_0432,C_LEGIT_0391,M_029,0,4,0,1,1,0,NONE
TXN_009046,U_INDIV_0123,643.24,5,D_INDIV_0047,IP_INDIV_0328,C_INDIV_0295,M_050,18,22,6,6,5,1,INDIVIDUAL_FRAUD
TXN_003621,U_LEGIT_2487,247.15,405,D_LEGIT_0090,IP_LEGIT_1457,C_LEGIT_1657,M_085,0,2,0,1,1,0,NONE
TXN_007475,U_LEGIT_0812,165.74,527,D_LEGIT_0545,IP_LEGIT_1207,C_LEGIT_2990,M_143,0,2,0,1,2,0,NONE
TXN_009769,U_BURST_003,900.18,1,D_BURST_014,IP_BURST_SUBNET_02,C_BURST_020,M_007,21,26,1,2,3,1,ACCOUNT_BURST
TXN_005593,U_LEGIT_1271,120.61,67,D_LEGIT_1583,IP_LEGIT_1600,C_LEGIT_0993,M_103,0,1,0,2,1,0,NONE
TXN_008291,U_LEGIT_0956,23.98,792,D_LEGIT_1569,IP_LEGIT_0544,C_LEGIT_2847,M_097,2,4,0,1,1,0,NONE
TXN_008396,U_LEGIT_1981,17.95,1121,D_LEGIT_1202,IP_SHARED_BENIGN_07,C_LEGIT_0312,M_124,0,3,0,2,1,0,NONE
TXN_008987,U_LEGIT_2216,40.74,642,D_LEGIT_1387,IP_LEGIT_0221,C_LEGIT_2226,M_100,0,2,0,2,1,0,NONE
TXN_002765,U_LEGIT_0888,215.07,1112,D_LEGIT_1458,IP_LEGIT_0776,C_LEGIT_1449,M_106,0,1,0,2,1,0,NONE
TXN_008103,U_LEGIT_0449,85.1,838,D_LEGIT_1559,IP_LEGIT_0716,C_LEGIT_2144,M_095,0,1,0,1,1,0,NONE
TXN_009366,U_INDIV_0018,2350.2,5,D_INDIV_0076,IP_INDIV_0260,C_INDIV_0361,M_074,17,28,8,6,4,1,INDIVIDUAL_FRAUD
TXN_005797,U_LEGIT_1485,13.39,1141,D_LEGIT_0716,IP_LEGIT_1886,C_LEGIT_2083,M_085,0,5,0,1,1,0,NONE
TXN_006649,U_LEGIT_0757,246.84,1044,D_LEGIT_0737,IP_LEGIT_0115,C_LEGIT_2097,M_019,0,5,0,2,2,0,NONE
TXN_000631,U_LEGIT_0285,24.94,147,D_LEGIT_0791,IP_LEGIT_0478,C_LEGIT_1193,M_135,0,1,0,2,2,0,NONE
TXN_006607,U_LEGIT_0512,247.04,387,D_LEGIT_0004,IP_LEGIT_1745,C_LEGIT_0817,M_016,0,2,0,2,1,0,NONE
TXN_005948,U_LEGIT_0891,178.11,239,D_LEGIT_0040,IP_LEGIT_1035,C_LEGIT_2852,M_013,0,2,0,2,1,0,NONE
TXN_003885,U_LEGIT_1471,41.02,539,D_LEGIT_0413,IP_LEGIT_1133,C_LEGIT_0706,M_056,0,3,0,1,1,0,NONE
TXN_007211,U_LEGIT_2003,215.59,307,D_LEGIT_1009,IP_LEGIT_0043,C_LEGIT_2442,M_114,0,3,0,1,1,0,NONE
TXN_000458,U_LEGIT_2198,126.31,69,D_LEGIT_1187,IP_LEGIT_0148,C_LEGIT_0152,M_037,0,5,0,1,1,0,NONE
TXN_004574,U_LEGIT_0058,50.12,419,D_SHARED_BENIGN_09,IP_LEGIT_0747,C_LEGIT_2239,M_097,1,3,0,1,1,0,NONE
TXN_002140,U_LEGIT_1254,99.37,792,D_LEGIT_1553,IP_LEGIT_0925,C_LEGIT_1082,M_070,0,2,0,1,1,0,NONE
TXN_006291,U_LEGIT_2243,227.73,59,D_LEGIT_1627,IP_LEGIT_1559,C_LEGIT_1301,M_086,1,1,0,1,1,0,NONE
TXN_001470,U_LEGIT_1808,61.9,451,D_SHARED_BENIGN_10,IP_LEGIT_0282,C_LEGIT_2332,M_098,0,3,0,1,1,0,NONE
TXN_003786,U_LEGIT_0107,182.99,500,D_LEGIT_0428,IP_LEGIT_1416,C_LEGIT_1124,M_028,0,2,0,1,1,0,NONE
TXN_005291,U_LEGIT_0954,118.26,54,D_LEGIT_1865,IP_LEGIT_1421,C_LEGIT_1656,M_113,0,4,0,1,2,0,NONE
TXN_003077,U_LEGIT_0663,235.92,1030,D_LEGIT_1934,IP_LEGIT_0727,C_LEGIT_2041,M_150,0,1,0,2,1,0,NONE
TXN_006638,U_LEGIT_0032,186.08,153,D_LEGIT_1871,IP_LEGIT_1530,C_LEGIT_1374,M_142,0,5,0,1,2,0,NONE
TXN_002745,U_LEGIT_1768,54.28,1015,D_LEGIT_0742,IP_LEGIT_0994,C_LEGIT_2417,M_118,0,5,0,1,1,0,NONE
TXN_009161,U_INDIV_0071,615.62,1,D_INDIV_0177,IP_INDIV_0070,C_INDIV_0181,M_060,14,29,9,3,7,1,INDIVIDUAL_FRAUD
TXN_007890,U_LEGIT_0165,181.82,446,D_LEGIT_1565,IP_LEGIT_1394,C_LEGIT_0169,M_102,0,1,0,2,1,0,NONE
TXN_007434,U_LEGIT_0129,237.64,437,D_LEGIT_1258,IP_LEGIT_1421,C_LEGIT_1352,M_141,0,4,0,1,1,0,NONE
TXN_005808,U_LEGIT_1931,84.9,531,D_LEGIT_1721,IP_LEGIT_0294,C_LEGIT_0334,M_006,0,1,0,1,1,0,NONE
TXN_008728,U_LEGIT_1754,216.15,612,D_LEGIT_0695,IP_LEGIT_1374,C_LEGIT_2653,M_084,0,1,0,1,2,0,NONE
TXN_004285,U_LEGIT_0269,189.97,47,D_SHARED_BENIGN_06,IP_LEGIT_1257,C_LEGIT_0663,M_114,0,5,0,1,1,0,NONE
TXN_008722,U_LEGIT_0906,11.0,847,D_LEGIT_1970,IP_LEGIT_1400,C_LEGIT_2556,M_029,0,2,0,1,1,0,NONE
TXN_000752,U_LEGIT_1403,75.37,108,D_LEGIT_0996,IP_LEGIT_1519,C_LEGIT_1951,M_030,0,4,0,1,1,0,NONE
TXN_004284,U_LEGIT_0947,247.11,424,D_LEGIT_0922,IP_SHARED_BENIGN_07,C_LEGIT_1275,M_059,0,3,0,2,1,0,NONE
TXN_005023,U_LEGIT_1240,161.28,385,D_LEGIT_0421,IP_LEGIT_0111,C_LEGIT_0581,M_118,0,5,0,2,1,0,NONE
TXN_004177,U_LEGIT_2492,130.98,204,D_LEGIT_1277,IP_LEGIT_1955,C_LEGIT_0845,M_078,0,2,0,2,1,0,NONE
TXN_005690,U_LEGIT_0482,197.61,397,D_LEGIT_0666,IP_LEGIT_1062,C_LEGIT_0485,M_090,0,1,0,1,1,0,NONE
TXN_004766,U_LEGIT_1396,200.01,1084,D_LEGIT_1366,IP_LEGIT_0302,C_LEGIT_2036,M_007,0,5,0,1,1,0,NONE
TXN_000432,U_LEGIT_0612,57.77,678,D_LEGIT_0597,IP_LEGIT_1184,C_LEGIT_1832,M_051,0,3,0,2,1,0,NONE
TXN_007976,U_LEGIT_1284,148.86,205,D_LEGIT_1351,IP_LEGIT_1795,C_LEGIT_0443,M_063,0,3,0,1,1,0,NONE
TXN_006600,U_LEGIT_1498,108.84,713,D_LEGIT_1615,IP_LEGIT_0732,C_LEGIT_0784,M_077,0,1,0,1,1,0,NONE
TXN_005035,U_LEGIT_0992,31.33,324,D_LEGIT_0333,IP_LEGIT_0096,C_LEGIT_0247,M_149,2,5,0,1,1,0,NONE
TXN_001749,U_LEGIT_2461,180.1,636,D_LEGIT_1389,IP_SHARED_BENIGN_08,C_LEGIT_1117,M_094,0,1,0,1,1,0,NONE
TXN_002799,U_LEGIT_0646,137.27,179,D_SHARED_BENIGN_04,IP_LEGIT_0875,C_LEGIT_0801,M_099,1,5,0,1,1,0,NONE
TXN_002787,U_LEGIT_1527,157.75,262,D_LEGIT_0641,IP_LEGIT_1010,C_LEGIT_1248,M_112,0,1,0,2,1,0,NONE
TXN_009011,U_INDIV_0104,1483.14,1,D_INDIV_0378,IP_INDIV_0252,C_INDIV_0068,M_115,15,26,9,4,7,1,INDIVIDUAL_FRAUD
TXN_004626,U_LEGIT_0265,224.35,36,D_LEGIT_0674,IP_LEGIT_0818,C_LEGIT_2304,M_020,0,4,0,1,1,0,NONE
TXN_003689,U_LEGIT_0261,157.59,808,D_LEGIT_0032,IP_LEGIT_1416,C_LEGIT_1780,M_075,0,4,0,1,1,0,NONE
TXN_007695,U_LEGIT_0736,212.88,1169,D_LEGIT_0674,IP_LEGIT_0114,C_LEGIT_1664,M_018,0,4,0,1,1,0,NONE
TXN_007514,U_LEGIT_1590,176.45,72,D_LEGIT_1172,IP_LEGIT_0702,C_LEGIT_1468,M_053,0,5,0,1,1,0,NONE
TXN_007275,U_LEGIT_2453,20.64,583,D_LEGIT_0915,IP_LEGIT_1202,C_LEGIT_1349,M_076,0,4,0,2,1,0,NONE
TXN_000130,U_LEGIT_1481,199.27,83,D_LEGIT_0249,IP_LEGIT_1623,C_LEGIT_0569,M_061,0,5,0,1,1,0,NONE
